CustomerID,Customer Name ,email_address,Phone Number,Country,Signup Date,Loyalty Tier,Age,Marketing Opt-In,Customer Segment,"Notes (internal use only, ignore)"
CUST-1001,Wayne Lee,wayne.lee@yahoo.com,+1-362-641-9911,Germany,01/05/2024,,-5.0,1,VIP,N/A
CUST-1002,THERESA GREEN DDS,,,DE,2025/07/21,GOLD,22.0,TRUE,Wholesale,
CUST-1003,Jason Clarke,jason.clarke@yahoo.com,1394304867,Nigeria,15/12/2024,Gold,150.0,Yes,Wholesale,VIP - handle with care
CUST-1004,Dawn Stephens,dawn.stephens@,(615) 805-3993,Canada,11/10/2023,Silver,22.0,Y,Wholesale,VIP - handle with care
CUST-1005,Linda Martinez,linda.martinez @outlook.com,1266415860,FR,2021/06/09,Gold,75.0,,B2B,called twice re: refund
CUST-1006, Johnny Glass,johnny.glass@outlook.com,call-me-maybe,UK,16/11/2022,GOLD,34.0,Yes,Wholesale,
CUST-1007,Megan Ramirez,megan.ramirez@outlook.com,4999154199,United Kingdom,"September 10, 2022",Gold,43.0,Y,vip,N/A
CUST-1008,Crystal Morgan,crystal.morgan@outlook.com,9549776580,canada,16/02/2026,,,1,B2B,VIP - handle with care
CUST-1009,Kevin Flynn,kevin.flynn@gmail.com,239.507.8622,Deutschland,"January 20, 2026",Platinum,18.0,Y,Retail,
CUST-1010,Samantha Park,samantha.parkoutlook.com,call-me-maybe,ZA,03-Mar-2021,,-5.0,Yes,Retail,
CUST-1011,Darlene Mullen,darlene.mullen@yahoo.com,(311) 199-2306,U.K.,20-Mar-2026,,69.0,FALSE,retail ,called twice re: refund
CUST-1012,Morgan Shea DVM,morgan.shea.dvm@outlook.com,(870) 431-5771,NG,12/04/2025,GOLD,-2.0,TRUE,Retail,
CUST-1013,Nicole Cain,nicole.cain@yahoo.com,1235873166,S. Africa,2021/03/15,,26.0,No,Wholesale,VIP - handle with care
CUST-1014,Bethany Hood,bethany.hood@yahoo.com,###-###-####,Brasil,2023/11/14,Gold,54.0,N,Retail,
CUST-1015,Mason Lam,mason.lam@outlook.com,(381) 286-1828,United States of America,2021-01-04,GOLD,44.0,Yes,Wholesale,
CUST-1016,Devin Tran PhD,devin.tran.phd@hotmail.com,+1-188-131-4358,US,"July 26, 2025",Platinum,34.0,N,B2B,
CUST-1017,Wendy Velez,wendy.velez@company.co,453.118.7439,australia,2021-12-03,bronze,41.0,TRUE,VIP,N/A
CUST-1018,Kari White,kari.white@gmail.com,+1-668-440-3429,france,2022/06/26,,31.0,TRUE,B2B,VIP - handle with care
CUST-1019,Amanda Valentine,amanda.valentine@yahoo.com,+1-902-400-6399,France,07/12/2025,Silver,,,B2B,
CUST-1020,CYNTHIA MARTIN,cynthia.martin@yahoo.com,640.847.7396,Nigéria,2024/02/29,bronze,41.0,,retail ,N/A
CUST-1021,Andrea Jordan,andrea.jordan@yahoo.com,+1-783-100-7931,nigeria,2024/01/27,Gold,35.0,,VIP,called twice re: refund
CUST-1022,Chad King,chad.king@gmail.com,753.258.6879,Brazil,2024/06/16,Gold,46.0,N,vip,VIP - handle with care
CUST-1023,Alyssa Nash,alyssa.nash@hotmail.com,###-###-####,france,14/09/2024,,70.0,TRUE,Retail,VIP - handle with care
CUST-1024,deanna klein,deanna.klein@company.co,7942643606,RSA,28/08/2021,Platinum,-4.0,0,Wholesale,VIP - handle with care
CUST-1025,David Gordon,david.gordon@hotmail.com,2853974624,NG,27/02/2026,GOLD,70.0,Y,B2B,
CUST-1026,Megan Williams,megan.williams@hotmail.com,483.214.1160,FR,"July 05, 2022",,47.0,No,VIP,N/A
CUST-1027,Brittany Lopez,brittany.lopez@gmail.com,480.484.4838,DE,10/05/2024,Silver,45.0,N,Retail,N/A
CUST-1028,ANDREA JENKINS,andrea.jenkins@@yahoo.com,(859) 815-7911,England,"March 21, 2022",,43.0,Y,Retail,VIP - handle with care
CUST-1029,Jerry Bailey,jerry.bailey@outlook.com,(709) 887-7666,United States,08/31/2023,Bronze,52.0,Yes,Wholesale,
CUST-1030,Gerald Castillo,gerald.castillo@company.co,6128832481,CA,04-Nov-2024,,49.0,FALSE,B2B,called twice re: refund
CUST-1031,Jennifer Rice,jennifer.rice@company.co,(167) 613-9741,Nigéria,2025-13-05,Silver,21.0,Yes,Retail,
CUST-1032,James Miller,james.miller@company.co,+1-425-265-9113,USA,21-Apr-2023,bronze,33.0,FALSE,retail ,called twice re: refund
CUST-1033,JONATHAN MOORE,jonathan.moore@hotmail.com,(534) 969-4911,CA,2024-02-20,Platinum,67.0,FALSE,B2B,
CUST-1034,Justin Tucker,justin.tucker@gmail.com,(287) 208-9572,Britain,09/14/2021,Gold,46.0,N,VIP,
CUST-1035,Dawn Wilkins,dawn.wilkins@hotmail.com,(122) 140-5872,United States,24-Oct-2022,Bronze,40.0,Y,VIP,VIP - handle with care
CUST-1036,Thomas Peterson,thomas.peterson@gmail.com,call-me-maybe,S. Africa,2023/12/26,GOLD,150.0,No,Wholesale,
CUST-1037,george arroyo,george.arroyo@outlook.com,519.999.5103,Australia,11/26/2023,Platinum,51.0,N,B2B,N/A
CUST-1038,Terri Ritter,terri.ritter@outlook.com,(430) 405-5329,Britain,2021-10-03,Platinum,58.0,0,VIP,
CUST-1039,Robert Williams,robert.williams@hotmailcom,+1-939-374-2506,DE,2026/04/17,GOLD,72.0,No,retail ,called twice re: refund
CUST-1040,Dawn Cook,dawn.cook@hotmail.com,###-###-####,South Africa,2025/12/16,Bronze,,1,Retail,N/A
CUST-1041,Katie Arnold,katie.arnold @gmail.com,7703568261,Nigéria,2021/04/20,Platinum,52.0,N,Retail,called twice re: refund
CUST-1007,James Gillespie,james.gillespie@yahoo.com,3885715383,U.K.,2025/11/20,,59.0,Y,retail ,called twice re: refund
CUST-1043,Alex Schneider,alex.schneider@yahoo.com,+1-138-640-3295,S. Africa,06/25/2025,Gold,38.0,Y,VIP,VIP - handle with care
CUST-1044,David Nelson,david.nelson @gmail.com,+1-590-776-1573,South Africa,03-Sep-2024,bronze,37.0,Y,VIP,called twice re: refund
CUST-1045,James Mcpherson,james.mcpherson@gmail.com,call-me-maybe,South Africa,16-Jan-2021,GOLD,38.0,1,B2B,
CUST-1046,Amanda Zhang,amanda.zhang@hotmail.com,+1-750-337-2437,South Africa,"September 02, 2024",GOLD,63.0,N,Wholesale,N/A
CUST-1047,Shannon Thompson,shannon.thompson@hotmail.com,+1-183-165-7386,france,12/27/2024,Gold,150.0,FALSE,VIP,
CUST-1048,Christopher Rojas,christopher.rojas@outlook.com,253.994.2245,India,"June 10, 2021",Platinum,51.0,,retail ,VIP - handle with care
CUST-1049,Destiny Moyer,destiny.moyer@gmail.com,(755) 808-1419,Nigéria,2026/02/14,bronze,26.0,Y,Wholesale,N/A
CUST-1050,Michelle Henderson,michelle.henderson @company.co,112.391.6167,united states,15/10/2024,Platinum,24.0,,B2B,
CUST-1051,Kirsten Maxwell,kirsten.maxwell@yahoo.com,119.953.7354,ZA,2023/06/27,Silver,42.0,,Retail,
CUST-1052,Andrea Williams,andrea.williamscompany.co,+1-647-559-1837,india,2023/12/27,,24.0,0,Retail,
CUST-1053,Thomas Murphy,thomas.murphy@company.co,(766) 509-4488,Brasil,10/20/2021,GOLD,30.0,Y,vip,called twice re: refund
CUST-1054,justin kelley,justin.kelley@gmail.com,2445041992,U.S.A.,10/03/2021,,47.0,0,Retail,called twice re: refund
CUST-1055, ROBERT FORD,robert.ford@hotmail.com,7422721436,DE,16/06/2022,Bronze,54.0,0,Retail,
CUST-1056,brandy brady  ,brandy.brady@yahoo.com,(485) 390-1888,India,"March 20, 2025",,73.0,No,retail ,
CUST-1057,jordan taylor,jordan.taylor@outlook.com,2402523642,France,21/09/2021,Platinum,23.0,Yes,Retail,VIP - handle with care
CUST-1058,Brenda Gallagher,brenda.gallagher@hotmail.com,+1-530-641-2991,S. Africa,08-Apr-2024,Platinum,64.0,Yes,B2B,
CUST-1059,ALEXANDRA FRYE,alexandra.frye@gmail.com,call-me-maybe,USA,2026-03-05,,54.0,FALSE,Wholesale,
CUST-1060,Ashley White,ashley.white@company.co,494.956.1590,Nigéria,10/25/2025,Platinum,25.0,N,Retail,
CUST-1061,Jordan Carroll,jordan.carroll@hotmail.com,+1-953-584-1433,India,21-Jan-2022,Silver,30.0,Yes,VIP,
CUST-1062,Aaron Jones,aaron.jones@company.co,+1-384-471-5122,NG,2025-03-30,Platinum,34.0,N,Wholesale,N/A
CUST-1063,Cameron  Sullivan,cameron.sullivan@hotmail.com,call-me-maybe,India,2024-02-04,,-1.0,Yes,Wholesale,called twice re: refund
CUST-1064,phillip johnson,phillip.johnson@yahoo.com,(178) 358-5468,france,01/03/2025,Platinum,58.0,No,vip,
CUST-1065,danielle sims,danielle.sims@hotmail.com,(263) 933-6587,france,17/07/2024,GOLD,45.0,1,VIP,VIP - handle with care
CUST-1066,Benjamin Le,benjamin.le@gmail.com,2357864798,FR,08/03/2025,,44.0,0,Wholesale,VIP - handle with care
CUST-1067,Robert Nguyen,robert.nguyen@company.co,+1-245-195-7920,USA,2024/01/30,GOLD,25.0,Yes,Retail,
CUST-1068,Kevin Chambers,kevin.chambers@@yahoo.com,+1-333-873-4023,DE,2022/12/23,bronze,54.0,No,VIP,VIP - handle with care
CUST-1069,Cindy Davis DVM,cindy.davis.dvm@company.co,462.878.9504,united states,23/05/2023,GOLD,57.0,0,VIP,
CUST-1070,Marcus Cunningham,marcus.cunningham@hotmail.com,9363574041,IN,2022-04-04,GOLD,48.0,0,B2B,
CUST-1071,Ms. Roberta Lopez,ms..roberta.lopez@gmail.com,662.794.8774,Nigéria,02/02/2025,Gold,,No,Wholesale,VIP - handle with care
CUST-1072,Karen Hines,karen.hines@company.co,1445466101,France,2021/09/15,Platinum,42.0,TRUE,Retail,called twice re: refund
CUST-1073,Brenda Powell,brenda.powell@outlook.com,701.698.1791,india,05/01/2024,Silver,,FALSE,Wholesale,N/A
CUST-1074,chelsea nguyen,chelsea.nguyen@gmail.com,9764151514,U.S.A.,2022/05/25,,56.0,Yes,vip,called twice re: refund
CUST-1075,JOE HUMPHREY  ,joe.humphrey@company.co,+1-713-230-2670,germany,24/02/2025,bronze,150.0,1,retail ,
CUST-1076,Maria Craig,maria.craig@company.co,+1-920-839-1199,Nigeria,2023-04-02,,46.0,Yes,Wholesale,called twice re: refund
CUST-1077,Shannon Johnston,shannon.johnston@gmail.com,5313589264,Australia,"January 16, 2022",Bronze,31.0,No,retail ,N/A
CUST-1078,Gregory Adams  ,,,FR,2025/07/12,Gold,68.0,FALSE,retail ,
CUST-1079,Jennifer Anderson,jennifer.anderson@hotmail.com,call-me-maybe,RSA,2021/01/30,bronze,,TRUE,Retail,called twice re: refund
CUST-1080,Jennifer Alvarez,jennifer.alvarez@company.co,555.811.5245,CA,23-Oct-2021,bronze,74.0,,VIP,
CUST-1063,Robin  Anderson,robin.anderson@outlook.com,+1-507-309-3564,Brazil,2025-12-01,,,0,B2B,called twice re: refund
CUST-1082,Melissa Clark,melissa.clark@outlook.com,813.617.1553,USA,2022-05-13,bronze,68.0,No,Wholesale,called twice re: refund
CUST-1083,Ricky Benton,ricky.benton@gmail.com,+1-439-382-9274,Deutschland,11/30/2021,Gold,-3.0,1,retail ,N/A
CUST-1084,JENNY CHAMBERS,jenny.chambers@,(541) 872-1662,nigeria,19-Feb-2026,GOLD,68.0,No,retail ,called twice re: refund
CUST-1085,ann jones,ann.jones@company.co,(584) 425-6686,India,21/05/2024,Silver,150.0,0,VIP,N/A
CUST-1086,Teresa Mclean,teresa.mclean@outlook.com,213,Germany,16-Nov-2024,Bronze,150.0,FALSE,Wholesale,
CUST-1087,GREGORY MOLINA,gregory.molina@@yahoo.com,###-###-####,france,05/17/2022,GOLD,22.0,Yes,retail ,called twice re: refund
CUST-1088,Christopher  Castillo,christopher.castillo@yahoo.com,+1-245-818-9884,United Kingdom,05/17/2025,bronze,20.0,FALSE,Wholesale,called twice re: refund
CUST-1089,Donna Quinn,donna.quinn@company.co,821,USA,"May 28, 2025",Platinum,71.0,N,Wholesale,
CUST-1090,Julia Hill,julia.hill@yahoocom,(491) 951-3021,india,"March 09, 2024",Platinum,,0,B2B,
CUST-1091,Amy Stewart,amy.stewart@gmail.com,(627) 672-9324,nigeria,"March 14, 2025",,,,Retail,
CUST-1092,Joel Green,joel.green@hotmail.com,589.941.6202,france,01/23/2021,Gold,,,VIP,called twice re: refund
CUST-1093,Denise Morton,denise.morton@outlook.com,2347462976,ZA,2023-10-16,Gold,35.0,Y,Wholesale,N/A
CUST-1094,Monica Phelps,monica.phelps@yahoo.com,(574) 955-6259,Nigeria,"February 06, 2023",Bronze,33.0,Y,Retail,
CUST-1095,Andrew Barnes,andrew.barnes@yahoo.com,(160) 542-6170,AU,09-Jan-2023,Gold,,FALSE,B2B,N/A
CUST-1096,Adam Jones,adam.jones@gmail.com,552,australia,"October 01, 2021",,37.0,1,vip,called twice re: refund
CUST-1097,Stephen Goodwin,stephen.goodwin@company.co,7347235087,Canada,"September 10, 2023",GOLD,,,Wholesale,
CUST-1098,bobby  johnson,bobby.johnson@company.co,(663) 569-6608,United States of America,2024/01/27,Gold,48.0,Yes,Wholesale,
CUST-1099,Jerry Orr,jerry.orr@@gmail.com,+1-304-414-4324,USA,2025-04-22,,64.0,Yes,B2B,
CUST-1100, justin harper,justin.harper@yahoo.com,867.988.8658,ZA,18/12/2022,bronze,19.0,Yes,VIP,called twice re: refund
CUST-1101,DAVID LEWIS,david.lewis@company.co,8078672605,Bharat,"February 08, 2025",,19.0,,retail ,
CUST-1102,Marc Fisher,marc.fisher@hotmail.com,+1-925-525-9450,AU,2021/09/22,bronze,35.0,No,B2B,
CUST-1103,LISA ROBINSON,lisa.robinson@outlook.com,(598) 175-5842,S. Africa,"September 17, 2027",Platinum,38.0,0,vip,
CUST-1104,Steven Smith,steven.smith@outlook.com,call-me-maybe,United States,24-Oct-2024,bronze,41.0,1,Wholesale,N/A
CUST-1105,John Martin,john.martin@hotmail.com,6076237748,DE,26/05/2025,,21.0,No,vip,VIP - handle with care
CUST-1106,TIFFANY TURNER,tiffany.turneryahoo.com,765.587.6560,DE,01/01/2022,bronze,32.0,FALSE,retail ,N/A
CUST-1107,David Park,david.park@yahoo.com,(594) 314-6150,Britain,23-Apr-2025,bronze,25.0,1,Wholesale,
CUST-1108,John Davis,john.davis@,9993757105,India,2025/03/01,Platinum,38.0,1,B2B,VIP - handle with care
CUST-1109,leslie peters  ,leslie.peters@outlook.com,+1-823-852-1504,IN,2023-02-16,bronze,28.0,,B2B,
CUST-1110,Brittany Middleton,brittany.middleton@@outlook.com,769.758.2152,BR,03/09/2022,Gold,33.0,Yes,retail ,
CUST-1111,Deborah Hudson,deborah.hudson@yahoo.com,523.146.1752,Nigéria,2024/12/14,bronze,23.0,No,retail ,VIP - handle with care
CUST-1112,Susan Burton,susan.burton@hotmail.com,404.251.3122,CA,2023/02/09,bronze,54.0,Yes,B2B,
CUST-1113,Connor Phillips MD,connor.phillips.md@company.co,9919067626,India,11/10/2021,bronze,34.0,N,vip,
CUST-1114,Hayden Cooper,hayden.cooper@gmail.com,5474543543,NG,"August 10, 2022",Bronze,40.0,1,vip,N/A
CUST-1115,Mary Davis,mary.davis@outlook.com,(780) 341-5395,BR,08-Jul-2024,,72.0,,Wholesale,N/A
CUST-1116,Ryan Brown,ryan.brown@yahoo.com,1062717207,Nigéria,2026-02-15,,150.0,TRUE,vip,VIP - handle with care
CUST-1117,Brent Adams,brent.adams@hotmail.com,###-###-####,Canada,02-Mar-2023,Gold,20.0,,Wholesale,
CUST-1118,Jill  Merritt,jill.merritt@hotmail.com,2535539415,Nigéria,2023/12/16,Gold,71.0,Y,vip,N/A
CUST-1119,Lonnie Moreno,lonnie.moreno@gmail.com,990.750.6638,india,06/10/2024,Gold,60.0,0,Wholesale,VIP - handle with care
CUST-1120,Phillip Hernandez,phillip.hernandez@company.co,220.293.5882,Brasil,16/04/2021,,46.0,1,VIP,N/A
CUST-1121, Martha Davis,martha.davis@yahoo.com,+1-361-891-5124,Brasil,"June 24, 2026",,62.0,Y,VIP,VIP - handle with care
CUST-1122,Diane Rangel,diane.rangel@yahoo.com,8303354603,Britain,25-Jan-2024,Gold,26.0,No,Wholesale,
CUST-1123,Elizabeth Calhoun,elizabeth.calhoun@yahoo.com,(957) 498-1931,U.K.,2021-03-09,GOLD,150.0,No,Wholesale,
CUST-1124,Jesse Elliott,jesse.elliott@hotmail.com,114.675.6194,Nigéria,2024-11-01,Silver,39.0,,vip,called twice re: refund
CUST-1125,lisa  stuart,lisa.stuart@hotmail.com,(245) 284-4763,AU,30-Sep-2024,GOLD,,Y,VIP,
CUST-1126,Scott Davis,scott.davis@outlook.com,1224718135,Nigeria,10-Aug-2022,Gold,19.0,0,VIP,
CUST-1127,Brian Lopez,brian.lopez@hotmail.com,862.633.6008,NG,05/30/2022,,67.0,No,Wholesale,VIP - handle with care
CUST-1128,Christina Kemp,christina.kemp@hotmail.com,8609564098,Britain,2022-09-07,,38.0,FALSE,B2B,
CUST-1129,Jenny Romero,jenny.romero@yahoo.com,(328) 211-7615,australia,"July 27, 2022",Silver,68.0,N,Retail,
CUST-1130,Elizabeth Bell,elizabeth.bellhotmail.com,(799) 399-2366,France,10/12/2021,GOLD,-1.0,0,Wholesale,called twice re: refund
CUST-1131,Mariah Taylor,mariah.taylor@outlook.com,call-me-maybe,NG,25-Feb-2022,GOLD,39.0,,Wholesale,
CUST-1132,Joseph Phelps,joseph.phelps@hotmailcom,770.521.7767,CA,25/03/2026,Bronze,30.0,TRUE,vip,
CUST-1133,Robert Barber,robert.barber@outlook.com,(556) 848-3475,Bharat,16-May-2025,Bronze,38.0,,B2B,
CUST-1134,Angie Wright,angie.wright@hotmail.com,404.315.9174,FR,2023/09/09,,64.0,Y,retail ,
CUST-1135,Margaret Moore,margaret.moore@company.co,9083223868,Nigéria,03/01/2021,bronze,18.0,No,Wholesale,called twice re: refund
CUST-1136,Heather Clarke,heather.clarke@company.co,8075588691,RSA,"March 03, 2021",Gold,41.0,1,vip,called twice re: refund
CUST-1137,Dylan White,dylan.white@outlook.com,2076202925,Germany,2021-07-24,Gold,-2.0,0,Wholesale,
CUST-1138, Samantha Brandt,samantha.brandt@companyco,7387178204,IN,08/16/2025,bronze,73.0,N,VIP,VIP - handle with care
CUST-1139, Joshua Mcfarland,joshua.mcfarland@gmail.com,8776449199,canada,"March 29, 2025",Gold,64.0,No,B2B,called twice re: refund
CUST-1140,Lisa Gonzalez,lisa.gonzalez@gmail.com,+1-869-318-5469,CA,07/31/2025,Bronze,19.0,TRUE,B2B,N/A
CUST-1141, LORI LAMB,lori.lamb@company.co,(408) 229-1025,RSA,23-Mar-2023,Gold,22.0,,Wholesale,VIP - handle with care
CUST-1142,Nicholas Sutton,nicholas.sutton @yahoo.com,8207987453,india,2022/11/11,GOLD,24.0,Y,Wholesale,
CUST-1143,Daniel Huerta,daniel.huerta@company.co,995.792.8158,U.S.A.,"August 18, 2021",Platinum,45.0,FALSE,Wholesale,
CUST-1144,John Perez,john.perez@yahoo.com,+1-299-855-4406,india,09/02/2023,Bronze,28.0,FALSE,B2B,
CUST-1145,Joseph Becker,joseph.becker@hotmail.com,(485) 106-5312,Nigéria,25/11/2025,Platinum,150.0,Yes,VIP,VIP - handle with care
CUST-1146,James Norton,james.norton@company.co,(808) 674-8186,ZA,16/12/2022,,,Yes,Wholesale,
CUST-1147,James Evans,james.evans@yahoo.com,362.245.9197,Nigeria,22-Feb-2023,GOLD,53.0,Yes,Wholesale,VIP - handle with care
CUST-1148,  Wendy Allen,wendy.allen@gmail.com,+1-431-945-5719,india,"April 24, 2026",,,No,B2B,N/A
CUST-1149,David Moore,david.moore@company.co,(770) 858-8653,Deutschland,03/18/2026,Bronze,68.0,0,B2B,VIP - handle with care
CUST-1150,Joseph Perkins  ,joseph.perkins@gmail.com,3028754583,United Kingdom,30/10/2023,,52.0,Yes,retail ,
CUST-1151,Meghan Martin,meghan.martin@company.co,610,India,04/12/2026,,150.0,,B2B,VIP - handle with care
CUST-1152,Danny Wilson,danny.wilson@yahoo.com,(842) 428-5679,DE,31-Jul-2025,GOLD,39.0,No,retail ,VIP - handle with care
CUST-1153,Chase Shepherd,chase.shepherd@outlook.com,7848703596,Deutschland,04-Nov-2023,,34.0,1,Wholesale,called twice re: refund
CUST-1154,Dr. Phillip Black,dr..phillip.black@hotmail.com,###-###-####,india,12/04/2021,Bronze,,1,vip,
CUST-1149,Kayla Edwards,kayla.edwards@hotmail.com,(788) 292-9141,UK,"August 18, 2025",Bronze,21.0,N,B2B,
CUST-1156,Elizabeth Henderson,elizabeth.henderson@hotmail.com,###-###-####,Canada,30-Jul-2022,,60.0,No,Wholesale,VIP - handle with care
CUST-1157,Krystal White,krystal.white@outlook.com,+1-680-901-9631,UK,2022/05/04,Silver,32.0,No,Wholesale,
CUST-1158,Troy Barrett,troy.barrett@company.co,+1-679-309-7884,Brazil,2025-03-23,Platinum,150.0,Yes,VIP,VIP - handle with care
CUST-1159,Alicia Miller,alicia.miller@yahoo.com,(989) 885-4428,germany,30-Jun-2025,Bronze,74.0,No,Retail,
CUST-1160,PAMELA  CARDENAS,pamela.cardenas@yahoo.com,894.573.8963,Britain,"July 19, 2021",bronze,44.0,No,Wholesale,called twice re: refund
CUST-1161,Steven Moore,steven.moore@hotmail.com,6246977799,S. Africa,2022-06-09,Bronze,43.0,0,B2B,
CUST-1162,JOHN PERRY,john.perry@company.co,4606087581,Nigeria,02/10/2023,Gold,26.0,0,VIP,
CUST-1163,Daniel Brooks,daniel.brooks@yahoo.com,+1-103-624-3172,CA,"May 09, 2026",Gold,73.0,Y,B2B,VIP - handle with care
CUST-1164,wendy baker,wendy.baker@hotmail.com,(871) 142-8445,South Africa,"November 17, 2022",GOLD,150.0,,retail ,called twice re: refund
CUST-1165, Angela Avila,angela.avila@company.co,(105) 665-7918,IN,"September 21, 2022",Bronze,55.0,N,Wholesale,N/A
CUST-1166,Jamie Prince,jamie.prince@yahoo.com,4489729385,ZA,01/01/2022,Bronze,60.0,FALSE,VIP,
CUST-1167,Jacob Lowe,jacob.lowe@gmail.com,+1-280-532-6506,australia,07-Aug-2022,Platinum,50.0,,Wholesale,N/A
CUST-1168,Julia Garcia,julia.garcia @gmail.com,+1-872-791-8306,Bharat,2023/11/25,Bronze,25.0,FALSE,Retail,VIP - handle with care
CUST-1169,dawn bennett  ,dawn.bennett@gmail.com,311,India,05/05/2026,Bronze,40.0,N,Retail,
CUST-1170,Haley Vazquez,haley.vazquez@outlook.com,9541662361,S. Africa,05/28/2025,Silver,46.0,FALSE,vip,
CUST-1171,David Reynolds,david.reynolds@outlook.com,(707) 724-9969,DE,2024/10/27,Platinum,59.0,No,Wholesale,VIP - handle with care
CUST-1172,Anthony Mckinney,anthony.mckinney @hotmail.com,call-me-maybe,canada,2026-01-08,,61.0,TRUE,Wholesale,N/A
CUST-1173,Michael James,michael.james@gmail.com,+1-866-809-8396,germany,2021-12-17,Silver,69.0,Yes,vip,VIP - handle with care
CUST-1174,Darren Simmons,darren.simmons@yahoo.com,648.587.7616,germany,"June 23, 2024",Platinum,40.0,TRUE,retail ,VIP - handle with care
CUST-1175,Michele Lopez,michele.lopez@gmail.com,126.313.1283,Germany,2023-09-28,GOLD,41.0,Y,retail ,
CUST-1176,Mary Jackson,mary.jackson@gmail.com,976.447.2131,india,21-Nov-2021,bronze,54.0,TRUE,retail ,
CUST-1177,Jennifer Bird,jennifer.bird@yahoo.com,###-###-####,USA,23-Sep-2024,Bronze,19.0,TRUE,Retail,
CUST-1178,Claire Garcia,claire.garcia@outlook.com,+1-560-870-1824,australia,"November 15, 2025",Silver,,N,Wholesale,VIP - handle with care
CUST-1179,Kristy Morales,kristy.morales@gmail.com,+1-190-805-1337,Australia,"August 10, 2021",Platinum,68.0,Yes,Wholesale,
CUST-1180,Zachary Mata,zachary.mata@company.co,+1-406-994-4467,Canada,27/12/2024,,59.0,No,B2B,
CUST-1181,Lee Cox,lee.cox@@outlook.com,(890) 748-2992,australia,"August 03, 2024",,28.0,0,VIP,
CUST-1182,Madison Bruce,madison.bruce@company.co,+1-487-209-1610,France,2025-13-05,bronze,150.0,,Wholesale,
CUST-1183,Toni Larson,toni.larson@@hotmail.com,(705) 485-4913,AU,2021/07/17,Bronze,,No,Retail,N/A
CUST-1144,Kenneth Johnson,kenneth.johnson@yahoo.com,819.678.7866,canada,21-Feb-2021,GOLD,44.0,TRUE,VIP,N/A
CUST-1185,Carlos Ward,carlos.ward@@company.co,4291936309,BR,"December 22, 2021",,150.0,TRUE,retail ,VIP - handle with care
CUST-1186,Roy Rivera,roy.rivera@outlook.com,+1-450-448-3315,France,"July 15, 2025",,64.0,Yes,vip,VIP - handle with care
CUST-1187,Christopher Bass,christopher.bass@hotmail.com,2751527492,united states,2021/09/25,Platinum,25.0,N,Wholesale,
CUST-1188,Joseph Austin,joseph.austin@gmail.com,358,UK,19-Oct-2022,bronze,55.0,FALSE,vip,
CUST-1189,James Hubbard,james.hubbard @outlook.com,+1-764-538-2898,Bharat,22-Jun-2024,Platinum,,0,Retail,N/A
CUST-1190,James Jennings,james.jennings@outlook.com,751.920.1017,S. Africa,26/02/2023,,-3.0,Yes,vip,
CUST-1191,Molly Butler,molly.butler@outlook.com,+1-199-146-9766,Britain,2025/02/16,Gold,39.0,Yes,VIP,N/A
CUST-1192,William Jimenez,william.jimenez@hotmail.com,call-me-maybe,United States of America,2021/07/31,Platinum,57.0,1,B2B,N/A
CUST-1110,Sarah Campos,sarah.campos@hotmail.com,(562) 395-6167,germany,2023-06-22,,36.0,TRUE,Wholesale,N/A
CUST-1194,JOHN AVILA,john.avila@yahoo.com,3641199459,South Africa,07/11/2024,bronze,38.0,N,Retail,
CUST-1195,Kevin Hicks,kevin.hicks@hotmail.com,+1-481-618-7909,CA,"February 10, 2021",,75.0,N,VIP,
CUST-1196,Suzanne Brewer,suzanne.brewer@yahoo.com,+1-149-883-5035,CA,2023/04/15,Platinum,-5.0,0,Wholesale,
CUST-1197,Sherri Harris,sherri.harris@gmail.com,946.408.2523,canada,2021/06/18,GOLD,20.0,,B2B,
CUST-1198,Joseph Farrell,joseph.farrell@@gmail.com,1899488501,australia,2022/05/30,Bronze,150.0,FALSE,VIP,
CUST-1199,Shannon Mendez,shannon.mendez@@hotmail.com,+1-607-479-9159,united states,17/12/2023,Silver,27.0,,B2B,called twice re: refund
CUST-1200,Amy Hubbard,amy.hubbard@outlook.com,(404) 887-9069,India,"April 06, 2023",Gold,36.0,,Retail,N/A
CUST-1201,Andrew Jimenez,andrew.jimenez@company.co,5883851886,india,2021-12-10,Gold,,Y,retail ,
CUST-1202,tracy johnson,tracy.johnson@outlook.com,407,Brasil,28/05/2026,,36.0,N,vip,VIP - handle with care
CUST-1032, mrs. allison martin,mrs..allison.martin@outlook.com,call-me-maybe,Brasil,29/03/2021,GOLD,,1,retail ,
CUST-1204, christina noble dvm,christina.noble.dvm@gmail.com,call-me-maybe,nigeria,19/07/2025,,58.0,TRUE,Retail,
CUST-1205,David Wright,david.wright@outlook.com,676.992.5205,CA,20-Apr-2022,Platinum,70.0,,Retail,called twice re: refund
CUST-1143,Jasmine Steele,jasmine.steele@hotmail.com,(767) 806-6576,USA,2025/02/08,GOLD,52.0,No,vip,
CUST-1116,Anthony Ruiz,anthony.ruiz@yahoo.com,(173) 943-9469,USA,28/03/2026,Silver,21.0,1,B2B,N/A
CUST-1208,Debbie Stevens,debbie.stevens@gmail.com,(410) 815-5946,canada,2025/06/30,Bronze,22.0,N,retail ,
CUST-1209,Samuel Coleman,samuel.coleman@gmail.com,(552) 333-5186,S. Africa,02/11/2025,Silver,35.0,Yes,Wholesale,VIP - handle with care
CUST-1210,PAUL HANSEN  ,paul.hansen@hotmail.com,(651) 373-8517,Britain,07/14/2021,Platinum,52.0,Y,Wholesale,
CUST-1211,Michelle Baird,michelle.baird@yahoo.com,+1-835-773-1992,USA,21-Oct-2025,GOLD,35.0,0,Retail,called twice re: refund
CUST-1212, Brandon Valdez  ,brandon.valdez@company.co,(944) 193-1182,Australia,"November 17, 2025",Silver,42.0,TRUE,Wholesale,VIP - handle with care
CUST-1213,Brandon Green,brandon.green @yahoo.com,+1-578-919-7552,CA,13-Dec-2022,Gold,45.0,1,Retail,N/A
CUST-1214, George Terry,george.terry@yahoo.com,+1-236-364-6433,France,25/09/2021,,47.0,FALSE,Wholesale,called twice re: refund
CUST-1215,CHRISTOPHER  POLLARD,christopher.pollard@gmail.com,2918879881,NG,2022-12-21,Gold,63.0,TRUE,vip,VIP - handle with care
CUST-1216,Regina Griffin,regina.griffin@outlook.com,+1-168-243-1287,FR,2025-06-27,GOLD,,Yes,VIP,
CUST-1217,Daniel Gomez,daniel.gomez@company.co,421.544.8680,nigeria,02/18/2021,Gold,,Yes,B2B,VIP - handle with care
CUST-1218,Kimberly Martinez,kimberly.martinez@outlook.com,(248) 889-7235,Bharat,07/26/2022,GOLD,62.0,1,VIP,called twice re: refund
CUST-1219,Rachael Harris,rachael.harris@gmail.com,(375) 920-4993,india,2022-01-28,,51.0,TRUE,Retail,N/A
CUST-1220,patrick edwards,patrick.edwards@outlook.com,436.947.1384,france,01/03/2021,Gold,61.0,No,Wholesale,
CUST-1221,Samantha Walker,samantha.walker@yahoo.com,(769) 876-3094,Bharat,12/04/2024,Silver,27.0,Y,B2B,VIP - handle with care
CUST-1222,Jonathan Miller,jonathan.miller@yahoo.com,(739) 989-9394,Germany,26/10/2022,bronze,59.0,0,Wholesale,N/A
CUST-1223,Michelle Bennett,michelle.bennett@yahoo.com,(886) 786-7217,australia,13/02/2021,Silver,-3.0,Yes,VIP,N/A
CUST-1224,Cameron Hendricks,cameron.hendricks@hotmail.com,471.646.9719,DE,2022-03-15,,48.0,1,Wholesale,
CUST-1225,Michelle Jacobs,michelle.jacobs@company.co,###-###-####,ZA,2024-08-31,GOLD,69.0,N,Retail,
CUST-1226,Amanda Thompson,amanda.thompson@hotmail.com,5724744875,Deutschland,08/20/2021,Bronze,61.0,Yes,retail ,
CUST-1227,Darlene Jackson,darlene.jackson@outlook.com,3957453512,france,2025/05/23,,-3.0,0,Retail,
CUST-1228,JOSEPH DOMINGUEZ,joseph.dominguez@hotmail.com,###-###-####,india,14/08/2022,Bronze,60.0,0,Wholesale,
CUST-1229,Stephanie Mercer,stephanie.mercer@@outlook.com,+1-504-601-6214,AU,08/11/2022,,37.0,1,Retail,called twice re: refund
CUST-1230,Allison Hammond,allison.hammond@gmail.com,+1-959-738-5965,Germany,07/01/2021,,22.0,Yes,retail ,
CUST-1231,Brittany Gilmore,brittany.gilmore@company.co,(823) 930-6254,FR,22/11/2021,Silver,71.0,TRUE,vip,
CUST-1232,Jessica Johnson,jessica.johnson@yahoo.com,9973937254,Bharat,13-May-2022,bronze,35.0,TRUE,vip,
CUST-1233,Jerry Taylor,jerry.taylor@company.co,(568) 555-2312,England,12-May-2021,Silver,57.0,TRUE,retail ,
CUST-1234,Robin Chambers,robin.chambers@hotmail.com,+1-551-674-6694,Australia,"May 19, 2025",,65.0,No,Retail,
CUST-1235,Richard King,richard.king@yahoo.com,999.502.2519,australia,2025/06/13,,69.0,,Retail,
CUST-1236,Amanda Shepherd,amanda.shepherd@gmail.com,3046334667,canada,2025/11/08,Gold,-4.0,N,VIP,
CUST-1237,Gary Bruce,gary.bruce@outlook.com,2989931174,australia,2026-04-21,GOLD,29.0,No,retail ,
CUST-1238,Kim Allen,kim.allen@hotmail.com,+1-322-977-4882,nigeria,2023/02/03,Bronze,71.0,1,Wholesale,VIP - handle with care
CUST-1239,Christina Clay,christina.clay@gmail.com,715.153.9580,S. Africa,2021/09/30,Platinum,41.0,Yes,Wholesale,
CUST-1240,Sean Gutierrez,sean.gutierrez@company.co,143.855.8850,FR,16-Aug-2021,Platinum,,TRUE,vip,
CUST-1241,Michael Moore,michael.moore@outlook.com,7798398814,nigeria,19/04/2024,Gold,60.0,,retail ,
CUST-1242,Dennis Ewing,dennis.ewing@yahoo.com,6828672248,Canada,04-Nov-2025,bronze,74.0,Y,retail ,N/A
CUST-1243,Andrew Schwartz,andrew.schwartz@company.co,###-###-####,India,2023/03/15,Silver,49.0,FALSE,Wholesale,
CUST-1244,Cory Olsen,cory.olsen@company.co,778.352.2923,Canada,13/08/2024,,28.0,TRUE,VIP,
CUST-1245,Mary Mitchell,mary.mitchell@yahoo.com,106.948.4472,Nigeria,2025-11-27,Gold,52.0,N,VIP,
CUST-1210,Daniel Rodriguez,daniel.rodriguez@company.co,3085305687,india,2022/08/12,,22.0,1,Wholesale,
CUST-1247,Matthew Watkins,matthew.watkins@gmail.com,361.991.9155,france,23/01/2021,Platinum,18.0,N,Retail,called twice re: refund
CUST-1248,Derrick Mccoy,derrick.mccoy@@outlook.com,7888237772,united states,05-May-2023,Silver,30.0,0,B2B,
CUST-1249,Gabrielle Thomas,gabrielle.thomas@yahoo.com,3581852606,DE,03/07/2021,Silver,45.0,N,Retail,N/A
CUST-1110,Michael Ramsey,michael.ramsey@gmail.com,1041545539,nigeria,2022-02-04,GOLD,19.0,Yes,B2B,VIP - handle with care
CUST-1251,Sarah Kennedy,sarah.kennedy@outlook.com,(124) 488-6980,india,15/01/2022,,40.0,No,VIP,
CUST-1252,Joel Valencia,joel.valencia@company.co,8631958894,United States of America,27/07/2023,bronze,35.0,,Retail,VIP - handle with care
CUST-1020,Jennifer Mitchell,jennifer.mitchell@gmail.com,+1-815-445-1564,IN,06-Dec-2024,,57.0,No,Retail,
CUST-1254,Laurie Williams,laurie.williams@hotmail.com,+1-141-335-4245,Deutschland,"June 01, 2025",bronze,52.0,Yes,vip,VIP - handle with care
CUST-1255,BRANDI LLOYD,brandi.lloyd@gmail.com,354.521.4497,ZA,2022/08/12,,25.0,Yes,vip,
CUST-1256,Stacey Ferguson,stacey.ferguson@hotmail.com,7051459273,india,2025-05-08,GOLD,,N,vip,N/A
CUST-1257,Alex Smith,alex.smith@outlook.com,5336952837,india,"October 01, 2023",GOLD,74.0,,B2B,N/A
CUST-1258,matthew rose,matthew.rose@hotmail.com,2714421226,Canada,18-May-2026,Silver,-1.0,1,B2B,
CUST-1259,Shawn Williams,shawn.williams@company.co,2091076149,australia,04-Dec-2025,,21.0,N,B2B,
CUST-1260,Ronald Mcdonald  ,ronald.mcdonald@outlook.com,(158) 186-8988,NG,10/08/2022,Silver,150.0,,retail ,
CUST-1261,Jeremy Obrien  ,jeremy.obrien@gmail.com,+1-913-988-6601,South Africa,04/29/2022,Gold,-2.0,,Retail,
CUST-1262,Kelly Foster,kelly.foster@gmail.com,594.170.2980,AU,"November 23, 2022",Bronze,23.0,0,vip,
CUST-1263,Lynn Garner,lynn.garner@outlook.com,(249) 903-1372,Canada,31/01/2025,Gold,48.0,N,retail ,
CUST-1264,Joshua Bell,joshua.bell@@company.co,+1-990-385-6493,ZA,19/06/2023,Silver,55.0,Yes,vip,
CUST-1265,Benjamin Smith,benjamin.smith@company.co,873.661.2995,nigeria,"December 08, 2025",,,0,retail ,
CUST-1266,Terry Frye,terry.frye@outlook.com,402.359.8964,AU,2024/12/22,Bronze,49.0,,retail ,N/A
CUST-1267,Karla Murray,karla.murray@company.co,(565) 730-8171,USA,2025/11/26,GOLD,18.0,FALSE,Wholesale,VIP - handle with care
CUST-1268,Elizabeth Norton,elizabeth.norton@outlook.com,692.293.9110,Brazil,23-Sep-2022,bronze,63.0,FALSE,Wholesale,N/A
CUST-1269,Michael Owens,michael.owens@outlook.com,+1-890-504-1794,U.S.A.,23-Nov-2025,,55.0,0,Wholesale,
CUST-1270,Briana Ramos,briana.ramos@gmail.com,###-###-####,india,28-Jul-2021,,-4.0,No,Wholesale,N/A
CUST-1271,Kevin Ferguson,kevin.ferguson@yahoo.com,912.265.9494,NG,30-Sep-2022,GOLD,32.0,N,retail ,N/A
CUST-1272,Lisa Johnson,lisa.johnson@company.co,647.550.3186,South Africa,12/07/2023,Platinum,-5.0,No,VIP,called twice re: refund
CUST-1273,Matthew Lindsey,matthew.lindsey@yahoocom,###-###-####,NG,18-Jul-2025,,,Yes,Wholesale,
CUST-1274,Luis Scott MD,luis.scott.md@company.co,+1-860-350-9350,Canada,21/02/2023,,-5.0,0,VIP,VIP - handle with care
CUST-1275,Amanda Bell,amanda.bell@gmail.com,9861169004,Deutschland,07/08/2021,Silver,55.0,FALSE,vip,N/A
CUST-1276,Michael Henry,michael.henry@company.co,(240) 991-6777,france,2021-08-02,bronze,52.0,Yes,VIP,
CUST-1277,Mary Miller,mary.miller@outlook.com,746.261.4719,BR,"August 17, 2023",,30.0,0,retail ,
CUST-1278,Janice Mendoza,janice.mendoza@hotmail.com,2841841584,US,10/08/2024,Bronze,42.0,Y,Wholesale,
CUST-1279,Shawn Pena,shawn.pena@,788,India,12/01/2025,bronze,45.0,,Wholesale,
CUST-1094,Audrey Shaw,audrey.shaw@hotmail.com,848.499.3727,CA,03/06/2023,bronze,25.0,N,retail ,N/A
CUST-1281,Stephen Mcclain,stephen.mcclain@gmail.com,478.525.8397,South Africa,2024/12/10,Gold,150.0,N,Wholesale,called twice re: refund
CUST-1071,Jason Hebert,jason.hebert@yahoocom,(150) 651-3662,Germany,05/15/2026,Bronze,69.0,N,Retail,
CUST-1162,Angela Underwood,angela.underwood@gmail.com,531.574.4509,Deutschland,2022/07/22,Gold,62.0,No,B2B,called twice re: refund
CUST-1284,Kevin Williams,kevin.williams@yahoo.com,(744) 747-7443,United States of America,2021/10/03,GOLD,,Y,retail ,VIP - handle with care
CUST-1259,Sharon Rodriguez,sharon.rodriguez@gmail.com,+1-753-834-4235,nigeria,2022/09/23,,53.0,1,VIP,
CUST-1286,Nicholas Alexander,nicholas.alexander@gmail.com,+1-876-351-5091,Bharat,2024/05/30,Silver,38.0,FALSE,B2B,VIP - handle with care
CUST-1287, pamela stewart,pamela.stewart@@gmail.com,(632) 709-6635,AU,05/18/2025,GOLD,,Yes,Wholesale,
CUST-1288,Jessica Chase,jessica.chase@gmail.com,202.234.8957,Brasil,01/18/2025,Gold,150.0,FALSE,Wholesale,
CUST-1289,Tiffany Whitney,tiffany.whitney@hotmail.com,(346) 107-1586,CA,2026-01-13,Silver,49.0,Yes,VIP,
CUST-1290,Cynthia Humphrey,cynthia.humphrey@hotmail.com,(493) 726-4467,IN,2025-01-12,Gold,48.0,N,retail ,VIP - handle with care
CUST-1291,Sarah Richardson,sarah.richardson@gmail.com,9044682164,U.S.A.,"June 23, 2022",Gold,57.0,N,retail ,
CUST-1292,Pamela Craig  ,pamela.craig@hotmail.com,+1-730-882-4817,Britain,08/17/2025,GOLD,26.0,Y,Wholesale,called twice re: refund
CUST-1293,Taylor Miller  ,taylor.miller@company.co,724.279.3221,CA,02/06/2021,,-1.0,1,Retail,
CUST-1294,Anthony Dixon,anthony.dixon@yahoo.com,8061773805,Brasil,12-Jan-2023,Bronze,150.0,Y,B2B,called twice re: refund
CUST-1295,Justin Bentley,justin.bentley@hotmail.com,1534064995,canada,2024-05-02,GOLD,31.0,No,Wholesale,VIP - handle with care
CUST-1296,Kelsey Dixon,kelsey.dixon@hotmail.com,253.242.5499,AU,06/15/2021,bronze,26.0,FALSE,vip,
CUST-1297,Teresa Morris,teresa.morris@hotmail.com,+1-688-108-7111,United States,02-May-2025,Silver,60.0,Yes,Wholesale,
CUST-1298,Crystal Lopez,crystal.lopezyahoo.com,+1-274-743-5780,Deutschland,13/02/2025,,32.0,Yes,Wholesale,
CUST-1299,Wayne Gamble,wayne.gamble@hotmail.com,167.266.5711,Deutschland,"December 23, 2021",Bronze,59.0,1,Wholesale,VIP - handle with care
CUST-1300,Nicholas Duncan,nicholas.duncan@hotmail.com,(311) 221-6855,BR,2022/11/19,,63.0,N,Wholesale,
CUST-1301,Austin Walker,austin.walker@outlook.com,517.303.4191,NG,15/09/2021,Gold,39.0,,vip,
CUST-1302,Rebecca Gonzalez,rebecca.gonzalez@gmail.com,###-###-####,canada,2027/04/18,,48.0,No,vip,N/A
CUST-1303,Christopher Williams  ,christopher.williams@yahoo.com,111.695.7885,australia,"December 15, 2023",Bronze,59.0,1,Wholesale,VIP - handle with care
CUST-1304,Samantha Bates,samantha.bates@gmail.com,4968913772,RSA,12/04/2021,Gold,,Y,retail ,
CUST-1305,Gloria Hernandez DVM,gloria.hernandez.dvm@hotmail.com,188.174.5137,Nigeria,"February 12, 2025",Gold,57.0,N,VIP,
CUST-1306,Kathleen Mcguire,kathleen.mcguire@gmail.com,(527) 438-7599,United States of America,02/08/2024,Platinum,,1,VIP,
CUST-1307,mary white,mary.white@gmail.com,1275139812,india,29-Jun-2026,Silver,59.0,1,Wholesale,N/A
CUST-1096,SARAH MCDONALD,sarah.mcdonald@yahoo.com,8003368702,RSA,21/07/2023,,36.0,,Wholesale,
CUST-1309,Shane Gross,shane.gross@outlook.com,+1-313-317-2573,U.S.A.,2021/03/15,GOLD,33.0,N,Wholesale,called twice re: refund
CUST-1310,Amber Bradley,amber.bradley@hotmail.com,(681) 558-8455,Australia,"February 21, 2021",Gold,28.0,,vip,
CUST-1311,Laurie Warren,laurie.warren@hotmail.com,(557) 697-1462,IN,2025-07-31,Platinum,71.0,Yes,vip,
CUST-1312,Jeffery Hernandez,jeffery.hernandez@company.co,call-me-maybe,australia,30/07/2023,Gold,28.0,FALSE,retail ,
CUST-1313,Kevin Smith,kevin.smith@gmail.com,+1-781-811-7511,nigeria,28-Apr-2022,,63.0,1,Wholesale,
CUST-1314,Mark Johnson,mark.johnson@hotmail.com,###-###-####,CA,07/06/2021,Bronze,18.0,TRUE,retail ,VIP - handle with care
CUST-1315,Samantha Wells,samantha.wells@yahoocom,6071133993,canada,25-Jul-2024,Platinum,46.0,,Wholesale,
CUST-1316,Troy Mahoney,troy.mahoney@gmail.com,508,France,03/11/2021,GOLD,40.0,No,Wholesale,called twice re: refund
CUST-1317,John Parsons,john.parsons@outlook.com,9846701990,united states,04/02/2022,bronze,42.0,Y,Wholesale,
CUST-1318,bethany may,bethany.may@hotmailcom,+1-218-455-2966,IN,"October 06, 2025",GOLD,-3.0,FALSE,Wholesale,
CUST-1319,Randy Peters,randy.peters@company.co,+1-885-592-2281,Brasil,11/07/2023,bronze,38.0,1,VIP,called twice re: refund
CUST-1320,Gregory Smith,gregory.smith@yahoo.com,721.483.4904,U.K.,10-Nov-2021,,21.0,No,vip,called twice re: refund
CUST-1321,David Lowe,david.lowe@gmail.com,(358) 698-3583,S. Africa,00/00/2025,Silver,33.0,Yes,retail ,
CUST-1322,ANDREW  MELTON,andrew.melton@company.co,(110) 449-8890,AU,"June 26, 2022",Silver,63.0,Yes,Retail,
CUST-1323,Vickie Williams,vickie.williams@company.co,754.859.4681,australia,2024-09-14,Gold,49.0,0,B2B,called twice re: refund
CUST-1324,Joseph Anderson,joseph.anderson@gmail.com,477.564.1641,Deutschland,2024-04-03,Silver,26.0,,vip,VIP - handle with care
CUST-1325,Joshua Moore,joshua.moore@outlook.com,9867464864,RSA,"October 14, 2021",,61.0,N,B2B,
CUST-1326,Alicia Hughes,alicia.hughes@outlook.com,(999) 453-5041,Australia,"December 27, 2022",,52.0,Y,retail ,
CUST-1327,marie ramos  ,marie.ramos@company.co,(486) 666-1032,IN,2026-02-17,bronze,41.0,Y,retail ,
CUST-1328,Benjamin Miller,benjamin.miller@yahoo.com,call-me-maybe,RSA,17-May-2022,Bronze,71.0,,vip,
CUST-1329,Marcus Johnson DVM,marcus.johnson.dvmcompany.co,2486404194,nigeria,03/13/2021,Platinum,32.0,Yes,Retail,
CUST-1330,Ruth Deleon,ruth.deleon@hotmail.com,###-###-####,France,03/01/2022,Bronze,60.0,TRUE,VIP,N/A
CUST-1331,BLAKE WILLIAMS  ,blake.williams@outlook.com,365.891.9645,Germany,11/14/2024,Gold,26.0,1,VIP,
CUST-1332,Christopher Morris,christopher.morris@yahoo.com,(454) 718-4002,BR,2022/01/31,Platinum,-5.0,FALSE,Wholesale,
CUST-1333,Katie Cummings,katie.cummings@gmail.com,call-me-maybe,RSA,08-Oct-2024,,150.0,Yes,Wholesale,
CUST-1334,Robert Wade,robert.wade@company.co,1646588248,DE,2022-02-24,Gold,,Yes,Wholesale,
CUST-1335,Brian Singh,brian.singh@company.co,call-me-maybe,Australia,2022/04/27,Silver,37.0,,Wholesale,
CUST-1336,kim buck  ,kim.buck@hotmail.com,9629508985,france,2022/08/19,bronze,19.0,,vip,VIP - handle with care
CUST-1337,Lisa Curtis,lisa.curtis@outlook.com,+1-568-274-3918,BR,2026-06-21,GOLD,32.0,No,B2B,N/A
CUST-1338,Daniel Thomas,daniel.thomas@yahoo.com,881.419.4602,ZA,2022/06/20,,42.0,Yes,Retail,N/A
CUST-1339,nathan watson  ,nathan.watson@outlook.com,+1-124-632-9466,U.K.,2024/06/22,Silver,22.0,0,Wholesale,
CUST-1340,Richard Cummings,richard.cummings@gmail.com,913.757.7638,Germany,12/11/2023,Bronze,-4.0,No,Wholesale,called twice re: refund
CUST-1341,Christine Williams,christine.williams@gmail.com,+1-138-414-6091,australia,2025/01/28,Platinum,63.0,No,VIP,
CUST-1342,Sue Schmidt,sue.schmidt@hotmail.com,call-me-maybe,BR,2022/02/11,Gold,22.0,TRUE,retail ,VIP - handle with care
CUST-1343,Andrew Brandt,andrew.brandt@yahoo.com,3925557913,australia,2023-03-09,Bronze,23.0,0,Retail,
CUST-1344,Brenda Brown,brenda.brown@company.co,+1-858-410-7350,India,2021-08-17,bronze,24.0,Y,Wholesale,
CUST-1345,ANDREW BLAKE,andrew.blake@yahoo.com,459.732.6207,FR,"September 08, 2021",Platinum,65.0,0,Wholesale,
CUST-1346,Christopher Stevens,christopher.stevens@yahoo.com,8212283718,Brasil,2023/10/06,Platinum,150.0,0,retail ,
CUST-1347,Alyssa Tucker,alyssa.tucker@company.co,486.511.3038,Canada,"April 13, 2026",GOLD,71.0,TRUE,Retail,
CUST-1348,Christopher Perez,christopher.perez@gmail.com,(444) 945-5889,France,27-Apr-2023,Silver,50.0,TRUE,Wholesale,called twice re: refund
CUST-1349,Stephen Williamson,stephen.williamson@gmail.com,5278196621,BR,22/07/2021,,75.0,0,Wholesale,
CUST-1350,Monique Hardy,monique.hardy@yahoo.com,4322935526,nigeria,"November 10, 2022",Gold,27.0,FALSE,retail ,
CUST-1351,Sarah Short,sarah.short@@outlook.com,+1-981-531-9057,india,"April 22, 2022",Gold,75.0,Yes,VIP,
CUST-1352,ERIC BUSH,eric.bush@gmail.com,131,Brazil,"October 14, 2025",Silver,-1.0,N,VIP,
CUST-1353,christine ray  ,christine.ray@outlook.com,9729737827,canada,11-Dec-2023,Gold,150.0,Y,Wholesale,
CUST-1354,Susan Kennedy,susan.kennedy@outlook.com,(412) 372-8448,france,2022-06-04,Gold,72.0,N,Retail,
CUST-1355,James Brown,james.brown@company.co,+1-985-197-8371,IN,06/10/2025,,150.0,N,Retail,called twice re: refund
CUST-1356,Cory  Rodriguez  ,cory.rodriguez@hotmail.com,+1-732-237-4413,BR,2022/09/20,Bronze,60.0,Yes,Retail,
CUST-1357,Cynthia Roberson,cynthia.roberson@company.co,3855838820,RSA,2021/01/06,GOLD,51.0,TRUE,Retail,VIP - handle with care
CUST-1358,Jamie Brown,jamie.brown@gmail.com,5176093610,Nigéria,2023-05-02,GOLD,63.0,Yes,B2B,
CUST-1359,Aaron Garza,aaron.garza@gmail.com,256.573.1881,England,"September 27, 2025",Gold,43.0,0,Wholesale,N/A
CUST-1360,Lawrence Powell,lawrence.powell@,831.103.6789,Bharat,07/28/2022,,150.0,FALSE,retail ,VIP - handle with care
CUST-1361,Amanda Martinez,amanda.martinez@outlook.com,562.163.2771,Nigeria,08-Dec-2025,,32.0,Y,retail ,called twice re: refund
CUST-1362,Paul Roberts,paul.roberts@outlook.com,+1-528-836-8187,australia,"March 26, 2023",,25.0,No,Wholesale,N/A
CUST-1363,Michael Peterson,michael.peterson @outlook.com,8864449166,Nigéria,03/22/2026,Bronze,35.0,N,retail ,called twice re: refund
CUST-1364,Nicole Gomez,nicole.gomez@company.co,+1-404-110-3589,nigeria,2023/06/23,,71.0,0,vip,
CUST-1365,Brenda Barron,brenda.barron@yahoo.com,+1-153-776-6767,USA,09/24/2024,Bronze,21.0,No,B2B,
CUST-1366,Robin Charles,robin.charles@gmail.com,3357491674,US,"September 16, 2022",GOLD,,N,Wholesale,called twice re: refund
CUST-1367,David Vasquez,david.vasquez@hotmail.com,(922) 712-5840,australia,2024/10/29,,26.0,N,VIP,
CUST-1368,Bradley Hodges,bradley.hodges@yahoo.com,989,Brazil,18-Jun-2021,,150.0,Y,Wholesale,
CUST-1369,Tanya Blake,tanya.blake@hotmail.com,2491572415,BR,"August 22, 2023",Gold,50.0,N,Wholesale,called twice re: refund
CUST-1370, kevin blair,kevin.blair@yahoo.com,925.391.4343,Bharat,15-Sep-2023,Gold,23.0,,B2B,N/A
CUST-1371,Jacob Miller,jacob.miller@company.co,330.259.9591,NG,2022/08/07,Bronze,30.0,1,B2B,
CUST-1372,Barbara Elliott,barbara.elliott@outlook.com,+1-675-574-3132,canada,2026-01-02,Platinum,29.0,TRUE,Wholesale,N/A
CUST-1373,Lauren Curry,lauren.curry@outlook.com,(239) 990-3580,france,2022-04-13,Silver,31.0,1,vip,called twice re: refund
CUST-1374,Matthew Swanson,matthew.swanson@hotmailcom,(841) 166-4396,nigeria,"September 21, 2023",Bronze,67.0,No,vip,
CUST-1375,RICHARD SMITH,richard.smith@company.co,1461986542,united states,09/01/2023,Bronze,39.0,,retail ,N/A
CUST-1376,Mr. Allen Reed,mr..allen.reed@outlook.com,(799) 821-7093,Britain,2023-04-26,bronze,58.0,Yes,Retail,VIP - handle with care
CUST-1377,courtney johnson,courtney.johnson@hotmail.com,109.668.3857,india,2023-04-02,Platinum,21.0,,Retail,
CUST-1378, BRIAN ROBERTSON,brian.robertson@outlook.com,578.334.6432,united states,26/12/2024,Gold,37.0,Yes,Retail,called twice re: refund
CUST-1379,Christopher Hendricks,christopher.hendricks@company.co,1881179426,France,04-Dec-2021,Silver,73.0,No,B2B,N/A
CUST-1380,Steven Montoya,steven.montoya@gmailcom,3943699633,australia,30/08/2025,,150.0,FALSE,vip,N/A
CUST-1381,Beth Lopez,beth.lopezhotmail.com,(857) 563-5510,ZA,26-Apr-2026,Platinum,,TRUE,B2B,N/A
CUST-1382,Roberto Anderson,roberto.anderson@gmail.com,1225396693,Canada,22-Jul-2025,Silver,25.0,Y,B2B,VIP - handle with care
CUST-1383,JASON WOOD,jason.wood@gmail.com,+1-716-142-9288,RSA,2024-03-05,Platinum,-4.0,FALSE,VIP,
CUST-1384,Stephanie Pineda,stephanie.pineda@company.co,+1-802-138-2351,India,29-Jun-2023,Gold,50.0,Y,Wholesale,called twice re: refund
CUST-1385,Heather Summers,heather.summers @outlook.com,+1-263-215-7107,IN,"January 02, 2026",Silver,52.0,,Wholesale,called twice re: refund
CUST-1386,Susan Griffin,susan.griffin@@yahoo.com,+1-320-729-1234,France,08/03/2025,,51.0,TRUE,B2B,
CUST-1387,Pamela Martinez,pamela.martinez@company.co,(832) 274-8903,UK,11/08/2023,Bronze,65.0,FALSE,retail ,N/A
CUST-1388,Daniel Johnson,daniel.johnson@company.co,257.575.1692,france,18-Sep-2022,,,,B2B,
CUST-1389,John Perkins,john.perkins@outlook.com,(396) 940-6290,india,11-Aug-2023,,18.0,TRUE,B2B,
CUST-1390,Austin Hendricks,austin.hendricks@yahoo.com,7127897995,canada,08/05/2021,Silver,150.0,TRUE,VIP,VIP - handle with care
CUST-1391,TAYLOR  HANSON,taylor.hansonhotmail.com,8863415737,Canada,01/01/2026,Silver,150.0,FALSE,Wholesale,N/A
CUST-1244,Aaron Figueroa,aaron.figueroa@yahoo.com,127.910.1941,germany,"March 30, 2026",,150.0,No,vip,N/A
CUST-1393,Julie Mcfarland,julie.mcfarland@yahoo.com,8209618930,Nigeria,26-Mar-2023,,-3.0,TRUE,Wholesale,
CUST-1394,TANYA VELEZ,tanya.velez@gmail.com,312.448.2355,Nigéria,2022-04-17,bronze,,TRUE,retail ,N/A
CUST-1395,Adriana Lang,adriana.lang@company.co,582.517.7469,NG,2024/02/27,Platinum,33.0,TRUE,Retail,
CUST-1396,Felicia Martinez,felicia.martinez@company.co,###-###-####,canada,11-May-2024,Bronze,20.0,,Retail,
CUST-1397,Corey Mueller  ,corey.mueller@outlook.com,(908) 109-6180,canada,"October 20, 2022",Platinum,,Y,vip,
CUST-1398,Lisa Shelton,lisa.shelton@company.co,673.764.6607,Deutschland,2025-09-25,Bronze,67.0,Y,retail ,called twice re: refund
CUST-1399,Heidi Carroll,heidi.carroll@company.co,+1-647-828-3941,South Africa,2021-06-09,Bronze,28.0,,B2B,
CUST-1400,Jon Martinez  ,jon.martinez@gmail.com,4948926029,Australia,08/27/2025,Bronze,20.0,,Wholesale,
CUST-1401,David Hays,david.hays@hotmail.com,664.748.9788,FR,2022/10/30,GOLD,68.0,TRUE,Retail,
CUST-1402,Dr. Danielle Harris,dr..danielle.harris @yahoo.com,4119903063,Deutschland,2025-13-05,Platinum,33.0,TRUE,Wholesale,called twice re: refund
CUST-1403,Samantha Bryant,samantha.bryant@gmail.com,2256946293,FR,24-Jun-2024,Silver,67.0,N,Wholesale,N/A
CUST-1404,Ana Curtis,ana.curtis@outlook.com,150.923.3349,UK,05/06/2023,bronze,39.0,N,B2B,called twice re: refund
CUST-1405,Laura Wood,laura.wood@outlook.com,(294) 866-2659,ZA,2021/02/18,,150.0,,Wholesale,
CUST-1406, courtney riddle,courtney.riddle@yahoo.com,2404413247,United Kingdom,07/05/2022,Platinum,66.0,,Wholesale,
CUST-1407,Dennis Arnold,dennis.arnold@company.co,(566) 983-4463,France,09/29/2025,Gold,150.0,,Retail,called twice re: refund
CUST-1408, Michelle Brown,michelle.brown@hotmail.com,+1-533-794-3885,United Kingdom,"July 26, 2022",,25.0,TRUE,Retail,
CUST-1409,Joshua Smith,joshua.smith@gmail.com,+1-473-286-3795,ZA,2023-01-07,,55.0,FALSE,Wholesale,
CUST-1410,Gregory White,gregory.white@company.co,###-###-####,U.K.,18-Oct-2023,Platinum,67.0,N,B2B,
CUST-1411,Darren Bryant,darren.bryant@,387.105.7422,Brazil,2021-07-14,,23.0,,Wholesale,
CUST-1412,Danny Willis,danny.willis@gmail.com,call-me-maybe,RSA,09/03/2021,,48.0,N,Retail,called twice re: refund
CUST-1413,David Wood,david.wood@hotmail.com,7574689018,DE,2021-03-12,,24.0,0,retail ,N/A
CUST-1414,Natalie Campbell,natalie.campbell@hotmail.com,###-###-####,Nigeria,16-Feb-2026,,29.0,Y,Retail,
CUST-1415,Tammy Burke,tammy.burke@@gmail.com,(325) 908-5772,Bharat,"October 05, 2023",,59.0,1,Wholesale,VIP - handle with care
CUST-1416,Tricia Young,tricia.young@yahoo.com,+1-945-784-4289,United States of America,2023-05-09,Bronze,-2.0,TRUE,VIP,
CUST-1417,Jennifer Roach,jennifer.roach@yahoo.com,852,Britain,"February 09, 2026",,-1.0,1,retail ,N/A
CUST-1418,Stuart Harris,stuart.harris@gmail.com,5647869899,DE,2024-06-12,bronze,39.0,,Wholesale,
CUST-1419, Erik Fisher,erik.fisheryahoo.com,3842101437,Nigéria,19-Apr-2023,,,Y,VIP,
CUST-1420,JERRY MITCHELL,jerry.mitchell@gmail.com,250.916.7613,Brazil,10/25/2024,,56.0,,vip,VIP - handle with care
CUST-1421,Glenn Banks,glenn.banks@yahoo.com,(820) 674-2277,nigeria,25-Mar-2023,bronze,-1.0,No,VIP,called twice re: refund
CUST-1422,Tiffany Bailey,tiffany.bailey@hotmail.com,(739) 538-6224,S. Africa,2021-04-05,bronze,57.0,No,Wholesale,VIP - handle with care
CUST-1423,Andrew Gilmore,andrew.gilmore@outlook.com,4247924718,ZA,2025-07-12,GOLD,,No,Wholesale,VIP - handle with care
CUST-1424,Jonathan Noble,jonathan.noble@hotmail.com,(356) 836-7737,ZA,2022/07/13,,,1,retail ,
CUST-1425,lori randall,lori.randall@gmail.com,+1-985-470-3125,canada,2021/04/30,GOLD,-5.0,,VIP,called twice re: refund
CUST-1426,Timothy Anderson DDS,timothy.anderson.dds@,157,australia,2024-05-12,,36.0,N,retail ,
CUST-1427,Peter Reese,peter.reese@outlook.com,+1-875-576-4473,CA,05/06/2023,Silver,18.0,TRUE,vip,VIP - handle with care
CUST-1428,Jennifer  Fisher  ,jennifer.fisher@company.co,+1-225-633-2444,South Africa,28-Jul-2024,Bronze,,No,B2B,
CUST-1429,Jeremy Hunter,jeremy.hunter @hotmail.com,8101815472,australia,2024-05-08,bronze,56.0,,B2B,
CUST-1430,Michael Wiggins,,,Brasil,"October 26, 2024",GOLD,,Y,VIP,
CUST-1431,jacqueline holder,jacqueline.holder@company.co,+1-173-738-3998,United Kingdom,27-Dec-2024,Gold,36.0,TRUE,Wholesale,
CUST-1432,Jay Yang  ,jay.yang@gmail.com,146.809.4700,united states,2025/11/13,Platinum,34.0,,Retail,N/A
CUST-1433,Melissa Bishop,melissa.bishop@,1545216076,England,2023-10-02,Gold,63.0,Y,retail ,N/A
CUST-1434,Jim Santana,jim.santana@yahoo.com,7602277868,Nigéria,01/11/2023,Silver,56.0,TRUE,Retail,
CUST-1435,Allen Lee,allen.lee@outlook.com,9679671420,India,26/05/2025,Bronze,65.0,Y,Retail,VIP - handle with care
CUST-1436,Joan Walker,joan.walker@yahoo.com,942.397.4296,nigeria,"January 10, 2022",bronze,28.0,,retail ,
CUST-1437,Alexander Fischer,alexander.fischer@hotmail.com,+1-225-892-7544,Britain,18/03/2022,,23.0,,Retail,
CUST-1438,Jonathan Gomez,jonathan.gomez@yahoo.com,1642298752,BR,27/04/2025,Silver,69.0,No,retail ,
CUST-1439,Mr. Eric Cooper,mr..eric.cooper@,(660) 354-3955,Nigéria,"July 19, 2023",,48.0,,Wholesale,called twice re: refund
CUST-1010,Barbara Mcmahon,barbara.mcmahon@outlook.com,4464022747,Nigeria,2022/03/24,Gold,150.0,1,B2B,
CUST-1441,April  Marshall,april.marshall@outlook.com,968,BR,08/01/2026,GOLD,150.0,Yes,VIP,
CUST-1442,Elizabeth Dunlap,elizabeth.dunlap@outlook.com,6752138600,Canada,2025-01-30,Bronze,150.0,FALSE,Retail,called twice re: refund
CUST-1443,Alicia Simmons,alicia.simmons@yahoo.com,call-me-maybe,AU,05/06/2021,bronze,43.0,0,B2B,
CUST-1444,Manuel Frye,manuel.frye@gmail.com,385.581.5453,United States,2021-09-26,,55.0,1,Wholesale,N/A
CUST-1445,VERONICA LOPEZ,veronica.lopez@company.co,738.535.3609,france,15-Aug-2022,Bronze,34.0,FALSE,vip,
CUST-1446,Bradley Charles,bradley.charles@outlook.com,(156) 947-2656,australia,2024/05/08,,19.0,0,Wholesale,
CUST-1447,Joshua Hill,joshua.hill@outlook.com,760.752.3001,Canada,01/13/2022,GOLD,21.0,FALSE,Wholesale,
CUST-1448,Jeffrey Webb,jeffrey.webb@outlook.com,###-###-####,Britain,00/00/2025,Gold,150.0,N,retail ,N/A
CUST-1449,Mr. Jonathan Velasquez,mr..jonathan.velasquez@yahoo.com,477.832.5382,australia,19/05/2024,,42.0,,Retail,
CUST-1450,Charlene Graham,charlene.graham@hotmail.com,727,CA,03-Nov-2025,,56.0,1,B2B,N/A
CUST-1451,Courtney Garrison,courtney.garrison@company.co,+1-702-181-4169,australia,13/01/2021,Bronze,72.0,,VIP,
CUST-1452,Rebecca Jones,rebecca.jones@hotmail.com,9945985139,U.K.,"April 15, 2022",,30.0,N,Wholesale,
CUST-1453,Jared Terry,jared.terry@company.co,(805) 961-3506,US,26/06/2022,,55.0,Y,Retail,called twice re: refund
CUST-1454,crystal smith  ,crystal.smith@hotmail.com,(551) 907-1584,U.K.,"February 10, 2024",Platinum,150.0,0,Wholesale,
CUST-1455,Alexandria Moody,alexandria.moody@outlook.com,6119181440,united states,2026-04-17,,75.0,TRUE,Wholesale,
CUST-1456,Kimberly Wells,kimberly.wells@company.co,3438195727,South Africa,2026/05/09,GOLD,65.0,Y,retail ,
CUST-1457,NICHOLAS ABBOTT,nicholas.abbott@yahoo.com,1482275690,U.K.,2025-02-30,,53.0,Y,VIP,
CUST-1458,kurt edwards,kurt.edwards@hotmail.com,(822) 395-2299,france,2025-12-08,,65.0,FALSE,B2B,
CUST-1459,Melissa Thompson DVM,melissa.thompson.dvm@hotmail.com,275,South Africa,22-Jan-2022,,70.0,N,B2B,
CUST-1460,James Stone,james.stone@gmail.com,(753) 761-7533,US,2024-01-07,,36.0,TRUE,VIP,VIP - handle with care
CUST-1461,AMANDA GOODWIN,amanda.goodwinyahoo.com,(214) 820-6272,ZA,2023-10-23,,70.0,No,Wholesale,called twice re: refund
CUST-1462,Mr. Ronald Stone,mr..ronald.stone@hotmail.com,699.749.6180,Nigeria,10-Dec-2021,,21.0,Yes,VIP,VIP - handle with care
CUST-1463,Jane Sanders,jane.sanders@gmail.com,4352092778,U.S.A.,2022-01-11,,40.0,,B2B,
CUST-1464,Sean Sanchez,sean.sanchez@hotmail.com,(351) 198-1651,Brazil,19-Nov-2024,Silver,42.0,1,Retail,
CUST-1465,Paul Martinez,paul.martinez@yahoo.com,+1-160-214-7696,United States of America,21/10/2025,bronze,65.0,TRUE,B2B,
CUST-1466,Kevin Foster,kevin.foster @yahoo.com,3992343951,South Africa,2022-10-16,,41.0,0,retail ,
CUST-1467,John Frost,john.frost@outlook.com,(920) 689-8182,United States,2021-11-29,,52.0,TRUE,Wholesale,called twice re: refund
CUST-1468,Michael Hoffman,michael.hoffman@gmail.com,+1-711-655-5315,nigeria,"July 14, 2021",Gold,30.0,Y,retail ,
CUST-1469,Lisa Lucas,lisa.lucas@hotmail.com,+1-130-602-3728,Brasil,2021-12-12,Gold,26.0,No,Retail,
CUST-1470,Allen Davidson,allen.davidson@yahoo.com,608.338.9178,DE,18/04/2025,Bronze,38.0,Y,VIP,N/A
CUST-1471,Isabella Bailey,isabella.bailey@hotmail.com,9873026323,England,"September 29, 2023",,33.0,No,B2B,
CUST-1472,Michael Costa,michael.costa@company.co,2571415656,South Africa,"February 04, 2022",GOLD,67.0,1,B2B,N/A
CUST-1473,MR. SEAN HOWARD,mr..sean.howard@company.co,2546433812,united states,03/04/2022,,70.0,N,Wholesale,
CUST-1474, Joe Barker,joe.barker@@yahoo.com,(275) 807-5345,Germany,"May 17, 2025",Silver,57.0,0,Retail,
CUST-1475,Kendra Saunders  ,kendra.saunders@@outlook.com,6284079770,Brazil,2025/09/23,Gold,69.0,,Wholesale,N/A
CUST-1476,Jennifer Smith,jennifer.smith@yahoo.com,###-###-####,USA,2021-07-08,Silver,50.0,Yes,retail ,
CUST-1477,Ryan  Evans,ryan.evans@yahoo.com,(534) 942-6846,Canada,2021-07-26,Gold,150.0,1,Wholesale,called twice re: refund
CUST-1478,Mark Anderson,mark.andersonhotmail.com,+1-193-253-7279,Australia,2023/11/03,,-3.0,Y,VIP,VIP - handle with care
CUST-1479,Misty Osborn  ,misty.osborn@yahoo.com,921.701.7828,Canada,2024/12/09,Bronze,72.0,No,retail ,
CUST-1480,Alicia Martinez,alicia.martinez@company.co,(833) 151-5723,IN,"May 20, 2025",GOLD,,Y,Wholesale,called twice re: refund
CUST-1481,Shannon Austin,shannon.austin@outlook.com,(234) 868-4595,Australia,02-Apr-2021,Bronze,64.0,1,vip,
CUST-1482,Roberto Garcia,roberto.garcia@gmail.com,(883) 121-6106,nigeria,02/07/2022,Silver,-1.0,,B2B,
CUST-1483, TYLER HALL,tyler.hall@company.co,+1-587-747-2831,india,03/21/2027,Silver,49.0,1,Retail,N/A
CUST-1428,Jeanne Morgan,jeanne.morgan@gmail.com,698.502.6790,united states,06/09/2024,GOLD,43.0,Yes,vip,N/A
CUST-1485,Mitchell Jackson,mitchell.jackson@outlook.com,(902) 706-2318,S. Africa,23/05/2021,,56.0,0,B2B,N/A
CUST-1486,Nathan Martin,nathan.martin@gmail.com,+1-129-493-3704,RSA,05/03/2021,Silver,150.0,Y,vip,called twice re: refund
CUST-1487, Jennifer Whitney,jennifer.whitney@hotmail.com,call-me-maybe,nigeria,20-Dec-2025,,70.0,N,Wholesale,
CUST-1488,Jennifer Zamora,jennifer.zamora@yahoocom,+1-755-284-8219,Brasil,"February 15, 2024",,39.0,0,Retail,
CUST-1489,Michael Williams,michael.williams@outlook.com,+1-536-992-7186,AU,24-Apr-2022,Gold,-5.0,,Retail,N/A
CUST-1490,Roy Kennedy,roy.kennedy@outlook.com,924.656.2830,RSA,12/02/2022,Gold,58.0,TRUE,Wholesale,
CUST-1491, candace bautista,candace.bautista@outlook.com,3817366080,Brazil,"October 11, 2023",Platinum,66.0,TRUE,Retail,VIP - handle with care
CUST-1492,Michael Morgan,michael.morgan@outlook.com,+1-231-383-1574,france,2021-05-11,bronze,29.0,FALSE,retail ,
CUST-1493,Jorge Fisher,jorge.fisher@company.co,670.893.5195,FR,12/27/2024,,150.0,N,Retail,called twice re: refund
CUST-1494,Cindy Lopez,cindy.lopez@outlook.com,+1-660-312-3622,NG,11/06/2025,,,,Wholesale,
CUST-1495,Jessica Cross,jessica.cross@outlook.com,(730) 694-9246,Bharat,2026/03/30,Silver,59.0,N,Retail,VIP - handle with care
CUST-1496,Laurie Stanley,laurie.stanley@yahoo.com,(784) 375-8462,Deutschland,2022/05/17,Silver,63.0,N,Wholesale,VIP - handle with care
CUST-1497,Logan Peterson,logan.peterson@gmail.com,(477) 897-4074,ZA,2026/04/30,,29.0,FALSE,VIP,
CUST-1498,Richard Gonzales,richard.gonzales@outlook.com,273.811.7682,U.K.,2023/04/28,,-4.0,Yes,Wholesale,VIP - handle with care
CUST-1499,John Contreras,john.contreras@company.co,(155) 532-2308,Germany,14/08/2023,,25.0,0,B2B,
CUST-1500,Becky Wilson,becky.wilson@yahoo.com,+1-408-350-1029,Brasil,25-Aug-2022,,56.0,Y,Wholesale,
CUST-1501,Tyrone Jordan,tyrone.jordan@outlook.com,685,Brazil,07-Oct-2025,Platinum,-5.0,TRUE,Wholesale,
CUST-1502,Jason Turner,jason.turner@yahoo.com,804.276.7422,South Africa,24-Feb-2023,Gold,55.0,,Retail,VIP - handle with care
CUST-1503,Michael Anderson,michael.anderson@outlook.com,+1-475-372-4182,Nigéria,11/14/2025,,29.0,Y,Wholesale,called twice re: refund
CUST-1504,Jacob Richard,jacob.richard@company.co,9727665529,United States,2022/01/17,,,Yes,Wholesale,N/A
CUST-1505,Alex Graves,alex.graves@company.co,913,US,14/08/2025,GOLD,-3.0,No,Retail,called twice re: refund
CUST-1506,Jessica Davis,jessica.davis@hotmail.com,+1-447-460-2023,australia,2024/12/18,Silver,56.0,No,retail ,called twice re: refund
CUST-1507,Julia Bennett,julia.bennett@hotmail.com,(553) 658-7250,Bharat,05/11/2025,Platinum,68.0,,B2B,VIP - handle with care
CUST-1508,Adrian Henry,adrian.henry@gmail.com,+1-710-272-5857,france,00/00/2025,Bronze,44.0,Yes,Wholesale,called twice re: refund
CUST-1509,Jose  Turner,jose.turner@company.co,754.585.1135,france,08/01/2023,,150.0,N,B2B,
CUST-1510,Debra Miller,debra.miller@company.co,759.306.5238,South Africa,06/08/2024,,34.0,No,B2B,VIP - handle with care
CUST-1511,Eric Kelly,eric.kelly@hotmail.com,+1-329-381-5931,FR,05/31/2025,,46.0,Yes,Wholesale,called twice re: refund
CUST-1512,MARY MORGAN,mary.morgan@company.co,324,Nigeria,"March 23, 2025",Platinum,-4.0,No,Wholesale,
CUST-1513,Deanna Carney,deanna.carney@hotmail.com,+1-848-705-1890,USA,08/03/2022,GOLD,150.0,1,Retail,
CUST-1514,Nicholas Martinez,nicholas.martinez@yahoo.com,7599927039,india,"September 04, 2023",,41.0,0,Wholesale,
CUST-1515,Emily Miranda,emily.miranda@outlook.com,(252) 158-7868,Britain,01/04/2024,,20.0,TRUE,Retail,
CUST-1516,Gregory Smith,gregory.smith@hotmail.com,(354) 937-4553,nigeria,05-Jun-2025,Silver,,No,B2B,
CUST-1517,Melissa Strickland,melissa.strickland@company.co,(933) 997-2611,Nigéria,18/05/2026,,22.0,Y,vip,
CUST-1518,Thomas White,thomas.white@hotmail.com,800.692.9660,S. Africa,"January 01, 2024",GOLD,,,VIP,
CUST-1519,Bradley Wood,bradley.wood@outlook.com,call-me-maybe,Brasil,06/20/2022,GOLD,57.0,0,Wholesale,
CUST-1520,JENNIFER MOORE,jennifer.moore@outlook.com,776.296.8884,S. Africa,05/23/2021,,25.0,Y,Wholesale,
CUST-1521,Sherri Pruitt,sherri.pruitt@outlook.com,call-me-maybe,BR,"February 24, 2025",Silver,150.0,Yes,Wholesale,called twice re: refund
CUST-1522,Samuel Boyd,samuel.boyd@outlook.com,+1-163-168-1517,IN,22/10/2024,Platinum,,FALSE,VIP,
CUST-1523, Paige Davis,paige.davis@company.co,(683) 416-9555,australia,24/07/2025,,26.0,1,Wholesale,
CUST-1524,wesley king  ,wesley.king@yahoo.com,712.998.9261,France,26/06/2022,Gold,66.0,No,Wholesale,
CUST-1525,Gina Wagner,gina.wagner@yahoo.com,3141781877,US,"August 26, 2021",Gold,47.0,Y,Wholesale,called twice re: refund
CUST-1526,Bethany Yang DDS,bethany.yang.dds@gmail.com,1459124994,NG,2022/12/14,,-5.0,N,Wholesale,
CUST-1527,Douglas Alexander,douglas.alexander @gmail.com,5623754779,FR,2023/11/04,GOLD,70.0,TRUE,retail ,
CUST-1528,Robert Alexander,robert.alexander@outlook.com,(548) 573-1989,India,30-Jul-2024,Bronze,-3.0,FALSE,Wholesale,called twice re: refund
CUST-1056,Zachary Barajas,zachary.barajas@hotmail.com,494.566.8221,Nigéria,2023/04/25,,150.0,TRUE,vip,VIP - handle with care
CUST-1530,Donald Mclean,donald.mclean@company.co,###-###-####,England,09/20/2023,Bronze,150.0,FALSE,VIP,called twice re: refund
CUST-1531,Gregory Clark,gregory.clark@yahoo.com,(889) 748-7754,US,02/28/2025,,65.0,Yes,retail ,N/A
CUST-1532,Alexander Villanueva,alexander.villanueva@outlook.com,297.861.6082,ZA,27-Jul-2022,bronze,-1.0,TRUE,vip,
CUST-1533,Jessica Cross MD,jessica.cross.md@hotmail.com,+1-741-592-3653,Bharat,31/01/2026,bronze,32.0,0,VIP,
CUST-1534,Daniel Carroll,daniel.carroll@yahoo.com,(386) 948-2548,United States,30-Jan-2023,Gold,,,B2B,N/A
CUST-1535, Jessica Young,jessica.young@outlook.com,+1-421-508-1886,United States,08/03/2025,Gold,55.0,FALSE,Wholesale,called twice re: refund
CUST-1536,Whitney Jordan,whitney.jordan@company.co,(454) 675-9182,India,06-Sep-2022,Gold,27.0,N,B2B,called twice re: refund
CUST-1537,Dr. Amanda Lara,dr..amanda.lara@outlook.com,+1-532-278-9384,nigeria,2024/07/14,bronze,24.0,Yes,Retail,called twice re: refund
CUST-1538,heather  nelson  ,heather.nelson@outlook.com,(258) 460-8478,nigeria,05/29/2023,Bronze,34.0,FALSE,Retail,
CUST-1539,James Glover,james.glover@yahoo.com,###-###-####,NG,03/23/2022,,63.0,No,B2B,N/A
CUST-1540,Jeremy Garcia,jeremy.garcia@hotmail.com,8099403428,australia,2024-10-21,bronze,74.0,FALSE,VIP,
CUST-1541,Judith Lane,judith.lane@yahoo.com,536.183.4245,Brasil,"January 15, 2021",Platinum,33.0,TRUE,Wholesale,
CUST-1542, ZACHARY MILLER,zachary.miller@hotmail.com,509,BR,2024-05-18,,55.0,No,B2B,
CUST-1543,Mike Foley,mike.foley@gmail.com,+1-558-595-9979,France,14-Aug-2022,Platinum,31.0,1,vip,
CUST-1544,Brittney Kennedy,brittney.kennedy@hotmail.com,(623) 135-2180,CA,2024/02/17,Silver,41.0,,vip,
CUST-1545,Steven Munoz,steven.munoz@company.co,(613) 271-1273,S. Africa,2022-08-17,Platinum,59.0,N,Wholesale,called twice re: refund
CUST-1546,Madison Harvey,madison.harvey@company.co,677.640.1937,Deutschland,11-Jan-2022,Silver,-1.0,N,retail ,called twice re: refund
CUST-1547,Tiffany Mann,tiffany.mann@hotmail.com,+1-461-889-9689,UK,2022-06-02,Bronze,41.0,Yes,Wholesale,
CUST-1047,Nathan Jones,nathan.jones@yahoo.com,(215) 408-4017,FR,"April 19, 2025",Silver,33.0,0,Wholesale,
CUST-1549,Michelle King,michelle.king@outlook.com,+1-449-649-3600,AU,2023-06-21,,150.0,TRUE,B2B,N/A
CUST-1550,Donald Owens,donald.owens@hotmail.com,+1-341-832-5797,Deutschland,07/05/2023,bronze,70.0,,Wholesale,
CUST-1551,Brian Vazquez,brian.vazquez@company.co,225.760.5495,NG,04/22/2023,Gold,-2.0,Yes,Wholesale,called twice re: refund
CUST-1552,Christopher Barr,christopher.barr@hotmail.com,528,Brasil,11/05/2021,Bronze,-5.0,Yes,Wholesale,
CUST-1553,Phillip Sandoval,phillip.sandovalyahoo.com,321.316.8192,DE,2022-01-22,bronze,150.0,0,Retail,
CUST-1554,Angel Lewis,angel.lewis@outlook.com,3068268934,South Africa,2025-02-30,Platinum,35.0,1,retail ,
CUST-1555,Brandon Wilson,brandon.wilson@,992.141.6990,Germany,"December 16, 2024",Platinum,33.0,,Retail,
CUST-1556,Joe Gross,joe.gross@yahoo.com,191.699.6051,united states,"April 09, 2021",,,Yes,vip,N/A
CUST-1557,tim martinez,tim.martinez@hotmail.com,446.862.8921,United States,24/02/2025,,20.0,,Wholesale,
CUST-1558,Andrew Williamson,andrew.williamson@yahoo.com,128.281.6539,Brasil,2025/09/03,bronze,-4.0,FALSE,vip,N/A
CUST-1559,Dean Ochoa,dean.ochoa@yahoo.com,347.635.4310,Australia,"July 01, 2024",GOLD,33.0,Yes,Retail,
CUST-1560,Dustin Watson,dustin.watson@yahoo.com,258.230.5125,NG,2021-08-28,GOLD,54.0,No,Wholesale,called twice re: refund
CUST-1561,John Boyd,john.boyd@yahoo.com,598.463.5987,England,11/09/2024,Platinum,67.0,TRUE,vip,
CUST-1562,Amber Ferguson,amber.ferguson@hotmail.com,698,nigeria,"October 25, 2022",,63.0,Y,retail ,
CUST-1563,Lisa Miller,lisa.miller@outlook.com,(875) 453-4586,RSA,11-Jan-2022,,70.0,No,B2B,N/A
CUST-1564,Courtney Murphy,courtney.murphy@outlook.com,438.648.7598,canada,05/31/2026,,67.0,0,Wholesale,
CUST-1565,Brenda Herring,brenda.herring@company.co,+1-316-355-2760,australia,2024-03-23,,71.0,N,VIP,
CUST-1566,Adam Flores,adam.flores@company.co,+1-597-529-8708,United States,28-Oct-2024,bronze,24.0,N,vip,N/A
CUST-1567,Gary Johnson,gary.johnson@yahoo.com,(540) 618-9562,Australia,"January 15, 2023",,-1.0,,Wholesale,N/A
CUST-1568,Richard Reese,richard.reese@yahoo.com,call-me-maybe,Germany,2021-06-09,bronze,-4.0,1,Retail,
CUST-1569,Erika Brown,erika.brown@gmail.com,(517) 351-3844,germany,"July 03, 2022",Bronze,69.0,0,Wholesale,
CUST-1570,Kirsten Cook,kirsten.cook@hotmail.com,+1-629-574-2296,Australia,09/09/2021,,54.0,1,B2B,
CUST-1571,Pedro Williams,pedro.williams@hotmail.com,+1-793-587-6216,United States of America,2025-11-06,Bronze,-4.0,1,Wholesale,
CUST-1572,Charles Jordan,charles.jordan@hotmail.com,+1-550-994-7135,Britain,2025-05-17,Bronze,42.0,N,Wholesale,
CUST-1573,Linda Harris,linda.harris@outlook.com,(264) 934-4306,india,2025-02-28,Silver,51.0,0,B2B,called twice re: refund
CUST-1574,Brett Wagner,brett.wagner@company.co,596.175.3489,U.S.A.,10/08/2021,GOLD,,TRUE,Retail,
CUST-1575,Michael Chan,michael.chan@outlook.com,3207728031,Britain,2025-12-20,Silver,,0,retail ,VIP - handle with care
CUST-1576,John Payne,john.payne@yahoo.com,4264993391,Nigeria,2023-03-26,Platinum,36.0,N,B2B,
CUST-1577,Nicole Gonzalez,nicole.gonzalez@yahoo.com,153.609.7113,Canada,2024/12/18,Silver,-4.0,No,vip,N/A
CUST-1578,Barbara Holder,barbara.holder@,+1-903-272-2272,Nigéria,2023-08-28,Silver,37.0,Y,B2B,N/A
CUST-1579,Michelle Morales,michelle.morales@company.co,1929699656,India,2026/02/07,bronze,43.0,TRUE,vip,called twice re: refund
CUST-1580,kenneth kaiser,kenneth.kaiser@company.co,3467883172,CA,2023-02-21,Platinum,72.0,FALSE,retail ,
CUST-1581,Judy Harris,judy.harris@company.co,940.151.7995,England,2021/04/22,Platinum,30.0,Yes,retail ,called twice re: refund
CUST-1582,Richard Anderson,richard.anderson@outlook.com,799.448.2895,ZA,08/27/2022,,70.0,FALSE,Wholesale,
CUST-1583,Robert Moore,robert.moore@hotmail.com,(592) 265-4818,france,2024-11-23,,-5.0,0,VIP,
CUST-1584,CINDY COWAN,cindy.cowan@company.co,+1-302-678-7084,india,2025/07/11,,24.0,FALSE,B2B,N/A
CUST-1585,Paul Harvey,paul.harvey@outlook.com,+1-808-655-7252,USA,2022/10/06,Gold,60.0,1,Wholesale,called twice re: refund
CUST-1586,KENT SALINAS,kent.salinas@yahoo.com,972.788.1820,india,2024/10/25,bronze,27.0,No,Retail,
CUST-1587,FRANK LUNA  ,frank.luna@yahoo.com,457.187.9188,United Kingdom,2025-02-30,,47.0,0,vip,
CUST-1588,Andrea Melton,andrea.melton@gmail.com,+1-216-193-1509,Deutschland,30-Sep-2023,,74.0,Y,B2B,VIP - handle with care
CUST-1589,Matthew Lopez,matthew.lopez@company.co,(412) 647-6789,IN,"April 04, 2026",Gold,54.0,No,Retail,called twice re: refund
CUST-1590,Debra Mcdonald,debra.mcdonald@hotmail.com,call-me-maybe,United States of America,20-Mar-2024,,31.0,N,Wholesale,called twice re: refund
CUST-1591,Eric Acevedo,eric.acevedo@outlook.com,+1-211-642-2817,australia,04/28/2021,GOLD,67.0,FALSE,B2B,VIP - handle with care
CUST-1592,valerie montgomery,valerie.montgomery@hotmail.com,+1-742-300-9929,France,2026-04-12,Bronze,49.0,N,Retail,N/A
CUST-1593,Robert Pittman,robert.pittman@gmail.com,499,BR,00/00/2025,Bronze,62.0,No,vip,VIP - handle with care
CUST-1594,Andrew Weaver,andrew.weaver@yahoo.com,9948325060,RSA,18/11/2022,Bronze,73.0,Y,Wholesale,
CUST-1595,Ian Guerrero,ian.guerrero @outlook.com,6864648823,FR,2023-03-24,Gold,71.0,Yes,B2B,VIP - handle with care
CUST-1596, robert anderson,robert.anderson@gmail.com,+1-650-967-7919,South Africa,2021-10-27,bronze,27.0,Yes,VIP,
CUST-1597,Victoria Holloway,victoria.holloway@@hotmail.com,+1-386-767-8418,nigeria,12-Jun-2021,bronze,68.0,No,retail ,called twice re: refund
CUST-1598,David Young,david.young@hotmail.com,416,CA,2025/05/19,GOLD,150.0,Y,B2B,called twice re: refund
CUST-1599,William Hill,william.hill@yahoo.com,353,US,2021-09-10,Silver,61.0,TRUE,Wholesale,called twice re: refund
CUST-1600,Tara Anderson,tara.anderson@yahoo.com,4459255072,Bharat,29-Jul-2022,GOLD,61.0,1,Wholesale,N/A
CUST-1601,Crystal Townsend,crystal.townsend@yahoo.com,1345436793,Canada,2023/06/06,Platinum,,N,Wholesale,
CUST-1602,Christina Campbell,christina.campbell@gmail.com,(180) 180-1901,australia,2023/01/02,Silver,,0,retail ,called twice re: refund
CUST-1603,Sara Phelps MD,sara.phelps.md@hotmail.com,+1-155-538-7735,united states,2023/07/07,Platinum,37.0,0,retail ,VIP - handle with care
CUST-1604,ASHLEY JOHNSON,ashley.johnson@outlook.com,152,United Kingdom,22/02/2025,Gold,34.0,TRUE,VIP,VIP - handle with care
CUST-1605,Tina Hammond,tina.hammond@gmail.com,+1-945-193-3668,India,10-Apr-2021,Gold,73.0,1,vip,
CUST-1606,David Taylor,david.taylor@company.co,(755) 368-9060,England,25/07/2023,bronze,24.0,1,VIP,
CUST-1607,michael ortiz  ,michael.ortiz@hotmail.com,178,CA,06/14/2026,bronze,54.0,Yes,Wholesale,
CUST-1608,Christopher Miles,christopher.miles @gmail.com,4983885706,DE,2021/01/13,Silver,51.0,Y,Wholesale,
CUST-1609,Jeffrey Lopez,jeffrey.lopez@gmail.com,+1-896-511-5994,United Kingdom,2025-04-31,GOLD,44.0,Yes,B2B,
CUST-1610,Eugene Davidson,eugene.davidson@,(550) 830-3245,BR,02/02/2023,Bronze,43.0,N,VIP,
CUST-1611,Jodi Russell,jodi.russell@hotmail.com,(412) 121-8458,Deutschland,12-Mar-2021,Bronze,-4.0,Y,Wholesale,
CUST-1612,Nicole Harper,nicole.harper@outlook.com,(584) 700-2421,United Kingdom,"February 21, 2027",Bronze,38.0,,retail ,VIP - handle with care
CUST-1613,Samantha Brown,samantha.brown@companyco,+1-644-822-4143,Brasil,2025/11/25,GOLD,,FALSE,Wholesale,
CUST-1614,Brandon Reed,brandon.reed@gmail.com,(771) 967-1210,ZA,2025-02-30,Silver,20.0,N,Retail,N/A
CUST-1615,Jessica Anderson,jessica.anderson@gmail.com,9379666732,BR,15/10/2024,,27.0,Yes,vip,
CUST-1616,Andrew Holloway,andrew.holloway@company.co,770,Canada,2023/01/21,Silver,20.0,N,retail ,
CUST-1617,Kenneth Pratt,kenneth.pratt@,call-me-maybe,Canada,2023-01-03,Bronze,50.0,1,B2B,called twice re: refund
CUST-1618,Jasmine Berger,jasmine.berger@gmail.com,2453388272,nigeria,"December 16, 2025",Silver,42.0,No,VIP,VIP - handle with care
CUST-1619,Donna Foster,donna.foster@hotmail.com,call-me-maybe,Australia,"July 14, 2024",Platinum,35.0,Yes,Wholesale,
CUST-1620,Jessica Lynch,jessica.lynch@,+1-571-561-4025,Canada,2021-12-21,Silver,-2.0,,retail ,
CUST-1621,Amanda Hayes,amanda.hayes@hotmailcom,330,ZA,2025-02-10,,30.0,FALSE,vip,called twice re: refund
CUST-1622,Lisa Allison,lisa.allison @gmail.com,+1-312-328-6023,England,06-Jun-2023,Gold,37.0,1,Wholesale,N/A
CUST-1623,Linda Terrell,linda.terrell@hotmail.com,(782) 968-3528,NG,2022-03-29,Silver,,N,vip,called twice re: refund
CUST-1624,Mark Brown,mark.brown@hotmail.com,(548) 613-6029,germany,"October 02, 2025",GOLD,150.0,FALSE,Retail,VIP - handle with care
CUST-1625,Dr. Luis Porter,dr..luis.porter@hotmail.com,(948) 974-1000,U.S.A.,"May 02, 2021",bronze,,N,vip,
CUST-1626,roy clark,roy.clark@outlook.com,2646273360,CA,04-May-2025,Bronze,35.0,,vip,
CUST-1627,gloria villarreal,gloria.villarreal@yahoo.com,+1-328-669-2548,germany,10/10/2022,bronze,29.0,,Retail,
CUST-1628,Kimberly Garner,kimberly.garner@yahoo.com,404.139.6802,canada,09/11/2023,Silver,67.0,No,Wholesale,
CUST-1629,Mark Wells,mark.wells@outlook.com,+1-937-237-1261,Germany,24/05/2022,Gold,42.0,N,Wholesale,called twice re: refund
CUST-1630,amy patel,amy.patel@outlook.com,call-me-maybe,France,2025/03/17,Silver,31.0,1,vip,
CUST-1631,Alexandra Collins,alexandra.collins@company.co,+1-255-123-9945,BR,12/04/2024,Platinum,57.0,,VIP,
CUST-1632,David Gonzalez,david.gonzalez@gmail.com,+1-501-613-5158,australia,"February 25, 2024",GOLD,38.0,TRUE,VIP,
CUST-1633,MICHELLE CHERRY,michelle.cherry@outlook.com,9858086500,Brasil,15-Jan-2024,bronze,35.0,Yes,B2B,
CUST-1634,Cody Eaton,cody.eaton@company.co,(871) 767-3657,india,2022/05/01,,19.0,Yes,B2B,called twice re: refund
CUST-1635,Nicholas Whitaker  ,nicholas.whitaker@company.co,9895138003,RSA,2025/01/27,bronze,24.0,0,Wholesale,
CUST-1636,Tonya Johnson,tonya.johnson @yahoo.com,349,France,2025-08-07,Bronze,51.0,1,Wholesale,
CUST-1637,Mark Holloway,mark.holloway@outlook.com,469.310.3534,FR,2021-03-05,GOLD,29.0,FALSE,Wholesale,
CUST-1638,Jason Johnson,jason.johnson@outlook.com,###-###-####,france,"November 18, 2022",Gold,28.0,1,B2B,called twice re: refund
CUST-1639,Danielle Beasley,danielle.beasley@outlook.com,call-me-maybe,US,29-May-2022,bronze,40.0,N,Wholesale,VIP - handle with care
CUST-1640,Terry Marquez,terry.marquez@gmail.com,+1-542-118-8818,United States,2023-07-09,,71.0,Yes,retail ,called twice re: refund
CUST-1641,Julie Jackson,julie.jackson@company.co,+1-750-321-7902,germany,2021-03-13,Platinum,-3.0,Yes,Wholesale,
CUST-1642,Charles Moore,charles.moore@yahoo.com,483.725.9043,Brazil,22-Sep-2024,Gold,44.0,Yes,VIP,
CUST-1643, Earl Austin,earl.austin@hotmail.com,1351086167,ZA,2024-11-28,Bronze,38.0,Y,Retail,
CUST-1644,Jon Holland,jon.holland@outlook.com,8972338002,germany,23-Mar-2022,Bronze,44.0,Y,Wholesale,called twice re: refund
CUST-1645,Amber Smith,amber.smith@gmail.com,8954313775,Brazil,13/01/2024,bronze,63.0,TRUE,vip,
CUST-1646,Regina Chapman,regina.chapman@hotmail.com,2934934023,canada,03/16/2022,,,N,retail ,
CUST-1609,Cynthia Glenn,cynthia.glenn@hotmail.com,411.433.2312,germany,2023/03/05,,30.0,Y,VIP,N/A
CUST-1648, TERRY VAUGHN,terry.vaughn@hotmail.com,2469703315,france,"April 13, 2021",,51.0,No,VIP,
CUST-1649,Christina Morales,christina.morales@hotmail.com,(646) 613-5510,S. Africa,2023-04-14,Gold,57.0,,retail ,N/A
CUST-1650,Amy Hicks,amy.hicks@hotmail.com,(273) 455-7537,Germany,2022-09-29,Platinum,64.0,0,Retail,called twice re: refund
CUST-1651,Thomas Smith,thomas.smith@hotmail.com,985,Britain,2022-01-08,Bronze,55.0,,Retail,
CUST-1652,Karen Hanna,karen.hanna@hotmail.com,(357) 446-6911,France,2021-07-27,bronze,35.0,TRUE,VIP,
CUST-1653,Bradley Andrade,bradley.andrade@gmail.com,4442027619,Germany,09/03/2021,Silver,27.0,FALSE,Wholesale,N/A
CUST-1654,Charles Adams,charles.adams@company.co,+1-864-229-5691,USA,"June 20, 2023",Gold,44.0,No,vip,
CUST-1655,THOMAS CURTIS  ,thomas.curtis@company.co,+1-488-180-9951,France,"August 18, 2021",Silver,26.0,1,Retail,called twice re: refund
CUST-1656,Jeffrey Anderson,jeffrey.anderson@@gmail.com,call-me-maybe,Nigéria,2021/10/30,Gold,60.0,1,retail ,N/A
CUST-1657,Jacqueline Torres,jacqueline.torres@yahoo.com,9809748182,South Africa,28/05/2022,bronze,51.0,0,VIP,
CUST-1658,Benjamin Johnson,benjamin.johnson@@yahoo.com,206.644.9213,Canada,2025/05/14,bronze,72.0,1,VIP,N/A
CUST-1659,Ana Miller,ana.miller@company.co,(597) 437-8709,South Africa,05-Jun-2021,Bronze,31.0,Yes,B2B,called twice re: refund
CUST-1660,ERIC MCMAHON,eric.mcmahon@gmail.com,8668738984,india,"November 03, 2024",GOLD,65.0,Yes,Wholesale,N/A
CUST-1661, Anthony Huang,anthony.huang@hotmail.com,(174) 172-8138,Bharat,"February 04, 2024",GOLD,150.0,TRUE,Wholesale,
CUST-1662,Cynthia Jones,cynthia.jones@yahoo.com,406,US,06-Apr-2024,bronze,25.0,Yes,Retail,VIP - handle with care
CUST-1663,CAITLIN SMITH,caitlin.smith@,9737151456,England,2022-10-15,Gold,49.0,Y,VIP,N/A
CUST-1664,Marisa Meyer,marisa.meyer@hotmail.com,+1-917-878-2877,Brazil,2021-10-29,,55.0,Yes,VIP,
CUST-1665,Daniel Mcclain,daniel.mcclain@outlook.com,+1-985-951-1171,USA,11/10/2024,Gold,26.0,0,Wholesale,called twice re: refund
CUST-1666,MRS. ALEJANDRA CALHOUN,mrs..alejandra.calhoun@gmail.com,+1-557-278-2524,Brasil,2021-05-26,Gold,53.0,1,B2B,VIP - handle with care
CUST-1667,Michael Mahoney,michael.mahoney@gmail.com,+1-356-375-5595,nigeria,00/00/2025,,56.0,1,Wholesale,
CUST-1668,Evan Hall  ,evan.hall@gmail.com,999.519.5861,S. Africa,2021/08/11,GOLD,27.0,0,VIP,VIP - handle with care
CUST-1669,Angela Crawford,angela.crawford@yahoocom,540.267.3500,australia,01-Mar-2023,bronze,58.0,N,VIP,N/A
CUST-1670,Sydney Webb,sydney.webb@hotmail.com,420.309.9348,CA,20-Sep-2022,Silver,61.0,0,B2B,VIP - handle with care
CUST-1671,John Price,john.price@outlook.com,+1-892-395-7708,United States of America,11/08/2022,GOLD,55.0,0,retail ,VIP - handle with care
CUST-1672,Janice Valencia,janice.valencia@hotmail.com,151.829.9924,Canada,09/18/2025,,41.0,No,VIP,called twice re: refund
CUST-1673,Stephanie Fisher,stephanie.fisher@gmail.com,+1-725-352-4703,Nigéria,13/07/2022,Silver,-2.0,,Wholesale,
CUST-1674,Sarah Sullivan,sarah.sullivan@yahoo.com,+1-593-783-8292,UK,"January 01, 2022",GOLD,53.0,Yes,Retail,
CUST-1675,KAYLA HARPER,kayla.harper@gmail.com,3209107011,AU,08/02/2023,Platinum,-4.0,Y,vip,N/A
CUST-1676,Sheila Holmes,sheila.holmes@outlook.com,+1-782-790-3491,AU,06/05/2023,Platinum,74.0,FALSE,vip,called twice re: refund
CUST-1677,Elizabeth Cunningham,elizabeth.cunningham@company.co,5886104709,Nigeria,11/14/2022,Platinum,55.0,1,Retail,
CUST-1678,Rachel Mcclain,rachel.mcclain@outlook.com,840.646.4926,ZA,16-Jul-2022,Bronze,22.0,FALSE,B2B,
CUST-1679,Daniel Farmer,daniel.farmer@,###-###-####,England,"December 22, 2021",Silver,52.0,1,B2B,called twice re: refund
CUST-1680,Miranda Maldonado,miranda.maldonado@gmail.com,(484) 123-4707,IN,01/27/2023,Platinum,22.0,No,Retail,called twice re: refund
CUST-1681,Sarah Wright,sarah.wright@company.co,5237502314,Nigeria,2024-12-30,,39.0,FALSE,VIP,VIP - handle with care
CUST-1682,Richard Brown,richard.brown@gmail.com,362.425.6106,United States,01/10/2025,GOLD,28.0,1,Wholesale,VIP - handle with care
CUST-1683,Stefanie Pugh,stefanie.pugh@company.co,###-###-####,FR,2022/07/01,bronze,61.0,N,Retail,
CUST-1684,Bradley Sharp,bradley.sharp@yahoo.com,call-me-maybe,FR,"March 09, 2022",Silver,62.0,,B2B,
CUST-1685,tricia morgan,tricia.morgan@outlook.com,(650) 276-9717,france,"August 29, 2023",Bronze,27.0,1,vip,VIP - handle with care
CUST-1686,Christopher Smith,christopher.smith@outlook.com,+1-498-820-7054,BR,17/12/2023,Platinum,150.0,0,Wholesale,
CUST-1687,Elizabeth Berry,elizabeth.berrygmail.com,453.564.5941,Nigeria,03/04/2026,,68.0,Yes,Retail,N/A
CUST-1688,James Mcguire,james.mcguire@yahoo.com,call-me-maybe,Brazil,06/01/2026,bronze,48.0,N,retail ,
CUST-1689,Joel Marquez,joel.marquezyahoo.com,606.634.2804,canada,22-Feb-2024,GOLD,63.0,Y,VIP,
CUST-1690,Cynthia Webb,cynthia.webb@gmail.com,+1-658-553-2672,Germany,16-Nov-2022,Platinum,41.0,Y,Wholesale,called twice re: refund
CUST-1691, JULIE CASTILLO,julie.castillo@yahoo.com,298,South Africa,18-Jan-2022,Gold,20.0,N,retail ,called twice re: refund
CUST-1692,Pamela Butler,pamela.butler@company.co,(814) 732-7981,U.S.A.,2023/06/08,Bronze,25.0,N,Retail,N/A
CUST-1693,Bradley Jackson,bradley.jackson@@hotmail.com,587.929.1802,CA,05/21/2026,GOLD,44.0,No,Wholesale,
CUST-1694,Ryan Randolph,ryan.randolph@yahoo.com,call-me-maybe,france,2023/08/22,Bronze,64.0,Y,VIP,N/A
CUST-1695,Ashley Manning,ashley.manning@@outlook.com,951,nigeria,24-Jan-2022,,53.0,N,B2B,called twice re: refund
CUST-1696,Sherry Watson,sherry.watson@company.co,8021201996,Nigéria,08-Jan-2024,,20.0,Yes,B2B,
CUST-1697,Natalie Meyers,natalie.meyers@@outlook.com,7174643999,germany,2021-09-06,Silver,41.0,No,Retail,N/A
CUST-1698,Troy Allen,troy.allen@company.co,call-me-maybe,USA,12-Aug-2021,Bronze,150.0,Yes,Wholesale,called twice re: refund
CUST-1699,Alison Meadows,alison.meadows@gmail.com,761.415.9677,United States,2021-04-08,GOLD,-2.0,0,Wholesale,VIP - handle with care
CUST-1391,tamara jennings  ,tamara.jennings@company.co,(168) 212-7411,United Kingdom,08-Jul-2024,Platinum,60.0,N,Retail,
CUST-1701,Danny Garrett,danny.garrett@,7573428633,australia,2023/04/30,Silver,150.0,,VIP,
CUST-1702,Kelly Baker DDS,kelly.baker.dds@company.co,+1-440-294-1037,United States of America,2022-12-01,Bronze,31.0,Y,Wholesale,
CUST-1703,Allison Mann,allison.mann@company.co,639,france,02/09/2024,GOLD,68.0,TRUE,Retail,VIP - handle with care
CUST-1704,Andrew Gray,andrew.gray@yahoo.com,(627) 513-2716,Australia,07/21/2024,Gold,150.0,TRUE,vip,VIP - handle with care
CUST-1705,Susan Carter,susan.carter@company.co,902.922.4610,Canada,09/25/2022,Silver,62.0,FALSE,B2B,
CUST-1706,JOSHUA BRUCE,joshua.bruce@gmail.com,+1-642-794-2315,nigeria,"March 16, 2022",,53.0,FALSE,Wholesale,
CUST-1707,Kim Evans,kim.evans@outlook.com,###-###-####,United States,"January 26, 2023",Silver,25.0,0,VIP,VIP - handle with care
CUST-1708,Chase Thompson,chase.thompson@gmail.com,(426) 557-8020,united states,03/07/2021,Gold,-1.0,Y,Wholesale,called twice re: refund
CUST-1709,Marvin Powell,marvin.powell@outlook.com,6537269195,US,2025-06-25,,21.0,N,vip,
CUST-1710,Katie Anderson,katie.anderson@hotmail.com,467.490.9103,U.K.,2023-01-12,Bronze,150.0,0,Wholesale,N/A
CUST-1711,David Hunter,david.hunter@company.co,177,Nigeria,02/18/2027,Silver,18.0,Yes,Wholesale,
CUST-1095,Maxwell Anderson DVM,maxwell.anderson.dvm@gmail.com,call-me-maybe,Australia,29-Sep-2024,Gold,59.0,,Wholesale,
CUST-1713,GABRIELA CROSBY,gabriela.crosby@gmail.com,+1-150-785-2306,U.S.A.,2026-06-30,bronze,150.0,N,retail ,N/A
CUST-1714,Mrs. Jessica Powell,mrs..jessica.powell@hotmail.com,7139231986,Nigeria,01/05/2023,Gold,72.0,FALSE,Wholesale,
CUST-1715,Michael Lloyd PhD,michael.lloyd.phd@company.co,###-###-####,canada,"January 21, 2026",,34.0,,B2B,
CUST-1716,derrick garcia,derrick.garcia@outlook.com,756.239.7871,DE,19-Jan-2025,Platinum,62.0,,B2B,VIP - handle with care
CUST-1717,Nancy Gomez,nancy.gomez@hotmail.com,(805) 994-3204,BR,04-Sep-2022,bronze,49.0,0,VIP,called twice re: refund
CUST-1718,Brandon Phillips,brandon.phillips@@yahoo.com,+1-497-367-4026,Nigéria,"December 27, 2022",Silver,64.0,1,Wholesale,N/A
CUST-1719,Joyce Griffin,joyce.griffin@yahoo.com,526.516.4279,France,20/07/2024,bronze,40.0,N,Retail,
CUST-1720,Joseph Patton,joseph.patton@company.co,(633) 608-6710,CA,12/04/2024,Platinum,58.0,N,retail ,VIP - handle with care
CUST-1721,Susan Adams,susan.adams@yahoo.com,8735138934,australia,2022/05/05,Platinum,22.0,N,B2B,N/A
CUST-1722,Amanda Brown,amanda.brown@hotmail.com,3442792674,Germany,00/00/2025,GOLD,20.0,,VIP,
CUST-1723,Matthew Woods,matthew.woods@hotmail.com,905.145.1433,France,24/07/2022,bronze,48.0,N,retail ,called twice re: refund
CUST-1724,Steven Ford,steven.ford@hotmail.com,997.584.6268,Bharat,05/11/2026,Platinum,73.0,Yes,vip,called twice re: refund
CUST-1725,Shannon Orr,shannon.orr@yahoo.com,+1-231-151-4952,CA,18-Feb-2023,GOLD,,Yes,retail ,N/A
CUST-1726,Kevin Anderson,kevin.anderson@company.co,+1-839-179-1373,BR,14-Aug-2023,Platinum,27.0,,VIP,
CUST-1727,Donna Lewis,donna.lewis@outlook.com,(601) 830-1418,FR,06-Jul-2025,Gold,,1,Wholesale,called twice re: refund
CUST-1728,Roger Vaughn,roger.vaughn@company.co,9713696149,Britain,17/10/2021,GOLD,-5.0,Y,retail ,
CUST-1729,David Jackson,david.jackson@gmailcom,279.126.7781,germany,12/06/2023,Silver,-1.0,No,vip,
CUST-1730,Ashley Johnson,ashley.johnson@hotmail.com,(266) 903-6470,Brazil,26/10/2025,Platinum,150.0,,VIP,
CUST-1731,Christopher Payne,christopher.payne@hotmail.com,call-me-maybe,Brasil,01/13/2027,,33.0,1,Retail,N/A
CUST-1732,Carolyn Stephens,carolyn.stephens@,(614) 844-8480,FR,2025/06/24,,63.0,No,B2B,N/A
CUST-1733,Kyle  Williams,kyle.williams@company.co,+1-342-626-8463,Australia,"August 21, 2025",GOLD,,Yes,Wholesale,called twice re: refund
CUST-1734,Timothy Nelson,timothy.nelson @hotmail.com,+1-747-554-3467,US,2023-02-17,Platinum,53.0,0,Wholesale,
CUST-1735,Marcia Reyes,marcia.reyes@yahoo.com,call-me-maybe,germany,2021/02/23,,150.0,1,Wholesale,
CUST-1736,George Barnett,george.barnett@outlook.com,+1-215-698-7283,United States of America,01/15/2022,bronze,68.0,N,retail ,
CUST-1737, David Durham,david.durham@,###-###-####,BR,2024/07/30,,26.0,TRUE,Wholesale,VIP - handle with care
CUST-1738,Laura Garcia,laura.garcia@outlook.com,+1-881-743-8215,germany,02/23/2024,GOLD,35.0,N,VIP,
CUST-1739,Jennifer Bean,jennifer.bean@hotmail.com,9144176409,AU,29-Mar-2026,,36.0,0,VIP,called twice re: refund
CUST-1740,Diane Welch,diane.welch@outlook.com,+1-528-921-3351,Australia,31-Dec-2022,,35.0,Y,vip,
CUST-1741,Randall Thompson,randall.thompson@@company.co,825.881.2286,France,13/02/2021,Silver,61.0,,Wholesale,N/A
CUST-1742,Jamie Bass,jamie.bass@gmail.com,993.669.9398,Bharat,10/11/2023,Bronze,30.0,N,retail ,
CUST-1743,Theresa Mathews,theresa.mathews@hotmail.com,call-me-maybe,FR,01/12/2024,Platinum,20.0,Yes,vip,
CUST-1744,Jessica Jackson  ,jessica.jackson@gmailcom,802.496.9994,USA,"January 13, 2022",Bronze,-4.0,No,Retail,VIP - handle with care
CUST-1745,Jeffery Dalton,jeffery.dalton@outlook.com,868,USA,08/25/2023,Platinum,75.0,TRUE,Retail,
CUST-1746,Alicia Smith,alicia.smith@hotmail.com,+1-597-872-1506,Australia,10/21/2025,Bronze,53.0,0,Wholesale,called twice re: refund
CUST-1747,NICOLE RIGGS,nicole.riggs@hotmail.com,882.887.1795,United States of America,04/04/2025,Platinum,74.0,TRUE,Wholesale,
CUST-1748,Valerie Davidson,valerie.davidson@company.co,(270) 922-9606,nigeria,24/04/2025,,51.0,Y,Retail,called twice re: refund
CUST-1749,Jeffrey Chen,jeffrey.chen@yahoo.com,914.748.9792,Germany,05/05/2024,Bronze,22.0,1,retail ,VIP - handle with care
CUST-1750,Matthew Boone,matthew.boone@company.co,261.773.2210,AU,20/06/2024,GOLD,44.0,FALSE,B2B,N/A
CUST-1751,TODD LOPEZ,todd.lopez@outlook.com,1717803906,Britain,2024/05/16,GOLD,-4.0,Y,Wholesale,VIP - handle with care
CUST-1752,Craig Chen,craig.chen@yahoo.com,+1-999-902-3686,Nigéria,04/04/2021,Bronze,58.0,0,Wholesale,
CUST-1753,Michael Thomas,michael.thomas@company.co,###-###-####,canada,25/10/2021,Platinum,65.0,1,Wholesale,
CUST-1754,eric  hunt  ,eric.hunt@yahoo.com,1714971520,India,09-Apr-2025,,44.0,FALSE,Retail,
CUST-1755,Richard Cruz,richard.cruz@yahoo.com,8779463631,france,2022/08/27,Platinum,19.0,FALSE,VIP,VIP - handle with care
CUST-1756,Anthony Sullivan,anthony.sullivan@outlook.com,call-me-maybe,IN,08/03/2024,bronze,30.0,No,Retail,N/A
CUST-1757,Brittany Oconnell,brittany.oconnell@outlook.com,199.438.9559,germany,2022-11-30,bronze,,1,Retail,
CUST-1758,Nicole Rose,nicole.rose@outlookcom,(920) 611-4270,France,2021-12-26,,20.0,Yes,retail ,
CUST-1759,Margaret Whitney,margaret.whitney@gmail.com,428.766.5590,Australia,2023-04-02,Platinum,47.0,0,B2B,VIP - handle with care
CUST-1760,Andrew White,andrew.white@company.co,191.502.9534,DE,30/05/2024,GOLD,150.0,N,VIP,N/A
CUST-1761,Hannah Levine,hannah.levine@,+1-708-181-6845,australia,2021/06/01,Platinum,,0,vip,N/A
CUST-1762,Kelly Berg,kelly.berg@company.co,627,Australia,30-Apr-2023,Bronze,68.0,N,Wholesale,
CUST-1763,Brittney Peterson,brittney.peterson@outlookcom,676,BR,31/10/2023,GOLD,59.0,Y,Wholesale,called twice re: refund
CUST-1764,Jennifer Phillips,jennifer.phillips@yahoo.com,3948968873,Nigéria,"February 07, 2026",Silver,23.0,0,retail ,
CUST-1765,Mary Hernandez,mary.hernandez@yahoo.com,call-me-maybe,FR,2025/10/19,Platinum,60.0,TRUE,Wholesale,VIP - handle with care
CUST-1766,William Mills,william.mills@hotmail.com,637.921.5052,BR,2024/01/05,,42.0,Yes,Retail,
CUST-1767,William Jensen,william.jensen@hotmail.com,###-###-####,australia,12/07/2021,Platinum,-1.0,TRUE,Wholesale,
CUST-1768,Autumn Evans,autumn.evans@gmail.com,+1-198-830-9129,CA,16/10/2025,Platinum,20.0,Yes,Wholesale,
CUST-1769,Anthony Dunn,anthony.dunn@company.co,(569) 973-4130,india,2025-02-30,bronze,,0,retail ,N/A
CUST-1770,Curtis Wallace,curtis.wallace@outlook.com,+1-538-791-1850,Canada,04/02/2025,Platinum,63.0,No,B2B,called twice re: refund
CUST-1771,James Singh,james.singh@gmail.com,+1-840-580-9581,United States of America,05-Jul-2023,Silver,57.0,FALSE,VIP,N/A
CUST-1772,anthony bernard,anthony.bernard@yahoo.com,(249) 573-6664,Australia,2025-13-05,Platinum,68.0,No,VIP,N/A
CUST-1773,Jeffrey Ewing,jeffrey.ewing @company.co,231.641.8682,IN,01/30/2025,Gold,51.0,FALSE,vip,
CUST-1774,Laura Maxwell,laura.maxwell@gmail.com,(956) 271-6521,South Africa,01/19/2026,Bronze,65.0,N,VIP,called twice re: refund
CUST-1775,David Morgan,david.morgan@yahoo.com,(504) 529-9970,FR,2026/05/24,Silver,68.0,Yes,retail ,
CUST-1408,Mary Maddox,mary.maddox@company.co,2296277548,FR,14/07/2023,Platinum,66.0,Yes,Retail,VIP - handle with care
CUST-1777,Mindy Park,mindy.park@hotmail.com,(890) 283-8072,germany,02-Sep-2022,Bronze,56.0,No,B2B,
CUST-1778,Charles Gallagher,charles.gallagher@gmail.com,+1-433-660-2452,US,01/04/2022,Bronze,18.0,Yes,retail ,
CUST-1779,angela cunningham dds,angela.cunningham.dds@gmail.com,+1-266-992-3035,Brasil,"February 08, 2024",,74.0,0,Retail,N/A
CUST-1780,Donald Hawkins,donald.hawkins@gmail.com,(170) 368-6843,france,05/31/2021,Gold,59.0,0,vip,
CUST-1781,MICHELLE ROBINSON,michelle.robinson@gmail.com,709.779.9067,United States,02/03/2024,,38.0,TRUE,retail ,
CUST-1782,Whitney Payne,whitney.payne@gmail.com,(123) 634-2180,England,22/04/2022,bronze,48.0,No,Retail,called twice re: refund
CUST-1783,KEITH GRANT,keith.grant@outlook.com,312.764.4162,NG,04/09/2023,,150.0,,vip,
CUST-1784,Samuel Sanchez,samuel.sanchez@company.co,696.971.5441,Deutschland,08/07/2024,Silver,62.0,1,Wholesale,N/A
CUST-1785,Lisa Baker,lisa.baker@company.co,6669607972,Germany,07/05/2025,Gold,52.0,,vip,VIP - handle with care
CUST-1786,Joseph Ross,joseph.ross@company.co,673.930.1392,United States of America,2024-02-21,Gold,71.0,Yes,VIP,
CUST-1787, Natalie Johnston,natalie.johnston@gmail.com,###-###-####,france,20/09/2022,Platinum,21.0,Yes,VIP,
CUST-1788,Robert Monroe,robert.monroe@yahoo.com,+1-575-333-5664,France,2026/03/29,bronze,21.0,,Wholesale,N/A
CUST-1789,Ricardo Brewer,ricardo.brewer@yahoo.com,###-###-####,Nigeria,12/22/2022,GOLD,60.0,TRUE,Retail,called twice re: refund
CUST-1087, eric cox,eric.cox@gmail.com,+1-727-139-1391,India,2024-03-03,,,0,Wholesale,
CUST-1791,Tommy Fox,tommy.fox@outlook.com,676.216.4519,Brazil,2025-02-20,Platinum,75.0,TRUE,vip,
CUST-1792,Eric Stewart,eric.stewart@,(508) 890-5097,Britain,2026/06/05,GOLD,150.0,N,Retail,called twice re: refund
CUST-1793,Jeff Lopez,jeff.lopez@hotmail.com,###-###-####,Britain,20/05/2024,GOLD,29.0,N,retail ,VIP - handle with care
CUST-1794, Randy Stewart  ,randy.stewart@gmail.com,(956) 633-2599,USA,2026-02-26,GOLD,61.0,,VIP,called twice re: refund
CUST-1795,Molly Graham,molly.graham@company.co,8544498338,UK,2025-04-31,,64.0,,vip,
CUST-1796,David Kane,david.kane@outlook.com,(391) 867-8673,CA,"March 27, 2023",Bronze,36.0,Yes,Wholesale,
CUST-1797,Gabriela Caldwell MD,gabriela.caldwell.md@,6874036247,Britain,10/05/2023,,32.0,FALSE,VIP,
CUST-1798,Jenna Foster,jenna.foster@outlook.com,+1-502-157-8349,CA,02/28/2025,GOLD,,TRUE,retail ,called twice re: refund
CUST-1799,James Boyd,james.boyd@outlook.com,call-me-maybe,Deutschland,11/09/2025,Bronze,,0,B2B,called twice re: refund
CUST-1800,AMANDA  GOODWIN,amanda.goodwin@gmail.com,(300) 386-3714,Britain,"January 17, 2025",GOLD,64.0,FALSE,VIP,
CUST-1801,Jason Gay Jr.,jason.gay.jr.@yahoo.com,184.458.4955,germany,2025-10-10,,34.0,N,Wholesale,N/A
CUST-1802,TIFFANY WHITE,tiffany.white@yahoocom,(911) 963-1714,US,"October 21, 2024",,73.0,Y,vip,
CUST-1803,JAMES WILSON,james.wilson@outlook.com,450.417.1699,U.K.,2025-02-30,,73.0,1,vip,
CUST-1804,nathan rivera,nathan.rivera@outlook.com,425.575.6976,CA,"May 03, 2021",bronze,,No,Wholesale,called twice re: refund
CUST-1805,Evelyn Castillo,evelyn.castillo@yahoo.com,+1-954-458-1474,United States,11-Jul-2021,Platinum,22.0,FALSE,Retail,
CUST-1806,ANDREW TODD,andrew.todd@gmail.com,+1-172-854-5834,ZA,04/01/2024,Silver,75.0,Yes,retail ,called twice re: refund
CUST-1807,Deborah Moreno,deborah.moreno@hotmail.com,6951241524,ZA,25-Oct-2025,Bronze,71.0,TRUE,vip,called twice re: refund
CUST-1808,Alison Pruitt,alison.pruitt@outlook.com,4619471343,IN,24/05/2026,GOLD,65.0,Y,Wholesale,
CUST-1809,Bryan Perez,bryan.perez@gmail.com,(415) 267-6027,canada,03/05/2026,,33.0,,VIP,called twice re: refund
CUST-1810,Jennifer Palmer,jennifer.palmer@yahoo.com,(548) 304-5872,S. Africa,2022/09/10,Platinum,38.0,0,vip,N/A
CUST-1811,LARRY HAYES,larry.hayes@gmail.com,822.787.6792,nigeria,2025/07/20,Gold,71.0,0,VIP,called twice re: refund
CUST-1812,tamara jackson,tamara.jackson@gmail.com,7664051174,canada,2025/12/15,Gold,42.0,N,VIP,
CUST-1813,SUSAN MURPHY,susan.murphy@gmail.com,+1-588-565-9075,IN,05/07/2025,Bronze,47.0,1,Wholesale,
CUST-1814,Sarah Cannon,sarah.cannon@company.co,+1-131-691-9106,BR,"July 01, 2021",Bronze,65.0,N,Wholesale,VIP - handle with care
CUST-1815,adam  odonnell,adam.odonnell@outlook.com,587,india,06/09/2022,,71.0,TRUE,B2B,called twice re: refund
CUST-1816,Jamie Bass,jamie.bass@hotmail.com,4167569328,US,11/04/2022,,20.0,No,vip,VIP - handle with care
CUST-1817,Anna Holmes  ,anna.holmes@gmail.com,3662054661,DE,06-Nov-2022,,-4.0,TRUE,VIP,
CUST-1818,Nathan Wall,nathan.wall@outlook.com,(809) 355-4987,South Africa,06/11/2023,Platinum,53.0,TRUE,retail ,
CUST-1819,Nathan Manning,nathan.manning@hotmail.com,(647) 155-8983,RSA,26/01/2023,,44.0,,B2B,VIP - handle with care
CUST-1820, Kathleen Huff,kathleen.huff@company.co,+1-387-629-8098,RSA,2023-07-30,Bronze,47.0,N,Retail,
CUST-1821,Jesse Gallagher,jesse.gallagher@@yahoo.com,(621) 251-2081,UK,2021-12-08,Silver,40.0,N,Retail,
CUST-1822,Nicole Arnold,nicole.arnold@company.co,(704) 280-8016,FR,19-Aug-2022,,-3.0,1,retail ,VIP - handle with care
CUST-1001,Jonathan Proctor,jonathan.proctor@hotmail.com,2988893385,CA,04/08/2024,Gold,72.0,,retail ,
CUST-1824,Mrs. Sharon Shaw,mrs..sharon.shaw@outlook.com,+1-495-632-7399,india,24-Nov-2024,,67.0,Yes,vip,
CUST-1825,Lisa Thomas,lisa.thomas@yahoo.com,(107) 127-9064,US,24/11/2021,,-2.0,TRUE,VIP,N/A
CUST-1826,Mrs. Vicki Palmer,mrs..vicki.palmer@company.co,(844) 318-7229,France,2023-05-11,Bronze,,,B2B,
CUST-1827,Vanessa Prince,vanessa.prince@hotmail.com,8315375955,United Kingdom,2025/10/21,GOLD,33.0,,vip,
CUST-1828,Lisa Miller,lisa.miller@outlook.com,238.459.8333,S. Africa,01/19/2023,,24.0,TRUE,vip,called twice re: refund
CUST-1829,Suzanne Moore,suzanne.moore@gmailcom,(425) 390-1238,germany,20/11/2025,GOLD,150.0,N,retail ,called twice re: refund
CUST-1830,George Kelly,george.kelly@outlook.com,(391) 428-7007,BR,2022/02/05,bronze,69.0,FALSE,vip,
CUST-1831,Richard Washington,richard.washington@outlook.com,+1-891-979-3734,Britain,2022/12/18,Silver,-1.0,No,Wholesale,VIP - handle with care
CUST-1832,Megan Brown,megan.brown@hotmail.com,+1-632-885-1094,Australia,2021-01-07,Platinum,74.0,,vip,
CUST-1833,Melanie Miller,melanie.miller@gmail.com,655.550.2196,NG,2023/02/20,Silver,26.0,Yes,Wholesale,
CUST-1834,Carol Leon,carol.leon@hotmail.com,(853) 297-3177,Germany,2021/05/23,Gold,39.0,Yes,vip,VIP - handle with care
CUST-1835,Brittany Cooper,brittany.cooper@hotmail.com,8033233167,india,2025/11/14,Platinum,60.0,N,retail ,N/A
CUST-1836,Lisa Mora,lisa.mora@outlook.com,(569) 924-2493,BR,2025-13-05,GOLD,150.0,1,VIP,VIP - handle with care
CUST-1837,James Parsons Jr.,james.parsons.jr.@outlook.com,(372) 646-5199,RSA,04-Jan-2022,Silver,53.0,1,Wholesale,called twice re: refund
CUST-1838,Lisa English,lisa.english@yahoo.com,(657) 106-6287,india,07-Jan-2023,GOLD,71.0,N,Wholesale,VIP - handle with care
CUST-1839,ELAINE  WHITE,elaine.white@hotmail.com,+1-524-916-3030,france,2025-13-05,Silver,22.0,Y,retail ,called twice re: refund
CUST-1840,Amanda Carter,amanda.carter@yahoo.com,(706) 135-3468,BR,08/02/2024,GOLD,23.0,Y,Retail,
CUST-1841,Kimberly Martin,kimberly.martin@gmail.com,3283824910,Deutschland,"February 22, 2022",GOLD,35.0,Y,Wholesale,called twice re: refund
CUST-1842,Emily Jenkins,emily.jenkins@hotmail.com,+1-523-414-2394,S. Africa,2025-13-05,,150.0,Yes,Wholesale,called twice re: refund
CUST-1843,Joseph Wagner,joseph.wagner@hotmail.com,+1-124-121-1845,germany,12/03/2024,Platinum,26.0,1,VIP,N/A
CUST-1844, NORMA RAMIREZ,norma.ramirez@company.co,+1-727-709-4172,France,"April 08, 2026",,23.0,No,Wholesale,
CUST-1845,ADAM CALDWELL,adam.caldwell@gmail.com,(202) 893-9439,South Africa,2026-01-17,Gold,45.0,1,VIP,
CUST-1846,SUSAN JENKINS,susan.jenkins@gmail.com,752.920.9221,South Africa,2025-05-11,,-2.0,1,Wholesale,
CUST-1847,Mrs. Emily Johnson,mrs..emily.johnson@company.co,8269632672,BR,2021-09-01,Gold,57.0,Yes,VIP,
CUST-1848,Andrew Cortez,andrew.cortez@@gmail.com,319.523.1708,Brasil,2024/07/01,bronze,32.0,0,VIP,N/A
CUST-1849,Nancy Adams,nancy.adams@outlook.com,+1-535-898-5124,USA,2022/05/27,,75.0,Y,Wholesale,N/A
CUST-1850,Larry Henderson,larry.henderson@yahoo.com,110.450.3875,canada,2023/06/03,Silver,-3.0,0,Wholesale,called twice re: refund
CUST-1851,Andrew Webster,andrew.webster@gmail.com,9735457204,India,16/05/2023,Silver,22.0,Y,Wholesale,called twice re: refund
CUST-1852,Chris Morgan,,,Canada,18-Jan-2022,GOLD,-3.0,TRUE,vip,called twice re: refund
CUST-1853,Hannah Monroe,hannah.monroe@yahoo.com,(806) 671-4216,canada,2025-07-08,Gold,20.0,0,Wholesale,
CUST-1854,Derek Daniels,derek.daniels@gmail.com,+1-141-852-7554,canada,2025-02-21,Platinum,41.0,Yes,B2B,
CUST-1855,Anthony Roy,anthony.roy@@gmail.com,566,FR,09/29/2024,GOLD,,Yes,vip,N/A
CUST-1856,Tyler Haynes,tyler.haynes@company.co,+1-698-345-8033,BR,2025-08-09,Gold,24.0,1,Wholesale,VIP - handle with care
CUST-1857,Dawn Frey,dawn.frey@hotmail.com,(984) 936-9777,Deutschland,22/03/2025,bronze,35.0,0,VIP,
CUST-1858,  Logan Mayo,logan.mayo@companyco,(812) 865-7402,france,08/27/2025,Bronze,18.0,1,Wholesale,
CUST-1859,Robert Porter,robert.porter@gmail.com,553.833.9770,U.K.,27/10/2021,bronze,67.0,,B2B,called twice re: refund
CUST-1860,John Morrow,john.morrow@yahoo.com,373.243.7391,Deutschland,31/03/2025,Silver,45.0,No,VIP,
CUST-1861,JOANNE RICHARDSON,joanne.richardson@gmail.com,820.615.3834,france,08-Jan-2024,,75.0,Yes,B2B,called twice re: refund
CUST-1862,Gavin Garrett,gavin.garrett@hotmail.com,+1-387-984-6126,Nigéria,2026/02/19,,62.0,Y,Retail,N/A
CUST-1863,Joshua Blake,joshua.blake@hotmail.com,(649) 665-9638,DE,2024/06/28,Bronze,60.0,,vip,
CUST-1864,Joan Robinson,joan.robinson@outlook.com,###-###-####,India,2025/08/10,bronze,,0,Retail,
CUST-1865,Colin  Johnson,colin.johnson@yahoo.com,(326) 516-3878,BR,17-Sep-2025,GOLD,27.0,FALSE,Wholesale,
CUST-1866,Andrew Carroll,andrew.carroll@gmail.com,+1-657-913-7607,RSA,"August 11, 2025",Platinum,50.0,Y,Retail,called twice re: refund
CUST-1867,Donna Howell,donna.howell@hotmail.com,998.434.3806,BR,17/12/2024,Bronze,150.0,FALSE,retail ,called twice re: refund
CUST-1868,Ashley Gray,ashley.gray@gmail.com,561.756.2713,Brazil,2021/07/14,Gold,36.0,N,Wholesale,
CUST-1869,William Meyer,william.meyer@hotmail.com,848.850.7878,Canada,16-Jan-2023,GOLD,53.0,FALSE,Retail,VIP - handle with care
CUST-1870, Melissa Bishop,melissa.bishop@gmail.com,(549) 209-1410,United Kingdom,02/24/2024,Gold,32.0,Y,VIP,
CUST-1871,John Brown,john.brown@company.co,9712011248,Deutschland,2023/03/17,Bronze,62.0,No,vip,called twice re: refund
CUST-1872,Lisa Diaz,lisa.diaz@gmail.com,+1-824-980-1623,United States,"June 01, 2026",Gold,,Y,Wholesale,VIP - handle with care
CUST-1873,James Simpson,james.simpson@company.co,4315173083,Germany,28/04/2022,Silver,44.0,FALSE,vip,
CUST-1874,Richard Henderson,richard.henderson@outlook.com,191.364.8674,Canada,2021-12-16,,71.0,Yes,VIP,VIP - handle with care
CUST-1875,Daniel Garcia,daniel.garcia@outlook.com,647.946.5223,France,2023-05-07,,-1.0,N,Wholesale,VIP - handle with care
CUST-1876,David Garcia,david.garcia@outlook.com,(471) 232-7965,Germany,2024/03/27,Platinum,-2.0,N,Retail,called twice re: refund
CUST-1877,Andrea Peters,andrea.peters@gmail.com,8488594907,Canada,"April 23, 2025",bronze,-4.0,FALSE,B2B,called twice re: refund
CUST-1878,Laura Young,laura.young@company.co,650.434.9975,Germany,2021-05-19,Gold,38.0,TRUE,Retail,
CUST-1879,Daniel Jones,daniel.jones@hotmail.com,call-me-maybe,India,01-Dec-2023,Gold,24.0,No,retail ,N/A
CUST-1880,Amy Diaz,amy.diazcompany.co,(210) 353-6073,canada,04/26/2025,,,Yes,Wholesale,
CUST-1881,Jose Martinez,jose.martinez@hotmail.com,+1-433-948-4479,AU,2022-04-01,bronze,30.0,FALSE,Wholesale,N/A
CUST-1882,LISA  MEJIA,lisa.mejia@hotmail.com,call-me-maybe,CA,12/12/2023,Gold,34.0,N,VIP,
CUST-1883,caitlin grant  ,caitlin.grant@company.co,169.474.8887,Australia,2022-09-22,Gold,50.0,,Wholesale,
CUST-1884,Diana Parker,diana.parker @gmail.com,8801041439,England,"June 18, 2025",,64.0,No,Wholesale,
CUST-1885,Erin Kidd,erin.kidd@yahoo.com,+1-179-473-4545,Deutschland,2026-03-29,Platinum,21.0,1,B2B,
CUST-1886,Pamela Howard,pamela.howard@yahoocom,(101) 436-5641,India,2023/11/30,Bronze,45.0,N,retail ,
CUST-1887,REGINALD  GREEN,reginald.green@hotmail.com,334.790.1109,U.K.,28-Apr-2024,GOLD,50.0,N,VIP,
CUST-1888,amber knight,amber.knight@outlook.com,###-###-####,canada,2021-06-21,Bronze,75.0,0,Retail,VIP - handle with care
CUST-1889,Michael Howe DVM,michael.howe.dvm@hotmail.com,(837) 672-6942,Brasil,2025-01-20,bronze,150.0,N,retail ,
CUST-1890,Joseph Callahan,joseph.callahan@outlook.com,605.127.6008,australia,17-Sep-2025,,61.0,Y,Retail,N/A
CUST-1891,Carly Hopkins,carly.hopkins@gmail.com,5181972115,BR,2025/05/17,bronze,64.0,0,Retail,
CUST-1892,BRITTANY BALDWIN  ,brittany.baldwin @gmail.com,4354759850,United Kingdom,02/06/2025,Gold,74.0,0,Wholesale,
CUST-1893,TERRY PADILLA,terry.padilla@yahoo.com,1696844164,nigeria,2022/10/14,GOLD,40.0,,Retail,VIP - handle with care
CUST-1894,Jeremiah  Carson,jeremiah.carson@outlook.com,###-###-####,germany,"June 12, 2025",GOLD,75.0,FALSE,Wholesale,
CUST-1895,Terry Thomas,terry.thomas@hotmail.com,3076368400,Nigéria,"March 15, 2024",,69.0,No,Wholesale,called twice re: refund
CUST-1896,Nicole Lewis,nicole.lewis@gmail.com,6697143660,Deutschland,21-Dec-2021,Gold,32.0,Yes,Wholesale,N/A
CUST-1897,Wesley Montoya,wesley.montoya@gmail.com,+1-305-480-6681,CA,"July 02, 2022",bronze,24.0,1,Wholesale,VIP - handle with care
CUST-1898,ADAM  SINGLETON  ,adam.singleton@hotmailcom,851.935.2514,FR,24-Sep-2022,Bronze,-1.0,FALSE,Wholesale,
CUST-1899,amber ramirez,amber.ramirez@yahoo.com,+1-689-729-3452,Brasil,2023-06-18,Bronze,41.0,FALSE,Wholesale,VIP - handle with care
CUST-1900,PAMELA PHILLIPS,pamela.phillips@hotmail.com,285.761.9114,germany,06/10/2023,Bronze,31.0,N,Retail,N/A
CUST-1901,michele sosa,michele.sosa@company.co,call-me-maybe,France,10/23/2024,,32.0,N,Retail,
CUST-1902,Clifford Smith,clifford.smith@company.co,+1-555-509-2310,United Kingdom,15-Sep-2024,GOLD,74.0,,Wholesale,
CUST-1903,Karen Peters,karen.peters@,call-me-maybe,S. Africa,"November 17, 2022",Platinum,66.0,Y,Wholesale,VIP - handle with care
CUST-1904,Eric Carr,eric.carr @gmail.com,774.570.1402,Canada,12/26/2022,Gold,62.0,,Wholesale,
CUST-1905,Ryan Gross,ryan.gross@yahoo.com,(775) 277-1156,Bharat,2026/04/19,GOLD,,0,vip,VIP - handle with care
CUST-1906,Jennifer Rodriguez,jennifer.rodriguez@outlook.com,+1-243-588-5781,IN,2021-04-12,,64.0,Y,B2B,
CUST-1907,Kelly Jackson,kelly.jackson@company.co,4039431334,France,"February 11, 2021",Platinum,35.0,FALSE,vip,N/A
CUST-1908,Ryan Moreno,ryan.moreno@company.co,2964284352,USA,2026-02-18,Bronze,24.0,,VIP,N/A
CUST-1909, Melissa Gonzales,melissa.gonzales@company.co,6748194528,DE,01/12/2024,GOLD,41.0,FALSE,Retail,VIP - handle with care
CUST-1910,Emily Brown,emily.brown@hotmail.com,4254514456,united states,2025-11-07,bronze,27.0,TRUE,B2B,called twice re: refund
CUST-1911,Stacie Potts,stacie.potts@yahoo.com,+1-100-772-7201,united states,12/06/2022,bronze,74.0,N,VIP,
CUST-1912,Paul Becker,paul.becker@@gmail.com,+1-192-917-7683,CA,08/01/2024,Silver,21.0,0,retail ,
CUST-1913,Monica Randall,monica.randall@gmail.com,9686594030,Deutschland,05/09/2025,Gold,47.0,,retail ,
CUST-1914,John Scott,john.scott@company.co,9745187190,U.K.,29-Dec-2025,Platinum,23.0,TRUE,retail ,
CUST-1915,Natalie Brooks,natalie.brooks@hotmail.com,call-me-maybe,NG,"April 18, 2021",GOLD,50.0,1,Wholesale,VIP - handle with care
CUST-1916, Ronald Martin DDS  ,ronald.martin.dds@gmail.com,(825) 842-8170,Brazil,22-Oct-2023,,75.0,No,B2B,N/A
CUST-1917,Erik Weaver,erik.weaver@company.co,440.478.4922,S. Africa,04/07/2026,,150.0,N,VIP,called twice re: refund
CUST-1918,Maria Sawyer,maria.sawyer@company.co,1527235389,NG,2024/03/08,,18.0,FALSE,VIP,
CUST-1919,ROBERT RODRIGUEZ,robert.rodriguez@company.co,469,Canada,2024-04-11,Bronze,73.0,Y,vip,called twice re: refund
CUST-1920,Jackie Cameron,jackie.cameron@hotmail.com,331.669.7803,australia,12-Jan-2025,Bronze,29.0,0,vip,called twice re: refund
CUST-1921,Ivan Lee,ivan.lee@company.co,379,BR,"October 27, 2021",GOLD,28.0,FALSE,retail ,VIP - handle with care
CUST-1922,Nicholas Simpson,nicholas.simpson@gmail.com,###-###-####,United States of America,03/03/2021,Gold,-5.0,TRUE,B2B,
CUST-1923,Roger Johnson,roger.johnson@gmail.com,+1-751-550-3220,UK,2021/10/29,Gold,59.0,TRUE,Retail,
CUST-1924,Kimberly Hodges,kimberly.hodges@outlook.com,159.894.4072,RSA,09-Jun-2022,bronze,60.0,No,Wholesale,
CUST-1925,John Rogers,john.rogers@yahoo.com,call-me-maybe,canada,18-May-2023,Gold,54.0,,retail ,
CUST-1926,melissa smith,melissa.smith@company.co,(873) 473-5929,Brazil,"November 28, 2021",Bronze,45.0,1,retail ,
CUST-1927,diane morgan,diane.morgan@outlook.com,###-###-####,AU,"February 15, 2024",Platinum,72.0,FALSE,Retail,VIP - handle with care
CUST-1928,Ronald Murphy,ronald.murphy@gmail.com,+1-459-783-5162,Brazil,2022/07/05,Bronze,37.0,0,vip,VIP - handle with care
CUST-1929,mr. james smith,mr..james.smith @outlook.com,2591247176,S. Africa,2027-03-24,,150.0,TRUE,Retail,VIP - handle with care
CUST-1930,Adam Sawyer,adam.sawyer@company.co,+1-844-565-2718,canada,23-Jun-2025,Bronze,37.0,Yes,Wholesale,VIP - handle with care
CUST-1931,Diana Wilkinson,diana.wilkinson@gmail.com,+1-351-293-7201,RSA,2023-06-14,Gold,72.0,TRUE,VIP,
CUST-1932, john brown  ,john.brown@gmail.com,480.393.1761,RSA,23/11/2022,Platinum,26.0,0,vip,called twice re: refund
CUST-1933,amanda blackwell,amanda.blackwell@outlook.com,3334406692,NG,04/10/2024,,61.0,,Retail,N/A
CUST-1934,KELLY HOLT,kelly.holt@hotmail.com,(714) 270-9253,RSA,17-Sep-2024,,64.0,No,VIP,VIP - handle with care
CUST-1935,Lindsey Black,lindsey.black@yahoo.com,+1-982-304-7993,india,09/05/2023,Gold,,1,B2B,VIP - handle with care
CUST-1936,Patrick Obrien,patrick.obrien @yahoo.com,###-###-####,RSA,2021-12-07,Silver,38.0,,vip,N/A
CUST-1937, KIMBERLY RODGERS,kimberly.rodgers@outlook.com,(903) 132-6857,Germany,11/29/2022,GOLD,65.0,TRUE,B2B,VIP - handle with care
CUST-1255,Michael Nixon,michael.nixon@gmail.com,912,England,"November 17, 2024",GOLD,31.0,Yes,Wholesale,
CUST-1939,Amy Macdonald,amy.macdonald@hotmail.com,+1-186-699-8597,Bharat,04/01/2024,bronze,-5.0,0,Wholesale,
CUST-1940,Carrie Savage,carrie.savage@yahoo.com,+1-548-235-2889,CA,2026-03-26,Gold,72.0,Yes,VIP,called twice re: refund
CUST-1941,Jonathan Perez,jonathan.perez@hotmail.com,942.396.3963,australia,2021-12-01,Bronze,47.0,N,VIP,
CUST-1942,Andrew Valdez,andrew.valdez@company.co,3849071709,France,31/03/2023,Silver,60.0,0,Retail,VIP - handle with care
CUST-1943,Justin Spencer,justin.spencer@gmail.com,508,Brasil,03/22/2026,Platinum,49.0,FALSE,VIP,
CUST-1944,Betty Curry,betty.curry@hotmail.com,(344) 942-4619,Bharat,2024-05-02,,-4.0,TRUE,Retail,called twice re: refund
CUST-1945,Denise Vance,denise.vance@outlook.com,1917312318,Nigéria,2021/06/21,,54.0,0,B2B,
CUST-1946,Christopher Miller,christopher.miller@gmail.com,(948) 115-8787,india,16-Mar-2025,Platinum,150.0,No,Wholesale,
CUST-1947,Bonnie Jones,bonnie.jonesgmail.com,5135129282,BR,18-Apr-2023,Gold,49.0,No,Wholesale,
CUST-1948,DONNA CUMMINGS,donna.cummings@hotmail.com,call-me-maybe,Nigéria,"November 11, 2022",Silver,73.0,No,Retail,called twice re: refund
CUST-1949,THERESA GARCIA,theresa.garcia@gmail.com,920.374.7881,australia,08/02/2025,Silver,150.0,,Retail,
CUST-1950,James Oconnor,james.oconnor@outlookcom,7001744854,IN,"July 26, 2021",,62.0,N,Wholesale,VIP - handle with care
CUST-1951,Peggy Anthony DDS,peggy.anthony.dds@,2727728423,Germany,"August 31, 2024",bronze,40.0,0,Retail,
CUST-1952,Savannah Allen,savannah.allen@company.co,(622) 113-8071,FR,10/17/2021,Bronze,68.0,,Wholesale,N/A
CUST-1953,Mia Martin,mia.martin@yahoo.com,(159) 767-4491,U.S.A.,11/06/2022,Silver,-2.0,Yes,Retail,
CUST-1954,Julie Bennett,julie.bennett@gmail.com,750.671.4559,Bharat,2021-09-11,Bronze,66.0,Yes,VIP,
CUST-1955,julie jefferson,julie.jefferson@hotmail.com,2561786285,Brasil,06-Jun-2024,Gold,70.0,1,B2B,N/A
CUST-1956,Zoe Simpson,zoe.simpson@yahoo.com,308.678.8910,USA,2024/01/29,Platinum,19.0,FALSE,Wholesale,called twice re: refund
CUST-1957, RICKY JAMES,ricky.james@yahoo.com,5568412137,CA,03/25/2026,,,FALSE,B2B,
CUST-1416,Elizabeth Cobb,elizabeth.cobb@company.co,2501547251,Canada,2023/03/21,Bronze,72.0,No,retail ,
CUST-1959,Brian Mcdowell,brian.mcdowell@hotmail.com,+1-603-966-2882,Bharat,01-May-2024,,49.0,No,Wholesale,
CUST-1960,Tom Wilkinson,tom.wilkinson@company.co,223.155.4698,Nigéria,22/04/2026,Gold,-3.0,N,retail ,
CUST-1961,Daniel  Jordan,daniel.jordan@@outlook.com,(665) 626-8877,Nigéria,03/12/2021,,73.0,TRUE,Wholesale,VIP - handle with care
CUST-1962,Sandra Steele,sandra.steele@company.co,5295784286,ZA,07/31/2025,GOLD,34.0,1,vip,called twice re: refund
CUST-1963,James Johnson MD,james.johnson.md@outlook.com,1515973635,india,12/03/2026,,39.0,Y,Wholesale,N/A
CUST-1964,Michael Neal,michael.neal@company.co,159,FR,06/17/2023,bronze,45.0,0,Wholesale,
CUST-1965,Chad Maynard,chad.maynard@yahoo.com,300.915.1895,Australia,01/03/2021,Platinum,-1.0,,Retail,
CUST-1966,PAUL JIMENEZ,paul.jimenez@hotmail.com,(958) 902-8992,Deutschland,27-Dec-2024,Bronze,70.0,0,Retail,
CUST-1967,Lori Graves,,,UK,18/01/2026,bronze,46.0,N,VIP,N/A
CUST-1968,Mark  Dean,mark.dean@hotmail.com,###-###-####,Canada,2023/05/29,,-2.0,FALSE,B2B,
CUST-1969,SHANNON BYRD,shannon.byrd@yahoo.com,369.769.3128,RSA,2025-01-03,Platinum,,0,VIP,VIP - handle with care
CUST-1970,Sandra Potter,sandra.potter @yahoo.com,6268179646,france,14-Aug-2022,Bronze,19.0,FALSE,vip,VIP - handle with care
CUST-1971,Kyle Avila,kyle.avila@company.co,(464) 562-6762,germany,06/20/2024,Platinum,,TRUE,Wholesale,called twice re: refund
CUST-1972,Frank Mitchell,frank.mitchell@yahoo.com,601.677.7706,Brazil,2022/03/15,bronze,51.0,0,Wholesale,
CUST-1973,Hunter Williams,,,US,20/07/2024,,60.0,FALSE,B2B,
CUST-1974,Ronald  Richardson,ronald.richardson@hotmail.com,(279) 690-4126,France,"March 23, 2021",,150.0,0,VIP,called twice re: refund
CUST-1975,JOE GARCIA,joe.garcia@outlook.com,1142333119,Australia,2021/12/11,GOLD,43.0,0,Retail,VIP - handle with care
CUST-1976,Jessica Cuevas,jessica.cuevas@company.co,5061797339,England,2024-06-01,Bronze,,Y,Retail,
CUST-1977,Dr. Jared Fletcher,dr..jared.fletcher@yahoo.com,986.366.2556,South Africa,"July 16, 2021",GOLD,27.0,Y,Wholesale,
CUST-1978,Katherine Barnett,katherine.barnett@yahoo.com,(453) 725-7661,Deutschland,03-May-2026,bronze,42.0,N,retail ,N/A
CUST-1979,Zachary Hernandez,zachary.hernandez@outlook.com,(566) 498-4326,India,2024-02-17,Platinum,48.0,No,Wholesale,
CUST-1980,James Butler,james.butler@hotmail.com,###-###-####,IN,"April 25, 2024",GOLD,50.0,Y,retail ,called twice re: refund
CUST-1981,Brett Rosales MD,brett.rosales.md@yahoo.com,(299) 141-2133,france,11/30/2022,Bronze,30.0,N,VIP,
CUST-1982,Wendy Snyder,wendy.snyder@hotmail.com,+1-152-681-7238,united states,04/03/2023,Gold,21.0,FALSE,B2B,
CUST-1983,Cody Davis,cody.davis@yahoo.com,+1-640-910-4385,Germany,07-Aug-2021,Platinum,72.0,TRUE,vip,
CUST-1984,Sherri Hale,sherri.hale@outlook.com,537.977.5852,Deutschland,04/21/2025,Bronze,,Yes,Wholesale,
CUST-1985,Susan White,susan.white@gmail.com,990.233.8584,NG,07/17/2022,bronze,34.0,N,Retail,VIP - handle with care
CUST-1986,Jonathan Duncan,jonathan.duncan@,call-me-maybe,India,13/05/2021,,28.0,N,Wholesale,
CUST-1987,TODD RANGEL,todd.rangel@yahoo.com,737.391.6902,FR,2023-10-31,,65.0,Yes,retail ,
CUST-1988,Stephen Cobb,stephen.cobb@hotmail.com,6036984037,Brazil,2023/10/30,Bronze,74.0,FALSE,retail ,
CUST-1989,Karen Arroyo  ,karen.arroyo@hotmail.com,1364545389,AU,"October 18, 2021",bronze,,FALSE,Wholesale,
CUST-1990,Hayden Williams,hayden.williams@company.co,516.246.9400,united states,2024-02-12,,74.0,N,Wholesale,
CUST-1991,Savannah Miller,savannah.miller@@yahoo.com,944.995.6339,FR,"August 05, 2022",Platinum,150.0,0,vip,called twice re: refund
CUST-1992,Charles Hernandez Jr.,charles.hernandez.jr.gmail.com,671.399.2818,S. Africa,30/09/2022,Silver,31.0,1,B2B,VIP - handle with care
CUST-1993,PRESTON PETERSEN,preston.petersen@outlook.com,+1-591-345-1029,Brasil,2022/08/03,Platinum,,N,B2B,
CUST-1994,Christopher Moon,christopher.moon@yahoo.com,343.665.6865,canada,2021-09-05,,150.0,,Retail,
CUST-1995,Anthony Koch,anthony.koch@outlook.com,(245) 111-2181,FR,2021-02-23,Silver,30.0,TRUE,vip,
CUST-1996,Daniel Hurley,daniel.hurley@hotmail.com,+1-890-211-2929,Bharat,25/02/2021,,23.0,Yes,Wholesale,
CUST-1997,DIANA ARIAS,diana.arias@gmail.com,5132067408,CA,16-Feb-2022,Gold,36.0,No,vip,
CUST-1998,Tony Lane,tony.lane@outlookcom,5184771822,france,"September 30, 2024",Silver,71.0,N,vip,
CUST-1999,Thomas Green,thomas.green@outlook.com,8445483315,AU,2023-08-04,Platinum,51.0,No,retail ,
CUST-2000, Anthony Travis,anthony.travis@company.co,###-###-####,Britain,2026/04/04,Platinum,75.0,TRUE,Wholesale,
CUST-2001,Jimmy Moss,jimmy.moss@yahoo.com,857.484.2627,australia,"May 25, 2021",bronze,27.0,N,Wholesale,N/A
CUST-2002,MAUREEN ANDERSON,maureen.anderson@outlook.com,(221) 319-2800,FR,10-Nov-2023,,35.0,Yes,vip,
CUST-2003,Barbara Lindsey,barbara.lindsey@outlook.com,5916118307,IN,"June 01, 2025",,-5.0,No,B2B,
CUST-2004,Amy Dorsey,amy.dorsey@company.co,call-me-maybe,AU,"March 16, 2025",,-2.0,N,Wholesale,
CUST-2005,Michael Crawford,michael.crawford@yahoo.com,+1-946-734-8331,United States of America,13/10/2024,bronze,,N,VIP,N/A
CUST-2006,latasha rose,latasha.rose@company.co,###-###-####,Nigéria,06/19/2025,GOLD,58.0,TRUE,retail ,VIP - handle with care
CUST-2007,Cynthia Wyatt,cynthia.wyatt@outlook.com,+1-509-944-3642,Bharat,18-Sep-2023,,73.0,N,Retail,called twice re: refund
CUST-2008,anna perez,anna.perez@gmail.com,5218245394,FR,"January 22, 2024",GOLD,18.0,1,Wholesale,
CUST-2009, ariel harris,ariel.harris@yahoo.com,7874732249,France,03/30/2021,Silver,54.0,,Wholesale,called twice re: refund
CUST-2010,Megan Hunt,megan.hunt@hotmail.com,(535) 423-5063,canada,25-Apr-2022,bronze,23.0,0,VIP,
CUST-2011,Kelly Brown,kelly.brown@hotmail.com,+1-437-778-9630,france,03/27/2025,,150.0,Yes,Wholesale,N/A
CUST-2012,Michael Fisher,michael.fisher@hotmail.com,(289) 787-9625,Brazil,2023/12/24,,71.0,N,retail ,N/A
CUST-2013,Paul  Barton  ,paul.barton @gmail.com,6195164101,AU,2025-09-02,Gold,-1.0,FALSE,Retail,
CUST-2014,Timothy Allen,timothy.allen@outlookcom,9602508924,Canada,16/10/2025,,-3.0,No,Wholesale,
CUST-2015,Michael Murphy,michael.murphy@outlook.com,856.686.9630,Britain,03-Nov-2024,Bronze,53.0,1,Wholesale,
CUST-2016,Daniel Walters,daniel.walters@outlook.com,7917315477,U.S.A.,11-Feb-2021,Silver,53.0,,Wholesale,called twice re: refund
CUST-2017,Justin Boyd,justin.boyd@yahoo.com,5503857484,AU,17/05/2026,GOLD,69.0,1,retail ,
CUST-2018,Christine Odonnell,christine.odonnell@gmail.com,834.983.3423,Bharat,24/01/2021,,50.0,Y,Wholesale,called twice re: refund
CUST-2019,Jonathan Phillips,jonathan.phillips@yahoocom,(136) 979-7575,france,2022-09-18,Platinum,58.0,FALSE,retail ,N/A
CUST-2020,Melissa Keith,melissa.keith@outlook.com,611.123.6157,ZA,2022/05/23,Silver,22.0,,VIP,VIP - handle with care
CUST-2021,Timothy Williams,timothy.williamshotmail.com,8673546735,australia,23/02/2026,bronze,36.0,1,Retail,
CUST-2022,Michael Wilson,michael.wilson@hotmail.com,+1-977-197-6421,Deutschland,30-Oct-2023,,-3.0,Yes,B2B,
CUST-2023,Christian Mahoney,christian.mahoney@yahoo.com,943,France,07-Nov-2021,Bronze,27.0,TRUE,vip,
CUST-2024,Miguel Guerra,miguel.guerra@yahoo.com,6504996335,USA,2024-12-03,,-5.0,,retail ,VIP - handle with care
CUST-2025,Joel Chapman,joel.chapman@yahoo.com,call-me-maybe,USA,16-Nov-2023,Bronze,24.0,N,Wholesale,
CUST-2026,Tanner Gonzalez,tanner.gonzalez@yahoo.com,+1-797-680-2932,france,2023/09/12,GOLD,150.0,Yes,Wholesale,
CUST-2027,Jennifer Norman,jennifer.norman@yahoo.com,757.883.6647,Deutschland,"August 10, 2022",bronze,31.0,1,Retail,
CUST-2028,Benjamin Harrison,benjamin.harrisonhotmail.com,###-###-####,Germany,16-Jun-2022,Bronze,150.0,No,Wholesale,
CUST-2029,STACY GONZALES,stacy.gonzales@,321,India,19/08/2023,GOLD,69.0,Yes,retail ,N/A
CUST-2030,Jose Perry,jose.perry@yahoo.com,9572062700,IN,24-Aug-2024,bronze,150.0,FALSE,Wholesale,called twice re: refund
CUST-2031,matthew  fritz,matthew.fritz@company.co,178.796.4103,Germany,12/02/2024,,30.0,Yes,B2B,N/A
CUST-2032,David Foster,david.foster@hotmail.com,2136968162,U.S.A.,2025/04/08,bronze,75.0,1,retail ,
CUST-2033,Michael Bernard,michael.bernard@outlook.com,(120) 347-5618,CA,2023/11/08,GOLD,29.0,No,Wholesale,N/A
CUST-2034, Victor Duncan,victor.duncan@yahoo.com,993.876.4755,india,2022-11-13,Gold,36.0,1,VIP,
CUST-2035,Derrick Flynn,derrick.flynn@company.co,+1-799-818-2107,DE,2021/12/28,Bronze,,Y,Retail,
CUST-2036,andrew shelton,andrew.shelton@outlook.com,+1-461-939-5323,RSA,05-Sep-2024,Silver,44.0,No,B2B,
CUST-2037,Molly Meyer,molly.meyer@hotmail.com,502.453.6446,france,10/10/2021,bronze,21.0,Y,Wholesale,
CUST-2038,Harold Morales,harold.morales@company.co,###-###-####,Brazil,2022/04/25,Gold,75.0,,B2B,
CUST-2039,James Spence,james.spence@hotmail.com,9409088265,U.K.,03/04/2026,Gold,23.0,FALSE,B2B,called twice re: refund
CUST-2040,Christopher Norman,christopher.norman@yahoo.com,(256) 131-3074,S. Africa,19/08/2023,Platinum,71.0,1,Wholesale,
CUST-2041,Douglas Meyers,douglas.meyers@company.co,+1-585-621-2757,NG,01/18/2022,GOLD,-1.0,FALSE,B2B,
CUST-2042,Paul Clark,paul.clark@yahoo.com,219.768.7262,NG,"June 11, 2022",Gold,51.0,,B2B,called twice re: refund
CUST-2043,Mrs. Brandi Warren,mrs..brandi.warren@gmail.com,877.525.3795,AU,"October 01, 2021",,73.0,N,Wholesale,
CUST-2044,Tracy Day,tracy.day@@hotmail.com,(127) 960-2612,canada,"February 13, 2023",,-1.0,Yes,retail ,
CUST-2045,LORI CUEVAS,lori.cuevas@outlook.com,(621) 940-8102,S. Africa,21-Oct-2022,,150.0,,Wholesale,
CUST-2046,Emily Kirby,emily.kirby@gmail.com,264.891.3665,Germany,2024-08-08,Platinum,43.0,FALSE,retail ,
CUST-2047,DR. LINDSEY GRAHAM,dr..lindsey.grahamoutlook.com,599.471.4875,Germany,2023/03/08,Bronze,59.0,0,vip,
CUST-1525,DAWN LOPEZ,dawn.lopez@company.co,5985591386,UK,2022/02/17,Bronze,58.0,0,Wholesale,N/A
CUST-2049,Rebecca Thomas,rebecca.thomas@yahoo.com,(308) 836-6137,France,05/10/2024,GOLD,49.0,Yes,VIP,
CUST-2050,Theodore Gibson,theodore.gibson@company.co,+1-515-494-5421,CA,2021-04-30,bronze,68.0,FALSE,vip,
CUST-2051,Brian Zamora,brian.zamora@gmail.com,409.868.3552,AU,2021-11-09,,62.0,Y,Wholesale,VIP - handle with care
CUST-2052,Linda Moss,linda.moss@yahoo.com,+1-402-157-9670,germany,01/01/2021,Bronze,44.0,Y,retail ,VIP - handle with care
CUST-2053,Steven Tucker,steven.tucker@hotmail.com,361.871.2293,England,06-Sep-2025,,150.0,0,vip,
CUST-2054,Julie Murray,julie.murray@gmail.com,(668) 134-7399,canada,2023/12/25,Platinum,74.0,N,retail ,
CUST-2055,Henry Ayala  ,henry.ayala@gmail.com,(720) 623-3211,South Africa,15/05/2024,Bronze,,Y,VIP,N/A
CUST-2056, logan hanson,logan.hanson@hotmail.com,435.728.1406,Germany,2023/10/20,,27.0,FALSE,vip,called twice re: refund
CUST-2057,Juan Jordan,juan.jordan@gmail.com,(308) 269-1248,US,03-Sep-2025,,62.0,,VIP,
CUST-2058,Stacie Hernandez,stacie.hernandez@company.co,1526233796,france,2023-04-29,Platinum,-2.0,Yes,VIP,N/A
CUST-2059,Angela Lawrence,angela.lawrence@outlook.com,904,Bharat,06/13/2024,bronze,26.0,Yes,Wholesale,
CUST-2060,Christy Grimes,christy.grimes@company.co,+1-502-474-5592,canada,2023/06/05,,37.0,0,Wholesale,VIP - handle with care
CUST-2061,Matthew Willis  ,matthew.willis@company.co,1429593802,ZA,00/00/2025,,26.0,Yes,Wholesale,
CUST-2062,Tracy Chen,tracy.chen@yahoo.com,4451753136,NG,08/11/2023,bronze,48.0,TRUE,retail ,called twice re: refund
CUST-1084,samuel kelley,samuel.kelley@gmail.com,9204372119,FR,2026-03-29,bronze,71.0,1,retail ,VIP - handle with care
CUST-2064,John Velez,john.velez @yahoo.com,450,DE,2025-10-21,Gold,61.0,,retail ,
CUST-2065,Alison Sharp,alison.sharp@outlook.com,(777) 686-9484,australia,28/07/2024,Bronze,54.0,0,VIP,
CUST-2066,DONALD BROWN,donald.brown@gmail.com,+1-900-667-1483,Germany,2021/08/11,GOLD,150.0,N,Wholesale,VIP - handle with care
CUST-2067,Cody Wade,cody.wade@outlook.com,595.718.7129,S. Africa,01/05/2022,Platinum,29.0,Yes,Wholesale,VIP - handle with care
CUST-2068,Javier Rogers,javier.rogers@company.co,call-me-maybe,canada,2023/04/13,,150.0,Y,Retail,called twice re: refund
CUST-2069,Mr. Matthew Rodriguez,mr..matthew.rodriguez@hotmail.com,(376) 162-3524,RSA,"March 05, 2023",bronze,40.0,N,retail ,N/A
CUST-2070,Shawn Crawford,shawn.crawford@gmail.com,1712762942,Bharat,24/10/2022,Gold,58.0,0,VIP,called twice re: refund
CUST-2071,Lisa Little,lisa.little@yahoo.com,1535038301,germany,2024-04-03,Platinum,31.0,,vip,
CUST-2072,Crystal Yang,crystal.yang@hotmail.com,+1-779-457-1466,IN,08/23/2021,Platinum,60.0,FALSE,Wholesale,called twice re: refund
CUST-2073,Wayne Kim,wayne.kim@yahoo.com,(893) 550-7798,Bharat,2021-11-02,Bronze,56.0,Yes,vip,VIP - handle with care
CUST-2074,Amanda Gardner,amanda.gardner@company.co,(997) 777-3847,India,05/01/2022,Platinum,47.0,Yes,VIP,
CUST-2075,Mary Webster,mary.webster@yahoo.com,777,AU,"February 06, 2026",,60.0,TRUE,B2B,
CUST-2076,Jeremy Alvarez,jeremy.alvarez@gmail.com,992.265.1934,FR,29/12/2025,bronze,35.0,No,Wholesale,VIP - handle with care
CUST-1585,Jason Leonard,jason.leonard@outlook.com,1886037615,U.S.A.,11/06/2024,bronze,45.0,No,retail ,VIP - handle with care
CUST-2078,Christopher Brown,christopher.brown@hotmail.com,903,United States of America,"March 19, 2021",Platinum,68.0,No,VIP,called twice re: refund
CUST-2079, Tracey Tran,tracey.tran@companyco,2782204656,South Africa,17/05/2026,GOLD,35.0,Y,Retail,
CUST-2080,Charles Sanders,charles.sanders@hotmail.com,490.742.9714,Brazil,11/26/2021,Bronze,45.0,TRUE,Retail,
CUST-2081,Alexa Garcia,alexa.garcia@gmail.com,call-me-maybe,Brasil,"November 10, 2021",Platinum,74.0,TRUE,Wholesale,
CUST-2082,Andrew Rice,andrew.rice@company.co,(261) 405-6670,France,30-Mar-2024,bronze,38.0,No,Wholesale,
CUST-2083,Sandra Anderson,sandra.anderson@,(173) 810-5959,IN,"November 19, 2023",GOLD,-1.0,,VIP,called twice re: refund
CUST-2084,Thomas Jones,thomas.jones@yahoo.com,+1-778-924-9089,US,30-Jul-2022,bronze,69.0,Y,VIP,N/A
CUST-2085,Melanie Suarez,melanie.suarez@company.co,(290) 910-5719,U.K.,09-Mar-2021,Gold,-5.0,Yes,VIP,VIP - handle with care
CUST-2086, michael lane,michael.lane@yahoo.com,(789) 283-6727,Germany,"September 29, 2022",Bronze,61.0,No,B2B,VIP - handle with care
CUST-2087,danny gardner,danny.gardner@gmail.com,+1-868-960-7901,South Africa,"March 30, 2022",Platinum,56.0,TRUE,retail ,called twice re: refund
CUST-2088,angela berger  ,angela.berger@company.co,690,Brazil,2025/06/05,Platinum,44.0,FALSE,Wholesale,VIP - handle with care
CUST-2089,KELSEY DAVENPORT,kelsey.davenport@company.co,###-###-####,Brazil,06/09/2023,Bronze,-4.0,Y,B2B,called twice re: refund
CUST-2090,BRIAN  JACKSON  ,brian.jackson@,397.571.2088,Australia,07/25/2025,Platinum,150.0,,retail ,
CUST-2091,Sara Weeks,sara.weeks@company.co,call-me-maybe,canada,04/09/2021,bronze,22.0,FALSE,Retail,N/A
CUST-2092,Jerry White,jerry.whiteoutlook.com,(521) 581-6704,CA,03/21/2022,GOLD,-1.0,1,Retail,N/A
CUST-2093,Melissa Green,melissa.green@company.co,+1-951-503-4740,South Africa,15/12/2023,Silver,,N,Wholesale,
CUST-2094,Shane Roberts,shane.roberts@company.co,+1-952-533-1701,US,20/06/2021,Bronze,44.0,No,retail ,VIP - handle with care
CUST-2095,Leonard Woods,leonard.woods@outlook.com,(720) 869-4995,BR,2022-10-12,Bronze,69.0,Yes,VIP,
CUST-2096,CHRISTIAN FLEMING,christian.fleming@outlookcom,8969661570,United Kingdom,30-Nov-2022,,47.0,TRUE,Wholesale,called twice re: refund
CUST-2097,Victoria Hall,victoria.halloutlook.com,650,AU,2021/08/13,Bronze,22.0,FALSE,retail ,
CUST-2098,Megan Barajas,megan.barajas@hotmail.com,983.818.2923,England,11/02/2025,Bronze,18.0,,retail ,called twice re: refund
CUST-2099,Justin Woods,justin.woods@hotmail.com,+1-518-825-3124,US,2024-11-17,,150.0,1,VIP,N/A
CUST-2100,Michael Miller,michael.miller@outlook.com,(448) 681-8730,Brasil,03/27/2021,,46.0,,vip,
CUST-2101,TIFFANY DANIEL,tiffany.daniel@outlook.com,+1-106-558-8391,Brasil,02/08/2024,Platinum,33.0,,retail ,
CUST-2102,DAVID MORALES,david.morales@gmail.com,+1-393-128-7680,Australia,04/04/2026,,48.0,N,vip,N/A
CUST-2103,Jeffrey Jacobson,jeffrey.jacobsonhotmail.com,+1-551-254-4347,ZA,"November 10, 2024",GOLD,-5.0,FALSE,Retail,called twice re: refund
CUST-2104,jacob russell,jacob.russell@hotmail.com,2822865192,ZA,03/12/2023,,-5.0,Y,retail ,
CUST-2105,SARAH DANIELS,sarah.daniels@gmail.com,5448719604,BR,2024/01/07,bronze,66.0,N,Wholesale,called twice re: refund
CUST-2106,Terry Hatfield,terry.hatfield@@gmail.com,+1-126-924-2827,france,2025/09/05,,43.0,Y,VIP,VIP - handle with care
CUST-2107,Anthony Woodward,anthony.woodward@yahoo.com,932,RSA,"July 01, 2025",Gold,53.0,Y,vip,
CUST-2108,Michael Morgan,michael.morgan@outlook.com,(344) 586-1952,Canada,09/06/2022,bronze,21.0,FALSE,Wholesale,
CUST-2109,Carolyn Ferguson,carolyn.ferguson@company.co,+1-109-957-9490,FR,29/12/2021,,46.0,Y,Wholesale,
CUST-2110,Lorraine Pacheco,lorraine.pacheco@hotmail.com,+1-154-323-5966,AU,12/01/2025,Platinum,50.0,0,Wholesale,called twice re: refund
CUST-2111,Peter Dawson,peter.dawson@outlook.com,(473) 232-9418,IN,2025-09-07,bronze,75.0,0,Wholesale,N/A
CUST-2112,Courtney Price,courtney.price@company.co,(902) 681-1048,france,01/11/2023,GOLD,38.0,Yes,Retail,N/A
CUST-2113,Willie Boyle,willie.boyle@outlook.com,+1-726-568-3028,BR,13-Aug-2023,Gold,-1.0,FALSE,Retail,N/A
CUST-2114,Karen Foster,karen.foster@hotmail.com,3908668785,Brazil,03/08/2025,Silver,57.0,FALSE,retail ,
CUST-2115,Lauren Harvey,lauren.harvey@gmail.com,618.646.7511,Australia,"May 21, 2023",Platinum,61.0,0,retail ,VIP - handle with care
CUST-2116,Matthew Walker,matthew.walker@company.co,+1-310-809-8908,canada,09/28/2023,,,Yes,VIP,VIP - handle with care
CUST-2117,Sandra Kim,sandra.kim@gmail.com,5714434320,CA,"July 05, 2022",bronze,68.0,TRUE,retail ,called twice re: refund
CUST-2118,Ryan Sanders,ryan.sanders@hotmail.com,+1-743-517-2745,FR,"December 16, 2025",Gold,43.0,FALSE,B2B,
CUST-2119,betty adams,betty.adams@outlook.com,(192) 278-7320,Australia,16/08/2025,Gold,-2.0,0,vip,
CUST-2120,Philip Waters,philip.waters@outlook.com,474,AU,"August 08, 2023",,45.0,,vip,
CUST-2121,Lisa Burns,lisa.burns@company.co,+1-316-539-1760,Canada,2022/02/06,GOLD,53.0,FALSE,Retail,N/A
CUST-2122,Kendra Smith,kendra.smith@gmail.com,+1-240-372-3259,Australia,2023-05-01,Bronze,37.0,0,Wholesale,
CUST-2123,John Jackson,john.jackson@gmail.com,8973805438,Deutschland,2023/01/03,,37.0,,retail ,VIP - handle with care
CUST-2124,Anne Howard,anne.howardoutlook.com,3285255039,germany,22/03/2026,Platinum,67.0,,retail ,N/A
CUST-2125, andrea reynolds,andrea.reynoldsyahoo.com,+1-687-436-6906,USA,2025-06-03,Gold,51.0,TRUE,Wholesale,VIP - handle with care
CUST-2126,Gina Clark,gina.clark@gmail.com,###-###-####,india,04/05/2022,Gold,28.0,1,Wholesale,
CUST-2127,BROOKE KING,brooke.king@company.co,call-me-maybe,France,06/13/2022,,54.0,TRUE,Wholesale,N/A
CUST-2128,Molly Huber,molly.huber@company.co,call-me-maybe,india,26-Dec-2022,,67.0,1,VIP,
CUST-2129,Gabriela Ortiz,gabriela.ortiz@company.co,7563961074,U.K.,23/10/2023,,-4.0,1,Wholesale,
CUST-2130,AMBER BROWN,amber.brown@gmail.com,+1-403-525-3863,United States,2021-07-19,Silver,22.0,0,VIP,
CUST-2131,Daniel Thomas,daniel.thomas@company.co,1574864123,Britain,2024/04/12,Gold,47.0,No,Retail,
CUST-2132,richard schneider  ,richard.schneider@hotmail.com,640,Brazil,2022-01-09,bronze,34.0,Y,B2B,
CUST-2133,Mary Lewis  ,mary.lewis@yahoo.com,+1-699-808-8407,Deutschland,24/08/2025,Silver,150.0,1,VIP,N/A
CUST-2134,Joseph Johnson,joseph.johnson@hotmail.com,+1-107-355-8777,germany,2026-01-18,,48.0,Y,Wholesale,
CUST-2135,Brenda Mitchell,brenda.mitchell@company.co,+1-405-844-1794,United Kingdom,"November 07, 2022",bronze,150.0,,B2B,VIP - handle with care
CUST-2136,Richard Cook,richard.cook@@company.co,376.714.4519,canada,"February 23, 2026",GOLD,-2.0,FALSE,Wholesale,
CUST-2137,Anthony Garcia,anthony.garcia@hotmail.com,918.205.2044,France,10-Mar-2025,GOLD,-2.0,Y,B2B,
CUST-2138,Amber Cole,amber.cole@hotmail.com,9194387984,ZA,01/17/2022,bronze,-5.0,No,B2B,
CUST-2139,Roberta Mcdonald,roberta.mcdonald@hotmail.com,(963) 218-7917,FR,07/31/2023,Gold,-3.0,0,B2B,
CUST-2140,Adriana Robbins,adriana.robbins@company.co,call-me-maybe,Brazil,09/22/2027,Bronze,72.0,No,Retail,
CUST-2141,Christina Hartman,christina.hartman@yahoo.com,+1-427-493-7691,United States,2026-01-12,GOLD,74.0,,VIP,
CUST-2142,Jeff Carter,jeff.carter@hotmail.com,call-me-maybe,CA,2021-04-21,,63.0,Y,Wholesale,N/A
CUST-2143,whitney mann,whitney.mann@yahoo.com,(447) 898-7298,ZA,"June 12, 2025",,59.0,1,VIP,
CUST-2144,Thomas Mcmillan,thomas.mcmillan@gmail.com,+1-174-622-2732,USA,24/08/2022,GOLD,61.0,N,retail ,
CUST-2145,Alicia Smith,alicia.smith@hotmail.com,279.818.6765,AU,07/20/2023,,150.0,Y,Wholesale,called twice re: refund
CUST-2146,Johnny Johnson,johnny.johnson@gmail.com,3496671032,Bharat,2024-07-19,,70.0,TRUE,retail ,
CUST-2147,Sandra Walters,sandra.walters@company.co,(326) 357-5116,S. Africa,29/04/2024,GOLD,29.0,Y,retail ,N/A
CUST-2148,Shelia Harrington,shelia.harrington@yahoo.com,(177) 390-6293,RSA,2024-06-04,Gold,33.0,,B2B,
CUST-2149,Stephanie Villa,stephanie.villa@yahoo.com,7238835144,australia,"February 17, 2025",Platinum,41.0,1,vip,VIP - handle with care
CUST-2150, arthur clements,arthur.clements@hotmail.com,call-me-maybe,Germany,2024/01/02,Platinum,57.0,TRUE,Retail,VIP - handle with care
CUST-2151,Kevin Johnson,kevin.johnson@outlook.com,###-###-####,Brasil,02-Sep-2021,GOLD,29.0,Y,B2B,N/A
CUST-2152,Shane Harper,shane.harper@hotmail.com,###-###-####,Nigéria,01-Oct-2025,Silver,72.0,No,Retail,
CUST-2153,Darius Pittman,darius.pittman@hotmail.com,571.369.4205,nigeria,2026-05-31,Bronze,19.0,,Wholesale,VIP - handle with care
CUST-2154,sheila boone,sheila.boone@hotmail.com,6758317851,IN,"March 11, 2023",,63.0,0,Wholesale,VIP - handle with care
CUST-1205,Gary Preston,gary.preston@gmail.com,240.655.1694,united states,11-Jun-2021,GOLD,,TRUE,Retail,
CUST-2156,Ashley Johnson,ashley.johnson@yahoo.com,+1-103-734-9664,ZA,01/01/2026,,48.0,N,Wholesale,
CUST-2157,James Vargas,james.vargas@gmail.com,call-me-maybe,DE,26/02/2026,,27.0,Yes,Retail,called twice re: refund
CUST-2158,charles obrien,charles.obrien@company.co,3253191854,England,19-Dec-2022,Silver,-5.0,TRUE,Wholesale,
CUST-2159,Patricia Martinez,patricia.martinezoutlook.com,2853491602,Nigeria,01/31/2022,,-5.0,Yes,Wholesale,VIP - handle with care
CUST-2160,margaret brown,margaret.brown@hotmailcom,+1-901-314-6259,RSA,12-Feb-2025,Gold,25.0,1,retail ,N/A
CUST-2161,Vincent Moore,vincent.moore@yahoo.com,267,Deutschland,05/18/2023,Silver,73.0,1,retail ,
CUST-2162,Valerie Washington,valerie.washington@outlook.com,+1-998-394-8003,australia,2025-01-07,Bronze,61.0,0,VIP,N/A
CUST-2163,Rodney Rivera,rodney.rivera@gmail.com,(822) 871-5346,India,11-Sep-2022,GOLD,46.0,Yes,Wholesale,VIP - handle with care
CUST-2164,Valerie Miller,valerie.millergmail.com,9782928276,United Kingdom,26/01/2022,,36.0,0,retail ,VIP - handle with care
CUST-2165,Larry Jones,larry.jones@hotmail.com,+1-547-856-2318,Deutschland,"December 24, 2024",Bronze,71.0,Y,Wholesale,called twice re: refund
CUST-2166,Alec Woodward,alec.woodward@,399.600.7876,Canada,05/18/2025,Gold,67.0,0,Wholesale,N/A
CUST-2167,Mary Young,mary.young@gmail.com,+1-946-749-2350,France,"October 12, 2025",Bronze,150.0,FALSE,Retail,called twice re: refund
CUST-2168,Anne Huang,anne.huang@company.co,2683028870,DE,"April 29, 2021",Platinum,-1.0,1,VIP,
CUST-2169,Scott Hamilton,scott.hamilton@yahoo.com,426.618.1357,RSA,19-Mar-2027,,150.0,1,Wholesale,called twice re: refund
CUST-2170,Wayne Martinez,wayne.martinez@gmail.com,650.327.1148,CA,10/27/2024,,56.0,FALSE,vip,
CUST-2171,jaime snow,jaime.snow@company.co,###-###-####,U.S.A.,2022/08/31,GOLD,-3.0,Yes,Wholesale,VIP - handle with care
CUST-2172,Daniel Mcintosh,daniel.mcintosh@yahoo.com,3618062013,India,2021/03/06,bronze,150.0,,retail ,
CUST-2173,Charles Davis,charles.davis@hotmail.com,150.171.8963,FR,2023/02/06,GOLD,68.0,,retail ,VIP - handle with care
CUST-2174,Barbara Petty,barbara.petty@gmail.com,3675097912,Nigéria,2026-04-14,Silver,58.0,FALSE,Wholesale,
CUST-2175,Monica Garner,monica.garner@company.co,799.372.5564,Nigéria,03/12/2021,GOLD,68.0,,vip,called twice re: refund
CUST-2176,Angela Rodgers,angela.rodgers@hotmail.com,+1-297-263-2708,India,10/07/2025,Gold,51.0,N,Retail,
CUST-2177,Elaine Murray,elaine.murray@gmail.com,+1-179-980-6042,Deutschland,05/16/2021,Platinum,56.0,,retail ,
CUST-2178,Eric Cunningham,eric.cunningham@company.co,9056326737,BR,2023/02/26,GOLD,56.0,Yes,Wholesale,called twice re: refund
CUST-2179,Teresa Newman,teresa.newman@yahoo.com,+1-659-457-7198,S. Africa,04/27/2021,bronze,-2.0,,B2B,
CUST-2180,Amanda Graham,amanda.graham@yahoo.com,942.770.2281,Britain,27-Jun-2022,Gold,27.0,No,VIP,N/A
CUST-1053,Ryan Turner,ryan.turner@company.co,196,India,10/12/2025,,32.0,Yes,Wholesale,
CUST-2182,Crystal Valdez,crystal.valdez@gmail.com,9145789140,germany,"June 07, 2024",Gold,22.0,0,Retail,
CUST-2183,Kathleen Galvan,kathleen.galvan@yahoo.com,6806459622,Nigéria,2023/09/15,Silver,-1.0,,vip,called twice re: refund
CUST-2184,Tyler Pearson,tyler.pearson@gmail.com,2589641168,AU,"December 13, 2023",,-1.0,Yes,vip,called twice re: refund
CUST-2185,Erica Chambers,erica.chambers@yahoo.com,+1-490-338-2446,AU,04-Sep-2025,Bronze,67.0,0,Wholesale,
CUST-2186, jillian ryan,jillian.ryan@company.co,6428742876,AU,"June 27, 2021",Silver,52.0,1,vip,VIP - handle with care
CUST-2187,Nicole Hart,nicole.hart@hotmail.com,+1-369-515-4598,india,23/12/2025,Platinum,28.0,,retail ,VIP - handle with care
CUST-2188,Kelly Mccoy,kelly.mccoy@,307.119.1695,South Africa,02-Sep-2021,,33.0,FALSE,vip,N/A
CUST-2189, Kelly Nguyen,kelly.nguyen @company.co,485.425.1204,ZA,2021-09-02,GOLD,150.0,1,vip,
CUST-2190,Rachel Randolph,rachel.randolph@yahoo.com,6958215398,US,"December 20, 2025",,56.0,No,B2B,N/A
CUST-2191,Alicia Peterson,alicia.peterson@company.co,6137789083,AU,11/08/2021,Platinum,39.0,Yes,Wholesale,called twice re: refund
CUST-2192,Bruce Jimenez  ,bruce.jimenez@yahoocom,962.888.7362,Britain,09/26/2024,bronze,,1,B2B,called twice re: refund
CUST-2193,Shari Ochoa,shari.ochoa@outlook.com,(848) 873-9655,Germany,08-Feb-2024,bronze,70.0,TRUE,B2B,
CUST-2194,Joanne Cruz,joanne.cruz@outlook.com,+1-504-811-1413,Australia,19/05/2025,Bronze,48.0,0,vip,
CUST-2195,rebecca collier,rebecca.collier@company.co,9556043736,CA,12/12/2021,GOLD,150.0,FALSE,Wholesale,
CUST-2196,Deanna Smith  ,deanna.smith@gmail.com,7634895448,france,"March 27, 2024",bronze,62.0,Y,Wholesale,N/A
CUST-2197,Jesse Jones,jesse.jones@hotmail.com,+1-964-585-4916,UK,2023/09/19,bronze,22.0,N,Wholesale,
CUST-2198,michael foster  ,michael.foster@yahoo.com,+1-689-298-9820,Canada,2026-02-09,,,TRUE,vip,
CUST-2199,Carlos Franco,carlos.franco@hotmail.com,(484) 642-7573,germany,2021-08-05,Platinum,49.0,1,VIP,
CUST-2200,Nathaniel  Young,nathaniel.young@company.co,602,germany,2022-05-07,Bronze,64.0,N,VIP,
CUST-2201,Ashley Lopez,ashley.lopez@company.co,(417) 437-6684,australia,23/10/2024,,51.0,Y,vip,N/A
CUST-2202,Whitney Martinez,whitney.martinez@hotmail.com,125.759.5110,Brasil,2025-04-31,Bronze,56.0,TRUE,Wholesale,
CUST-2203,Jeremy Thompson,jeremy.thompson@outlook.com,5883524962,India,"January 24, 2021",Platinum,,Yes,Retail,VIP - handle with care
CUST-2204,Andrea Gonzalez,andrea.gonzalez@gmail.com,838,CA,02/20/2024,bronze,,1,vip,
CUST-2205,Jacob Cook,jacob.cook@company.co,(898) 720-1826,ZA,17-Apr-2025,,24.0,Yes,Retail,called twice re: refund
CUST-2206,Mr. Edward Gonzalez,mr..edward.gonzalez@yahoo.com,+1-997-624-6938,DE,06-Jan-2026,Bronze,-4.0,,retail ,VIP - handle with care
CUST-2207,Hayley Brooks,hayley.brooks@hotmail.com,3221982641,Brasil,30/09/2025,Gold,,0,vip,N/A
CUST-2208,Jacqueline Evans,jacqueline.evans@outlook.com,533,FR,05/07/2024,GOLD,,TRUE,VIP,N/A
CUST-2209,Adam Patterson,adam.patterson@company.co,9612723320,U.K.,"January 17, 2024",Platinum,74.0,No,B2B,
CUST-2210,Jason Martinez,jason.martinez@hotmail.com,827.221.6166,United Kingdom,"November 17, 2021",Platinum,34.0,0,VIP,VIP - handle with care
CUST-2211,Jennifer Perez,jennifer.perez@outlook.com,393.368.9040,United States of America,02/17/2021,Platinum,73.0,TRUE,B2B,
CUST-2212,Miguel Brown,miguel.brown@yahoo.com,###-###-####,Brasil,"September 30, 2024",,18.0,N,vip,
CUST-2213,JUSTIN ROSS,justin.ross@company.co,(199) 472-7914,S. Africa,02/19/2021,Gold,-3.0,N,Wholesale,VIP - handle with care
CUST-2214,John Berry,john.berry@gmail.com,1159544252,Brasil,"April 27, 2022",bronze,43.0,Yes,Retail,
CUST-2215,Makayla Smith,makayla.smith@yahoo.com,266.982.8612,UK,2024-03-28,,60.0,Y,B2B,
CUST-2216,Janet Washington,janet.washington@outlook.com,###-###-####,australia,11/24/2022,Bronze,40.0,Yes,VIP,
CUST-2217,Samantha Avila,samantha.avila@yahoo.com,800.562.5952,USA,09/09/2025,Bronze,51.0,Y,Wholesale,VIP - handle with care
CUST-2218,James Smith,james.smith@yahoo.com,+1-415-197-7513,Australia,15-Jan-2025,Gold,,Y,vip,VIP - handle with care
CUST-2219, GREGORY AGUILAR  ,gregory.aguilar@yahoo.com,4297629410,Deutschland,2024/07/24,bronze,,Y,Wholesale,VIP - handle with care
CUST-2220,Carl Davis,carl.davis@hotmail.com,###-###-####,DE,"February 07, 2022",Platinum,28.0,0,vip,VIP - handle with care
CUST-2221,victoria  fitzgerald,victoria.fitzgerald@gmail.com,514.546.6436,RSA,"October 09, 2023",Bronze,54.0,FALSE,VIP,N/A
CUST-2222,Heather Taylor,heather.taylor@outlook.com,991.336.6895,South Africa,07/02/2023,GOLD,20.0,,retail ,
CUST-2223, ANDREW DAWSON,andrew.dawson@outlook.com,(817) 273-2153,United States,02/08/2025,Platinum,42.0,TRUE,VIP,VIP - handle with care
CUST-2224,Rick Mendoza,rick.mendoza@yahoo.com,+1-196-972-5294,IN,2025-04-28,Gold,35.0,Y,retail ,N/A
CUST-2225, DAVID MILLER,david.miller@outlook.com,+1-632-272-6635,England,23-Jul-2021,bronze,-5.0,Y,retail ,
CUST-2226,Tiffany Welch,tiffany.welch@hotmail.com,465.618.1876,australia,"October 09, 2024",Gold,56.0,,Retail,
CUST-2227,Sonya Barker,sonya.barker@company.co,(891) 817-9699,Brazil,07/12/2023,,150.0,,Retail,
CUST-2228,Lisa Davis,lisa.davis@gmail.com,695.327.6449,Deutschland,2021-03-02,Bronze,,N,Retail,called twice re: refund
CUST-2229,Alicia Barnes,alicia.barnes@gmail.com,(838) 255-9731,BR,2022/11/12,Bronze,24.0,,Wholesale,called twice re: refund
CUST-2230,Larry West,larry.west@@company.co,+1-511-507-9246,france,11/04/2022,Silver,-1.0,1,retail ,
CUST-2231,Jocelyn Stewart,jocelyn.stewart@hotmail.com,+1-553-746-4596,france,"November 22, 2023",,61.0,Yes,Wholesale,VIP - handle with care
CUST-2232,Jessica Jackson,jessica.jackson@hotmail.com,+1-770-744-8084,australia,2022-10-08,Bronze,63.0,0,Wholesale,called twice re: refund
CUST-2233,stephanie  ruiz,stephanie.ruiz@company.co,1349998631,CA,2023/04/01,,55.0,Yes,Retail,called twice re: refund
CUST-2234,ANGELA LEACH,angela.leach@gmail.com,+1-881-348-7692,U.S.A.,2025-08-06,Bronze,33.0,FALSE,Wholesale,VIP - handle with care
CUST-2235,Wanda Johnston,wanda.johnston@outlook.com,453.286.5431,France,2024/04/04,bronze,72.0,N,Wholesale,VIP - handle with care
CUST-2236,Justin Hunter,justin.hunter@outlook.com,+1-924-814-3915,RSA,"September 04, 2021",bronze,50.0,FALSE,VIP,called twice re: refund
CUST-2237,Marissa Robinson  ,marissa.robinson@hotmail.com,(822) 461-1506,UK,"November 12, 2025",bronze,-1.0,,retail ,
CUST-2238,Kathleen Smith,kathleen.smith@company.co,+1-540-566-9545,US,03/21/2022,Bronze,150.0,1,vip,N/A
CUST-2239,Ashley Smith,ashley.smith@hotmail.com,895.609.4589,Bharat,2024/09/03,Gold,52.0,0,B2B,N/A
CUST-2240,David Stewart,david.stewart@gmail.com,323,Australia,02-Sep-2021,GOLD,,FALSE,Wholesale,N/A
CUST-2241,Zachary Clark,zachary.clark@outlook.com,###-###-####,australia,17-Feb-2026,Platinum,33.0,N,Wholesale,
CUST-2242,Donna Campbell,donna.campbell@yahoo.com,828.648.5639,australia,"May 03, 2022",Gold,150.0,0,Retail,called twice re: refund
CUST-2243,Kevin Rasmussen,kevin.rasmussen@yahoo.com,(285) 527-4689,South Africa,2022/02/14,,50.0,1,Wholesale,called twice re: refund
CUST-2244,Steven Nash,steven.nash@hotmail.com,7341143102,USA,"October 19, 2022",Gold,25.0,FALSE,Retail,N/A
CUST-2245,Karina Cooke DDS,karina.cooke.dds@yahoo.com,(114) 320-1912,BR,"February 04, 2025",,38.0,0,retail ,
CUST-2246, sharon hurst  ,sharon.hurst@hotmailcom,+1-616-422-7382,RSA,04-Nov-2024,,61.0,,Wholesale,called twice re: refund
CUST-2247,Steve Stewart,steve.stewart@hotmail.com,8445874780,DE,16/01/2025,GOLD,-5.0,TRUE,VIP,
CUST-2248,Eric Evans,eric.evans@hotmail.com,+1-250-432-5939,india,16-Dec-2021,Platinum,47.0,No,Wholesale,
CUST-2249,Chris Melton,chris.melton@yahoo.com,+1-646-581-5299,ZA,"October 18, 2022",,,0,Wholesale,called twice re: refund
CUST-2250,David Cole,david.cole@company.co,(953) 321-7399,BR,2025/04/25,Platinum,-4.0,Yes,Wholesale,called twice re: refund
CUST-2251,Jessica Higgins Dvm,jessica.higgins.dvm@company.co,(708) 631-4525,Brasil,2021/02/13,Bronze,150.0,0,B2B,called twice re: refund
CUST-2252,Benjamin Willis,benjamin.willis@company.co,(987) 406-8127,france,16/02/2022,Silver,63.0,,Wholesale,
CUST-2253,George Roberts,george.roberts@company.co,6834849011,France,2025/12/25,Silver,,FALSE,Retail,
CUST-2254,brian smith,brian.smithgmail.com,340.708.7167,United Kingdom,2021/01/27,GOLD,25.0,0,B2B,called twice re: refund
CUST-2255,Eric Hopkins,eric.hopkins@outlook.com,+1-813-752-7807,BR,13-Sep-2024,GOLD,40.0,TRUE,retail ,
CUST-2256,Karen Turner,karen.turner@yahoo.com,5936769553,Brasil,"May 17, 2022",bronze,58.0,Yes,retail ,called twice re: refund
CUST-2257,Heather Johnson,heather.johnson@hotmail.com,1295349578,U.K.,29/12/2023,,55.0,N,retail ,
CUST-2258,Melissa Collins,melissa.collins@gmail.com,336.344.9919,S. Africa,08/25/2024,Silver,59.0,,Wholesale,VIP - handle with care
CUST-2259,ROBIN MYERS,robin.myers@gmail.com,+1-859-654-5429,germany,"May 26, 2025",,46.0,Y,Retail,N/A
CUST-2260,Scott Lee,scott.lee@outlook.com,(890) 918-9555,India,17-Oct-2024,Silver,-4.0,Yes,retail ,
CUST-2261,Jennifer Manning,jennifer.manning@outlook.com,661.166.1901,AU,2021-03-13,,31.0,TRUE,VIP,
CUST-2262,Timothy Price,timothy.price@company.co,1208558905,BR,2025-05-04,Bronze,-5.0,1,VIP,
CUST-2263,Judith Mills,judith.mills@company.co,8054472955,CA,22-Jul-2025,Silver,66.0,N,B2B,VIP - handle with care
CUST-2264,Kristie Perkins,kristie.perkins@company.co,8501169273,australia,2025/07/07,bronze,,TRUE,Retail,
CUST-2265,Michelle Parker,michelle.parker@hotmail.com,1708809787,BR,03/22/2024,Gold,-5.0,FALSE,B2B,called twice re: refund
CUST-2266,GREGORY BAILEY  ,gregory.bailey@hotmail.com,(770) 239-8440,IN,25/08/2021,Silver,74.0,No,Retail,VIP - handle with care
CUST-2267,Adam Rivers,adam.rivers@company.co,948,France,2022/06/17,Bronze,43.0,Y,Wholesale,VIP - handle with care
CUST-2268,Kathleen Morales,kathleen.morales@hotmail.com,+1-217-257-9872,Canada,2022/03/31,,21.0,0,B2B,called twice re: refund
CUST-2269,Jon Jimenez,jon.jimenez@,(247) 272-4031,AU,2023/05/27,,56.0,,vip,
CUST-2270,Kelsey Butler,kelsey.butler@yahoo.com,(159) 464-2134,Australia,2025/06/16,Silver,39.0,TRUE,vip,
CUST-2271,SARA BOWEN,sara.bowen@outlook.com,504.326.7635,canada,04/11/2026,,24.0,FALSE,Retail,N/A
CUST-2272,Dean Wilson,dean.wilson@gmail.com,9359872652,BR,16/06/2023,Platinum,-5.0,Yes,Wholesale,
CUST-2273,PAM  HIGGINS,pam.higgins@hotmail.com,(841) 608-5628,Britain,2026-01-24,Platinum,71.0,1,vip,
CUST-2274,Phillip Nelson,phillip.nelson@outlook.com,4073748645,Nigeria,"October 31, 2024",Bronze,,,B2B,N/A
CUST-2275,david hammond,david.hammond@company.co,(744) 468-6490,australia,02/27/2021,GOLD,45.0,1,vip,
CUST-2276,Shane Powell Jr.,shane.powell.jr.@outlook.com,(562) 192-3503,australia,2022/06/19,Gold,55.0,N,vip,
CUST-2277,Larry  Floyd,larry.floyd@outlook.com,(550) 880-1032,AU,2024/07/15,Silver,150.0,Yes,vip,
CUST-2278,MARCUS KNIGHT  ,marcus.knight@outlook.com,7001662093,United States,2025/03/05,,56.0,0,Wholesale,N/A
CUST-2279,Mark Stevenson,mark.stevenson@yahoo.com,(869) 779-9633,IN,2023-12-30,,150.0,TRUE,VIP,
CUST-2280,Laura  Clark,laura.clark@hotmail.com,5096102581,Nigéria,2026/03/19,Silver,35.0,0,vip,
CUST-2281,Douglas Sullivan,douglas.sullivan@hotmail.com,+1-687-169-6898,india,2021/09/06,bronze,18.0,,retail ,VIP - handle with care
CUST-2282,Carol Gomez,carol.gomez@yahoo.com,+1-479-571-3693,United Kingdom,02-May-2025,Silver,26.0,,retail ,
CUST-2283, Christopher Ward,christopher.ward@hotmail.com,838.971.8264,CA,"January 03, 2023",,150.0,1,Retail,VIP - handle with care
CUST-2284,Sherry Butler,sherry.butler@hotmail.com,464.755.7704,USA,2026/01/21,GOLD,32.0,N,retail ,called twice re: refund
CUST-2285,Gilbert Yang,gilbert.yang@outlook.com,(368) 671-6075,Bharat,20-Apr-2023,Gold,,1,VIP,
CUST-2286,Kristin Goodman,kristin.goodman@gmail.com,9541726374,Australia,04-Dec-2021,,31.0,No,vip,VIP - handle with care
CUST-2287,Kimberly Lee,kimberly.lee@yahoo.com,+1-503-620-8634,RSA,2026/03/03,bronze,74.0,0,Retail,VIP - handle with care
CUST-2288,Daniel Woodard,daniel.woodard@company.co,+1-833-411-5005,Australia,05/27/2027,,-4.0,TRUE,VIP,
CUST-2289,Timothy Smith,timothy.smith@company.co,(220) 108-4092,india,14/12/2021,,-2.0,TRUE,B2B,
CUST-2290,John Sutton,john.sutton@yahoo.com,+1-660-407-3111,UK,01-Mar-2022,GOLD,20.0,FALSE,VIP,
CUST-2291,Daniel Marsh,daniel.marsh@outlook.com,7372251626,RSA,2022/05/11,Silver,150.0,1,vip,called twice re: refund
CUST-2292,Gary Robinson,gary.robinson@hotmail.com,1284082118,DE,00/00/2025,Gold,38.0,Yes,retail ,
CUST-2293,Rebecca Black,rebecca.black@company.co,550.580.9448,United States of America,19-Jul-2022,Platinum,47.0,1,Retail,
CUST-2294,Cody Brown,cody.brown@gmail.com,548,Brasil,"July 10, 2024",Bronze,,Yes,B2B,called twice re: refund
CUST-2295,Mark Watson,mark.watson@company.co,+1-991-348-8687,canada,"July 23, 2022",Gold,51.0,1,vip,
CUST-2296,aaron smith,aaron.smith@hotmail.com,+1-835-554-1798,canada,07/28/2025,Bronze,-5.0,N,Retail,
CUST-2297,Mr. Luis Willis,mr..luis.willis@hotmail.com,543.320.2062,France,15/01/2021,,-5.0,No,vip,
CUST-2298,Erica Martin,erica.martin@outlook.com,755,Brasil,09/07/2022,GOLD,53.0,Y,Wholesale,N/A
CUST-2299,Jennifer Wagner,jennifer.wagner@hotmail.com,call-me-maybe,RSA,16/05/2026,,38.0,Yes,B2B,N/A
CUST-2300,Nicholas Maldonado,nicholas.maldonado @yahoo.com,###-###-####,NG,"December 16, 2025",Platinum,24.0,Y,Wholesale,
CUST-2301,Brenda Schmidt,brenda.schmidt@hotmail.com,(563) 665-3777,US,06/19/2021,Bronze,44.0,,Retail,
CUST-2302,Nicole Beck,nicole.beck@gmailcom,+1-776-551-3806,UK,2024-10-12,Silver,150.0,No,Wholesale,
CUST-2303,Jeffrey Hayes,jeffrey.hayes@hotmail.com,476.649.9752,U.S.A.,"November 07, 2024",Platinum,49.0,N,Wholesale,VIP - handle with care
CUST-2304, robert aguirre  ,robert.aguirre@hotmail.com,720,BR,01/31/2025,,18.0,Yes,VIP,N/A
CUST-2305,Jennifer Koch,jennifer.koch@company.co,2342339071,australia,2023/11/10,GOLD,,Y,retail ,
CUST-2306,Linda Barry,linda.barry@outlook.com,+1-528-564-8847,ZA,04/12/2025,GOLD,150.0,No,VIP,
CUST-2307,Calvin Thomas,calvin.thomas@outlook.com,(166) 462-4870,united states,03-Aug-2022,Gold,50.0,,Wholesale,called twice re: refund
CUST-2308, NICOLE COLE,nicole.cole@outlook.com,564.739.3695,USA,03-Jan-2026,Platinum,150.0,N,VIP,
CUST-2309,SETH SCOTT,seth.scott@hotmail.com,(338) 488-9536,france,2021/08/14,,70.0,,VIP,
CUST-2310, crystal thomas,crystal.thomas@yahoo.com,call-me-maybe,Australia,"February 10, 2026",Platinum,,TRUE,Retail,called twice re: refund
CUST-2311,Tammy Burnett,tammy.burnett@company.co,###-###-####,IN,2026/06/06,bronze,42.0,No,Retail,VIP - handle with care
CUST-2312,Roger Davis,roger.davis@hotmail.com,+1-909-919-9801,USA,15/04/2022,bronze,,N,vip,called twice re: refund
CUST-2120,Julie Franklin,julie.franklin@company.co,(384) 552-1191,France,"March 21, 2025",bronze,66.0,Y,Wholesale,VIP - handle with care
CUST-2314,Amanda Reed,amanda.reed@outlook.com,8671699331,Australia,15/08/2023,Platinum,,,B2B,
CUST-2315,laura wade,laura.wade@yahoo.com,3237312718,England,30-Aug-2024,GOLD,-2.0,,Retail,
CUST-2316,Maria Thomas,maria.thomas@outlook.com,271.281.5380,England,14/09/2021,Gold,75.0,Y,retail ,
CUST-2317,Shannon Black,shannon.black@,396.304.8481,Australia,2026/02/25,Gold,68.0,TRUE,vip,
CUST-2318,Crystal Johnson,crystal.johnson@yahoo.com,676.893.2803,France,"December 01, 2024",bronze,60.0,TRUE,B2B,N/A
CUST-2319,Melissa Clements,melissa.clements@company.co,1579137684,USA,2024/09/29,GOLD,,Yes,B2B,VIP - handle with care
CUST-2320,Patricia Wagner,patricia.wagner@outlook.com,5066813349,canada,2026-02-13,GOLD,46.0,0,B2B,VIP - handle with care
CUST-2246,Victoria Smith,victoria.smith@hotmail.com,(159) 400-5755,Deutschland,09-May-2023,,64.0,FALSE,retail ,N/A
CUST-2322,William May,william.may@gmail.com,(915) 399-7797,FR,17/05/2021,Bronze,20.0,Yes,Wholesale,
CUST-2323,Jose Jones,,,South Africa,"November 08, 2025",Bronze,59.0,,Wholesale,
CUST-2324,Melanie Taylor,melanie.taylor@yahoo.com,5384889338,Deutschland,01/03/2022,Gold,28.0,,vip,VIP - handle with care
CUST-2325,Michael Mcclure,michael.mcclure@hotmail.com,528.959.6178,USA,2023/04/30,Silver,50.0,1,retail ,
CUST-2326,Carl Thompson,carl.thompson@@outlook.com,709.226.6661,united states,2021-10-14,GOLD,,TRUE,VIP,
CUST-2327,Kim Hill,kim.hill@hotmail.com,(386) 351-8871,nigeria,12/09/2024,,38.0,TRUE,Wholesale,
CUST-2328,John Payne,john.payne@yahoo.com,317.430.7407,Brasil,2023/08/11,,50.0,N,vip,
CUST-2329,Danielle Hale,danielle.hale@company.co,428,united states,2023/03/09,GOLD,32.0,FALSE,retail ,called twice re: refund
CUST-2330,Matthew Turner,matthew.turner@yahoo.com,702.643.6061,Brasil,04/19/2025,Silver,21.0,No,Wholesale,
CUST-2331,Rodney Miles,rodney.miles @company.co,126.207.2316,canada,23/04/2025,Silver,31.0,Yes,Retail,called twice re: refund
CUST-2332,Austin Foster,austin.foster@company.co,346.643.8764,U.S.A.,13-Dec-2025,Platinum,-5.0,Yes,Retail,
CUST-2333,Laura Hughes,laura.hughes@gmail.com,+1-371-893-9634,ZA,18/10/2023,,47.0,,Retail,
CUST-2334,Russell Kaiser,russell.kaiser@gmail.com,(775) 557-5396,Australia,30-Apr-2023,Bronze,61.0,FALSE,B2B,
CUST-2335,Kenneth Hernandez,kenneth.hernandez@outlook.com,(568) 297-3112,FR,"February 05, 2021",Gold,41.0,,B2B,
CUST-2336,John Roth,john.roth@,+1-391-844-7071,Brazil,07-Mar-2025,Silver,37.0,N,B2B,
CUST-2337,Derek Gardner,derek.gardner@company.co,(596) 957-2034,Nigéria,2025-04-31,bronze,,TRUE,B2B,N/A
CUST-2338,Crystal Jones,crystal.jones@yahoo.com,189.452.5795,france,2025-03-10,Bronze,69.0,TRUE,Wholesale,called twice re: refund
CUST-2339,Michael Martinez,michael.martinez@gmail.com,1653683855,Brasil,08/15/2022,bronze,56.0,,B2B,N/A
CUST-2340,David Ramirez,david.ramirez@hotmail.com,(733) 707-1928,Britain,05/16/2027,Silver,36.0,N,B2B,called twice re: refund
CUST-2341,Derek Green,derek.green@gmail.com,452.176.1076,BR,"July 28, 2024",,-3.0,,vip,
CUST-2342,mike hansen,mike.hansen@gmail.com,364.833.9109,IN,2024-03-27,GOLD,22.0,Yes,Retail,
CUST-2343,Joseph Marshall,joseph.marshall@yahoo.com,(412) 139-8630,germany,2025/08/13,Silver,41.0,Y,vip,
CUST-2344,Caitlin Castro,caitlin.castro@hotmail.com,3086696974,Nigeria,"January 03, 2027",GOLD,46.0,Y,Wholesale,
CUST-2345,Rebecca Smith,rebecca.smith@outlook.com,4383075709,France,2022-10-08,Bronze,65.0,Y,VIP,
CUST-2346, CHRISTOPHER TUCKER,christopher.tucker@,941.912.4626,india,"March 14, 2025",Platinum,59.0,Yes,Wholesale,
CUST-1932,Amy Campbell,amy.campbell@company.co,8042516259,South Africa,2025/10/04,Bronze,25.0,N,Wholesale,
CUST-2348,Hailey Roberts,hailey.robertscompany.co,+1-102-245-8972,IN,2022/08/24,,58.0,N,Wholesale,VIP - handle with care
CUST-2349,debra mullins,debra.mullins@company.co,9462388646,Bharat,06/03/2025,,59.0,N,VIP,
CUST-2350,Mr. Patrick Cummings,mr..patrick.cummings@outlook.com,(100) 824-5902,United Kingdom,09/11/2021,Gold,52.0,Y,Wholesale,called twice re: refund
CUST-2351,Mark Reyes,mark.reyes@gmail.com,+1-955-784-8845,Australia,19/02/2026,GOLD,45.0,FALSE,vip,VIP - handle with care
CUST-2352,Juan Sanchez,juan.sanchez@company.co,(673) 900-3787,AU,23-Sep-2023,,-3.0,0,Wholesale,
CUST-2353,LAUREN WARD,lauren.ward@yahoo.com,343.922.1383,france,"June 13, 2023",Bronze,43.0,No,retail ,
CUST-2354,Anna Beltran,anna.beltran@gmail.com,498,U.K.,2023/08/04,Silver,29.0,N,retail ,
CUST-2355,Christian Hood,christian.hood@gmail.com,+1-736-903-8918,U.K.,2021-06-20,bronze,29.0,Y,Wholesale,N/A
CUST-2119,Ariel Ritter,ariel.ritter@yahoo.com,+1-426-318-3078,ZA,2025-01-03,bronze,29.0,No,B2B,
CUST-2357,Elizabeth Moreno,elizabeth.moreno @yahoo.com,2947526168,England,2024/11/14,GOLD,67.0,1,Wholesale,
CUST-2358,Rebecca  Austin,rebecca.austin@gmail.com,2532822560,CA,"October 19, 2023",Silver,71.0,N,retail ,called twice re: refund
CUST-2359,Ashley Powell,ashley.powell@yahoo.com,118.117.4933,Brasil,22/06/2023,bronze,-5.0,TRUE,B2B,
CUST-2360,Tony Nguyen,tony.nguyen@outlook.com,399.494.6369,AU,21-Aug-2025,Platinum,,,Wholesale,
CUST-2361,Michael Wheeler,michael.wheeler@yahoo.com,+1-155-245-8765,Australia,07-Apr-2021,,67.0,FALSE,retail ,N/A
CUST-2362,Jeffrey Henderson MD,jeffrey.henderson.md@hotmail.com,(182) 749-2666,ZA,04/12/2025,Bronze,150.0,FALSE,vip,called twice re: refund
CUST-2363,Emily Shepherd,emily.shepherd@yahoo.com,(368) 765-7071,Britain,"November 03, 2021",Bronze,-5.0,Y,Retail,VIP - handle with care
CUST-2364,daniel wise,daniel.wise@hotmail.com,call-me-maybe,RSA,2025/08/23,Bronze,39.0,Y,B2B,
CUST-2365,Robert Hanna,robert.hanna@gmail.com,8888463815,South Africa,2024/10/13,Bronze,62.0,,retail ,
CUST-2366,Jennifer Davis MD,jennifer.davis.md@gmail.com,+1-976-811-6661,AU,02/01/2024,Silver,66.0,TRUE,B2B,called twice re: refund
CUST-2367,Alexander Paul,alexander.paul@company.co,call-me-maybe,AU,08/05/2023,,44.0,,B2B,VIP - handle with care
CUST-2368,Christopher Wallace,christopher.wallace@yahoo.com,+1-329-711-8782,South Africa,12/04/2026,Gold,18.0,,retail ,N/A
CUST-2369,Travis Wood,travis.wood@yahoo.com,(874) 504-1786,CA,23-Apr-2026,,18.0,TRUE,B2B,N/A
CUST-2370,Jon Nguyen,jon.nguyen@gmail.com,+1-127-806-2014,Canada,2021/09/26,Bronze,53.0,Y,Wholesale,called twice re: refund
CUST-2371,Corey Santana,corey.santanacompany.co,587.851.9253,ZA,"August 09, 2024",,32.0,FALSE,B2B,
CUST-2372,Tanner Davidson,tanner.davidson@outlook.com,773.764.8338,india,2024-07-29,GOLD,29.0,TRUE,retail ,VIP - handle with care
CUST-2373,Karen Hammond,karen.hammond@gmail.com,616,FR,18/07/2025,Silver,29.0,Yes,vip,
CUST-2374,Dalton Rodgers,dalton.rodgers@yahoo.com,334.174.2865,Bharat,07/28/2023,Gold,61.0,N,Wholesale,VIP - handle with care
CUST-2375,BILL  HIGGINS,bill.higgins@outlook.com,753.879.4717,Britain,03/10/2025,bronze,-5.0,Yes,vip,VIP - handle with care
CUST-2376,Angela Barron,angela.barron@gmail.com,5968587538,South Africa,12/08/2022,bronze,54.0,Yes,vip,VIP - handle with care
CUST-2377,Katherine Morris,katherine.morris@yahoo.com,198.303.8043,USA,2022/01/21,,55.0,,Wholesale,
CUST-2378,Sheila Baker,sheila.baker@hotmail.com,(738) 431-2991,Nigeria,30/04/2024,,47.0,Y,vip,VIP - handle with care
CUST-2379,Thomas Lucas  ,thomas.lucas@yahoo.com,+1-344-781-6074,DE,2021-09-21,Platinum,-2.0,TRUE,B2B,
CUST-2380,Alan Anderson,alan.anderson@company.co,call-me-maybe,Brasil,01/31/2022,bronze,53.0,FALSE,Wholesale,called twice re: refund
CUST-2381,Tyler Collins,tyler.collins@company.co,577.713.7177,Germany,2021-09-22,Silver,62.0,TRUE,Retail,N/A
CUST-2382,Andrew Adkins,andrew.adkins@company.co,+1-299-490-5441,Brazil,12/20/2022,GOLD,45.0,0,VIP,
CUST-2383,joshua davila,joshua.davila@gmail.com,+1-581-141-5205,U.K.,2023-08-06,bronze,34.0,0,vip,
CUST-2384,Wendy Richards,wendy.richards@hotmail.com,383,nigeria,23/09/2025,Bronze,71.0,Yes,VIP,
CUST-2385,Holly Edwards,holly.edwards@@gmail.com,677.900.4241,australia,04/10/2023,,65.0,Yes,vip,VIP - handle with care
CUST-2386,Kevin Vega,kevin.vega@hotmail.com,(958) 412-5045,nigeria,06/03/2021,GOLD,65.0,FALSE,Wholesale,N/A
CUST-2387,Diana Hall,diana.hall@yahoo.com,call-me-maybe,Bharat,2022/05/14,Silver,150.0,Y,Retail,called twice re: refund
CUST-2388,Glen Best,glen.best@gmail.com,(515) 574-4184,United Kingdom,16-Dec-2025,Platinum,47.0,,Wholesale,
CUST-2389,Susan Johnson,susan.johnson@,+1-620-295-6620,Australia,15-Nov-2021,GOLD,48.0,N,Wholesale,N/A
CUST-2390,Kristen David,kristen.david@@outlook.com,+1-920-531-3085,france,14/06/2024,Silver,30.0,1,VIP,N/A
CUST-2391,Patricia Scott,patricia.scott@yahoo.com,+1-587-828-2100,ZA,2022-03-05,bronze,,No,Wholesale,N/A
CUST-2392,Brianna Hogan,brianna.hogan@yahoo.com,930,France,"July 14, 2022",Bronze,61.0,1,B2B,called twice re: refund
CUST-2393,Joseph Gardner,joseph.gardner@outlook.com,+1-229-900-5462,CA,26/07/2023,Silver,-5.0,TRUE,Wholesale,
CUST-2394,Adam Jackson,adam.jackson@outlook.com,+1-805-127-4502,Brasil,02/21/2022,Gold,150.0,1,vip,
CUST-2395,Francis Berger,francis.berger@hotmail.com,+1-125-230-7556,NG,2025-02-30,Silver,21.0,N,B2B,
CUST-2396,Donald Jefferson,donald.jefferson@gmail.com,849.201.5102,India,2026/05/03,Bronze,150.0,TRUE,Wholesale,
CUST-2397,Norma Washington,norma.washington@outlook.com,+1-311-434-1275,FR,18-Mar-2023,,74.0,No,Retail,
CUST-2398,Michelle Mckinney,michelle.mckinney@yahoo.com,call-me-maybe,germany,02/07/2026,Gold,72.0,Y,VIP,N/A
CUST-2399,Richard Russo,richard.russo@gmail.com,657,france,"May 23, 2024",Bronze,22.0,1,Wholesale,called twice re: refund
CUST-2400,Sara Arnold,sara.arnold@gmail.com,746,Brazil,2025/04/01,Gold,58.0,Yes,VIP,VIP - handle with care
CUST-2401,STEVE TAYLOR,steve.taylor@yahoo.com,(218) 401-8586,BR,18/03/2026,,43.0,Y,Wholesale,VIP - handle with care
CUST-2402,Kelsey Robles,kelsey.robles@yahoo.com,798.381.9454,United Kingdom,24/05/2025,GOLD,,1,retail ,called twice re: refund
CUST-2403,Nathaniel Oliver,nathaniel.oliver@gmail.com,473,canada,2025-01-31,Platinum,150.0,N,VIP,VIP - handle with care
CUST-2404,Johnny Park,johnny.park@yahoo.com,(791) 759-6050,U.K.,"October 17, 2024",bronze,50.0,0,Retail,
CUST-2405,Nathan Adams,nathan.adams@,+1-139-298-5050,France,10-Sep-2021,,19.0,Y,vip,called twice re: refund
CUST-2406,EUGENE WILCOX,eugene.wilcox@hotmail.com,(608) 756-6130,S. Africa,2021/12/25,Platinum,34.0,FALSE,vip,called twice re: refund
CUST-2407, Lindsey Bass  ,lindsey.bass@gmail.com,861.431.8255,RSA,"July 16, 2024",Silver,35.0,TRUE,Wholesale,
CUST-2408,Deborah Fleming,deborah.fleming@hotmail.com,+1-133-325-6398,ZA,2021/09/29,,66.0,,Wholesale,N/A
CUST-2409,Timothy Smith II,timothy.smith.ii@gmail.com,6645294388,CA,03-Dec-2025,,,FALSE,Wholesale,N/A
CUST-2410,Cody Smith,cody.smith@gmail.com,(510) 421-3114,BR,03-Nov-2024,Platinum,18.0,N,VIP,VIP - handle with care
CUST-2411,Peter Anderson,peter.anderson@hotmail.com,+1-948-326-9428,france,22-Nov-2023,,71.0,FALSE,retail ,N/A
CUST-2412,Matthew Richards,matthew.richards@hotmail.com,call-me-maybe,Brazil,"July 07, 2023",bronze,48.0,Yes,vip,
CUST-2413,KENNETH SCHMIDT,kenneth.schmidt@outlook.com,584.993.7699,UK,2025/11/02,Bronze,39.0,TRUE,VIP,
CUST-2414,david goodwin,david.goodwin@company.co,226.247.9713,Bharat,2022-03-27,,,1,Wholesale,VIP - handle with care
CUST-2415,Kayla Lin,kayla.lin@gmail.com,584.816.5654,nigeria,2026/02/22,,150.0,N,Retail,
CUST-2416,Mary Salazar,mary.salazar@yahoo.com,(566) 747-3512,U.S.A.,05/28/2023,Silver,67.0,FALSE,Wholesale,VIP - handle with care
CUST-2417,Miss Sheila Chen,miss.sheila.chen@company.co,8114007153,NG,"December 12, 2022",bronze,72.0,TRUE,VIP,
CUST-2418,Erica Hill,erica.hill@hotmail.com,call-me-maybe,france,"November 10, 2023",bronze,150.0,N,Retail,
CUST-2419,Danielle Hinton,danielle.hintonyahoo.com,call-me-maybe,U.S.A.,2021-10-27,bronze,42.0,Yes,Wholesale,called twice re: refund
CUST-2420,Geoffrey Chapman,geoffrey.chapman@yahoo.com,(526) 759-6134,NG,10/27/2024,,49.0,No,VIP,
CUST-2421,Jennifer Reyes,jennifer.reyes@gmail.com,+1-434-848-2601,RSA,2022/12/08,Platinum,39.0,,vip,
CUST-2422,Michele Love,michele.love@gmail.com,+1-995-959-1672,india,2025-04-29,,67.0,TRUE,VIP,N/A
CUST-2423,Michael Benson,michael.benson@hotmail.com,560.182.5509,U.K.,27/03/2021,bronze,45.0,,retail ,called twice re: refund
CUST-2424,Toni Smith,toni.smith@yahoo.com,212,nigeria,18/08/2024,,150.0,0,B2B,called twice re: refund
CUST-2425,Danielle Charles,danielle.charles@hotmail.com,309,Nigéria,09/14/2022,Bronze,69.0,1,Wholesale,
CUST-2426,KENNETH BAILEY  ,kenneth.bailey@yahoo.com,+1-134-232-3693,ZA,"November 07, 2021",Platinum,58.0,1,B2B,called twice re: refund
CUST-2427,Steven Schroeder,steven.schroeder@yahoo.com,4921492016,Brazil,05/02/2025,Silver,57.0,,VIP,VIP - handle with care
CUST-2428, ROBERT REED,robert.reed@yahoo.com,4169915696,France,2026-05-04,GOLD,37.0,1,Wholesale,
CUST-2429, Kim Jackson  ,kim.jackson@yahoo.com,+1-930-184-1834,Brasil,02/10/2022,Bronze,,TRUE,retail ,
CUST-2430,KENNETH  RILEY,kenneth.riley@outlook.com,+1-278-581-3506,Britain,2025/07/11,,62.0,0,Wholesale,
CUST-2431,John Velasquez,john.velasquez@outlook.com,+1-575-480-5985,canada,03/12/2021,bronze,-2.0,TRUE,retail ,
CUST-2432,Brandon Campos,brandon.campos@hotmail.com,###-###-####,ZA,2021-11-30,GOLD,150.0,FALSE,B2B,
CUST-2433,Jennifer Humphrey,jennifer.humphrey@company.co,861.781.8134,BR,2026/05/19,,27.0,N,Retail,called twice re: refund
CUST-2434,Gregory Bird,gregory.bird@company.co,+1-564-631-7428,Bharat,30/06/2024,GOLD,22.0,0,B2B,called twice re: refund
CUST-2435,Samantha Nguyen,samantha.nguyen@outlook.com,(624) 355-5801,Brazil,"December 25, 2025",Gold,69.0,No,vip,
CUST-2436,Kelly Silva,kelly.silva@,6651755031,US,11/23/2021,bronze,25.0,0,Wholesale,called twice re: refund
CUST-2437,Amy Williams,amy.williams@company.co,4816486635,FR,"December 23, 2022",,74.0,Yes,Wholesale,
CUST-2438,Jon Harris,jon.harris@hotmail.com,(687) 402-4130,Brazil,2026/02/27,Bronze,18.0,1,retail ,N/A
CUST-2439,Joshua Lawson,joshua.lawson@,(714) 779-3509,australia,2021-03-14,Platinum,26.0,Y,Wholesale,N/A
CUST-2440,Trevor Murray,trevor.murray@yahoo.com,+1-646-544-1497,FR,2024/05/23,,52.0,0,retail ,
CUST-2441,Christopher Wilson,christopher.wilson@outlookcom,338.386.8848,IN,2026/01/19,GOLD,48.0,No,Wholesale,
CUST-2442,Rhonda Burnett,rhonda.burnett@yahoo.com,+1-365-238-6386,Deutschland,2026-02-10,GOLD,31.0,0,Wholesale,
CUST-2443,Lee Thomas,lee.thomas@hotmail.com,###-###-####,IN,2024-08-10,,72.0,Yes,vip,
CUST-2444,Craig Rivas,craig.rivas@company.co,590.379.1621,UK,2025-04-31,Platinum,54.0,No,B2B,
CUST-2445,KEVIN LANG,kevin.lang@company.co,535.442.3955,Germany,"June 16, 2026",,70.0,1,vip,
CUST-2446,Regina Price,regina.price@company.co,(204) 139-8841,Nigéria,30-Sep-2022,Silver,40.0,TRUE,B2B,
CUST-2447,Jennifer Santos,jennifer.santos@company.co,+1-736-861-1653,Canada,2021-03-28,Silver,30.0,N,retail ,VIP - handle with care
CUST-2448,beth cobb,beth.cobb@outlook.com,329.167.4702,IN,2025/12/09,,70.0,,vip,N/A
CUST-2449,SARAH GREGORY,sarah.gregory@company.co,276.631.6987,Nigeria,09/12/2022,Silver,48.0,TRUE,VIP,VIP - handle with care
CUST-2450,amy smith,amy.smith@company.co,+1-641-415-6216,England,2023/06/29,Silver,32.0,Yes,retail ,called twice re: refund
CUST-2451,Debra Gonzalez,debra.gonzalez@outlook.com,+1-657-704-8256,india,"February 13, 2025",GOLD,54.0,0,VIP,N/A
CUST-2452,Richard Hood,richard.hood@yahoo.com,436.441.6869,India,19/09/2022,Silver,,Yes,vip,called twice re: refund
CUST-2453,Rodney Barton,rodney.barton@gmail.com,###-###-####,BR,2024-11-05,Bronze,45.0,No,Wholesale,
CUST-2454,Tiffany Holder,tiffany.holder@company.co,(968) 106-5652,U.S.A.,27/10/2024,bronze,50.0,N,VIP,VIP - handle with care
CUST-2455,debra  martinez  ,debra.martinez@company.co,(887) 872-6649,ZA,2022-10-13,Gold,,No,VIP,called twice re: refund
CUST-2456,Donna Jennings,donna.jennings@gmail.com,918.887.5746,Brasil,11-Dec-2025,bronze,22.0,0,vip,VIP - handle with care
CUST-2457,Mark Smith,mark.smith@company.co,4273639711,france,"July 31, 2023",GOLD,24.0,TRUE,retail ,called twice re: refund
CUST-2458,Michael Moore,michael.moore@company.co,+1-293-111-8219,UK,07-Aug-2022,,37.0,Yes,Wholesale,N/A
CUST-2459,JAMIE RITTER,jamie.ritter@gmail.com,4511042262,ZA,2022/05/16,Platinum,150.0,1,B2B,N/A
CUST-2460,Robin Miller,robin.miller@company.co,7981014241,NG,2026/02/22,bronze,68.0,FALSE,vip,VIP - handle with care
CUST-2461,Bill Burns,bill.burns@outlook.com,191.845.3636,india,06/19/2022,bronze,150.0,,vip,called twice re: refund
CUST-2462,Jessica Rodriguez  ,jessica.rodriguez@gmail.com,9879067307,FR,"February 18, 2026",Bronze,18.0,N,Retail,
CUST-2463,Russell Clark,russell.clark@yahoo.com,###-###-####,australia,06/13/2025,bronze,32.0,,Wholesale,
CUST-2464,BRIAN ROSS  ,brian.ross@gmail.com,1925836436,Nigéria,"May 17, 2024",GOLD,25.0,No,Wholesale,called twice re: refund
CUST-2465, Anthony Curry,anthony.curry@outlook.com,7635821476,CA,26/03/2024,Gold,40.0,Yes,Wholesale,
CUST-2466,Ronald Franco,ronald.francohotmail.com,(928) 257-3416,Nigeria,"February 12, 2021",Platinum,41.0,1,retail ,called twice re: refund
CUST-2467,Robert Pugh,robert.pugh@,538.633.8745,U.K.,05-Sep-2025,,42.0,TRUE,retail ,N/A
CUST-2468,Angela Sexton,angela.sexton@company.co,314.450.4487,Canada,21-Jul-2023,,52.0,Yes,retail ,
CUST-2469,Cynthia  Jones,cynthia.jones@yahoo.com,7629041533,Nigéria,2021-12-19,Bronze,48.0,Yes,B2B,
CUST-2470,Aaron Taylor,aaron.taylor@yahoo.com,4427863045,FR,07/27/2021,,68.0,,B2B,N/A
CUST-2471,Mark Floyd,mark.floyd@gmail.com,(475) 328-6371,australia,12-Apr-2021,bronze,61.0,FALSE,retail ,VIP - handle with care
CUST-2472,Daniel Mann,daniel.mann@gmail.com,910.472.5375,USA,05/10/2025,bronze,22.0,No,Wholesale,
CUST-2473,ERICA GILBERT,erica.gilbert@gmail.com,(908) 102-6442,S. Africa,2022-12-22,GOLD,28.0,N,Wholesale,N/A
CUST-2474,Gregory Leonard,gregory.leonard@outlook.com,+1-665-731-5310,RSA,2026/05/02,Bronze,19.0,No,Wholesale,called twice re: refund
CUST-2475,William Juarez,william.juarez @outlook.com,5207535622,IN,"June 01, 2022",bronze,,Yes,retail ,
CUST-2476,Matthew Valdez,matthew.valdez@yahoo.com,(612) 341-2571,Bharat,12/28/2024,Bronze,150.0,No,Retail,VIP - handle with care
CUST-2477,Dr. Paul Gonzalez,dr..paul.gonzalez@company.co,787.941.8029,S. Africa,09/05/2023,,61.0,Yes,vip,
CUST-2478,Sherri Chan,sherri.chan@outlook.com,+1-865-320-7684,BR,02/27/2025,Silver,70.0,FALSE,VIP,called twice re: refund
CUST-2479,Nicolas Sanchez,nicolas.sanchez@hotmail.com,609.285.7677,Nigéria,"October 30, 2024",Bronze,55.0,No,Wholesale,
CUST-2480,Daniel Cameron,daniel.cameron@outlook.com,865.491.9243,BR,08/25/2023,bronze,-5.0,,retail ,
CUST-2481,Lisa Campbell,lisa.campbell@outlook.com,922.769.7233,S. Africa,20-Feb-2026,,47.0,,vip,VIP - handle with care
CUST-2482,Shelby Landry,shelby.landry@gmail.com,(904) 567-8497,AU,09/11/2022,Silver,53.0,No,vip,
CUST-2483,Christopher Fisher,christopher.fisher@gmail.com,(974) 421-5185,france,2023-11-03,,150.0,Yes,Wholesale,
CUST-2484,Joseph Williams,joseph.williams@yahoo.com,604.922.9100,canada,09/06/2022,bronze,,1,retail ,
CUST-2485,Judith Miller MD,judith.miller.md@company.co,(636) 978-8887,australia,"April 04, 2025",Silver,74.0,No,retail ,
CUST-2486,ROBERT WILSON,robert.wilson@hotmail.com,(864) 370-5861,Germany,24/03/2025,Platinum,36.0,N,Retail,
CUST-2487,Troy Dixon,troy.dixon@@outlook.com,###-###-####,U.K.,2023/12/27,Silver,20.0,TRUE,Wholesale,
CUST-2222,Vincent Valenzuela Md,vincent.valenzuela.md@hotmail.com,905.292.7691,nigeria,2024-07-31,Silver,32.0,FALSE,B2B,
CUST-2489,Barbara Garcia,barbara.garcia@@hotmail.com,593.801.4211,Canada,07/25/2022,Platinum,71.0,No,Retail,
CUST-2490,Jennifer Dunlap,jennifer.dunlap@outlook.com,+1-550-146-8007,United States,2021-03-21,,71.0,N,Wholesale,VIP - handle with care
CUST-2491,Brian Martin,brian.martin@hotmail.com,+1-927-886-8391,AU,06-Mar-2021,Gold,23.0,N,retail ,VIP - handle with care
CUST-2492,Kathryn Pace,kathryn.pace@yahoo.com,835.119.5801,france,19-Oct-2024,GOLD,150.0,Y,Wholesale,VIP - handle with care
CUST-2493,Brett Hernandez,brett.hernandez@yahoo.com,(788) 441-1438,Brazil,2023-09-10,Gold,38.0,Y,Retail,
CUST-2494,Jennifer Wright,jennifer.wright@company.co,441.363.5460,canada,05/28/2021,,36.0,TRUE,Retail,
CUST-2495,Martin Johns,martin.johns@yahoo.com,148,South Africa,2026-02-06,GOLD,75.0,Yes,Wholesale,
CUST-2496,Don Mcguire,don.mcguire@@hotmail.com,4794836953,australia,11/05/2024,Platinum,59.0,,Retail,VIP - handle with care
CUST-2497,Jennifer Jimenez,jennifer.jimenez@yahoo.com,(657) 961-6001,Australia,2021-12-08,Bronze,51.0,Y,VIP,VIP - handle with care
CUST-1302,Whitney Ferguson,whitney.ferguson@gmail.com,3385563152,USA,2025-02-30,Platinum,150.0,FALSE,VIP,VIP - handle with care
CUST-2499,Erik Schwartz,erik.schwartz@outlook.com,(629) 632-2020,IN,16/11/2022,,57.0,N,Wholesale,VIP - handle with care
CUST-2500,emily ellis,emily.ellis@company.co,(742) 630-8455,Nigéria,"June 14, 2022",Gold,75.0,TRUE,vip,called twice re: refund
CUST-2501,Shannon Gonzalez,shannon.gonzalez@company.co,634.609.3579,Bharat,07-Mar-2026,,-2.0,Y,Wholesale,VIP - handle with care
CUST-2502,cheryl guzman  ,cheryl.guzman@gmail.com,2433084613,india,"January 18, 2026",GOLD,68.0,Y,Retail,
CUST-2503,Emily Lindsey,emily.lindsey@outlook.com,###-###-####,AU,2023-08-25,Platinum,57.0,TRUE,B2B,
CUST-2504,April Pham,april.pham@company.co,(338) 918-1711,ZA,11/04/2025,Platinum,-1.0,Yes,B2B,
CUST-2505,Deanna Cisneros,deanna.cisneros@hotmail.com,+1-871-620-4963,Australia,2025/03/14,,41.0,1,VIP,N/A
CUST-2506,John Cook,john.cook@outlook.com,697.241.9130,England,12-Dec-2021,,-5.0,N,retail ,called twice re: refund
CUST-2507,Michael Sanders,michael.sanders@hotmail.com,299.211.6692,U.K.,2025-13-05,Silver,150.0,FALSE,retail ,N/A
CUST-2508,Alexandra Rodriguez,alexandra.rodriguez@outlook.com,+1-753-142-1702,Deutschland,2024-06-25,,21.0,,VIP,VIP - handle with care
CUST-2509,Rachel Wilson,rachel.wilson@yahoo.com,(886) 368-1586,nigeria,06/01/2021,GOLD,46.0,0,B2B,called twice re: refund
CUST-2510,Joseph Wilson,joseph.wilson@gmail.com,+1-262-408-9767,AU,11-May-2023,,50.0,0,Wholesale,
CUST-2511,jeremy white,jeremy.white@yahoo.com,9751564266,India,21-Jan-2022,Bronze,150.0,Yes,vip,
CUST-2512,NANCY GREGORY,nancy.gregory@outlook.com,404.585.4892,South Africa,02-Jan-2025,Silver,75.0,FALSE,VIP,called twice re: refund
CUST-2513,Scott Flores,scott.flores@outlook.com,+1-147-896-3599,US,09/08/2025,Gold,63.0,Yes,B2B,VIP - handle with care
CUST-2514,Jacqueline Coleman,jacqueline.coleman@company.co,###-###-####,NG,2021-11-28,Silver,65.0,No,Wholesale,
CUST-2515,Michele Miranda,michele.miranda@company.co,201.358.7060,India,2025-12-17,,34.0,TRUE,vip,
CUST-2516,Jamie Gutierrez,jamie.gutierrez@company.co,8652582850,Brazil,"August 22, 2021",Bronze,-3.0,1,B2B,
CUST-2517,Cynthia Roman,cynthia.roman@gmail.com,1675739300,FR,2023/07/16,Platinum,74.0,TRUE,VIP,called twice re: refund
CUST-2518,AMANDA DAVILA DDS,amanda.davila.dds@yahoo.com,395.458.8712,AU,18/08/2021,Platinum,-2.0,FALSE,Retail,
CUST-2519,Sara Blackwell,sara.blackwell@outlook.com,+1-344-325-7049,Nigéria,"October 25, 2022",,74.0,1,Wholesale,VIP - handle with care
CUST-2520,richard moore,richard.moore@hotmail.com,6272419869,BR,2024/03/10,,-4.0,TRUE,B2B,
CUST-2521,Jacqueline Pierce,jacqueline.pierce@gmail.com,209.735.6652,Deutschland,23-Apr-2021,GOLD,20.0,0,B2B,called twice re: refund
CUST-2522,David Price,david.price@company.co,361.882.8261,IN,2022/03/19,,20.0,Y,vip,VIP - handle with care
CUST-2523,Kristy Atkins,kristy.atkins@gmail.com,7728823969,England,"August 23, 2021",Platinum,53.0,TRUE,Wholesale,N/A
CUST-2524,Oscar Ingram,oscar.ingram@outlook.com,178,USA,26-Apr-2024,GOLD,66.0,Y,Wholesale,VIP - handle with care
CUST-2525,Ashley Jones,ashley.jones@yahoo.com,(915) 630-1375,S. Africa,19/07/2023,GOLD,-2.0,Y,vip,
CUST-2526,RENEE HARRIS,renee.harris@outlook.com,+1-497-243-3191,Nigéria,10/17/2021,bronze,35.0,No,Retail,
CUST-2527,michael schneider,michael.schneider@company.co,(210) 246-4361,canada,27-Jun-2025,Platinum,-3.0,FALSE,VIP,VIP - handle with care
CUST-2528,Brittany Flynn,brittany.flynn@outlook.com,4093518360,Germany,2023/04/30,GOLD,47.0,Yes,vip,
CUST-2529,Patrick Morris,patrick.morris@outlook.com,115.615.5085,Nigeria,2023-03-15,,-4.0,Y,VIP,
CUST-2530,Jennifer  Sharp  ,jennifer.sharp@gmail.com,(708) 104-7675,germany,17/02/2025,Silver,72.0,TRUE,vip,
CUST-2531,Debbie Matthews,debbie.matthews@hotmailcom,8952963652,UK,"May 14, 2021",Platinum,-5.0,Y,retail ,VIP - handle with care
CUST-2532,Joshua Anderson,joshua.anderson@hotmail.com,5676995472,BR,10/15/2025,GOLD,36.0,FALSE,Retail,N/A
CUST-2533,Joshua Farmer,joshua.farmer@gmail.com,(335) 280-6622,USA,14/11/2025,Bronze,49.0,Yes,Retail,
CUST-2534,Tommy Hardin  ,tommy.hardin@gmail.com,605.636.6644,France,07-Jul-2025,GOLD,32.0,0,retail ,
CUST-2535,John Combs,john.combs@outlook.com,+1-505-233-5646,australia,09-May-2024,,,Y,B2B,VIP - handle with care
CUST-2536, Angela Owen,angela.owen@company.co,###-###-####,australia,11/20/2024,,-5.0,1,Retail,N/A
CUST-2537,Jessica Cook,jessica.cook@yahoo.com,+1-738-382-8367,UK,2026/06/23,Gold,39.0,,B2B,N/A
CUST-2538,Elizabeth Mcintyre,elizabeth.mcintyre@gmail.com,830.468.5938,canada,"April 11, 2024",GOLD,150.0,N,B2B,
CUST-2539,Patricia  Long,patricia.long@yahoo.com,+1-737-822-8188,FR,"June 22, 2023",,26.0,TRUE,Wholesale,
CUST-2540,Jon Green,jon.green@hotmail.com,+1-136-258-9458,S. Africa,"March 01, 2021",Gold,21.0,0,VIP,VIP - handle with care
CUST-2541,Alyssa Smith,alyssa.smith@outlook.com,256.181.2170,Bharat,08-Apr-2022,Silver,150.0,No,Retail,
CUST-2542,Nicholas Johnson,nicholas.johnson@company.co,call-me-maybe,FR,2024-09-25,GOLD,21.0,0,vip,VIP - handle with care
CUST-2543,Terri Maxwell,terri.maxwell@gmail.com,(536) 361-1369,United Kingdom,2023/12/30,Bronze,27.0,Yes,Retail,VIP - handle with care
CUST-2544,John Silva,john.silva@company.co,###-###-####,France,11/18/2021,bronze,57.0,,Wholesale,
CUST-2545,Patricia Ballard,patricia.ballard@outlook.com,+1-844-384-2527,Deutschland,16/10/2021,Platinum,50.0,Yes,Wholesale,
CUST-2546,Sherry Davis,sherry.davis@yahoo.com,+1-651-968-6180,australia,20/08/2021,,39.0,Yes,B2B,
CUST-2547,James Thompson,james.thompson@company.co,7915075077,ZA,2026/01/16,Bronze,42.0,No,B2B,
CUST-2548,ERIC HOLMES,eric.holmes@hotmail.com,+1-408-461-7475,Nigeria,"May 09, 2025",bronze,,TRUE,Retail,N/A
CUST-2549,Warren Rivera,warren.rivera@company.co,8085123519,AU,2021-11-05,bronze,41.0,No,Wholesale,VIP - handle with care
CUST-2550,Tony Norton,tony.nortonhotmail.com,+1-116-975-7182,France,2021/04/21,Silver,57.0,FALSE,VIP,
CUST-2551,Savannah Martin,savannah.martin@hotmail.com,(621) 576-3869,Germany,2022-10-08,Silver,28.0,Y,vip,called twice re: refund
CUST-2552,Jordan Armstrong,jordan.armstrong@gmail.com,+1-734-317-7633,FR,12-Oct-2023,Gold,23.0,FALSE,Wholesale,
CUST-2553,alexander kim,alexander.kim@company.co,(860) 488-1106,NG,2023-09-13,,37.0,No,B2B,called twice re: refund
CUST-2554,Tara Ward,tara.ward@company.co,call-me-maybe,USA,11/07/2022,Gold,,0,B2B,VIP - handle with care
CUST-2555,Donna Clayton,donna.clayton@company.co,+1-258-805-5738,US,2021-01-28,Bronze,-3.0,0,Wholesale,
CUST-2556,Lisa Berger,lisa.berger@hotmail.com,+1-501-382-2024,Nigeria,03-Apr-2024,GOLD,31.0,TRUE,Wholesale,
CUST-2557,Sandra Golden,sandra.golden@gmail.com,(468) 898-1136,France,2025/12/30,Bronze,23.0,N,B2B,
CUST-2558,Michael Miller,michael.miller@@outlook.com,266.555.8103,AU,2021-11-20,Bronze,73.0,Yes,vip,VIP - handle with care
CUST-2559,Kelsey Coffey,kelsey.coffey@company.co,634.199.7288,U.K.,23/10/2024,GOLD,42.0,FALSE,vip,N/A
CUST-2560,Luke Bryant,luke.bryant@hotmail.com,+1-314-878-7821,canada,"April 22, 2023",Platinum,25.0,TRUE,Wholesale,VIP - handle with care
CUST-2561,Joshua Cook  ,joshua.cook@hotmail.com,482,BR,2027/10/18,GOLD,27.0,Y,Retail,N/A
CUST-2562,Dustin Myers,dustin.myers@outlook.com,(359) 633-7368,India,"June 27, 2022",GOLD,33.0,1,B2B,
CUST-2563,Veronica Harrell,veronica.harrell@yahoo.com,###-###-####,South Africa,09-Jun-2024,GOLD,75.0,No,vip,N/A
CUST-2564,Melinda Mitchell,melinda.mitchell@outlook.com,(321) 738-7004,france,25/09/2021,GOLD,-5.0,FALSE,Wholesale,VIP - handle with care
CUST-2565,Paula Washington,paula.washington@outlook.com,8955812984,DE,18/06/2026,Bronze,,Y,B2B,N/A
CUST-2566,Aaron Holmes,aaron.holmes@@gmail.com,2548593166,FR,26/08/2024,Silver,28.0,Yes,Wholesale,called twice re: refund
CUST-2567,Isaac Cummings,isaac.cummings@yahoo.com,+1-171-193-3480,Deutschland,2023/10/15,,64.0,1,B2B,VIP - handle with care
CUST-2568,Melissa Campbell,melissa.campbell@yahoo.com,970.492.9949,france,2021/05/04,GOLD,61.0,TRUE,B2B,
CUST-2569,jocelyn hutchinson,jocelyn.hutchinson@company.co,+1-874-934-1417,France,2021-02-19,Silver,,1,B2B,N/A
CUST-2570,Scott Harrison,scott.harrison@outlook.com,+1-605-710-6289,Deutschland,04/04/2026,bronze,29.0,0,Retail,VIP - handle with care
CUST-2571,James Noble,james.noble@,(648) 192-7244,AU,2023-11-11,Gold,150.0,,Retail,
CUST-2572,Timothy Barker,timothy.barker@gmail.com,+1-294-544-9014,Bharat,2025/12/14,Gold,-3.0,TRUE,retail ,
CUST-2573,Rachel Mueller,rachel.mueller@outlook.com,821.151.4953,USA,"March 25, 2023",GOLD,36.0,No,Wholesale,N/A
CUST-2574,Andrea Allen,andrea.allen@yahoo.com,7506016504,S. Africa,27/08/2024,Silver,-2.0,FALSE,Retail,
CUST-2575,Michael Padilla,michael.padilla@company.co,972.375.7726,U.S.A.,01/09/2025,Bronze,61.0,0,B2B,N/A
CUST-2576,Michael Butler,michael.butler@gmail.com,###-###-####,Nigeria,2024/01/10,,58.0,FALSE,Retail,called twice re: refund
CUST-2577,Emily Meyers,emily.meyers@yahoo.com,431.490.2957,Germany,08/29/2023,bronze,23.0,Y,VIP,
CUST-2578, Kenneth Odonnell,kenneth.odonnell@hotmail.com,9739226478,U.S.A.,2026-06-28,Platinum,65.0,N,Retail,
CUST-2579,Dr. Bonnie Ashley,dr..bonnie.ashley@company.co,4086445544,BR,01/02/2021,Silver,-2.0,,Wholesale,called twice re: refund
CUST-2580,chelsea kennedy,chelsea.kennedy@hotmail.com,802,Brazil,02/06/2023,Platinum,35.0,TRUE,Wholesale,
CUST-2581,Darlene Garcia,darlene.garcia @outlook.com,+1-131-379-1259,india,"December 07, 2022",GOLD,57.0,1,vip,
CUST-2582,Dustin Davis,dustin.davis@company.co,696.333.7139,UK,03/31/2026,,33.0,Yes,Wholesale,N/A
CUST-2583,Donna  Anderson,donna.anderson@hotmail.com,+1-239-108-1161,IN,19/07/2025,Gold,-2.0,FALSE,retail ,
CUST-2584,Aaron Stephenson,aaron.stephenson@company.co,+1-560-389-1244,Bharat,2023/03/18,Platinum,42.0,0,vip,
CUST-2585,Nicholas Harris,nicholas.harris@yahoo.com,279.378.7521,AU,20-Sep-2022,Platinum,75.0,TRUE,Retail,N/A
CUST-2586,alexander sanders,alexander.sanders@gmail.com,(460) 567-6544,S. Africa,2025-12-20,Gold,54.0,Yes,vip,called twice re: refund
CUST-2587,April Bates,april.bates@hotmail.com,###-###-####,S. Africa,"September 08, 2024",bronze,150.0,Y,VIP,VIP - handle with care
CUST-2588,Tammy Lee,tammy.lee@,1325976081,Brazil,08-Sep-2024,,45.0,Yes,retail ,
CUST-2589,KIMBERLY SMITH,kimberly.smith@gmail.com,(591) 109-5715,India,"November 24, 2023",Silver,-2.0,Y,Wholesale,
CUST-2590,ALLISON PETERS,allison.peters@yahoo.com,(276) 829-5023,Germany,01-Jul-2026,,150.0,No,VIP,
CUST-2591,Joseph Young,joseph.young@company.co,+1-288-639-5081,RSA,16/07/2022,Bronze,54.0,N,Wholesale,
CUST-2592,HEIDI GARCIA,heidi.garcia@,716.877.3152,canada,"March 01, 2021",Platinum,,Y,VIP,called twice re: refund
CUST-2593,Jacob Carpenter,jacob.carpenter@gmail.com,(120) 524-8386,FR,"October 12, 2024",Platinum,39.0,TRUE,Wholesale,
CUST-2594,John Powell,john.powell@hotmail.com,+1-157-523-2228,Brasil,24-Jun-2025,Gold,,Yes,Retail,
CUST-2595,Richard Reed,richard.reed @hotmail.com,call-me-maybe,RSA,2021/04/21,Platinum,49.0,FALSE,Retail,N/A
CUST-2596,Angela Smith,angela.smith@outlook.com,535.109.6903,CA,2021-03-09,GOLD,-3.0,0,retail ,
CUST-2597,Julie Warren,julie.warren@@hotmail.com,6085523123,NG,2021/08/03,Platinum,75.0,No,vip,
CUST-2598,Patrick Olson,patrick.olson@gmail.com,call-me-maybe,Germany,04/16/2024,,23.0,N,Retail,
CUST-2599,mark  johnson,mark.johnson@yahoocom,6508178240,Germany,09/08/2025,Bronze,32.0,0,B2B,
CUST-2600,Dale Hill,dale.hill@company.co,(170) 529-4986,CA,"October 02, 2024",,43.0,,vip,
CUST-2601,Angela Jones,angela.jones@hotmail.com,881.812.1770,FR,2024-09-21,Bronze,69.0,FALSE,VIP,VIP - handle with care
CUST-2602,Billy Simon,billy.simon@outlook.com,8009368943,United Kingdom,2024-08-26,Silver,37.0,Y,Wholesale,VIP - handle with care
CUST-2603,Randy Wolfe,randy.wolfe@yahoo.com,(339) 188-3644,France,09/13/2025,,58.0,TRUE,Retail,VIP - handle with care
CUST-2604,Aaron Thompson,aaron.thompson@outlook.com,(127) 704-3191,United States,"July 22, 2025",bronze,63.0,1,Retail,N/A
CUST-2605,Denise Cruz,denise.cruz@,+1-719-676-5045,NG,2024/02/19,bronze,40.0,,vip,VIP - handle with care
CUST-2606,Sophia Nichols,sophia.nichols@yahoo.com,426,Brazil,"October 24, 2024",Platinum,28.0,0,retail ,
CUST-2607,Jacqueline Jones,jacqueline.jones@companyco,(160) 656-2654,Bharat,09/12/2025,GOLD,37.0,0,Wholesale,called twice re: refund
CUST-2608,Leslie Gonzalez,leslie.gonzalez@yahoo.com,224.665.2950,India,02/11/2025,GOLD,43.0,N,Retail,
CUST-2609,Kimberly Ball,kimberly.ball@outlook.com,222,RSA,20/06/2024,Gold,48.0,N,B2B,
CUST-2610,JAMES SULLIVAN,james.sullivan@yahoo.com,1203724064,South Africa,2023/04/01,GOLD,56.0,No,Wholesale,
CUST-2611,Nancy Williams,nancy.williams@hotmail.com,290.342.2632,germany,03/04/2024,Silver,,Yes,vip,called twice re: refund
CUST-2612,Timothy Cobb,timothy.cobb@hotmail.com,(722) 537-9172,FR,2021-08-24,,150.0,,retail ,N/A
CUST-2613,Johnathan Arroyo,johnathan.arroyo@hotmail.com,+1-634-687-7463,FR,26/12/2023,Silver,49.0,N,Wholesale,VIP - handle with care
CUST-2614,TONYA NICHOLS,tonya.nichols@outlook.com,681.435.3835,Brasil,29/06/2024,,150.0,1,VIP,
CUST-2615,Patricia Brady,patricia.brady@,5245128690,ZA,2023/11/12,,75.0,FALSE,VIP,
CUST-2616,Holly Huber,holly.huber @yahoo.com,620.239.7168,IN,"April 11, 2024",,32.0,N,vip,
CUST-2617,Leslie Nielsen,leslie.nielsen@gmail.com,447,BR,"September 15, 2022",GOLD,,0,Retail,
CUST-2618,richard walker,richard.walker@yahoo.com,###-###-####,South Africa,"May 08, 2025",Platinum,35.0,TRUE,retail ,
CUST-2619,Chelsea Rivera,chelsea.rivera@company.co,542.451.9620,DE,2025/09/23,Bronze,73.0,,Retail,
CUST-2620,Justin Ray,justin.ray@company.co,729.459.9471,ZA,13-Feb-2023,,47.0,TRUE,vip,
CUST-2621,Michael Williams,michael.williams@outlook.com,(289) 115-2888,BR,03/04/2021,bronze,31.0,1,vip,VIP - handle with care
CUST-2622,Tracy Gray,tracy.gray@outlook.com,###-###-####,india,18/06/2025,Gold,47.0,0,vip,called twice re: refund
CUST-2623,Jacob Rhodes,jacob.rhodes@outlook.com,7751449719,BR,06/18/2023,GOLD,40.0,Y,VIP,
CUST-2624,Nicole Ford,nicole.ford@gmailcom,434.396.2092,FR,2022/03/07,Gold,,TRUE,B2B,
CUST-2625,Matthew Arellano,matthew.arellano@hotmail.com,+1-856-147-5692,Nigéria,"May 24, 2023",Gold,45.0,N,Retail,called twice re: refund
CUST-2626,Leslie Joseph,leslie.joseph@company.co,(825) 663-1149,AU,"August 12, 2023",bronze,61.0,0,Wholesale,N/A
CUST-2627,GARY HARTMAN,gary.hartman @company.co,269.633.3416,AU,03/25/2021,Bronze,150.0,TRUE,Wholesale,
CUST-2628,Andrew Stanley,andrew.stanley@@hotmail.com,1845062607,canada,"April 16, 2025",GOLD,34.0,N,vip,called twice re: refund
CUST-2629,Michelle Parks,michelle.parks@outlook.com,(708) 532-1764,india,2023-03-29,,-1.0,1,Retail,VIP - handle with care
CUST-2630,Denise Mcdonald,denise.mcdonald@hotmail.com,731.711.6080,England,"May 16, 2023",,45.0,FALSE,retail ,N/A
CUST-2631,Madison Nunez,madison.nunez@company.co,+1-661-526-1642,AU,14/02/2026,,25.0,FALSE,retail ,
CUST-2632,Brian Dorsey,brian.dorsey@hotmail.com,(894) 671-6691,AU,08/01/2026,,23.0,1,vip,N/A
CUST-2633,CHRIS BECK MD,chris.beck.md@gmailcom,+1-269-756-1004,france,18/02/2026,,58.0,TRUE,Wholesale,called twice re: refund
CUST-2634,Karen Barton,karen.barton@yahoo.com,501.978.4907,Brasil,09/01/2025,Bronze,59.0,Y,Retail,N/A
CUST-2635,Angela Rowe,angela.rowe@company.co,238.247.5153,Australia,2026/05/25,Gold,65.0,N,retail ,called twice re: refund
CUST-2636,Emily Rodriguez,emily.rodriguez@outlook.com,633.787.6691,IN,29/10/2021,Bronze,66.0,TRUE,B2B,
CUST-2637,Thomas Gutierrez,thomas.gutierrez @outlook.com,+1-521-533-1523,South Africa,2023/12/28,Gold,27.0,0,vip,
CUST-2638, Valerie Woodward,valerie.woodward@company.co,7659278247,USA,2025-02-13,,52.0,FALSE,B2B,N/A
CUST-2639,Lindsey Jackson,lindsey.jackson@outlookcom,1916606824,France,07/19/2023,Platinum,-1.0,Yes,Wholesale,N/A
CUST-2640,Alexis Campbell,alexis.campbell@company.co,+1-650-725-3216,Bharat,10/01/2024,Silver,36.0,No,Retail,
CUST-2641,tracy freeman,tracy.freeman@outlook.com,###-###-####,australia,"January 14, 2021",,32.0,No,Wholesale,called twice re: refund
CUST-2642,Joseph  Juarez,joseph.juarez@hotmail.com,387.206.3414,Brasil,28-Oct-2021,Gold,57.0,TRUE,vip,VIP - handle with care
CUST-2643,Pamela Torres,pamela.torres@,(924) 354-8134,Brasil,"January 20, 2024",,-1.0,,Wholesale,
CUST-2644,Patrick Hoffman,patrick.hoffman@,+1-482-951-5688,nigeria,2021-09-22,Gold,52.0,,VIP,
CUST-2645,Adam Hurst,adam.hurst@hotmail.com,+1-780-797-1746,AU,05/27/2021,Gold,31.0,N,VIP,called twice re: refund
CUST-2646,Sherry Brown,sherry.brown@,+1-993-136-7308,RSA,05/08/2023,Silver,-4.0,Y,VIP,N/A
CUST-2647,Kenneth Brown,kenneth.brown@hotmail.com,(717) 139-2397,BR,10/08/2025,bronze,57.0,1,Wholesale,VIP - handle with care
CUST-2648,Jessica Ayala,jessica.ayala@company.co,2172866694,Brazil,"April 19, 2024",Bronze,58.0,TRUE,VIP,VIP - handle with care
CUST-2649,Cynthia Brown,cynthia.brown@company.co,+1-271-706-5518,India,2026-01-18,GOLD,59.0,,Wholesale,
CUST-2650,Alexander Hampton,alexander.hampton@hotmail.com,(957) 792-9562,Nigéria,2026-02-19,bronze,-1.0,No,B2B,
CUST-2651,Bruce Rodriguez,bruce.rodriguez@gmail.com,542.802.4104,United Kingdom,"February 17, 2021",Silver,44.0,TRUE,vip,N/A
CUST-2652,Edward Lee,edward.lee@company.co,997.829.3202,United States of America,02-Jul-2022,,34.0,No,Retail,
CUST-2653,Kevin Stafford,kevin.stafford@gmail.com,+1-969-464-5661,UK,2026/04/02,,32.0,No,vip,called twice re: refund
CUST-2654,Melissa Mitchell,melissa.mitchell@yahoo.com,+1-362-783-7551,Brazil,15/10/2025,Bronze,150.0,Yes,retail ,
CUST-2655,Anthony Hess,anthony.hess@gmail.com,369,South Africa,26-Aug-2025,,69.0,Yes,VIP,
CUST-2656,Dylan Meyer,dylan.meyer@gmail.com,332.396.2889,South Africa,12/14/2024,Bronze,27.0,Y,VIP,called twice re: refund
CUST-2657,Brian Elliott,brian.elliott@gmail.com,(592) 915-4639,United States of America,08/17/2025,Gold,69.0,Yes,Wholesale,called twice re: refund
CUST-2658,Antonio Rodriguez,antonio.rodriguez@outlook.com,8283066696,france,12/02/2021,Bronze,28.0,,B2B,
CUST-2659,CHRISTOPHER SMITH DDS,christopher.smith.dds@company.co,call-me-maybe,Nigeria,07-Jan-2024,Gold,55.0,0,vip,
CUST-2660,Gloria Holmes,gloria.holmes@gmail.com,+1-293-469-1110,Brasil,16-Nov-2023,Bronze,34.0,TRUE,Retail,called twice re: refund
CUST-2661,Rodney Roth,rodney.roth@company.co,9931508944,germany,25-Oct-2025,,-2.0,0,Wholesale,
CUST-1136,BROOKE SANDERS,brooke.sanders @yahoo.com,+1-262-982-2050,nigeria,04/20/2022,,59.0,FALSE,Wholesale,
CUST-2663,Sheryl Parker,sheryl.parker@gmail.com,552.231.7315,NG,2023-05-06,Bronze,27.0,No,vip,VIP - handle with care
CUST-2664, Phillip Fletcher,phillip.fletcher@gmail.com,580.198.9898,BR,2023-10-12,,19.0,N,vip,
CUST-2665,Brian Webb  ,brian.webb@hotmail.com,986.877.6115,Canada,2025-13-05,Platinum,55.0,1,VIP,
CUST-2666,Matthew Hill,matthew.hill@yahoo.com,###-###-####,United States of America,27/03/2021,Platinum,50.0,FALSE,VIP,
CUST-2667,Michelle Mendez,michelle.mendez@gmail.com,7496055036,DE,04/18/2022,Gold,43.0,FALSE,retail ,
CUST-2668,Anna Stevens,anna.stevens@company.co,(799) 455-2039,IN,28-May-2024,bronze,,Yes,Wholesale,N/A
CUST-2669,Allison Perez,allison.perez@yahoo.com,6795587848,Deutschland,2025-04-31,GOLD,52.0,Y,Wholesale,VIP - handle with care
CUST-2670,billy  rhodes,billy.rhodes@gmail.com,+1-467-466-9378,Nigéria,"May 12, 2025",bronze,,,retail ,
CUST-2671,Stacey Holmes,stacey.holmes@yahoo.com,+1-583-996-7689,USA,"March 14, 2022",Gold,20.0,1,Wholesale,
CUST-1398,Tracey Mueller,tracey.mueller@yahoo.com,+1-685-670-6794,Brazil,2022/10/08,Gold,,0,retail ,
CUST-2673,April Carter,april.carter@outlook.com,539.460.9833,Australia,2024-03-12,Silver,35.0,FALSE,Wholesale,VIP - handle with care
CUST-2674,christopher ruiz,christopher.ruiz@company.co,(427) 537-6100,AU,"June 02, 2024",Gold,,,Retail,
CUST-2675,Christina Garcia,christina.garcia@company.co,###-###-####,South Africa,29/06/2021,Platinum,,Y,Retail,
CUST-2676,Thomas Harper,thomas.harper@company.co,(221) 657-9469,U.S.A.,14/10/2025,GOLD,-3.0,No,Wholesale,
CUST-2677,Kevin Kane,kevin.kane@yahoo.com,###-###-####,india,22-Apr-2023,Bronze,30.0,N,B2B,called twice re: refund
CUST-2678,Gabriela Wright,gabriela.wright@yahoo.com,129,canada,06/19/2025,GOLD,21.0,No,B2B,
CUST-2679,andrew lambert,andrew.lambert@yahoo.com,###-###-####,NG,2022/06/18,GOLD,,N,Retail,called twice re: refund
CUST-2680,Danny Brennan,danny.brennan@yahoo.com,489,BR,2022/02/10,,48.0,Yes,VIP,called twice re: refund
CUST-2681,Michael Landry,michael.landry@gmail.com,(653) 241-8688,India,"January 13, 2021",,19.0,,VIP,VIP - handle with care
CUST-2682,Bruce Brooks,bruce.brooks@outlook.com,+1-713-559-3785,AU,27-Jan-2024,GOLD,45.0,,Retail,VIP - handle with care
CUST-2683,Theodore Martinez,theodore.martinez@gmail.com,(825) 711-9343,Australia,28-May-2026,,41.0,FALSE,retail ,
CUST-2684,Rachel Castro,rachel.castro@yahoo.com,+1-350-631-8786,US,11/27/2022,bronze,72.0,Yes,retail ,
CUST-2685,SHIRLEY HIGGINS,shirley.higgins@gmail.com,###-###-####,Britain,"February 01, 2025",GOLD,150.0,1,VIP,N/A
CUST-2686,Mark Page,mark.page@outlook.com,+1-909-612-4543,Deutschland,2021/01/10,Platinum,29.0,0,B2B,VIP - handle with care
CUST-2687,Daniel Washington,daniel.washington@companyco,754,germany,27/08/2024,bronze,-1.0,N,B2B,
CUST-2688,Nicholas Camacho,nicholas.camacho@@hotmail.com,(246) 653-5038,U.K.,14/03/2022,,37.0,1,Wholesale,
CUST-2689,Victoria Morgan,victoria.morgan@hotmail.com,+1-440-254-1930,france,2021/07/24,GOLD,43.0,,VIP,
CUST-2690,ethan  rasmussen,ethan.rasmussen@outlook.com,5342352287,U.S.A.,2025/02/03,Bronze,53.0,Y,Wholesale,called twice re: refund
CUST-2691,Carla Randolph,carla.randolph@gmail.com,437.693.2603,nigeria,2022-01-01,,55.0,0,vip,
CUST-2692,Steven Wilson  ,steven.wilson@company.co,+1-283-741-5381,France,05-Feb-2026,Silver,37.0,0,Retail,called twice re: refund
CUST-2693, Mrs. Julie Smith,mrs..julie.smithhotmail.com,3234421156,ZA,00/00/2025,GOLD,65.0,TRUE,VIP,
CUST-2694,Sarah  Coffey,sarah.coffey@outlook.com,3155785558,Brazil,2026/02/13,Bronze,25.0,1,VIP,
CUST-2695,Luis Lee,luis.lee@gmail.com,5008045424,IN,11/01/2023,GOLD,-1.0,TRUE,B2B,N/A
CUST-2696,Breanna Yoder,breanna.yoder@gmail.com,call-me-maybe,nigeria,"July 15, 2021",,48.0,No,B2B,N/A
CUST-2697,Michelle Boyd,michelle.boyd@hotmail.com,(291) 486-3976,US,03/12/2023,Silver,48.0,1,B2B,VIP - handle with care
CUST-2698,casey  oconnell  ,casey.oconnell@outlook.com,call-me-maybe,NG,19-Mar-2026,GOLD,53.0,No,vip,VIP - handle with care
CUST-2699,Kelly Martinez DVM,kelly.martinez.dvm@@outlook.com,9891958632,Bharat,09/25/2022,Platinum,56.0,No,Wholesale,
CUST-2700,Cody Green  ,cody.green@hotmail.com,(634) 167-6017,United States,2021/05/14,bronze,24.0,No,Wholesale,VIP - handle with care
CUST-2701,Michael Lee,michael.lee@company.co,(925) 538-4519,United States,04/01/2025,Bronze,150.0,Y,Wholesale,N/A
CUST-2702,Nathan Ortiz,nathan.ortiz@hotmail.com,826.298.1807,canada,2022/01/02,Bronze,29.0,Y,vip,
CUST-2703,laura king,laura.king@yahoo.com,(185) 484-5105,canada,2021-03-20,Silver,25.0,,VIP,VIP - handle with care
CUST-2704,Gregory Mcdaniel,gregory.mcdaniel@yahoo.com,704.638.6603,RSA,2021/04/23,GOLD,20.0,FALSE,retail ,N/A
CUST-2705,Emily Hill,emily.hill@company.co,(715) 625-6546,ZA,12/02/2024,Gold,19.0,1,VIP,N/A
CUST-2706,Raymond Barry,raymond.barry@company.co,1082188470,U.K.,2026-05-24,Silver,70.0,TRUE,Wholesale,
CUST-2707,Douglas Fields,douglas.fields@yahoo.com,+1-553-465-9317,France,"July 19, 2021",bronze,60.0,TRUE,Retail,
CUST-2708,Jennifer Lin,jennifer.lin@,+1-476-286-9378,nigeria,"January 25, 2023",bronze,69.0,Y,vip,called twice re: refund
CUST-2709,Lauren Miller,lauren.miller@outlook.com,call-me-maybe,australia,02/06/2025,bronze,,No,B2B,N/A
CUST-2710,Teresa Mueller,teresa.mueller@yahoo.com,136,US,03/01/2026,GOLD,20.0,Y,VIP,N/A
CUST-2711,Julie Rodriguez,julie.rodriguez@yahoo.com,140.377.7137,BR,2023-01-23,Platinum,45.0,N,Wholesale,called twice re: refund
CUST-2712,Mark Clark,mark.clark@hotmail.com,767,England,18-Aug-2021,Platinum,33.0,1,Wholesale,
CUST-2713,John Proctor,john.proctor@hotmail.com,6879959111,Nigeria,2026-02-11,,150.0,,Wholesale,called twice re: refund
CUST-2714,BRYAN RUIZ,bryan.ruiz@yahoo.com,845.771.9155,canada,21/03/2025,,29.0,1,retail ,N/A
CUST-2715,Adrian Silva,adrian.silva@yahoo.com,+1-791-233-5520,france,27-Oct-2025,bronze,150.0,0,retail ,called twice re: refund
CUST-2716,Nathan Thompson,nathan.thompson@outlook.com,(828) 193-4344,USA,02/14/2025,GOLD,73.0,0,Retail,
CUST-2717,Daniel Ortiz,daniel.ortiz@hotmail.com,852.251.8615,Canada,18-Jul-2023,,23.0,Y,Wholesale,
CUST-2718,Kelly Ross,kelly.ross@yahoo.com,923.792.4877,Nigéria,13-Jun-2022,Silver,-1.0,,B2B,
CUST-2719,Stacey Collins,stacey.collins@outlook.com,846.889.2767,Nigeria,"September 25, 2025",bronze,33.0,1,B2B,
CUST-2720,Karen Cook,karen.cook@hotmail.com,(522) 391-2638,CA,17-Oct-2023,Platinum,-2.0,No,Retail,
CUST-2721,Thomas Simmons,thomas.simmons@company.co,+1-732-192-6216,AU,2023-09-13,Bronze,,0,VIP,called twice re: refund
CUST-2722,Laura Watts,laura.watts@yahoo.com,(645) 692-7210,RSA,13/01/2026,,60.0,Yes,VIP,N/A
CUST-2723,Jacqueline Bowen,jacqueline.bowen@outlook.com,+1-229-642-5474,NG,2023-07-20,bronze,150.0,Y,Wholesale,
CUST-2724,Brandi Cox,brandi.cox@gmailcom,+1-408-162-6488,U.K.,"March 11, 2025",Platinum,45.0,Y,vip,
CUST-2725,Kelly Reid,kelly.reid@companyco,+1-737-386-9160,IN,2025/07/03,Gold,-5.0,0,VIP,N/A
CUST-2726,COLLIN JOHNSON,collin.johnsonhotmail.com,706.303.3705,UK,2022-10-26,Silver,33.0,Y,vip,VIP - handle with care
CUST-2727,Angela Woods,angela.woods@@gmail.com,call-me-maybe,CA,07/06/2025,GOLD,150.0,1,Wholesale,N/A
CUST-2728,Valerie Wong,valerie.wong@gmail.com,(728) 556-5932,canada,05-May-2024,GOLD,41.0,Y,VIP,
CUST-2729,Timothy Brown,timothy.brown@company.co,534.350.6011,CA,2022-01-21,Silver,,,retail ,called twice re: refund
CUST-2730,Mr. Richard Decker,mr..richard.decker@yahoo.com,+1-246-694-9628,RSA,22-Mar-2023,,,1,Retail,N/A
CUST-2731,TERRY BROWN  ,terry.brown@outlook.com,###-###-####,Brasil,"November 15, 2022",Platinum,39.0,1,Wholesale,VIP - handle with care
CUST-2732,Jennifer Duran,jennifer.duran@hotmail.com,+1-195-601-6333,Brazil,05/23/2024,Silver,62.0,1,retail ,VIP - handle with care
CUST-2733,Michael Perkins,michael.perkins@outlook.com,8221487856,DE,"December 26, 2021",Platinum,64.0,N,B2B,called twice re: refund
CUST-2734,Debra Drake,debra.drake@hotmail.com,920,India,04/03/2025,,20.0,0,retail ,
CUST-2735,Michelle Wilson,michelle.wilson@company.co,+1-789-284-7580,australia,09/04/2022,Bronze,150.0,FALSE,Retail,
CUST-2736,Javier Thomas,javier.thomas@company.co,+1-726-701-2699,france,11/25/2024,GOLD,33.0,Y,vip,VIP - handle with care
CUST-2737,Norma Serrano,norma.serrano@company.co,+1-869-928-5761,Nigeria,06/06/2021,,51.0,Yes,retail ,N/A
CUST-2738,Charles George,charles.george@outlook.com,call-me-maybe,USA,2026/06/21,,29.0,Y,Wholesale,
CUST-2739,Kayla Strickland,kayla.strickland@company.co,130.361.4413,ZA,2023/11/18,Platinum,29.0,Y,Wholesale,VIP - handle with care
CUST-2740,Jason Miller,jason.miller@gmail.com,806.737.1555,BR,2023-11-25,Silver,65.0,FALSE,B2B,
CUST-2741,Ryan Glenn,ryan.glenn@hotmail.com,158.922.4050,Nigeria,2024/06/19,,56.0,N,B2B,called twice re: refund
CUST-2742,John Cameron,john.cameron@hotmail.com,106.445.2802,Nigéria,"March 22, 2022",GOLD,44.0,1,VIP,
CUST-2743,Ashley Young,ashley.young@company.co,(354) 725-8488,U.S.A.,2024-03-06,GOLD,24.0,0,retail ,
CUST-2744, Thomas Chapman,thomas.chapman@gmail.com,call-me-maybe,Germany,04/28/2026,Silver,43.0,1,Retail,
CUST-2745,Gregory Liu,gregory.liu@outlook.com,(382) 150-5054,RSA,10-May-2024,GOLD,32.0,0,retail ,VIP - handle with care
CUST-2746,Gwendolyn Hughes,gwendolyn.hughes@yahoo.com,+1-124-797-5256,canada,2022/04/29,Gold,54.0,0,Wholesale,VIP - handle with care
CUST-2747,Daniel Harrell,daniel.harrell@yahoo.com,777.471.5085,Brazil,"June 10, 2024",,-2.0,,VIP,called twice re: refund
CUST-2748,tina hudson,tina.hudson @hotmail.com,(726) 515-9851,Canada,2024/09/10,GOLD,57.0,Yes,vip,VIP - handle with care
CUST-2749,Chad Brown,chad.brown@company.co,758.249.1624,Britain,2022-04-25,,,Yes,Retail,called twice re: refund
CUST-2750,Susan Ballard,susan.ballard@yahoo.com,9616193638,United States of America,19-Nov-2022,,40.0,No,vip,called twice re: refund
CUST-2751,Isaac Rice,isaac.rice @outlook.com,8724828891,canada,2024-08-03,bronze,21.0,Y,Wholesale,N/A
CUST-2752,Debbie Perkins,debbie.perkins@company.co,(199) 581-3835,France,12/07/2023,GOLD,74.0,TRUE,Wholesale,called twice re: refund
CUST-2753,Diana Moore,diana.moore@outlook.com,+1-231-880-2475,U.K.,2024/03/14,Gold,60.0,Yes,Wholesale,
CUST-2754,Michael Palmer,michael.palmer@company.co,983.773.5417,CA,2022/09/27,,37.0,N,vip,
CUST-2755,Renee Warren,renee.warren@outlook.com,call-me-maybe,germany,2021-01-11,,45.0,1,VIP,
CUST-2756,Jennifer Hayes,jennifer.hayes@company.co,(502) 551-4390,AU,"May 10, 2026",,63.0,No,Wholesale,
CUST-2757,Andrew Wolfe,andrew.wolfe@hotmail.com,626.929.9141,Britain,09-Oct-2023,Platinum,,1,Wholesale,VIP - handle with care
CUST-2758,Joanne Ochoa,joanne.ochoa@yahoo.com,(575) 465-1008,RSA,2025/03/29,Platinum,51.0,TRUE,Retail,
CUST-2062,Bradley Daniel MD,bradley.daniel.md@hotmail.com,(929) 592-2967,australia,20-Apr-2024,Bronze,50.0,FALSE,VIP,N/A
CUST-2760,Timothy Rivera,timothy.rivera@gmail.com,3361562253,Brasil,2022/07/13,Platinum,64.0,1,Retail,N/A
CUST-2761,Willie Maxwell,willie.maxwell@hotmail.com,+1-606-984-2275,Germany,08/30/2022,GOLD,45.0,0,Wholesale,N/A
CUST-2762,Joseph Garrison,joseph.garrison@hotmail.com,1436697966,Canada,09/05/2026,GOLD,29.0,No,Wholesale,
CUST-2763,Brandon Hunt,brandon.hunt@yahoo.com,###-###-####,France,"November 15, 2025",Silver,,Y,B2B,
CUST-2764,Jessica Black,jessica.black@yahoo.com,(678) 146-2716,Germany,"January 26, 2026",Platinum,71.0,0,Wholesale,called twice re: refund
CUST-2765,Brian David,brian.david@yahoo.com,799.980.4229,S. Africa,12-Jan-2023,Bronze,50.0,N,VIP,
CUST-1531,SHERRI CHAMBERS,sherri.chambers@gmail.com,+1-906-420-8477,RSA,30-Oct-2024,GOLD,22.0,N,Wholesale,N/A
CUST-2767,Diana Caldwell,diana.caldwell@outlook.com,+1-259-804-4732,Brasil,23-Jun-2026,Gold,42.0,,Wholesale,called twice re: refund
CUST-2768,Susan Hunter,susan.hunter@company.co,523.527.7195,DE,06/01/2026,Platinum,48.0,N,Wholesale,
CUST-2769,Christopher Collins,christopher.collins@outlook.com,+1-168-544-2822,Brazil,01/07/2026,Gold,-1.0,FALSE,Wholesale,
CUST-2770,Janet Leon,janet.leon@gmail.com,(552) 408-4977,Canada,2026/04/02,GOLD,-3.0,1,VIP,VIP - handle with care
CUST-2771,Jeanette Adkins,jeanette.adkins@yahoo.com,call-me-maybe,England,05/09/2022,,,1,VIP,
CUST-2772,erik  guerrero,erik.guerrero@gmail.com,(336) 696-5320,England,2021-08-15,,70.0,TRUE,retail ,called twice re: refund
CUST-2642,Diane Wilson,diane.wilson@gmail.com,5442855570,france,2026/05/04,Platinum,57.0,TRUE,vip,
CUST-2774,Michael Mcdonald,michael.mcdonald@yahoo.com,160.241.3063,germany,20/04/2021,Silver,60.0,FALSE,vip,
CUST-2775,Laura Jensen,laura.jensen@hotmail.com,call-me-maybe,U.K.,"December 19, 2027",Bronze,50.0,0,vip,VIP - handle with care
CUST-2776,sarah  phillips,sarah.phillips@outlookcom,###-###-####,United States,2025-08-19,Gold,60.0,FALSE,vip,
CUST-2777,Robert Gamble,robert.gamble@company.co,+1-834-362-3157,Brazil,02/05/2026,Silver,29.0,No,VIP,N/A
CUST-2778,Joshua Martinez,joshua.martinez@outlookcom,454.131.9541,India,2023/06/16,Silver,22.0,,retail ,called twice re: refund
CUST-2027,OLIVIA LOPEZ,olivia.lopez@company.co,110.837.3207,India,2022-04-11,,150.0,0,VIP,
CUST-2780,Timothy Glover,timothy.glover@outlook.com,324,Deutschland,2026/06/24,GOLD,42.0,1,Wholesale,VIP - handle with care
CUST-2781,Adam Hendricks,adam.hendricks@yahoo.com,+1-200-404-4318,U.S.A.,01/20/2021,,36.0,Y,Wholesale,VIP - handle with care
CUST-2782,Laura Taylor,laura.taylor@company.co,(358) 471-6984,U.K.,23/06/2021,,70.0,1,vip,
CUST-2783,  jerry johnson  ,jerry.johnson@gmail.com,+1-396-491-1390,Australia,"November 15, 2025",bronze,39.0,1,Wholesale,VIP - handle with care
CUST-2784,Amber Buck,amber.buck@hotmail.com,###-###-####,BR,10/31/2021,,69.0,TRUE,Wholesale,called twice re: refund
CUST-2785,Kirk Macias,kirk.macias@yahoo.com,+1-598-102-9116,Britain,03/12/2026,Bronze,39.0,Yes,Retail,N/A
CUST-2786,Terri Tyler,terri.tyler@yahoo.com,3965075256,canada,04/21/2026,Bronze,,N,Wholesale,N/A
CUST-2787,John Gonzalez,john.gonzalez@gmail.com,(149) 831-9042,Bharat,2024/01/07,,,No,Wholesale,
CUST-2788,Amanda Smith,amanda.smith@yahoo.com,+1-113-628-4565,Brasil,27/05/2026,Platinum,150.0,TRUE,Wholesale,VIP - handle with care
CUST-2789,John Brown,john.brown@hotmail.com,+1-498-866-5753,Nigéria,01/12/2023,,62.0,TRUE,B2B,N/A
CUST-2790,Tracy Ford,tracy.ford@gmail.com,700.408.5689,France,01/05/2026,bronze,54.0,FALSE,VIP,N/A
CUST-2791,Cindy Wilson MD,cindy.wilson.md@gmail.com,381.998.3970,Germany,20-Feb-2026,bronze,62.0,TRUE,vip,
CUST-2792,KATHLEEN MUNOZ  ,kathleen.munoz@company.co,(160) 232-3400,AU,2024-09-28,Gold,34.0,FALSE,Retail,called twice re: refund
CUST-2793,Jennifer Campos,jennifer.campos@companyco,294,DE,"February 20, 2025",Gold,75.0,,retail ,
CUST-2794,Alexander Watson,alexander.watson@outlook.com,5473601977,Brazil,13-Oct-2024,Bronze,22.0,,Wholesale,
CUST-2795,Michelle Fuller,michelle.fuller@outlook.com,(317) 291-2922,UK,2021/08/16,bronze,31.0,0,Wholesale,N/A
CUST-2796,Jennifer Edwards,jennifer.edwards@company.co,(244) 211-6399,CA,09/02/2023,,73.0,,Retail,
CUST-2797,John Perry,john.perry@hotmail.com,9871908937,U.S.A.,07/03/2025,Silver,60.0,,Wholesale,
CUST-2798,Hannah Hall,hannah.hall@yahoo.com,551,NG,12/09/2024,,51.0,No,Retail,
CUST-2799,Carrie Mills  ,carrie.mills@outlookcom,+1-103-276-4185,Canada,"September 28, 2021",Platinum,60.0,1,Wholesale,
CUST-2800,Carl  Phelps,carl.phelps@hotmail.com,(921) 635-2828,Britain,"January 17, 2021",Platinum,31.0,No,B2B,N/A
CUST-2801,Rebecca Little,rebecca.little@company.co,+1-612-984-9081,india,12/09/2025,Gold,150.0,N,Wholesale,called twice re: refund
CUST-2802,christina lopez,christina.lopezgmail.com,4646399410,U.K.,05/01/2024,GOLD,70.0,Yes,Wholesale,
CUST-2803,Donna Cooper,donna.cooper@yahoo.com,912,Canada,00/00/2025,Bronze,41.0,No,Wholesale,VIP - handle with care
CUST-2804,Michelle Estrada,michelle.estrada@hotmail.com,5567607595,Brasil,2025/03/25,,47.0,Y,VIP,VIP - handle with care
CUST-2805,Barbara Foster,barbara.foster@company.co,(185) 225-8916,Bharat,"February 26, 2024",Silver,150.0,1,VIP,
CUST-2806,Matthew Webb,matthew.webb@gmailcom,752.911.5648,Brazil,11/20/2025,Gold,20.0,N,VIP,
CUST-2807,Jennifer Wilson,jennifer.wilson@yahoo.com,call-me-maybe,Nigéria,2023-06-26,bronze,150.0,0,retail ,called twice re: refund
CUST-2808,Mark Lowe,mark.lowe@yahoo.com,+1-386-618-8105,S. Africa,2025/09/21,Silver,19.0,Y,Wholesale,
CUST-2809,Lisa Werner,lisa.werner@hotmail.com,+1-354-576-2425,Brazil,20/04/2022,bronze,-5.0,,retail ,
CUST-2810,KRISTIN JONES,kristin.jones@company.co,5453612395,DE,"March 21, 2024",Silver,74.0,Yes,Wholesale,
CUST-2811,TIMOTHY PUGH,timothy.pugh@outlook.com,+1-718-305-6315,Brasil,2022-05-17,Gold,47.0,1,vip,
CUST-2812,Joseph Holder,joseph.holder@yahoo.com,540.173.8532,S. Africa,"December 08, 2021",bronze,60.0,Yes,Wholesale,called twice re: refund
CUST-2813,Donald Atkinson,donald.atkinson@outlook.com,+1-729-425-6032,South Africa,"May 18, 2024",,,N,B2B,called twice re: refund
CUST-2814,Vanessa Melton,vanessa.melton@outlook.com,+1-964-624-5746,india,2021-12-07,Gold,-5.0,Y,Wholesale,called twice re: refund
CUST-2815,Calvin Meyer,calvin.meyer@hotmail.com,+1-611-270-1377,France,"February 21, 2023",,51.0,,Retail,VIP - handle with care
CUST-2816,Donald Deleon,donald.deleon@hotmail.com,+1-429-163-2280,united states,"March 24, 2026",Platinum,45.0,Yes,Retail,
CUST-2817,Alec Silva,alec.silva@company.co,384,ZA,22-May-2024,Gold,74.0,1,retail ,called twice re: refund
CUST-2818,Kristy Estrada,kristy.estrada@yahoo.com,5679206633,Britain,2024-05-24,Silver,31.0,1,retail ,
CUST-2819,Hannah Haynes,hannah.haynes@company.co,+1-454-988-6070,Deutschland,"December 18, 2023",Platinum,21.0,TRUE,Wholesale,
CUST-2820,Brian Daniel,brian.daniel@outlook.com,4692694328,FR,2022-01-25,bronze,52.0,Y,Wholesale,N/A
CUST-2821,John Ellison,john.ellison@hotmail.com,###-###-####,nigeria,2024/12/25,,42.0,TRUE,B2B,
CUST-2822,Virginia Myers,virginia.myers@outlook.com,207.341.4114,Brazil,04/09/2023,GOLD,32.0,Y,B2B,
CUST-2823,Peggy Carter,peggy.carter@@gmail.com,(883) 891-6692,canada,2026-06-11,GOLD,23.0,TRUE,Wholesale,
CUST-2824,Pamela Rogers,pamela.rogers@outlook.com,###-###-####,U.S.A.,10-Nov-2024,bronze,-4.0,Yes,Wholesale,
CUST-2825,Teresa Scott,teresa.scott@hotmail.com,422.791.7495,france,2025/10/31,Platinum,47.0,0,Wholesale,N/A
CUST-2826,michelle casey,michelle.casey@company.co,4072791373,US,18/01/2021,Bronze,,N,vip,VIP - handle with care
CUST-2827,Adam Douglas,adam.douglas@gmail.com,219.835.9338,Bharat,"August 15, 2025",Gold,59.0,No,retail ,called twice re: refund
CUST-2828,Amanda Monroe,amanda.monroe@yahoo.com,1167973061,South Africa,2021-07-17,bronze,48.0,Y,vip,called twice re: refund
CUST-2829,Lori Collins,lori.collins@outlook.com,239.990.7262,nigeria,10/03/2024,,45.0,TRUE,Wholesale,N/A
CUST-2830,Tanya Rice,tanya.rice@gmail.com,(203) 203-5809,U.S.A.,07/09/2025,Bronze,46.0,,Wholesale,N/A
CUST-2831,Kevin Brown,kevin.brown@hotmail.com,(777) 191-8355,BR,2024/10/03,Platinum,73.0,Yes,VIP,N/A
CUST-2832,Kevin Washington,kevin.washington@gmail.com,580.201.4246,Bharat,2024/01/28,Silver,70.0,1,VIP,called twice re: refund
CUST-2833,Joel Murray,joel.murray@hotmail.com,4953058610,Deutschland,2021/07/02,,37.0,No,vip,called twice re: refund
CUST-2834,Janice Salazar,janice.salazar@company.co,2612273503,NG,2024-10-23,,46.0,0,VIP,
CUST-2835,William Higgins,william.higgins@yahoo.com,698.828.8975,FR,24-Mar-2026,,56.0,TRUE,retail ,called twice re: refund
CUST-2836,Sharon Vargas,sharon.vargas@yahoo.com,272.522.8139,United Kingdom,2022-08-17,,61.0,,Wholesale,N/A
CUST-2837,Joseph Ramos,joseph.ramos@gmail.com,+1-544-273-7452,australia,2024-03-13,bronze,75.0,0,Wholesale,VIP - handle with care
CUST-2838,Timothy Mccormick,timothy.mccormick@yahoo.com,+1-328-846-6837,Brazil,11/14/2025,Platinum,-1.0,,VIP,
CUST-2839,Vanessa Gibson,vanessa.gibson@hotmail.com,+1-463-696-8352,france,27/06/2023,,,FALSE,retail ,called twice re: refund
CUST-2840,Mark Sherman,mark.sherman@company.co,(450) 307-3467,Britain,2022-12-06,Gold,,TRUE,Wholesale,VIP - handle with care
CUST-2841,Kyle Miller,kyle.miller@gmail.com,4108796086,S. Africa,05-Nov-2027,Bronze,30.0,No,Retail,
CUST-2842,Keith Robinson,keith.robinson@yahoo.com,204,DE,"October 03, 2021",bronze,42.0,Y,VIP,N/A
CUST-2843,Stephen Newton,stephen.newton@company.co,+1-382-959-6534,U.K.,2025-10-19,Gold,-4.0,N,B2B,
CUST-2844,Paul Weaver,paul.weaver@company.co,+1-616-172-5987,CA,"September 13, 2023",Bronze,28.0,FALSE,Wholesale,N/A
CUST-2845,daniel ellis,daniel.ellis@yahoo.com,991.360.7563,Nigeria,"May 02, 2025",,21.0,,Wholesale,
CUST-2846,Andrew Gilbert,andrew.gilbert@outlook.com,call-me-maybe,NG,2025-10-30,Platinum,,0,B2B,called twice re: refund
CUST-2847,Paula Braun,paula.braun@yahoo.com,+1-546-676-2964,Australia,2023/05/16,Silver,29.0,0,Retail,called twice re: refund
CUST-2848,Paul Summers,paul.summers@yahoo.com,8499204793,RSA,13/07/2022,Gold,61.0,FALSE,vip,
CUST-2849,Erica Carter  ,erica.carter@company.co,(554) 168-7299,Brazil,2026/01/02,bronze,63.0,N,VIP,
CUST-2850,Nathan Lopez,nathan.lopez@yahoo.com,638.291.3891,Canada,2021-06-05,,66.0,1,retail ,N/A
CUST-2851,Robert Sullivan,robert.sullivan@gmail.com,+1-907-445-6323,france,2022-09-23,,150.0,Y,vip,
CUST-2852,COREY MEYER,corey.meyer@hotmail.com,(344) 594-3761,CA,2025/03/14,Bronze,150.0,FALSE,VIP,called twice re: refund
CUST-2853,Audrey Romero,audrey.romero@company.co,(544) 501-4727,U.K.,"April 12, 2025",,57.0,Y,retail ,called twice re: refund
CUST-2854,Rebecca Lynch,rebecca.lynch@yahoo.com,call-me-maybe,India,"May 15, 2025",Platinum,150.0,Yes,Retail,
CUST-2855,  brandy lopez,brandy.lopez@yahoo.com,729.891.5028,canada,2025-08-22,bronze,150.0,,retail ,
CUST-2856,Walter Schneider,walter.schneider@outlook.com,978.692.7155,Britain,07/22/2024,GOLD,45.0,TRUE,Wholesale,VIP - handle with care
CUST-2857,James Rhodes,james.rhodes@company.co,(495) 278-8069,Germany,12/08/2025,Silver,66.0,Yes,Wholesale,VIP - handle with care
CUST-2858,Laura Martinez,laura.martinez@hotmail.com,484.139.7612,Australia,18-Mar-2021,,150.0,Yes,Retail,
CUST-2859,Kristen Rodriguez  ,kristen.rodriguez@yahoo.com,(681) 736-8236,United Kingdom,"January 03, 2022",GOLD,51.0,Yes,B2B,VIP - handle with care
CUST-2860,Rebecca Norris,rebecca.norris@company.co,5465062318,ZA,"May 26, 2022",Bronze,68.0,,Wholesale,VIP - handle with care
CUST-2861,Brian Watson,brian.watson@hotmail.com,(288) 688-1571,Australia,09/05/2021,Silver,-3.0,,vip,called twice re: refund
CUST-2862,KAYLEE MENDOZA,kaylee.mendoza@,+1-953-332-8673,BR,12-Jan-2024,bronze,40.0,Y,retail ,
CUST-2863,Mrs. Marie Morrow,mrs..marie.morrow@gmail.com,(575) 288-3207,Canada,27-Nov-2021,,44.0,,VIP,
CUST-2864,Daniel Torres,daniel.torres@hotmail.com,8777199299,RSA,20-Mar-2021,,150.0,,Wholesale,called twice re: refund
CUST-2865,Jenny Myers,jenny.myers@outlook.com,+1-630-307-8452,DE,2026/03/20,Silver,35.0,No,Retail,
CUST-2866,David Williams,david.williams@company.co,919.835.2268,Germany,09/14/2021,,33.0,Y,Retail,called twice re: refund
CUST-2867,angela pierce,angela.pierce@outlook.com,+1-481-542-4007,india,19-May-2025,bronze,56.0,Yes,VIP,called twice re: refund
CUST-2868,Victor Miranda,victor.miranda@gmail.com,call-me-maybe,Australia,2021/07/14,bronze,45.0,No,retail ,
CUST-2869, Thomas Willis,thomas.willis@yahoo.com,662.672.8242,Brazil,04-Mar-2026,GOLD,68.0,TRUE,retail ,
CUST-2870,BRENDA BARNES,brenda.barnes@outlook.com,(516) 959-2015,South Africa,2024/10/31,Gold,41.0,1,retail ,called twice re: refund
CUST-2871,Lori Nelson,lori.nelson@hotmail.com,+1-823-508-3805,Germany,"April 26, 2022",,73.0,Yes,VIP,
CUST-2872,Donald Curry,donald.curry@hotmail.com,+1-586-966-3716,South Africa,2025/02/25,Platinum,36.0,Y,Wholesale,N/A
CUST-2873,Kyle Boyd,kyle.boyd@yahoo.com,363,USA,03/26/2021,Gold,29.0,TRUE,VIP,
CUST-2874, Carl Allen,carl.allen@outlook.com,+1-232-324-1679,australia,2023/11/17,Gold,150.0,TRUE,Wholesale,N/A
CUST-2875,Tracy Williams,tracy.williams@hotmail.com,+1-317-500-6438,USA,03-Apr-2024,GOLD,64.0,N,Wholesale,
CUST-2876,Alejandro Andersen,alejandro.andersen@outlook.com,144.589.1768,Australia,2025-08-25,bronze,49.0,Yes,B2B,VIP - handle with care
CUST-2877,Amanda Andrews,amanda.andrews@gmail.com,983.761.8359,Canada,06/03/2025,,62.0,Yes,Wholesale,N/A
CUST-2878,SARAH JOHNSON  ,sarah.johnson@outlook.com,(447) 968-3140,Nigéria,2023/03/09,,64.0,1,Wholesale,
CUST-2879,Kevin Long DDS,kevin.long.dds@yahoo.com,(306) 885-6476,CA,02/11/2024,Platinum,53.0,,Wholesale,
CUST-2880,Christian Porter,christian.porter@@company.co,185.669.3538,RSA,10/18/2021,GOLD,150.0,1,B2B,VIP - handle with care
CUST-2881,Kyle Holt,kyle.holt@hotmail.com,###-###-####,S. Africa,2024-12-02,,27.0,1,Wholesale,VIP - handle with care
CUST-2882,Matthew Jones,matthew.jones@yahoo.com,(981) 239-2177,germany,15/08/2023,Platinum,54.0,FALSE,vip,called twice re: refund
CUST-2883,MARK WALLACE,mark.wallace@gmail.com,310.651.1004,AU,08/18/2024,Platinum,,No,VIP,
CUST-2884,Sydney Navarro,sydney.navarro@yahoo.com,+1-653-326-4734,FR,2026/03/13,Silver,43.0,Yes,B2B,
CUST-2885,John Butler,john.butler@outlook.com,call-me-maybe,Nigeria,02/07/2023,,50.0,Y,Wholesale,N/A
CUST-2886, Alan Rodriguez,alan.rodriguez@company.co,5725839545,U.K.,08/15/2024,Gold,63.0,Yes,Wholesale,
CUST-2887,Vincent Bryant,vincent.bryant@company.co,862.662.6731,NG,04/22/2025,Silver,27.0,,VIP,
CUST-2888,Austin Arnold,austin.arnold @hotmail.com,171.533.1153,BR,05/09/2025,Silver,46.0,FALSE,B2B,N/A
CUST-2889,Shannon Martin,shannon.martin@outlook.com,+1-133-339-2225,canada,08/10/2023,,47.0,N,VIP,N/A
CUST-2890,Samantha Ryan,samantha.ryan@company.co,621.869.7784,USA,2022-08-21,Bronze,34.0,Yes,Wholesale,VIP - handle with care
CUST-2891,Richard Scott,richard.scott@company.co,(512) 576-3451,Australia,2023-06-29,GOLD,-2.0,FALSE,VIP,
CUST-2892,Justin Chang,justin.chang@gmail.com,4359047033,australia,30-Jul-2021,GOLD,38.0,Y,B2B,N/A
CUST-2893,NICHOLAS  DUNCAN,nicholas.duncan@outlook.com,(748) 950-6738,Deutschland,28/06/2021,,54.0,TRUE,Wholesale,N/A
CUST-2894,Rebecca Graves,rebecca.graves@yahoo.com,(722) 674-3348,Nigéria,2025-03-18,,27.0,1,retail ,called twice re: refund
CUST-2895,JESSICA CARPENTER,jessica.carpenteryahoo.com,6524258886,FR,2025/07/21,Bronze,44.0,0,Retail,N/A
CUST-2896,Christine Howard,christine.howard@outlook.com,###-###-####,nigeria,15-Apr-2022,,60.0,FALSE,VIP,
CUST-2897,George Williams,george.williams@gmail.com,(430) 523-2744,Deutschland,2022/06/05,Silver,55.0,1,vip,
CUST-2898,Stacie Alvarez,stacie.alvarez @company.co,+1-722-556-3376,france,19-May-2025,Gold,39.0,N,retail ,VIP - handle with care
CUST-2899,Jennifer Wright,jennifer.wright@yahoo.com,9611872772,UK,11-Feb-2021,Bronze,35.0,TRUE,Retail,called twice re: refund
CUST-2900,Ryan Macdonald,ryan.macdonald @gmail.com,8603842555,Australia,14/12/2025,Gold,-5.0,Yes,Wholesale,
CUST-2901,Jacqueline Simpson,jacqueline.simpson@company.co,6562756645,United Kingdom,12-Mar-2022,,,0,VIP,VIP - handle with care
CUST-2902,Cory Lester,cory.lester@outlook.com,+1-562-664-6219,RSA,12-Jun-2024,,49.0,0,Wholesale,called twice re: refund
CUST-2903,Cameron Ingram,cameron.ingram@hotmail.com,278.709.3384,RSA,09/09/2025,Bronze,40.0,No,Wholesale,VIP - handle with care
CUST-2904,BIANCA RILEY,bianca.riley@yahoo.com,+1-325-151-8248,England,06/05/2023,,-1.0,Y,Wholesale,
CUST-2905,Erin Davis,erin.davis@outlook.com,7268536329,AU,2024/12/01,GOLD,45.0,N,Wholesale,called twice re: refund
CUST-2906,stephanie pearson,stephanie.pearson@outlook.com,316.727.5045,IN,2025/05/12,GOLD,41.0,,Retail,
CUST-2907,Edward Gordon,edward.gordon@company.co,+1-511-557-5245,DE,2023-07-05,Platinum,28.0,Yes,Retail,
CUST-2908,Amanda Clark,amanda.clark@gmail.com,500.846.6214,Britain,20-Jun-2024,,73.0,,retail ,
CUST-2909,JOSEPH FERGUSON  ,joseph.ferguson@gmail.com,(759) 653-8314,AU,25/02/2024,Platinum,53.0,No,Wholesale,
CUST-2910,Colin Carlson,colin.carlson@hotmail.com,call-me-maybe,nigeria,2024-05-21,Gold,44.0,TRUE,B2B,
CUST-2911,Jessica Mccarthy,jessica.mccarthy@yahoo.com,4081321557,England,2023/05/08,GOLD,58.0,Yes,Retail,
CUST-2912,Bobby Barnett,bobby.barnett@gmail.com,(125) 260-2747,Canada,07/11/2025,Silver,42.0,N,VIP,
CUST-2913,Angela Gilmore,angela.gilmore@yahoocom,7977258448,nigeria,2025-13-05,Bronze,41.0,FALSE,Wholesale,
CUST-2914,Andrew Camacho,andrew.camacho@hotmail.com,1288873941,Nigéria,2021-09-22,Gold,-4.0,N,Wholesale,VIP - handle with care
CUST-2915,Vernon Booth,vernon.booth@gmail.com,+1-485-466-8239,Nigéria,10/04/2026,Silver,62.0,1,vip,
CUST-2916,Kevin Santos,kevin.santos@gmail.com,+1-428-701-4520,Britain,29/11/2024,bronze,150.0,0,B2B,N/A
CUST-2917,Joseph Martin,joseph.martin@hotmail.com,3631228934,DE,01/08/2024,GOLD,150.0,No,B2B,N/A
CUST-2918,Katrina Brown,katrina.brown@outlook.com,(199) 953-3481,FR,20/07/2023,bronze,40.0,1,Wholesale,
CUST-2919,Erica Gonzalez,erica.gonzalez@yahoo.com,904.546.3507,Germany,2022/06/13,Gold,150.0,FALSE,retail ,
CUST-2920,Amy Brooks,amy.brooks@gmail.com,(530) 571-3516,South Africa,"March 31, 2022",Silver,35.0,Yes,VIP,VIP - handle with care
CUST-2921,brenda graham  ,brenda.graham@hotmail.com,1054774352,germany,05/14/2025,Platinum,150.0,No,retail ,called twice re: refund
CUST-2922,LISA GREEN,lisa.green@outlook.com,858.584.6418,australia,11/20/2023,Gold,150.0,N,Wholesale,called twice re: refund
CUST-2923,Craig Wallace,craig.wallace@yahoo.com,+1-365-346-8569,australia,11/18/2025,,-4.0,No,vip,N/A
CUST-2924,Christopher Kent,christopher.kent@outlook.com,+1-482-583-7880,DE,18-Sep-2023,Silver,75.0,Y,vip,VIP - handle with care
CUST-2925,Kathleen Calderon,kathleen.calderon@hotmail.com,(440) 299-7706,DE,07/01/2025,,73.0,TRUE,B2B,
CUST-2926,Lisa Alvarez,lisa.alvarez@gmailcom,call-me-maybe,Canada,03/21/2024,GOLD,66.0,N,retail ,
CUST-2927,Gail Jones,gail.jones@yahoo.com,###-###-####,AU,2025/09/15,Gold,49.0,0,VIP,
CUST-1569,Jonathan Gross,jonathan.gross@company.co,260.530.4273,ZA,2025-02-30,Platinum,150.0,0,retail ,VIP - handle with care
CUST-2040, Kelsey Barnett,kelsey.barnett@company.co,(361) 473-2655,US,2024/12/24,Gold,46.0,1,VIP,VIP - handle with care
CUST-2930,Rachel Lawrence,rachel.lawrence@company.co,1925083630,DE,2024-02-13,GOLD,-3.0,0,vip,called twice re: refund
CUST-2931,Bradley Macias,bradley.macias@outlook.com,3444727954,CA,28-Jun-2024,Gold,60.0,,vip,
CUST-2932,Matthew Davis,matthew.davis@gmail.com,343.590.5293,DE,08/18/2021,bronze,,Yes,VIP,VIP - handle with care
CUST-2933,Jason Powell,jason.powell@company.co,2977493916,RSA,2025-06-25,,26.0,0,B2B,
CUST-2934,Juan Rosario,juan.rosario@gmail.com,1286722633,Germany,"March 09, 2025",Bronze,67.0,Y,Wholesale,VIP - handle with care
CUST-2935,kevin craig,kevin.craig@hotmail.com,(801) 494-2593,South Africa,27/09/2023,,22.0,,B2B,
CUST-2936,Tammy Gillespie,tammy.gillespie@company.co,+1-216-418-8121,United States,2025-13-05,Gold,20.0,N,VIP,
CUST-2937,Julie Sherman,julie.sherman@outlook.com,+1-181-838-9428,RSA,2024/04/24,,48.0,No,VIP,
CUST-2938,Carl Farrell,carl.farrell@company.co,###-###-####,BR,"December 22, 2024",Platinum,-1.0,N,vip,VIP - handle with care
CUST-2939,Jonathan Richardson,jonathan.richardson@hotmailcom,###-###-####,india,2022-10-20,Gold,,Y,B2B,N/A
CUST-2940,Paul Conway,paul.conway@company.co,231.764.8264,nigeria,2023-10-25,Bronze,25.0,1,VIP,
CUST-2941,Kelli Johnson,kelli.johnsoncompany.co,164,AU,11/06/2022,Bronze,74.0,1,Retail,called twice re: refund
CUST-2942, Mary Gibbs,mary.gibbs@hotmail.com,1331049932,Australia,10/24/2024,,,1,Retail,called twice re: refund
CUST-2943,Gabriella Watkins,gabriella.watkins@hotmailcom,716.820.2064,BR,02/01/2022,bronze,48.0,TRUE,vip,
CUST-2944,Thomas Fisher,thomas.fisher@outlook.com,103.600.5013,United Kingdom,2025/05/04,Silver,,N,Wholesale,called twice re: refund
CUST-2945,Tommy Day,tommy.day @outlook.com,###-###-####,BR,"February 20, 2021",,,No,Retail,
CUST-2070,CLAYTON GEORGE,clayton.george@company.co,+1-509-864-1781,ZA,02-Aug-2025,Gold,62.0,1,retail ,
CUST-2947,Heather Buchanan,heather.buchanan@gmail.com,+1-542-792-7673,Canada,07/19/2022,bronze,61.0,0,B2B,
CUST-2948,Nicole Burton,nicole.burton@gmail.com,+1-400-358-7511,U.K.,2025-03-08,Gold,74.0,Yes,Retail,called twice re: refund
CUST-2949,William Sanders,william.sanders@yahoo.com,9455274779,germany,15-Sep-2021,bronze,61.0,,Retail,VIP - handle with care
CUST-2950,Samuel Lane,samuel.lane@outlook.com,370.586.1562,United Kingdom,04/09/2023,bronze,23.0,N,Wholesale,
CUST-2951,David Cruz,david.cruz@outlook.com,567.556.3241,U.K.,2025/09/25,,56.0,N,B2B,
CUST-2952,John Cox,john.cox@hotmail.com,###-###-####,United Kingdom,"September 19, 2024",Bronze,,0,Retail,N/A
CUST-2953,Megan Pierce,megan.pierce@yahoo.com,+1-757-150-3605,FR,"January 10, 2024",Gold,69.0,1,vip,N/A
CUST-2954,Amanda Contreras,amanda.contreras@outlook.com,(197) 131-2374,france,"July 12, 2024",bronze,-4.0,Y,retail ,N/A
CUST-2955,samantha clark,samantha.clark@@yahoo.com,(167) 133-3814,Germany,02/17/2026,,58.0,Yes,Wholesale,
CUST-2956,Austin Johnson  ,austin.johnson@company.co,8006167084,US,02/28/2025,bronze,150.0,TRUE,VIP,
CUST-2957,Jennifer Flores,jennifer.flores@gmail.com,+1-999-596-3424,france,2024-03-11,Silver,32.0,1,vip,
CUST-2958,William Juarez,william.juarez@,+1-401-903-4934,South Africa,"January 07, 2023",Silver,75.0,1,VIP,VIP - handle with care
CUST-2959,Jesse Petersen,,,CA,2025/01/20,Silver,150.0,No,B2B,
CUST-2960, Tony Knox,tony.knox@company.co,1058266934,australia,2024-12-11,GOLD,49.0,Yes,Wholesale,
CUST-2961,Erica Mclaughlin PhD,erica.mclaughlin.phd@outlook.com,403.273.8267,England,11/05/2022,,53.0,0,Wholesale,
CUST-2962,Tanya Hodges,tanya.hodges@gmail.com,902,CA,"March 19, 2023",GOLD,41.0,N,Wholesale,
CUST-2963,Alexander Perez MD,alexander.perez.md@outlook.com,+1-591-735-7831,AU,02/10/2026,,68.0,N,VIP,called twice re: refund
CUST-2964,Benjamin Johnson,benjamin.johnson@@yahoo.com,+1-927-935-1460,india,05-Jun-2024,Bronze,24.0,N,Retail,
CUST-2965,Michael Thompson,michael.thompson@outlook.com,1553687084,FR,"November 06, 2022",Platinum,,1,vip,VIP - handle with care
CUST-2966,Stephen Blair,stephen.blair@company.co,9715568414,Bharat,04-Aug-2021,Bronze,41.0,TRUE,Wholesale,called twice re: refund
CUST-2967,Rebecca Waller,rebecca.waller@gmail.com,7605513442,DE,19/12/2022,GOLD,65.0,Yes,Wholesale,N/A
CUST-2968,Michele Cobb,michele.cobb@outlook.com,326.527.8613,Bharat,2021/12/25,Gold,42.0,Y,B2B,N/A
CUST-2969,Rebecca Thompson,rebecca.thompson@outlook.com,+1-873-534-6447,canada,2025/05/10,GOLD,29.0,0,Wholesale,
CUST-2970,Mindy Gutierrez,mindy.gutierrez@hotmail.com,578.948.8672,canada,29-Jan-2023,Bronze,68.0,FALSE,retail ,VIP - handle with care
CUST-2971,Ruth Gonzalez,ruth.gonzalez@gmail.com,7876798330,BR,2021/10/15,Silver,45.0,No,Wholesale,
CUST-1498,Mary Jensen,mary.jensen@gmail.com,+1-586-471-7688,United Kingdom,01/21/2026,Gold,22.0,FALSE,retail ,N/A
CUST-2973,KAYLA BROWN,kayla.brown@company.co,+1-117-923-6788,Australia,04/01/2024,Gold,18.0,N,VIP,
CUST-2974,JONATHAN WILSON,jonathan.wilson@hotmail.com,2706686648,AU,18-Mar-2023,GOLD,70.0,No,VIP,
CUST-2975,Margaret Delgado,margaret.delgado@,(462) 704-9926,germany,"October 10, 2025",,-5.0,No,vip,called twice re: refund
CUST-2976,Kristen Cooper,kristen.cooper @gmail.com,(246) 660-5768,United Kingdom,"March 27, 2022",,61.0,Y,B2B,called twice re: refund
CUST-2977, April Paul,april.paul@yahoo.com,(217) 831-9240,France,2024-02-14,GOLD,150.0,0,Wholesale,
CUST-2978,Terri Welch,terri.welch@company.co,275,Brazil,2021-09-27,,52.0,TRUE,Wholesale,
CUST-2979,Stephen Chaney,stephen.chaney@gmail.com,115.813.4310,australia,14/03/2023,Bronze,31.0,N,VIP,VIP - handle with care
CUST-2980,Katrina Benitez,katrina.benitez@gmail.com,4346834209,England,15/09/2021,bronze,51.0,N,vip,N/A
CUST-2981,Christina  Rice,christina.rice @hotmail.com,+1-420-783-8551,germany,2021/09/20,Platinum,,,Wholesale,
CUST-2982,William Dean,william.dean@company.co,(831) 394-3650,Brazil,23-Dec-2022,bronze,20.0,Y,vip,
CUST-2983,Laura Zhang,laura.zhang@yahoo.com,8583644569,NG,2021/10/03,bronze,65.0,0,retail ,called twice re: refund
CUST-2984,SARAH MOORE,sarah.moore@yahoo.com,+1-478-984-2412,BR,19-Feb-2025,Gold,60.0,Yes,vip,VIP - handle with care
CUST-2985, Larry Bolton  ,larry.bolton@company.co,+1-679-981-7936,US,10-Jun-2026,bronze,150.0,N,vip,
CUST-2986,Lindsay Wright,lindsay.wright@hotmail.com,4499262898,BR,"February 22, 2022",GOLD,38.0,Yes,VIP,N/A
CUST-2987,Jacob Serrano,jacob.serrano@hotmail.com,881.296.8836,Deutschland,"January 29, 2024",Silver,39.0,Yes,vip,VIP - handle with care
CUST-1322, karen clay,karen.clay@,194.440.1165,Brazil,2022/07/07,bronze,49.0,Y,Wholesale,VIP - handle with care
CUST-2989,Jason Wright,jason.wright@company.co,call-me-maybe,india,2024/01/22,,46.0,0,Wholesale,N/A
CUST-2990,Joseph Snyder,joseph.snyder@outlook.com,616.560.9022,DE,21-Jan-2026,Gold,43.0,Y,Wholesale,N/A
CUST-2991,William Livingston,william.livingston@company.co,(735) 368-5280,Bharat,27-Dec-2022,Silver,35.0,Y,Wholesale,called twice re: refund
CUST-2992,Bradley Figueroa,bradley.figueroa@company.co,+1-256-452-3142,united states,"May 09, 2021",bronze,150.0,No,B2B,
CUST-2993,Angela Anderson,angela.anderson@outlook.com,(419) 173-2334,france,03/07/2023,,70.0,No,B2B,N/A
CUST-2994,Shannon Garner,shannon.garner@gmail.com,846.365.3206,England,2024-07-26,Platinum,150.0,FALSE,B2B,N/A
CUST-2995,william wright,william.wright@gmail.com,###-###-####,India,2024-03-31,GOLD,37.0,No,Wholesale,
CUST-2996,  MARIO DAVIDSON,mario.davidson@company.co,656.321.1886,U.K.,01/14/2027,GOLD,150.0,Y,VIP,N/A
CUST-2997,Veronica Perez,veronica.perez@outlook.com,2599716165,Germany,2021/05/09,,,1,Wholesale,N/A
CUST-2998,Nicholas Mcdonald,nicholas.mcdonald@gmail.com,2033848129,germany,21/09/2023,,42.0,,VIP,
CUST-2999,Clayton Mitchell,clayton.mitchell@hotmail.com,931.560.7250,France,2021/11/10,bronze,31.0,FALSE,vip,N/A
CUST-3000,Samantha Moody,samantha.moody@outlook.com,###-###-####,CA,"March 08, 2025",,37.0,1,retail ,
CUST-3001,Derek Bonilla,derek.bonilla@gmail.com,+1-602-856-5994,Britain,00/00/2025,Silver,67.0,No,retail ,
CUST-3002,Kayla Kerr,kayla.kerr@yahoo.com,+1-507-660-3749,Brazil,08-Jul-2025,GOLD,48.0,,Retail,VIP - handle with care
CUST-3003,IAN GARRETT,ian.garrett@company.co,(474) 336-4793,U.K.,30/01/2025,,71.0,TRUE,Wholesale,
CUST-3004, angela leon,angela.leon@yahoo.com,(182) 198-9092,FR,2025/08/20,,150.0,No,Wholesale,
CUST-3005,Brandon Gonzalez,brandon.gonzalez@yahoo.com,+1-266-430-3297,india,05/10/2022,Bronze,-4.0,N,VIP,called twice re: refund
CUST-3006,Cathy Dudley,cathy.dudley@outlook.com,870,France,2021-08-03,,,TRUE,vip,
CUST-3007,Erika Allen,erika.allen@outlook.com,1913482144,germany,02-Aug-2021,Platinum,40.0,TRUE,Wholesale,N/A
CUST-3008,austin ross,austin.ross@outlook.com,+1-769-324-9977,IN,2021/03/06,bronze,29.0,TRUE,retail ,
CUST-2516, Lauren Cooper,lauren.cooper@company.co,+1-722-351-4963,Deutschland,06-Oct-2023,Gold,69.0,1,VIP,
CUST-3010,Scott Brown,scott.brown@hotmail.com,(715) 722-7892,ZA,08-Aug-2021,Silver,18.0,N,Retail,called twice re: refund
CUST-3011,COURTNEY BAKER,,,united states,24/02/2024,Platinum,58.0,0,Wholesale,VIP - handle with care
CUST-3012,Deanna Livingston,deanna.livingston@yahoo.com,825.162.8850,India,18-Jan-2021,bronze,38.0,0,Retail,
CUST-3013,Mr. Thomas Wilkerson,mr..thomas.wilkerson@yahoo.com,1102456812,U.S.A.,07-Dec-2024,Silver,49.0,N,retail ,
CUST-3014,Rodney Odonnell,rodney.odonnell@gmail.com,(110) 819-5958,Nigéria,"September 21, 2024",,24.0,0,Retail,
CUST-3015,James Zuniga,james.zuniga@hotmail.com,897.184.2246,canada,"January 07, 2023",GOLD,24.0,Yes,Wholesale,N/A
CUST-3016,Heather Jenkins,heather.jenkins@yahoo.com,+1-192-130-2614,Nigéria,10/03/2021,Bronze,150.0,0,Retail,N/A
CUST-3017,Kathryn Wilson,kathryn.wilson@yahoo.com,+1-539-206-1432,Brazil,07/29/2023,bronze,45.0,Yes,Retail,N/A
CUST-3018,Perry Robinson,perry.robinson@hotmail.com,489,US,12-Mar-2025,Platinum,58.0,Yes,Retail,
CUST-3019,Francisco Gallegos,francisco.gallegos @gmail.com,(215) 423-7804,USA,"July 01, 2022",bronze,55.0,TRUE,Retail,N/A
CUST-3020,Heather Green,heather.green@gmail.com,(579) 162-8537,France,"December 18, 2025",,61.0,FALSE,B2B,called twice re: refund
CUST-3021,Kimberly Singleton,kimberly.singleton@company.co,(398) 473-2728,France,2024-02-27,,50.0,,retail ,
CUST-3022,Jose Ingram,jose.ingram@outlook.com,248.947.1148,England,"March 04, 2023",bronze,18.0,Yes,Wholesale,called twice re: refund
CUST-3023,Patricia Klein,patricia.klein@gmail.com,480.552.7258,NG,19-Oct-2022,Silver,72.0,N,Retail,
CUST-3024,Randall Miller,randall.miller@outlook.com,3098297152,Australia,2025-07-21,,31.0,Y,Wholesale,
CUST-3025,Joanna Nicholson,joanna.nicholson@hotmail.com,+1-169-794-8973,FR,03-Oct-2025,bronze,64.0,1,Retail,
CUST-3026,Charles Stewart,charles.stewart@outlook.com,(744) 996-4243,IN,05-Apr-2025,Gold,40.0,Yes,Wholesale,
CUST-3027,Brenda Roberts,brenda.roberts@hotmail.com,+1-485-794-8308,Canada,2021-01-14,Silver,65.0,N,vip,
CUST-2846,Barbara Robinson,barbara.robinson@,(118) 111-4563,RSA,"March 03, 2021",GOLD,,1,retail ,called twice re: refund
CUST-3029,Megan Nelson,megan.nelson@hotmail.com,855.259.6327,germany,04-Jan-2025,Gold,31.0,Y,VIP,N/A
CUST-3030,Michael Stewart,michael.stewart@company.co,646.957.2792,DE,2025-09-13,,,1,B2B,
CUST-3031,amanda  powell,amanda.powell@yahoo.com,+1-659-520-2328,BR,23/01/2023,Gold,37.0,FALSE,retail ,
CUST-1237,Julie Bruce,julie.brucehotmail.com,(475) 655-6699,DE,"April 25, 2024",,69.0,,Wholesale,VIP - handle with care
CUST-3033,AUTUMN WELCH,autumn.welch@hotmail.com,822.662.3237,nigeria,2023/06/13,Platinum,40.0,0,VIP,called twice re: refund
CUST-3034,Ruth Torres,ruth.torres@hotmail.com,(729) 587-9292,United Kingdom,04/07/2021,Bronze,57.0,Y,retail ,
CUST-3035,samantha taylor  ,samantha.taylor@company.co,+1-326-675-5457,S. Africa,10/18/2025,Platinum,62.0,0,Retail,
CUST-3036,Thomas Moore,thomas.moore@gmail.com,5169671778,United States of America,2021-02-04,,60.0,0,Retail,
CUST-3037,Robert Morris,robert.morris@hotmail.com,+1-576-670-9580,australia,04-Aug-2021,Platinum,43.0,No,Wholesale,
CUST-3038,Gene Davis,gene.davis @hotmail.com,(935) 303-4057,Nigéria,18-Dec-2021,GOLD,54.0,1,B2B,
CUST-3039,Amber Reynolds,amber.reynolds@hotmail.com,6082791461,germany,2021-01-20,,28.0,0,Wholesale,N/A
CUST-3040,Jennifer Buckley,jennifer.buckley@outlook.com,call-me-maybe,France,2023-12-28,Platinum,-4.0,1,vip,
CUST-3041,Samantha Harris,samantha.harris@hotmail.com,8164169077,U.S.A.,2026/05/27,,,Yes,Wholesale,
CUST-3042,Melissa Conner,melissa.conner@company.co,978,france,23/09/2025,,39.0,No,Retail,
CUST-3043,Glen Bowman,glen.bowman@hotmail.com,713.163.6688,India,2022-06-28,Silver,70.0,FALSE,Wholesale,
CUST-3044,Charles Bradford,charles.bradford@gmail.com,104.621.1036,U.S.A.,12/27/2024,bronze,150.0,N,VIP,VIP - handle with care
CUST-3045,Michelle Davis,michelle.davis@gmail.com,+1-475-377-8674,BR,24/10/2022,GOLD,46.0,Yes,vip,
CUST-3046,Dustin Ross,dustin.ross@outlook.com,call-me-maybe,Brazil,"October 28, 2022",GOLD,46.0,Yes,B2B,
CUST-3047,Nathan Blair,nathan.blair@outlook.com,298.347.6268,france,19/06/2022,Platinum,46.0,N,B2B,
CUST-3048,Patrick Hall,patrick.hall@yahoo.com,+1-515-126-6519,AU,"October 10, 2024",Gold,,0,B2B,
CUST-3049,Kimberly Porter,kimberly.porter@yahoo.com,698.159.7514,France,28-Nov-2024,GOLD,-1.0,0,Retail,N/A
CUST-3050,john cox,john.cox@outlook.com,(846) 949-3892,canada,2023-12-15,bronze,25.0,No,B2B,
CUST-3051,ronnie flores  ,ronnie.flores@gmail.com,7887138467,canada,11/19/2022,,-5.0,Y,VIP,
CUST-3052,Eric Hobbs,eric.hobbs@yahoo.com,848.638.2475,IN,25-Jul-2022,Gold,65.0,FALSE,vip,called twice re: refund
CUST-3053, Kimberly Hahn  ,kimberly.hahn@outlook.com,6876902066,Nigeria,29-Jun-2024,bronze,,,Wholesale,N/A
CUST-3054,Micheal Maddox,micheal.maddox@gmail.com,6985855484,BR,02/09/2024,,39.0,N,Wholesale,called twice re: refund
CUST-3055,Timothy Nelson,timothy.nelson@hotmail.com,(115) 785-2329,Brasil,2023-12-08,Silver,39.0,Y,VIP,VIP - handle with care
CUST-3056, Charles Gray,charles.gray@company.co,###-###-####,Canada,2022/09/13,,150.0,No,retail ,N/A
CUST-3057, Sandra Charles,sandra.charles@yahoo.com,+1-401-651-7092,nigeria,11/12/2024,bronze,70.0,0,vip,
CUST-3058,Sara Reed,sara.reed@company.co,###-###-####,India,22-Apr-2021,Platinum,29.0,Y,vip,called twice re: refund
CUST-3059,travis  welch,travis.welch@gmail.com,(756) 633-5809,France,12/07/2027,Bronze,45.0,N,B2B,
CUST-3060, JARED HOOVER,jared.hoover @yahoo.com,(324) 401-2766,Nigéria,14/11/2022,Silver,38.0,FALSE,Wholesale,N/A
CUST-3061,Kenneth Griffin,kenneth.griffin@gmail.com,(768) 399-7637,Deutschland,2023-01-30,Bronze,71.0,Y,retail ,called twice re: refund
CUST-3062,Debbie Walker,debbie.walker@hotmail.com,call-me-maybe,IN,2021/04/08,,150.0,No,retail ,VIP - handle with care
CUST-3063, DAMON ORTIZ,damon.ortiz@gmail.com,+1-732-281-2868,USA,05/31/2026,Bronze,44.0,1,VIP,
CUST-3064,Carlos Walker,carlos.walker@hotmail.com,941.266.7505,DE,09/22/2025,Bronze,-1.0,FALSE,B2B,
CUST-3065,Tammy Lee,tammy.lee@yahoo.com,914.307.4944,England,2025-04-31,Silver,70.0,TRUE,vip,N/A
CUST-3066,Kevin Kirk,kevin.kirk@company.co,(576) 579-5115,BR,"August 20, 2023",Silver,56.0,FALSE,vip,N/A
CUST-3067, KIMBERLY SMITH,kimberly.smith@gmail.com,+1-274-404-9929,DE,08-Jul-2021,bronze,,1,Wholesale,VIP - handle with care
CUST-3068,Kara Romero,kara.romero@company.co,+1-591-695-3765,Australia,24-Apr-2024,,30.0,Y,Wholesale,VIP - handle with care
CUST-3069,Justin Tanner,justin.tanner@company.co,(314) 541-8073,Brasil,14/08/2022,,70.0,1,retail ,N/A
CUST-3070,Susan Watts,susan.watts@gmail.com,8739235559,South Africa,"May 07, 2023",,45.0,Yes,Wholesale,called twice re: refund
CUST-3071,Craig Bennett,craig.bennett@gmail.com,932.104.3501,Australia,07/07/2023,Gold,68.0,TRUE,Retail,N/A
CUST-3072,Benjamin Melendez,benjamin.melendez@hotmail.com,+1-519-217-3754,france,2025-02-30,Gold,43.0,1,Retail,N/A
CUST-3073,Rebecca Gregory,rebecca.gregorygmail.com,7137068184,England,"November 20, 2025",GOLD,46.0,N,Wholesale,called twice re: refund
CUST-3074,Daniel Thomas,daniel.thomas@gmail.com,(431) 163-7893,FR,2024/03/06,Platinum,22.0,1,VIP,
CUST-3075,Thomas Brewer,thomas.brewer@gmail.com,(380) 714-9191,ZA,2026-04-07,Silver,-2.0,Y,VIP,N/A
CUST-3076,Cameron Joyce II,cameron.joyce.ii@company.co,+1-156-357-5895,Nigéria,10/02/2023,,34.0,TRUE,B2B,called twice re: refund
CUST-3077,Angela Long,angela.long@,(503) 887-2380,AU,08-Apr-2021,Bronze,-5.0,N,retail ,
CUST-3078,Derek Collins,derek.collins@gmail.com,(654) 539-2140,Nigeria,28-Mar-2026,Platinum,22.0,TRUE,VIP,
CUST-3079,Dr. Jeremy Howell,dr..jeremy.howell@company.co,702.799.2936,UK,16-Sep-2025,Silver,,No,vip,N/A
CUST-3080, claire lopez,claire.lopez@hotmail.com,(318) 285-4692,Brazil,22-Jul-2024,Platinum,150.0,1,vip,
CUST-2100,sarah  white,sarah.white@company.co,7538367565,Nigéria,2022-07-03,Bronze,59.0,FALSE,Wholesale,N/A
CUST-3082,amy williams  ,amy.williams@outlook.com,+1-863-319-3411,RSA,2021/03/20,,72.0,1,VIP,
CUST-3083,Joseph Butler,joseph.butler@hotmail.com,call-me-maybe,Britain,03/10/2025,,34.0,TRUE,Retail,
CUST-3084,michael campbell,michael.campbell@gmail.com,5944074743,U.S.A.,09/15/2022,bronze,24.0,,Wholesale,
CUST-3085,Daniel Wilson,daniel.wilson@gmail.com,call-me-maybe,canada,24-Oct-2022,Bronze,41.0,N,vip,
CUST-3086,Timothy Hansen,timothy.hansen@hotmail.com,+1-658-158-6259,South Africa,25-Mar-2026,Gold,38.0,TRUE,B2B,
CUST-3087,Stephanie Chavez,stephanie.chavez@outlook.com,256,South Africa,06-Aug-2025,,62.0,Y,Retail,N/A
CUST-3088,james gibson,james.gibson@outlook.com,684.164.8393,Nigeria,2021/02/01,Gold,,No,Wholesale,
CUST-3089,STEPHANIE CLARK,stephanie.clark@company.co,+1-813-128-7378,Deutschland,2024-07-22,Bronze,60.0,,vip,N/A
CUST-3090,Mrs. Tara Navarro,mrs..tara.navarro@yahoo.com,(647) 411-1571,canada,2023/09/04,Silver,34.0,TRUE,Wholesale,
CUST-3091,Tara Ramirez,tara.ramirez@gmail.com,764.511.4933,DE,30-Aug-2023,Bronze,43.0,0,Wholesale,
CUST-3092,Paul Allen,paul.allen@company.co,421.935.2497,canada,2025/10/20,Silver,26.0,FALSE,vip,
CUST-3093,Alexandra Pittman,alexandra.pittman@hotmail.com,(945) 865-1911,germany,25-Jan-2022,,29.0,,Wholesale,
CUST-3094,Andrea Park,andrea.park@yahoo.com,996.645.5078,England,21-Nov-2023,Bronze,64.0,Yes,Wholesale,VIP - handle with care
CUST-3095,Kurt Green,kurt.green@company.co,7661925763,canada,2026/02/19,Silver,29.0,TRUE,Wholesale,N/A
CUST-3096,Brittany Garcia,brittany.garcia@outlook.com,call-me-maybe,FR,07/07/2022,Gold,27.0,TRUE,retail ,N/A
CUST-3097,KIMBERLY HODGES,kimberly.hodges@outlook.com,913,France,2025-05-15,GOLD,62.0,Yes,retail ,
CUST-3098,Mrs. Lori Berger,mrs..lori.bergercompany.co,3599656580,CA,24-Feb-2023,,66.0,TRUE,B2B,N/A
CUST-3099,Timothy House,timothy.house@yahoo.com,751.565.2051,germany,2025-02-30,bronze,24.0,,Wholesale,N/A
CUST-3100,Tyler Rodriguez,tyler.rodriguez@outlook.com,(834) 372-5265,France,2021/07/24,GOLD,36.0,0,Retail,N/A
CUST-3101,Mary Berg,mary.berg@company.co,221,UK,08/25/2021,bronze,150.0,,retail ,
CUST-3102,Christine James,christine.james@company.co,+1-280-893-7985,England,"July 17, 2024",Bronze,150.0,Y,Retail,
CUST-3103,Steven White,steven.white@hotmail.com,(657) 917-4518,BR,"February 05, 2025",,32.0,0,VIP,
CUST-3104,Cheryl Walton  ,cheryl.walton@outlook.com,1023648470,U.S.A.,2025/05/29,,47.0,No,VIP,N/A
CUST-3105,Nicholas Harris,nicholas.harris@yahoo.com,551.216.5629,AU,"September 04, 2022",bronze,73.0,0,Wholesale,VIP - handle with care
CUST-3106,THOMAS  STAFFORD,thomas.stafford@outlook.com,###-###-####,United States of America,"June 15, 2025",,24.0,0,VIP,called twice re: refund
CUST-3107,Sonia Williams,sonia.williams@gmail.com,(287) 270-3553,IN,2022/07/28,,-5.0,1,B2B,VIP - handle with care
CUST-3108,Patricia Reeves,patricia.reeves@company.co,###-###-####,BR,"September 25, 2024",GOLD,150.0,0,vip,
CUST-3109,Alicia Brown,alicia.brown@company.co,918.606.7118,S. Africa,"May 16, 2023",bronze,52.0,Yes,B2B,N/A
CUST-3110,daniel clark,daniel.clark@yahoo.com,(214) 443-6874,Nigéria,2022-03-17,Gold,49.0,N,retail ,
CUST-3111,Jenny Chambers,jenny.chambers@yahoo.com,4945768564,Deutschland,04/20/2024,GOLD,64.0,TRUE,Retail,
CUST-3112,Ashley Dean,ashley.dean@hotmail.com,+1-363-369-7906,FR,2025/11/26,,63.0,,Wholesale,
CUST-3113,Lisa Ritter,lisa.ritter@gmail.com,7036617065,BR,2025-07-03,,150.0,Yes,B2B,called twice re: refund
CUST-3114,Abigail Green,abigail.green@gmail.com,(952) 373-6774,Brazil,2024-04-06,Platinum,39.0,,Retail,VIP - handle with care
CUST-3115,Danny May,danny.may@yahoo.com,+1-108-666-1971,CA,02/01/2023,Bronze,150.0,TRUE,vip,
CUST-3116,Summer Chang,summer.chang@outlook.com,9732557664,U.K.,2025/06/09,Gold,18.0,N,VIP,VIP - handle with care
CUST-3117,Julie Brown,julie.brown@outlook.com,7397777651,IN,2023-09-19,,35.0,Yes,B2B,
CUST-3118,Michelle Davies,michelle.davies@company.co,7296243498,RSA,2024-05-05,Bronze,42.0,N,VIP,VIP - handle with care
CUST-3119,Jeffrey Watson,jeffrey.watson@company.co,+1-303-555-2598,DE,2023/09/19,,49.0,1,Wholesale,VIP - handle with care
CUST-3120,Blake Williams,blake.williams@yahoo.com,415.723.8442,S. Africa,2022/11/16,GOLD,38.0,1,Retail,N/A
CUST-3121,Ashley Fischer,ashley.fischer@company.co,611,Brasil,28-Sep-2025,Silver,-2.0,Y,B2B,VIP - handle with care
CUST-3122,Ryan Robertson,ryan.robertson@gmail.com,723,United States of America,23-May-2025,,59.0,,Wholesale,called twice re: refund
CUST-3123,shelby wheeler,shelby.wheeler@gmail.com,(512) 558-3913,England,09/05/2022,,,No,vip,
CUST-3124,John Duffy,john.duffy@outlook.com,(272) 501-3865,Nigéria,27/02/2021,Silver,62.0,No,Retail,
CUST-3125,Christopher Jones,christopher.jones@company.co,(853) 397-2335,FR,2022-04-16,,46.0,Y,retail ,
CUST-3126,Anne James,anne.james@gmail.com,+1-846-805-1660,RSA,2024-06-03,,67.0,TRUE,Wholesale,called twice re: refund
CUST-3127,susan  dominguez,susan.dominguez@hotmail.com,###-###-####,U.S.A.,"March 19, 2022",Silver,27.0,1,VIP,
CUST-3128,Antonio Sanchez,antonio.sanchez@company.co,4401158996,Brazil,"February 18, 2025",Gold,62.0,No,retail ,
CUST-3129,Katherine West,katherine.west@yahoo.com,1168473760,Brasil,2023-07-01,GOLD,65.0,Yes,VIP,
CUST-3130,Jason Rivas,jason.rivas@yahoo.com,(120) 362-5057,Brazil,2022/06/20,Platinum,46.0,Yes,retail ,
CUST-3131,Mary Kim,mary.kim@gmail.com,981.548.5413,Australia,2021/02/16,,31.0,0,vip,
CUST-3132,Michael Duarte,michael.duarte@yahoo.com,+1-547-363-3971,Deutschland,01/06/2025,,49.0,No,Retail,
CUST-3133,Kayla Black,kayla.black@company.co,7155439601,France,2026/01/27,bronze,18.0,FALSE,Wholesale,
CUST-3134,Kimberly Henderson,kimberly.henderson@company.co,1338154523,Canada,2026-02-20,Bronze,22.0,FALSE,B2B,
CUST-3135,Amanda Jackson,amanda.jackson@@outlook.com,3722517597,Brasil,"January 14, 2021",Gold,42.0,0,Wholesale,
CUST-3136,melissa rodriguez,melissa.rodriguez@outlook.com,1719608003,Germany,2025/02/10,,74.0,,retail ,
CUST-3137,Alexander Perez,alexander.perez@outlook.com,(181) 762-8984,india,10/17/2021,Silver,30.0,0,VIP,
CUST-3138,MR. ROBERT FRITZ,mr..robert.fritz@outlook.com,902.672.4054,South Africa,2021/10/17,Gold,,No,B2B,
CUST-3139,Marco Malone,marco.malone@gmail.com,280.246.2909,CA,2026-03-28,GOLD,71.0,No,Retail,
CUST-3140,Michelle Nguyen,michelle.nguyen@company.co,9596602826,Canada,2022-03-01,Gold,,,Retail,N/A
CUST-3141,David Trujillo,david.trujillo@gmail.com,218.114.3276,NG,08-Jan-2023,Silver,40.0,Yes,Retail,called twice re: refund
CUST-3142,Travis Curry,travis.curry@outlook.com,+1-619-121-9751,England,"March 01, 2027",GOLD,,,Retail,
CUST-3143,Julia Edwards,julia.edwards@company.co,174.580.5120,UK,19/04/2026,,58.0,TRUE,Wholesale,VIP - handle with care
CUST-3144,Alexander Gregory,alexander.gregory @company.co,420.972.4362,NG,2021/03/01,bronze,61.0,FALSE,Retail,
CUST-3145,Christine Torres,christine.torres@yahoo.com,6548858043,DE,2023/06/05,Silver,44.0,Yes,Wholesale,N/A
CUST-3146,Brad Le,brad.le@outlook.com,4774613134,AU,16/07/2025,,150.0,,B2B,
CUST-3147,Gerald Johnson,gerald.johnson@yahoo.com,1174243120,United Kingdom,"March 09, 2023",GOLD,29.0,1,vip,VIP - handle with care
CUST-3148,wendy black,wendy.black@yahoo.com,(144) 482-3522,germany,01-Jul-2025,Platinum,60.0,1,Wholesale,N/A
CUST-3149,Nathan Harvey,nathan.harvey@outlook.com,+1-156-475-7223,germany,"July 25, 2022",Bronze,75.0,TRUE,retail ,
CUST-3150,Matthew Schwartz,matthew.schwartz@hotmail.com,269.149.2410,France,"May 02, 2026",bronze,68.0,1,Wholesale,
CUST-3151,Richard Martinez,richard.martinez@hotmail.com,4251672687,United States,2022/12/27,,74.0,1,Retail,VIP - handle with care
CUST-3152,charles snyder,charles.snyder @yahoo.com,(819) 845-2329,australia,01-Dec-2023,Silver,36.0,0,Retail,called twice re: refund
CUST-3153,Billy Gonzalez,billy.gonzalez@outlook.com,327.579.8200,India,"August 05, 2021",Gold,27.0,TRUE,Wholesale,N/A
CUST-3154,Martin Sullivan,martin.sullivan@gmail.com,382.354.2513,AU,03-Feb-2022,Silver,59.0,0,vip,
CUST-3155,Adam Rogers,adam.rogers@yahoo.com,(756) 107-2348,United Kingdom,01/25/2022,,38.0,Yes,Wholesale,N/A
CUST-3156,Robert Johnson,robert.johnson@company.co,(698) 616-5593,NG,04-Nov-2024,Platinum,74.0,N,vip,called twice re: refund
CUST-3157,Brandon Reynolds,brandon.reynolds@@yahoo.com,+1-441-230-2479,CA,27/06/2023,Silver,67.0,Yes,Wholesale,
CUST-3158,Sara Suarez,sara.suarez@company.co,939.383.3664,canada,24-Oct-2023,Gold,55.0,Yes,vip,
CUST-3159,Shannon Elliott,shannon.elliott@company.co,+1-181-312-4774,DE,2021-11-25,Bronze,75.0,N,VIP,
CUST-3160,Eric Hall,eric.hall@company.co,7347422681,United Kingdom,03-Jan-2024,Gold,,1,retail ,called twice re: refund
CUST-3161,Katherine Austin,katherine.austin@outlook.com,515.851.4494,NG,2022-04-07,GOLD,45.0,Y,B2B,
CUST-3162,Susan Sandoval,susan.sandoval@hotmail.com,call-me-maybe,AU,"July 04, 2023",GOLD,22.0,Yes,vip,called twice re: refund
CUST-3163,Barry Smith,barry.smith@gmail.com,+1-933-935-3735,Nigéria,2021/06/30,GOLD,35.0,FALSE,VIP,N/A
CUST-3164,kenneth hayes,kenneth.hayes@company.co,716.118.6394,AU,21-Jun-2025,Bronze,29.0,No,vip,
CUST-3165,Jennifer Murphy,jennifer.murphy@yahoo.com,call-me-maybe,United Kingdom,2024-09-16,GOLD,24.0,TRUE,retail ,VIP - handle with care
CUST-3166,JAMES PENA,james.pena@company.co,5892788289,France,2021-07-24,bronze,30.0,N,vip,
CUST-3167,Chelsea Davidson,chelsea.davidson@yahoo.com,call-me-maybe,England,2023/03/03,,58.0,0,retail ,
CUST-3168,Shawn Hall,shawn.hall@company.co,(315) 968-1974,australia,28-Mar-2021,GOLD,19.0,Yes,B2B,called twice re: refund
CUST-3169,Keith Clark,keith.clark@gmail.com,(957) 471-1397,canada,25/01/2025,Silver,40.0,Yes,B2B,VIP - handle with care
CUST-3170,Brandi Floyd,brandi.floyd@company.co,971.496.5542,Canada,"August 30, 2023",Gold,,0,VIP,called twice re: refund
CUST-3171,Dominique Christensen,dominique.christensen@yahoo.com,2276165805,canada,2022/06/14,,36.0,Yes,retail ,
CUST-3172, Daniel Price,daniel.price@yahoo.com,+1-344-569-4296,India,"June 04, 2025",bronze,59.0,No,Wholesale,
CUST-3173,Rachel Miller,rachel.miller@yahoo.com,+1-145-610-8406,IN,2025-02-30,bronze,75.0,Y,Wholesale,VIP - handle with care
CUST-3174,Kenneth Owens,kenneth.owens@yahoo.com,(547) 744-8688,RSA,2021-06-22,bronze,62.0,Y,Wholesale,
CUST-3175,Robert Good,robert.good@outlook.com,(541) 649-4817,RSA,27/01/2021,Silver,39.0,Y,vip,called twice re: refund
CUST-3176,Luis Jackson,luis.jackson@hotmail.com,554.789.6351,U.K.,2023/12/19,Platinum,40.0,0,Wholesale,called twice re: refund
CUST-3177,Alexandria Turner,alexandria.turner@company.co,(563) 445-2537,canada,2024-06-21,GOLD,31.0,Y,retail ,N/A
CUST-3178,Scott Rodriguez,scott.rodriguez@outlook.com,984.973.9755,canada,09/10/2022,,66.0,FALSE,retail ,N/A
CUST-3179,Chloe Hammond,chloe.hammond@yahoo.com,8624025310,RSA,15/02/2024,Silver,21.0,0,Wholesale,N/A
CUST-2194,Steven Ryan,steven.ryan@hotmail.com,+1-583-243-9971,CA,2023-09-09,Platinum,150.0,1,B2B,
CUST-3181,scott wilson,scott.wilson@company.co,###-###-####,australia,2023-11-20,Gold,58.0,1,B2B,
CUST-3182,Benjamin Jackson,benjamin.jackson@gmail.com,2266194845,DE,10/09/2022,,68.0,N,vip,VIP - handle with care
CUST-3183,catherine atkins,catherine.atkins@company.co,+1-484-724-7979,RSA,"November 10, 2021",bronze,55.0,1,retail ,called twice re: refund
CUST-3184,Danielle Mckenzie,danielle.mckenzie@hotmail.com,(779) 472-8334,Australia,03/29/2024,Bronze,59.0,,VIP,
CUST-3185,Evan Fernandez,evan.fernandez@outlook.com,4951295224,canada,02-May-2023,,22.0,,Wholesale,
CUST-3186,Philip Harris,philip.harris@outlook.com,###-###-####,CA,"June 01, 2026",Bronze,43.0,FALSE,vip,VIP - handle with care
CUST-3187,Nancy Robinson,nancy.robinson@,960.298.7039,BR,"March 31, 2022",,29.0,N,VIP,
CUST-3188,Meghan Hunter,meghan.hunter@hotmail.com,639.962.1121,AU,2021/03/10,Silver,40.0,Yes,Retail,called twice re: refund
CUST-3189,Carla May,carla.may@hotmail.com,call-me-maybe,Brasil,"April 10, 2021",Silver,62.0,,vip,
CUST-3190, MICHELE MARTINEZ,michele.martinez@gmail.com,4235915700,South Africa,02-Jul-2022,Bronze,40.0,,B2B,VIP - handle with care
CUST-3191,Douglas Vasquez,douglas.vasquez@yahoo.com,959.187.6567,France,06/07/2021,,,Y,Wholesale,
CUST-1107,kristen wright,kristen.wright@hotmail.com,920,NG,2023/11/30,Gold,,TRUE,Retail,
CUST-3193,Kathleen Bailey,kathleen.bailey@company.co,###-###-####,FR,04-Oct-2024,,50.0,FALSE,retail ,
CUST-3194,ERIC ALEXANDER  ,eric.alexander@hotmail.com,(855) 680-9431,Britain,16-Mar-2022,Bronze,26.0,TRUE,vip,called twice re: refund
CUST-3195,Michele Turner,michele.turner@hotmail.com,(107) 642-6985,Nigéria,2026-01-30,GOLD,65.0,N,VIP,VIP - handle with care
CUST-3196,Belinda Stevens,belinda.stevens@hotmail.com,+1-108-135-2686,France,2025-11-15,Gold,,,retail ,
CUST-3197,Janet Davis,janet.davis @company.co,784.991.6186,canada,2023/11/23,,44.0,TRUE,Wholesale,called twice re: refund
CUST-2525,Sara Shepherd,sara.shepherd@company.co,654.331.7411,United States of America,2021-05-30,Bronze,53.0,TRUE,VIP,VIP - handle with care
CUST-3199,David Navarro,david.navarro@yahoo.com,(342) 478-9542,india,2021/07/27,Silver,28.0,,Retail,N/A
CUST-3200,Alexis Wyatt,alexis.wyatt@company.co,call-me-maybe,Deutschland,00/00/2025,bronze,72.0,Yes,B2B,N/A
CUST-3201,Roger Haynes,roger.haynes@company.co,479.909.1249,South Africa,04-Nov-2025,Silver,,,retail ,
CUST-3202,Steven Schultz,steven.schultz@company.co,+1-690-439-2764,FR,12-Feb-2021,bronze,50.0,,vip,VIP - handle with care
CUST-3203,Jonathan Phillips,jonathan.phillips@@yahoo.com,###-###-####,England,10/22/2022,Platinum,53.0,Yes,B2B,
CUST-3204,Scott Moreno,scott.moreno@gmail.com,163.620.4512,nigeria,"September 13, 2025",GOLD,38.0,Yes,Retail,
CUST-3205,Kelly Nichols,kelly.nichols@outlook.com,call-me-maybe,U.K.,05/29/2023,GOLD,,,Retail,
CUST-3206,Joan Park,joan.park@yahoo.com,+1-575-269-8721,BR,16/10/2024,,59.0,TRUE,Retail,VIP - handle with care
CUST-3207,Michelle Richardson,michelle.richardson@yahoo.com,(781) 554-8164,ZA,2023-06-08,,72.0,No,VIP,N/A
CUST-3208,Brittany James,brittany.james@yahoo.com,474,ZA,2025-01-19,bronze,53.0,Y,VIP,
CUST-3209,Chelsea Oliver,chelsea.olivercompany.co,(808) 656-1533,DE,"January 11, 2021",Silver,23.0,0,B2B,N/A
CUST-3210,Brooke Lloyd,brooke.lloyd@outlook.com,(877) 992-9155,nigeria,21-Jan-2022,Gold,49.0,Yes,retail ,called twice re: refund
CUST-3211,sherri estrada,sherri.estrada@gmail.com,+1-721-153-1610,S. Africa,20/12/2024,Silver,70.0,FALSE,Wholesale,
CUST-3212,Donald Fowler,donald.fowler@yahoo.com,(263) 409-9309,France,09-Oct-2023,Platinum,53.0,TRUE,retail ,
CUST-3213,Joshua Cisneros,joshua.cisneros@hotmail.com,448.432.3846,Nigeria,2024/03/07,Silver,27.0,No,B2B,called twice re: refund
CUST-3214, TIFFANY RIVERA,tiffany.rivera@outlook.com,8117607401,RSA,10/06/2025,,63.0,No,Wholesale,
CUST-3215,alan watts,alan.watts@company.co,call-me-maybe,BR,"April 23, 2021",GOLD,62.0,No,B2B,VIP - handle with care
CUST-3216,Ryan Stark,ryan.stark@company.co,+1-195-587-7577,RSA,15/04/2022,GOLD,72.0,N,retail ,called twice re: refund
CUST-3217, Lisa Cochran  ,lisa.cochran@hotmail.com,###-###-####,United Kingdom,2025/11/24,,69.0,Y,VIP,VIP - handle with care
CUST-3218, CRAIG VALENCIA,craig.valencia@company.co,(802) 135-3444,Canada,"July 29, 2024",Gold,26.0,Yes,B2B,N/A
CUST-3219,Jennifer Vasquez,jennifer.vasquezyahoo.com,(695) 802-8979,U.K.,"February 26, 2024",Gold,75.0,Y,Retail,N/A
CUST-3220,Crystal Keller,crystal.keller@gmail.com,###-###-####,England,2022-06-28,Bronze,150.0,0,Retail,N/A
CUST-3221,Mr. Kenneth Schroeder,mr..kenneth.schroeder@company.co,613.932.7115,IN,2025-13-05,,150.0,0,retail ,VIP - handle with care
CUST-3222,Mrs. Donna Gonzales,mrs..donna.gonzales@yahoo.com,4931548072,Brasil,10/06/2023,Bronze,21.0,Yes,VIP,
CUST-3223,Christine White,christine.white@yahoo.com,###-###-####,Germany,05/03/2025,,74.0,,B2B,VIP - handle with care
CUST-2160,David Compton,david.compton@outlook.com,333.563.1326,ZA,10/08/2025,Platinum,64.0,TRUE,Wholesale,N/A
CUST-3225,Scott Smith,scott.smith@company.co,2605999385,france,10/27/2024,,66.0,Y,Wholesale,called twice re: refund
CUST-3226,Angela Harris,angela.harrishotmail.com,###-###-####,india,2021-07-08,,150.0,N,B2B,
CUST-3227,Scott Nixon,scott.nixon@outlook.com,(378) 420-3779,IN,2021-11-18,,31.0,Yes,Wholesale,VIP - handle with care
CUST-3228,Tracy Green  ,tracy.green@outlook.com,+1-766-386-3178,Bharat,2025/02/17,,68.0,0,Retail,VIP - handle with care
CUST-3229,Katie Newton,katie.newton@gmail.com,401.104.4423,australia,15-Sep-2022,,150.0,0,Retail,
CUST-3230,Justin Adams,justin.adams@outlook.com,###-###-####,IN,01/30/2024,,150.0,No,retail ,
CUST-3231,Jon Gomez,jon.gomez@gmail.com,call-me-maybe,S. Africa,2026-04-24,Gold,69.0,,Wholesale,
CUST-3232,daniel  cook,daniel.cook@hotmail.com,8103497908,NG,2022/04/09,,,0,vip,VIP - handle with care
CUST-3233,  Samuel Butler,samuel.butler@@outlook.com,6339811218,BR,"July 18, 2024",Bronze,50.0,TRUE,Retail,VIP - handle with care
CUST-3234,Yolanda Warren,yolanda.warren@yahoo.com,534.119.4132,UK,"April 11, 2022",GOLD,150.0,,vip,N/A
CUST-3235,Angela Bowman,angela.bowman@company.co,364,Canada,2026-06-17,,-5.0,Yes,retail ,
CUST-3236,brooke escobar,brooke.escobar@outlook.com,###-###-####,United States,01-Jul-2023,,22.0,Y,Retail,N/A
CUST-3237,TERESA THOMPSON,teresa.thompson@company.co,8918893097,U.K.,07-Aug-2023,bronze,20.0,1,Wholesale,N/A
CUST-3238,JAMES MCDONALD,james.mcdonald@hotmail.com,9293895341,S. Africa,"March 21, 2024",,-3.0,1,retail ,
CUST-3239,Vincent Whitaker,vincent.whitaker@yahoo.com,970.513.4133,France,"November 12, 2024",Gold,,,retail ,called twice re: refund
CUST-3240,Michael Sanchez,michael.sanchez@outlook.com,+1-281-746-6965,Deutschland,"April 28, 2026",Silver,55.0,No,VIP,
CUST-3241,Brandy Irwin,brandy.irwin@hotmail.com,(550) 202-3646,nigeria,"February 10, 2026",Bronze,41.0,1,VIP,N/A
CUST-3242,Kyle Wyatt,kyle.wyatt@,472.266.5860,canada,03/07/2024,Silver,25.0,N,vip,VIP - handle with care
CUST-3243, allison ross,allison.ross@outlook.com,(605) 649-4155,United Kingdom,2023/12/01,Gold,40.0,FALSE,Wholesale,
CUST-3244,Wayne Walls,wayne.walls@outlook.com,520.299.4919,India,01/11/2025,,-3.0,0,Retail,
CUST-3245,Ruben Castro,ruben.castro@outlook.com,(349) 416-4557,germany,18-Feb-2025,bronze,21.0,1,Wholesale,called twice re: refund
CUST-3246,Brendan Reed,brendan.reed@yahoo.com,+1-228-347-1021,CA,2025/08/13,Platinum,150.0,FALSE,B2B,
CUST-3247,David White,david.white@,740.354.3276,Brazil,"January 03, 2023",Gold,150.0,0,retail ,
CUST-3248,Ruben Cole,ruben.cole@@yahoo.com,480.258.5766,united states,05/09/2023,,21.0,Y,Retail,
CUST-3249,Maria Johnson,maria.johnson@,+1-690-128-7369,AU,2022-01-07,,19.0,1,Wholesale,
CUST-3250,Stacy Smith,stacy.smith@company.co,1553497524,Deutschland,00/00/2025,Gold,42.0,No,Retail,called twice re: refund
CUST-3251,Nicole Williams,nicole.williams@yahoo.com,6925635577,U.K.,2025-03-28,Platinum,66.0,FALSE,Wholesale,N/A
CUST-3252,John Roman,john.roman@yahoo.com,6161734637,FR,2022-09-10,,35.0,0,Retail,called twice re: refund
CUST-3253,Christine Gardner,christine.gardner@outlook.com,2724599808,S. Africa,2024-09-02,,24.0,0,Wholesale,
CUST-3254,Thomas Smith,thomas.smith@gmail.com,###-###-####,France,03-Oct-2024,Silver,150.0,1,Wholesale,N/A
CUST-3255,Teresa Nelson,teresa.nelson@yahoo.com,+1-895-636-3853,UK,2023/11/07,Platinum,,Y,vip,
CUST-3256,Taylor Smith,taylor.smith@company.co,(399) 288-1700,United States of America,11/02/2024,Gold,31.0,N,vip,called twice re: refund
CUST-3257,Laura Long,laura.long@hotmail.com,3453071723,Canada,10/23/2021,Silver,-4.0,TRUE,vip,VIP - handle with care
CUST-3258,James Woodward,james.woodward@hotmail.com,+1-702-989-4648,France,03/10/2023,,53.0,FALSE,Wholesale,
CUST-3259,Charles Smith,charles.smith@@outlook.com,+1-648-903-6289,CA,2023-07-12,bronze,73.0,TRUE,Retail,
CUST-3260,Richard Farrell,richard.farrell@company.co,5701192926,Brazil,19-Feb-2021,bronze,55.0,N,vip,called twice re: refund
CUST-3261,Lauren Rose DDS,lauren.rose.dds@yahoo.com,+1-709-804-1248,united states,2024-09-25,Silver,58.0,No,vip,called twice re: refund
CUST-3262,Kara Mitchell,kara.mitchell@outlook.com,(565) 182-5085,Australia,23-May-2021,Bronze,-4.0,0,Wholesale,called twice re: refund
CUST-3263,laurie lopez,laurie.lopez@yahoo.com,205.400.2750,Brazil,2024/08/21,GOLD,46.0,No,Wholesale,N/A
CUST-3264,Susan Cummings,susan.cummings@outlook.com,1866844409,United Kingdom,23-Nov-2022,GOLD,54.0,1,retail ,VIP - handle with care
CUST-3265,Susan Hinton,susan.hinton@outlook.com,+1-285-856-8424,Australia,05/10/2022,Bronze,-2.0,,B2B,called twice re: refund
CUST-3266,Aaron Perry,aaron.perry@company.co,9945587070,India,2023-06-24,bronze,150.0,Yes,Wholesale,
CUST-3267,Mary Shaw,mary.shaw@yahoo.com,356.163.9352,BR,30/05/2023,GOLD,35.0,No,vip,
CUST-3044,Jacqueline Jones,jacqueline.jones@yahoo.com,###-###-####,IN,09/05/2025,,,,Wholesale,N/A
CUST-3269,Tommy Garcia,tommy.garcia@yahoo.com,(745) 889-2210,France,2023/09/06,Gold,-5.0,FALSE,Wholesale,
CUST-3270,Barbara Wheeler,barbara.wheeler@yahoo.com,call-me-maybe,US,"February 19, 2026",Silver,66.0,,retail ,
CUST-3271,Thomas Hernandez,thomas.hernandez@gmail.com,(878) 899-5237,Nigéria,30-Dec-2025,,-2.0,,vip,
CUST-3272,Anthony Washington,anthony.washington@hotmail.com,9076466030,germany,31-Oct-2024,Silver,20.0,FALSE,B2B,
CUST-3273,Ellen Combs,ellen.combs@hotmail.com,502.328.4756,England,09/20/2023,Gold,72.0,TRUE,vip,
CUST-3274,Regina Martin,regina.martin@outlook.com,933.717.9962,canada,01/09/2025,Gold,58.0,Y,Retail,N/A
CUST-3275,Angelica Zhang,angelica.zhang@company.co,(507) 547-3505,germany,06/10/2024,,57.0,N,Wholesale,
CUST-3276,Dr. John Washington IV,dr..john.washington.iv@gmail.com,659,germany,2025/04/08,,73.0,Yes,Retail,called twice re: refund
CUST-3277,Karen Rivera,karen.rivera@company.co,219.175.7492,South Africa,2024/05/11,Platinum,53.0,0,Retail,
CUST-3278,Heather Allen,heather.allen@company.co,970,Australia,2027-06-03,,53.0,N,retail ,
CUST-3279, Robert Riggs  ,robert.riggs@yahoo.com,(694) 346-6982,India,10/09/2022,,,FALSE,Wholesale,N/A
CUST-3280,Tonya Moore,,,DE,16/10/2024,GOLD,48.0,Y,Wholesale,
CUST-3281,Jamie Gray,jamie.gray @company.co,2163826782,England,"September 09, 2024",Bronze,63.0,0,vip,VIP - handle with care
CUST-3282,ETHAN GUZMAN,ethan.guzman@company.co,4664026628,United States,"May 29, 2022",Silver,50.0,Y,VIP,N/A
CUST-3283,Jocelyn Rodriguez,jocelyn.rodriguez@company.co,+1-797-170-9340,AU,03-Mar-2025,GOLD,62.0,Y,Wholesale,
CUST-3284,Sheryl Bennett,,,DE,19-Apr-2024,Silver,150.0,N,retail ,VIP - handle with care
CUST-3285,Matthew Perez,matthew.perez@yahoocom,636.839.7723,australia,21/05/2024,GOLD,39.0,FALSE,B2B,
CUST-3286,John Watson,john.watson@yahoo.com,9006452602,England,2024/04/08,bronze,66.0,0,retail ,called twice re: refund
CUST-3287,andrea mathis,andrea.mathis@gmail.com,939.597.5298,Australia,"October 12, 2021",,20.0,TRUE,retail ,
CUST-3288,Edward Fernandez,edward.fernandez@company.co,+1-107-307-8580,U.K.,2023/06/06,,150.0,TRUE,Wholesale,
CUST-3289,Ronald Barnes,ronald.barnes@yahoo.com,4066842284,canada,"July 20, 2025",Platinum,41.0,0,vip,N/A
CUST-1403,ROBERT  CHANDLER,robert.chandler@outlook.com,445.751.3832,ZA,2021-06-26,Gold,24.0,No,B2B,N/A
CUST-3291,Jill Wheeler,jill.wheeler@,+1-485-858-5252,canada,19-Mar-2022,Bronze,18.0,0,Retail,N/A
CUST-3292,BECKY JONES,becky.jones@company.co,+1-111-117-9570,BR,21/10/2021,bronze,53.0,TRUE,retail ,
CUST-3293,Nancy Martin,nancy.martin@outlook.com,(248) 997-1313,Nigéria,31/01/2025,Gold,75.0,N,retail ,N/A
CUST-3294,Benjamin Woods,benjamin.woods@yahoo.com,7684901697,DE,06-Oct-2021,Bronze,-5.0,1,Wholesale,
CUST-3295,Jenna Rogers,jenna.rogers@outlook.com,+1-551-777-9835,Bharat,20/10/2021,,32.0,FALSE,Wholesale,
CUST-3296,Katherine Gonzales DDS,katherine.gonzales.dds@hotmail.com,3922603921,Canada,"March 12, 2022",,40.0,TRUE,Wholesale,called twice re: refund
CUST-3297,Amy Conley Md,amy.conley.md@outlook.com,(713) 456-7573,Britain,11/07/2025,bronze,60.0,1,Wholesale,VIP - handle with care
CUST-3298,Robert Henry,robert.henry@outlook.com,call-me-maybe,AU,04/24/2022,Gold,56.0,,vip,called twice re: refund
CUST-3299,Christopher Weaver,christopher.weaver@gmail.com,+1-446-949-1575,Bharat,2025-04-14,bronze,33.0,Yes,Retail,
CUST-3300,Anthony Smith,anthony.smith@gmail.com,1303037285,Canada,"August 10, 2023",Bronze,41.0,TRUE,retail ,called twice re: refund
CUST-3301,Seth Valenzuela,seth.valenzuela@outlook.com,185.144.8855,Nigeria,02/07/2023,Platinum,43.0,No,vip,
CUST-3302,Mrs. Joanne Stone,,,Australia,27-Apr-2023,bronze,19.0,Y,B2B,VIP - handle with care
CUST-3303,Taylor Larsen,taylor.larsen@hotmail.com,+1-988-624-7066,South Africa,2025-05-19,bronze,60.0,Y,B2B,
CUST-3304,Martin Parks,martin.parks@outlook.com,###-###-####,Deutschland,18/10/2022,Gold,58.0,,Wholesale,VIP - handle with care
CUST-3305,Alexandra Giles,alexandra.giles@company.co,+1-267-872-9843,AU,2022/10/21,Bronze,31.0,FALSE,Wholesale,
CUST-3306,Matthew Brown,matthew.brown@yahoo.com,+1-849-230-1388,Brazil,01-Jan-2024,GOLD,-3.0,FALSE,Wholesale,VIP - handle with care
CUST-3307,Ricky Ortega,ricky.ortega@company.co,+1-710-148-2129,BR,2021/04/14,,150.0,TRUE,Retail,called twice re: refund
CUST-3308,Allison Williams,allison.williams@yahoo.com,2625151677,Deutschland,"October 02, 2022",Gold,40.0,Y,B2B,
CUST-3309,Robert Diaz,robert.diaz@outlook.com,+1-387-638-4455,India,2024-01-01,Silver,51.0,Yes,retail ,
CUST-3310,David Turner,david.turner@yahoo.com,###-###-####,Nigéria,11/05/2022,GOLD,-1.0,0,VIP,N/A
CUST-3311,Michael Wagner,michael.wagner@outlook.com,+1-326-979-6751,nigeria,11/02/2022,GOLD,-5.0,No,B2B,
CUST-3312,David Barber,david.barber@gmail.com,4383578043,RSA,02/02/2026,,68.0,TRUE,vip,
CUST-3313,SONYA MATTHEWS,sonya.matthews@company.co,9307187770,Canada,2021/10/16,GOLD,70.0,Y,Wholesale,VIP - handle with care
CUST-3314,Mark Harris,mark.harris@outlook.com,+1-847-956-3534,United Kingdom,13-Apr-2024,Silver,20.0,Y,Retail,called twice re: refund
CUST-3315,Christopher Boyd,christopher.boyd@yahoo.com,+1-309-816-4104,canada,14/04/2021,,41.0,TRUE,vip,
CUST-3316,Evelyn Cervantes,evelyn.cervantes@company.co,180.169.8498,canada,14/01/2022,Gold,18.0,Y,B2B,
CUST-3317,Cheryl Gutierrez,cheryl.gutierrez@outlook.com,(515) 359-8210,Nigeria,17/07/2025,GOLD,70.0,Y,VIP,N/A
CUST-3318,Jason Bell,jason.bell@yahoo.com,+1-975-120-5866,CA,2023/04/27,Silver,46.0,FALSE,retail ,
CUST-3319,Michelle Anderson,michelle.anderson@company.co,5824219972,Brazil,18/03/2026,GOLD,49.0,Yes,Retail,
CUST-3320,Elizabeth Roach,elizabeth.roach@yahoo.com,call-me-maybe,IN,"December 08, 2024",,47.0,TRUE,Retail,
CUST-3321,BRIANA CHAN,briana.chan@company.co,388.738.2474,RSA,2025/03/05,,32.0,TRUE,B2B,
CUST-3322,Nancy Taylor,nancy.taylor@hotmail.com,3534046999,United States of America,"June 21, 2022",Gold,51.0,1,Wholesale,called twice re: refund
CUST-3323,Douglas Smith,douglas.smith@hotmail.com,253.220.4973,canada,2027-12-08,,,No,Retail,N/A
CUST-3324,Samantha Olsen,samantha.olsen@hotmail.com,7216403585,Australia,01/18/2025,Silver,,Yes,Retail,
CUST-3325,Danielle Sanchez,danielle.sanchez@gmail.com,(592) 972-8486,US,2022/11/13,,-4.0,N,vip,
CUST-3326,Garrett Brown,garrett.brown@outlook.com,(454) 510-4468,England,06/17/2025,Gold,60.0,0,Retail,
CUST-3327,Thomas White,thomas.whitecompany.co,+1-250-906-2380,England,2022/08/01,,150.0,0,retail ,
CUST-3328,Jasmine Butler,jasmine.butler@company.co,(306) 756-5469,india,"January 05, 2022",GOLD,59.0,0,Retail,
CUST-3329,Nancy Guerrero,nancy.guerrero@outlook.com,(414) 476-8591,DE,2024/08/03,,69.0,FALSE,B2B,called twice re: refund
CUST-3330,Michael Castro,michael.castro@gmail.com,124.313.6518,france,10/03/2023,Platinum,51.0,Y,Wholesale,
CUST-3331,Theresa Foster,theresa.foster@outlook.com,230.129.1648,ZA,2023/10/02,Gold,33.0,,Wholesale,N/A
CUST-3332,Luke Berger,luke.berger@hotmail.com,(384) 444-1523,United Kingdom,07/04/2025,Platinum,35.0,,retail ,
CUST-3333,brian ruiz,brian.ruiz@gmail.com,+1-305-193-3068,India,2023/04/08,bronze,150.0,TRUE,VIP,
CUST-3334,mrs. brenda gonzalez phd  ,mrs..brenda.gonzalez.phd@hotmail.com,521,U.K.,03/24/2025,Platinum,35.0,TRUE,VIP,
CUST-3335,Michael Woods,michael.woods@@company.co,+1-478-153-3232,Deutschland,04/11/2021,GOLD,52.0,N,Wholesale,
CUST-3336,Nicholas White,nicholas.white@outlook.com,+1-178-881-9159,India,"March 15, 2026",Platinum,36.0,1,vip,
CUST-3337,steven donovan,steven.donovan@hotmail.com,647.999.5969,FR,01/14/2021,Silver,68.0,N,Wholesale,
CUST-3338,Dustin White,dustin.white@yahoo.com,(911) 328-6064,BR,08/02/2025,Silver,27.0,FALSE,VIP,
CUST-1631,Collin Anderson,collin.anderson@company.co,766.377.9906,DE,2024-08-07,Platinum,48.0,,vip,VIP - handle with care
CUST-3340, brad mclean,brad.mclean@gmail.com,678,IN,2024/05/15,Bronze,51.0,1,VIP,
CUST-3341,Pamela Townsend  ,pamela.townsend@company.co,5977454528,Bharat,2024-06-18,Platinum,64.0,N,Wholesale,
CUST-3342,Kyle Reed,kyle.reed@company.co,2862378386,Brasil,07-Oct-2022,GOLD,150.0,0,VIP,
CUST-3343,Dawn Campbell,dawn.campbell@outlook.com,+1-886-630-9076,Bharat,2027/06/15,Gold,-2.0,0,Retail,
CUST-3344,Leah Harding,leah.harding@outlook.com,160.361.2115,Britain,24/01/2025,,21.0,FALSE,VIP,
CUST-3345,NATHAN RAMIREZ,nathan.ramirez@hotmail.com,403.264.8469,canada,2023-12-27,,43.0,FALSE,B2B,
CUST-3346,Dominique Harrell,dominique.harrell@gmail.com,(193) 335-6883,U.S.A.,2021-08-26,Platinum,19.0,N,Retail,N/A
CUST-3347,Mark Smith,mark.smith@company.co,8944406165,Britain,05-Aug-2022,Bronze,61.0,No,B2B,called twice re: refund
CUST-3348,Robert Parsons,robert.parsons@hotmail.com,5591528525,Germany,16/11/2023,Gold,37.0,N,retail ,
CUST-3349,Julie Kirby,julie.kirby@yahoo.com,(477) 676-1942,IN,"August 11, 2021",,46.0,,vip,
CUST-3350,Patricia Nielsen,patricia.nielsen@yahoo.com,348.626.8255,AU,16-Mar-2023,GOLD,26.0,1,Wholesale,
CUST-3351,Tiffany Irwin,tiffany.irwin@yahoo.com,+1-798-821-4305,canada,02/01/2024,bronze,-2.0,TRUE,Wholesale,N/A
CUST-3352,Beverly Orr,beverly.orr@gmail.com,920,U.S.A.,2021-12-01,Gold,24.0,0,B2B,
CUST-3353,Stephanie Johnson,stephanie.johnson@hotmail.com,+1-951-437-4753,AU,2026-01-12,Platinum,23.0,0,Wholesale,
CUST-3354,Ralph Davis,ralph.davis@company.co,521.908.4346,Bharat,21/03/2024,,41.0,TRUE,Retail,
CUST-3355,Cassandra Butler,cassandra.butler@outlook.com,(332) 305-7220,canada,09-Oct-2022,,67.0,Y,vip,called twice re: refund
CUST-3356, Ruben Lam  ,ruben.lam@company.co,636.529.1630,CA,2025/05/14,GOLD,42.0,TRUE,Wholesale,called twice re: refund
CUST-3357,Douglas Barron,douglas.barroncompany.co,+1-230-332-3331,Brasil,"March 21, 2026",Platinum,43.0,Yes,B2B,
CUST-1620,Brandy Hawkins,brandy.hawkinsyahoo.com,8967822231,BR,"August 09, 2023",Platinum,,Yes,retail ,VIP - handle with care
CUST-3359,Lauren Obrien,lauren.obrien@hotmail.com,849.617.4105,South Africa,2022/05/12,Platinum,39.0,Y,vip,called twice re: refund
CUST-3360,Amanda Baird,amanda.baird@hotmail.com,9023022836,DE,31/12/2024,Platinum,,0,Wholesale,
CUST-3361,Veronica Smith,veronica.smith@company.co,405.479.7079,ZA,2025-08-25,Gold,31.0,,retail ,N/A
CUST-3362,Melinda Russell,melinda.russell@outlook.com,891.868.7565,U.K.,"July 25, 2021",Bronze,31.0,Yes,Retail,VIP - handle with care
CUST-3363,Monica Ross,monica.ross@company.co,398.717.4421,nigeria,01/03/2023,,,No,Retail,
CUST-3364,David Brown,david.brownyahoo.com,(380) 160-5418,RSA,2024/02/01,Platinum,150.0,Y,Wholesale,
CUST-3365,Collin Erickson,collin.erickson@company.co,467,Nigeria,2024-08-26,Silver,-2.0,0,VIP,N/A
CUST-3366,Mr. Jordan Carrillo,mr..jordan.carrillo@gmail.com,515.624.8366,Canada,2024-07-31,Bronze,27.0,N,retail ,
CUST-3367,Renee Fitzpatrick,renee.fitzpatrick@hotmail.com,call-me-maybe,united states,2025-13-05,bronze,35.0,Yes,retail ,N/A
CUST-3368,Kimberly Reid,kimberly.reid@@gmail.com,call-me-maybe,BR,28/12/2025,GOLD,-5.0,No,B2B,called twice re: refund
CUST-3369,rebecca hernandez,rebecca.hernandez@outlook.com,(185) 947-3468,AU,05-Jun-2024,bronze,25.0,FALSE,B2B,
CUST-3370,Christopher Davies,christopher.davies@gmail.com,561.469.4292,India,25/01/2023,Gold,150.0,1,B2B,VIP - handle with care
CUST-3371,Mr. Frank Watkins MD,mr..frank.watkins.md@company.co,9716471238,DE,31-May-2023,Bronze,44.0,,VIP,
CUST-3372,Gina Rose,gina.rosehotmail.com,+1-172-938-2768,Deutschland,22-Feb-2024,bronze,,TRUE,retail ,
CUST-3373,Mike Patterson,mike.patterson@gmail.com,901.928.8515,S. Africa,2025-02-30,bronze,57.0,Y,retail ,VIP - handle with care
CUST-3374,Amanda Smith DDS,amanda.smith.dds@yahoo.com,(113) 576-8206,IN,26/11/2022,Silver,43.0,1,B2B,called twice re: refund
CUST-3375,Dana Martinez,dana.martinez@@outlook.com,(931) 144-5000,England,14-Aug-2025,,150.0,No,Wholesale,
CUST-3376,Laura Jacobson,laura.jacobson@companyco,###-###-####,Deutschland,10/05/2025,Platinum,150.0,Y,B2B,N/A
CUST-3377,Christina Bush,christina.bush@yahoo.com,402,germany,17-Feb-2022,Gold,54.0,FALSE,Wholesale,
CUST-3378,Janet Armstrong,janet.armstrong @yahoo.com,+1-154-610-7619,Germany,2026/01/05,Silver,66.0,,retail ,called twice re: refund
CUST-3379,Alexis Welch,alexis.welch@hotmail.com,(115) 978-7870,Brazil,06/09/2026,Platinum,29.0,,retail ,N/A
CUST-3380,CHRISTINA NOLAN,christina.nolan@hotmail.com,533.956.9649,India,2025/10/19,Gold,56.0,1,VIP,
CUST-3381,william  burns  ,william.burns@companyco,872.547.7386,germany,17-Sep-2022,,27.0,Y,VIP,N/A
CUST-3382, Rachel Lawson,rachel.lawson@outlook.com,+1-741-700-9806,Britain,"February 18, 2026",Silver,59.0,No,VIP,
CUST-3383,JOHN MASON  ,john.mason@company.co,+1-534-871-3228,united states,2023-10-06,GOLD,63.0,Yes,VIP,N/A
CUST-3384,Justin Short,justin.short@hotmail.com,345.145.2008,RSA,2026-02-11,Silver,,No,Wholesale,called twice re: refund
CUST-2372,  jennifer bryan,jennifer.bryan@gmail.com,call-me-maybe,AU,05/07/2025,Gold,52.0,,VIP,VIP - handle with care
CUST-3386,David Johnson,david.johnson@gmail.com,496.736.9724,BR,30/03/2026,Silver,55.0,FALSE,VIP,called twice re: refund
CUST-3387,Joshua Smith,joshua.smith@yahoo.com,6119408707,Brasil,2025/06/18,GOLD,67.0,Yes,VIP,
CUST-3388,Daniel Clark,daniel.clark@hotmail.com,call-me-maybe,South Africa,02/01/2022,Gold,,FALSE,Retail,VIP - handle with care
CUST-3389,Christopher Taylor,christopher.taylor@outlook.com,6807188281,England,"April 10, 2024",Bronze,33.0,TRUE,retail ,
CUST-3390,Don Flores,don.flores@outlook.com,354.294.3512,CA,2021-09-26,bronze,26.0,TRUE,B2B,
CUST-3391,Gary Smith,gary.smith@gmail.com,(995) 799-6483,NG,26/01/2021,bronze,69.0,TRUE,B2B,
CUST-3392,Kelly Ellis,kelly.ellis@outlook.com,+1-487-682-7288,Germany,2024/06/08,bronze,43.0,TRUE,Wholesale,called twice re: refund
CUST-3393,Eric Davis,eric.davis@yahoo.com,+1-149-313-3914,USA,"January 06, 2025",bronze,62.0,N,Retail,
CUST-3394,Theresa Reynolds,theresa.reynolds@outlook.com,540,Germany,02/11/2023,bronze,,0,Wholesale,
CUST-3395,Mary Obrien,mary.obrien@company.co,(240) 692-5487,Brasil,29-Sep-2023,,28.0,Y,Retail,N/A
CUST-3396,BRANDON  WOODARD,brandon.woodard@company.co,629,S. Africa,21-Aug-2025,Bronze,39.0,N,Retail,called twice re: refund
CUST-3397,LORI  JONES  ,lori.jones@gmail.com,851.443.8579,canada,2022/10/18,,42.0,Yes,Wholesale,
CUST-3398,Kristen West,kristen.west@yahoo.com,772.611.2068,BR,2021-05-30,bronze,,1,VIP,VIP - handle with care
CUST-3399,taylor gill,taylor.gillgmail.com,(853) 934-5592,canada,03/22/2022,bronze,41.0,Y,retail ,
CUST-3400,Stephanie Morgan,stephanie.morgan@yahoo.com,9592029675,US,00/00/2025,,150.0,FALSE,Wholesale,VIP - handle with care
CUST-3401, Jennifer Shelton,jennifer.shelton@outlook.com,338.486.8655,Deutschland,18-Jan-2021,Bronze,,N,Retail,VIP - handle with care
CUST-3402,Amy Hudson,amy.hudson@outlook.com,(701) 220-7327,FR,2024/07/11,,28.0,FALSE,Retail,
CUST-2777,Deborah Andrews,deborah.andrews@hotmail.com,(680) 370-9226,United States,09/30/2025,Silver,62.0,N,Wholesale,N/A
CUST-3404,Matthew  Conley,matthew.conley@company.co,(956) 775-3605,france,09/28/2021,GOLD,24.0,FALSE,VIP,called twice re: refund
CUST-3405,Stephen Butler,stephen.butler@gmail.com,7293705225,United States,2022/09/24,bronze,150.0,,Wholesale,VIP - handle with care
CUST-3406,TONYA STANLEY,tonya.stanley@yahoo.com,(897) 878-3545,United States,2026-02-23,,38.0,Yes,Wholesale,
CUST-3407,Stephanie Durham,stephanie.durham@gmail.com,+1-344-268-1623,india,"April 13, 2023",bronze,,TRUE,Wholesale,
CUST-3408,Larry Phillips,larry.phillips@gmail.com,###-###-####,CA,"February 20, 2021",,48.0,,Wholesale,
CUST-3409, Theodore Williams,theodore.williams@outlook.com,534.581.8952,U.K.,08/26/2023,GOLD,61.0,No,B2B,
CUST-3410,Molly Hill,molly.hill@hotmail.com,call-me-maybe,FR,2021/03/27,,54.0,1,retail ,
CUST-3246,Gloria Armstrong MD,gloria.armstrong.md@yahoo.com,+1-351-986-2799,australia,"February 19, 2021",Bronze,-3.0,0,retail ,N/A
CUST-3412,Dr. Patrick Reese,dr..patrick.reese@yahoo.com,(683) 524-7363,France,"February 27, 2025",Bronze,52.0,TRUE,Wholesale,
CUST-3413,Joanne Glass,joanne.glass@company.co,263.868.1630,RSA,2024/05/02,,29.0,FALSE,VIP,N/A
CUST-3414,Valerie Bruce,valerie.bruce@company.co,+1-223-216-1614,Australia,23-Aug-2024,Bronze,61.0,No,Wholesale,
CUST-3415,Jeffrey Knight,jeffrey.knight@hotmail.com,(218) 323-4003,S. Africa,06/16/2025,Platinum,54.0,N,Wholesale,
CUST-3416,Raymond Burnett,raymond.burnett@gmail.com,+1-189-806-3647,FR,2025/10/04,GOLD,-3.0,N,vip,
CUST-3417,Thomas Fischer,thomas.fischer@outlook.com,4407406782,Deutschland,"September 04, 2023",Bronze,150.0,,Wholesale,N/A
CUST-3418,Tamara Lambert,tamara.lambert@hotmail.com,1424863815,nigeria,05/01/2026,GOLD,24.0,No,Wholesale,
CUST-3419,Wayne Mullen,wayne.mullen@company.co,(458) 699-4338,nigeria,2025-11-15,Silver,38.0,Yes,Wholesale,called twice re: refund
CUST-3420,Norma White,norma.white@yahoo.com,127.787.3986,England,2021/08/24,Platinum,61.0,Yes,retail ,N/A
CUST-3421,APRIL SMITH,april.smith@hotmail.com,(832) 443-1074,BR,2025-03-29,,,TRUE,Wholesale,N/A
CUST-3422,Dylan Collins,dylan.collins@company.co,+1-908-629-1320,France,2024-05-24,Bronze,150.0,TRUE,vip,
CUST-1899,Alyssa Petty,alyssa.petty@yahoo.com,+1-580-792-6795,canada,2025-04-31,Platinum,71.0,N,retail ,
CUST-3424,Ashley Williams,ashley.williams@hotmail.com,2036422179,Canada,08/12/2022,bronze,-3.0,1,Wholesale,VIP - handle with care
CUST-3425,Laura Mendoza,laura.mendoza@gmail.com,###-###-####,nigeria,27/09/2027,Silver,-3.0,FALSE,retail ,called twice re: refund
CUST-3426,Brandon Johnson,brandon.johnson@yahoo.com,(758) 521-8817,France,2022/05/26,Platinum,23.0,FALSE,VIP,called twice re: refund
CUST-3427,Theresa Walker MD,theresa.walker.md@company.co,(481) 859-3123,S. Africa,11-Dec-2024,Platinum,31.0,,Wholesale,N/A
CUST-3428,Erin Torres,erin.torres@yahoo.com,(507) 212-8373,Brazil,26/03/2025,,23.0,,B2B,called twice re: refund
CUST-3429, Richard Ochoa  ,richard.ochoa@outlook.com,1383742189,Brasil,26-Jul-2023,,-1.0,1,B2B,
CUST-3430,Angel Johnson  ,angel.johnson@gmail.com,924.591.4709,United States,"July 11, 2025",,70.0,,Wholesale,
CUST-3431,KIMBERLY MASON,kimberly.mason@hotmail.com,call-me-maybe,United States,08/04/2021,Bronze,38.0,N,VIP,
CUST-3432,Albert Fischer,albert.fischer@hotmailcom,9284113555,S. Africa,12/23/2025,,25.0,TRUE,Retail,VIP - handle with care
CUST-3433,Christopher Smith,christopher.smith@outlook.com,+1-875-843-8929,AU,09-Sep-2024,,64.0,Y,retail ,N/A
CUST-3434,Martha Taylor,martha.tayloryahoo.com,253,canada,"May 28, 2025",,,TRUE,VIP,
CUST-3435,Jeremiah Huang,jeremiah.huang@outlook.com,###-###-####,South Africa,09-Mar-2026,bronze,52.0,0,B2B,
CUST-3436,victoria jones,victoria.jones@outlook.com,(593) 877-2470,United States of America,2024/11/03,Silver,57.0,Y,B2B,N/A
CUST-3437,Michael Warner,michael.warner@hotmail.com,3798303711,Germany,12/16/2025,bronze,57.0,No,retail ,N/A
CUST-3438,Amanda Hurley,amanda.hurley@gmail.com,(488) 837-7142,Brasil,"March 07, 2026",,,,vip,VIP - handle with care
CUST-3439, kimberly barton,kimberly.barton@company.co,(730) 451-3210,BR,07-Feb-2025,Platinum,42.0,0,B2B,
CUST-3440,Caitlin Rodriguez,caitlin.rodriguez@company.co,+1-625-934-1053,Nigeria,"August 10, 2023",GOLD,44.0,Y,VIP,VIP - handle with care
CUST-3441,CHRISTOPHER PARKER  ,christopher.parker@gmail.com,178.735.8306,Australia,22-Sep-2024,Platinum,58.0,1,vip,
CUST-3442,RYAN HICKS,ryan.hicks@company.co,157.238.2098,U.K.,01/01/2026,GOLD,28.0,No,vip,called twice re: refund
CUST-3443,gary mata,gary.mata@gmail.com,385.345.2426,FR,20/11/2025,Gold,,,B2B,
CUST-3444,Jessica York,jessica.york@company.co,545.488.7278,BR,2025-03-14,,20.0,FALSE,B2B,
CUST-3445,Courtney Lopez,courtney.lopez@gmail.com,752.405.1247,UK,26-May-2025,Gold,61.0,N,Wholesale,
CUST-3446,Tyler Casey,tyler.casey@outlook.com,631.574.7168,Nigéria,2022-11-18,,150.0,,Wholesale,
CUST-3447,Adrian Bowen,adrian.bowen@outlook.com,768.113.7424,Germany,"September 21, 2021",GOLD,67.0,TRUE,Retail,
CUST-3448,Sarah Duncan,sarah.duncan@outlook.com,542,South Africa,2024/02/22,GOLD,63.0,No,Wholesale,
CUST-3449,Todd Jenkins,todd.jenkins@company.co,8066187586,DE,09/10/2022,Gold,-1.0,1,VIP,N/A
CUST-3450,David Hensley,david.hensley@yahoo.com,+1-457-402-4656,U.K.,04/01/2026,,150.0,1,vip,N/A
CUST-3451,Travis Carpenter,travis.carpenter@company.co,+1-128-236-3246,Australia,"January 19, 2025",GOLD,32.0,0,vip,
CUST-3452,Ashley Lopez,ashley.lopezcompany.co,979.814.4253,USA,"January 01, 2021",,39.0,No,Wholesale,N/A
CUST-3453,karen joseph,karen.joseph@yahoo.com,+1-134-245-8170,AU,29/04/2026,Platinum,-5.0,1,Wholesale,
CUST-3454,Emily Hansen,emily.hansen@gmail.com,+1-528-357-9130,ZA,"January 19, 2027",,24.0,,Retail,called twice re: refund
CUST-3455,Amanda Mayer,amanda.mayer@yahoo.com,(388) 502-3075,United States of America,2021-07-25,,,No,Wholesale,
CUST-3456,heather mckinney,heather.mckinney@outlook.com,(564) 556-2746,FR,01/31/2023,bronze,28.0,FALSE,retail ,
CUST-3457,Laurie Hunter,laurie.hunter@gmail.com,+1-505-364-4282,AU,25-Jun-2024,,20.0,Yes,vip,called twice re: refund
CUST-3458,Donna Marshall,donna.marshall@company.co,993.562.9283,England,13-Jun-2025,Platinum,48.0,,Retail,called twice re: refund
CUST-3459,Tiffany Torres,tiffany.torrescompany.co,846,AU,2025-11-01,Bronze,21.0,TRUE,Wholesale,N/A
CUST-3460,Jeffrey Ruiz PhD,jeffrey.ruiz.phd@hotmail.com,(207) 540-3881,CA,09-Nov-2021,Bronze,25.0,Y,Wholesale,VIP - handle with care
CUST-3461,Dr. Theresa Patton DDS,dr..theresa.patton.dds@outlook.com,(695) 899-2569,S. Africa,15-Sep-2025,Gold,75.0,Yes,retail ,called twice re: refund
CUST-3462,JAMES  STRONG,james.strong@hotmail.com,+1-718-487-2017,BR,"December 14, 2025",Gold,35.0,Y,B2B,N/A
CUST-3463,David Nicholson,david.nicholson@company.co,call-me-maybe,Deutschland,22/02/2021,Platinum,67.0,TRUE,vip,N/A
CUST-3464,Tammy Weaver,tammy.weaver@outlook.com,6733832264,Germany,2023/02/19,,70.0,Yes,Retail,
CUST-1027,Melissa Huang DDS,melissa.huang.dds@company.co,5645908269,DE,02-Aug-2022,Bronze,44.0,0,Wholesale,
CUST-3466,Gary Merritt,gary.merritt@outlook.com,+1-407-293-8207,France,03/07/2027,Bronze,68.0,N,Wholesale,called twice re: refund
CUST-3467,Robert Smith,robert.smithhotmail.com,call-me-maybe,Nigeria,14-Oct-2021,Silver,58.0,1,Wholesale,N/A
CUST-3468,Scott Obrien,scott.obrien@yahoo.com,355.459.7105,france,2025/08/12,,44.0,N,Wholesale,called twice re: refund
CUST-3469,Michael Roth,michael.roth@company.co,+1-816-490-3218,FR,"April 21, 2026",,18.0,,B2B,VIP - handle with care
CUST-3470,Linda Simmons,linda.simmons@yahoo.com,5118846583,BR,2022-12-21,,150.0,No,B2B,
CUST-3471,Amy Howell,amy.howell@company.co,682.703.8739,AU,07/25/2025,Gold,58.0,FALSE,Wholesale,N/A
CUST-3472,TROY HOFFMAN,troy.hoffman@@hotmail.com,(341) 261-5934,Brasil,2022-02-13,Gold,31.0,N,Wholesale,
CUST-3473,Debra Wagner,debra.wagner@gmail.com,(241) 964-4054,Germany,13-Sep-2021,GOLD,67.0,N,retail ,
CUST-3474,ROBERT PALMER,robert.palmer@,+1-318-533-9812,india,"November 09, 2021",Platinum,,TRUE,Wholesale,N/A
CUST-3475,Gabriel Ritter,gabriel.ritter@company.co,761.798.5888,South Africa,21-Nov-2022,Gold,,FALSE,Wholesale,
CUST-3476, anthony snyder,anthony.snyder@yahoo.com,+1-811-694-5154,Deutschland,10/11/2021,bronze,36.0,N,Retail,called twice re: refund
CUST-3477,donna ruiz,donna.ruiz@gmail.com,894.374.5308,france,02/04/2026,Silver,35.0,Yes,Wholesale,
CUST-3478,Mallory Alvarez,mallory.alvarez@outlook.com,(150) 593-3719,US,27/07/2025,GOLD,58.0,1,Retail,called twice re: refund
CUST-3479,Roberto Fitzgerald,roberto.fitzgerald@gmail.com,1324663911,United States,2025-02-30,GOLD,38.0,TRUE,Retail,N/A
CUST-1985,Kevin Estrada,kevin.estrada@hotmail.com,603.829.2963,Nigéria,12/22/2022,Platinum,67.0,TRUE,VIP,
CUST-3481,Oscar Harris,oscar.harris@yahoo.com,+1-710-728-1869,france,2025-10-29,Platinum,61.0,Yes,vip,N/A
CUST-3482,Mrs. Andrea Torres,mrs..andrea.torres@yahoo.com,6204515375,South Africa,28-Nov-2023,bronze,-1.0,No,B2B,
CUST-3483,Rick Zuniga,rick.zuniga@outlook.com,6118017264,australia,18/09/2023,Bronze,41.0,N,Wholesale,VIP - handle with care
CUST-3484,Christopher Allison,christopher.allison@company.co,(713) 158-7306,NG,"March 03, 2024",GOLD,61.0,Y,Wholesale,
CUST-3485,Julie Alexander,julie.alexander@outlook.com,call-me-maybe,nigeria,2023-05-17,Platinum,66.0,,VIP,N/A
CUST-3486,Matthew Hernandez,matthew.hernandez@hotmail.com,(139) 348-3006,NG,12/27/2021,Bronze,75.0,No,Wholesale,
CUST-3487,Nancy  Rollins,nancy.rollins@hotmail.com,633.114.2228,UK,29/04/2021,Gold,18.0,FALSE,vip,
CUST-3488,Ryan Webb,ryan.webb@outlook.com,+1-402-419-2763,South Africa,"October 24, 2025",,60.0,FALSE,Wholesale,VIP - handle with care
CUST-3489,Andrew Moody,andrew.moodyyahoo.com,9723792364,RSA,03-Aug-2025,Gold,19.0,1,Wholesale,
CUST-3490,Jamie Brown,jamie.brown@hotmail.com,652.911.2007,Deutschland,12-Apr-2021,Bronze,-2.0,,B2B,
CUST-3491,Eric Gaines,eric.gaines@hotmail.com,(250) 774-5128,Bharat,05/31/2026,Silver,-1.0,0,Wholesale,N/A
CUST-3492,Mr. Edward Smith DDS,mr..edward.smith.dds@company.co,+1-187-790-6626,Nigéria,2025/09/22,Silver,150.0,TRUE,retail ,called twice re: refund
CUST-3493,Wanda Fuller,wanda.fullerhotmail.com,+1-614-452-7690,AU,"April 16, 2025",,23.0,,Wholesale,N/A
CUST-3494, BRENT CUMMINGS,brent.cummings@hotmail.com,+1-878-189-9503,Nigéria,22/01/2026,Silver,150.0,N,Wholesale,
CUST-3495,Ronald Glover,ronald.glover@yahoo.com,1942689390,BR,06/29/2024,,-1.0,,vip,
CUST-3496,Jennifer Ortega,jennifer.ortega@hotmail.com,9757164276,United Kingdom,"June 12, 2023",GOLD,150.0,0,vip,
CUST-3497,Aaron Rogers,aaron.rogers@yahoo.com,766.959.6518,United States of America,2026-02-06,Silver,150.0,,VIP,
CUST-3498,Terry Jimenez  ,terry.jimenez@gmail.com,(852) 746-9704,France,2024-04-25,Bronze,69.0,TRUE,Wholesale,called twice re: refund
CUST-3499,Charles Bentley,charles.bentley@company.co,###-###-####,France,14/01/2023,Bronze,150.0,N,Retail,called twice re: refund
CUST-3500,Julie Ruiz,julie.ruiz@company.co,145.255.2920,Australia,07/24/2021,Bronze,33.0,No,Wholesale,
CUST-3501,Lisa Whitney,lisa.whitney@gmail.com,+1-976-976-3813,australia,"December 04, 2021",Bronze,56.0,TRUE,retail ,
CUST-3502,Kristine Carroll,kristine.carroll@hotmail.com,7755904856,Britain,09-Nov-2027,GOLD,32.0,Y,VIP,
CUST-3503,Nicole Wright  ,nicole.wright@gmail.com,(811) 205-3779,UK,"November 06, 2021",Gold,52.0,Y,vip,N/A
CUST-3284,Mary Thompson,,,canada,2023-07-09,Bronze,51.0,TRUE,Retail,
CUST-3505,Danielle Hogan,danielle.hogan@outlook.com,+1-145-999-6785,South Africa,"January 18, 2022",Silver,42.0,Yes,vip,called twice re: refund
CUST-3506,Shane Owens,shane.owens@hotmail.com,(981) 262-8280,United States of America,06/16/2021,Platinum,39.0,N,Retail,
CUST-3507,Desiree Rios,desiree.rios@hotmail.com,+1-986-511-2419,South Africa,05/17/2021,bronze,39.0,FALSE,VIP,
CUST-3508,John Brewer,john.brewer@company.co,4908393042,india,2021-02-28,,25.0,1,Retail,VIP - handle with care
CUST-3509,Danielle Ross,danielle.ross@yahoo.com,415.603.3947,Brazil,03/09/2024,Bronze,68.0,Yes,retail ,VIP - handle with care
CUST-3510,Matthew Mills Jr.,matthew.mills.jr.@outlook.com,266.137.9937,australia,11/18/2021,,69.0,FALSE,B2B,VIP - handle with care
CUST-3511,Glenda Smith,glenda.smith@yahoo.com,###-###-####,germany,"October 29, 2025",,44.0,,Wholesale,called twice re: refund
CUST-3512,Miss Destiny Richards,miss.destiny.richards@outlook.com,(720) 385-7966,nigeria,2021-01-28,Bronze,61.0,Yes,B2B,
CUST-3513,Karen Fernandez,karen.fernandez@hotmail.com,(540) 808-7466,Brasil,00/00/2025,Platinum,33.0,No,VIP,
CUST-3514,Margaret Bradshaw,margaret.bradshaw@hotmail.com,6027673465,Canada,02/28/2023,,63.0,Yes,Wholesale,
CUST-3515, EMILY JOHNSON,emily.johnson@company.co,8656236725,CA,2024-04-20,GOLD,72.0,Yes,VIP,
CUST-3516, TODD WHITE  ,todd.white@yahoo.com,4752899486,australia,2025/08/28,Bronze,,N,retail ,
CUST-3517,Justin Hernandez,justin.hernandez@gmail.com,(328) 224-8615,RSA,2026/02/02,,46.0,0,Wholesale,
CUST-3518,Anita Decker,anita.decker@,7515529643,Canada,"January 19, 2025",Bronze,67.0,FALSE,Retail,
CUST-3519,Melissa French,melissa.french@company.co,(104) 305-2357,United States of America,2023-02-16,GOLD,65.0,N,vip,
CUST-3520,Kimberly Castro,kimberly.castro@hotmailcom,(708) 122-8180,Canada,2025-07-09,bronze,,N,Retail,
CUST-3521,John Richard,john.richard@hotmail.com,(477) 703-7850,RSA,07/29/2023,Platinum,53.0,Y,Wholesale,
CUST-3522,Beth Rowe,beth.rowe@outlook.com,456.871.6370,CA,21/10/2022,GOLD,23.0,FALSE,vip,VIP - handle with care
CUST-3523,Amanda Park,amanda.park@outlook.com,340.482.9135,S. Africa,18/05/2022,Bronze,73.0,Yes,retail ,VIP - handle with care
CUST-3524, JASON AYALA  ,jason.ayala @outlook.com,5325912726,U.S.A.,2025/12/11,GOLD,41.0,FALSE,Wholesale,
CUST-3525,Melody Patrick,melody.patrick@outlook.com,7222333986,AU,2025/04/06,Platinum,42.0,TRUE,Wholesale,
CUST-3526,kimberly rowland,kimberly.rowland@hotmail.com,328.247.2853,Australia,29-Aug-2022,,19.0,FALSE,B2B,called twice re: refund
CUST-3527, drew smith  ,drew.smith@company.co,+1-211-750-4837,germany,05-Mar-2026,Platinum,19.0,FALSE,B2B,
CUST-3528, chelsea jones,chelsea.jones@hotmail.com,+1-348-664-7320,france,2025-07-31,Platinum,32.0,Y,Wholesale,N/A
CUST-3529,christopher scott,christopher.scott@outlook.com,(630) 384-3410,U.S.A.,2026-01-20,,33.0,TRUE,retail ,
CUST-3530,Yolanda Price,yolanda.price@gmail.com,(670) 546-1799,Australia,19/09/2021,,28.0,1,retail ,VIP - handle with care
CUST-3531,Austin Hunt,austin.hunt@company.co,(485) 421-2303,US,08-May-2025,,52.0,TRUE,Retail,
CUST-3532,Aaron Miller,aaron.miller@yahoo.com,1378222210,South Africa,04/11/2022,Silver,67.0,N,VIP,
CUST-3533, Tiffany Cruz,tiffany.cruz@company.co,(970) 276-3772,NG,2021-05-06,Silver,23.0,FALSE,Wholesale,VIP - handle with care
CUST-3534,Jeffrey Gallegos,jeffrey.gallegos@yahoo.com,8893492487,Nigeria,2021/12/30,,46.0,,B2B,called twice re: refund
CUST-3535,Sandra Wright,sandra.wright@@outlook.com,895.509.8325,South Africa,2021/10/10,bronze,35.0,1,Wholesale,
CUST-3536,Dalton Jenkins,dalton.jenkins@hotmail.com,(291) 812-1209,Australia,2022/09/10,,,1,Wholesale,
CUST-3537,Kenneth Richardson,kenneth.richardson@yahoo.com,(237) 805-9376,RSA,08/06/2023,Platinum,54.0,Y,retail ,
CUST-3538,jennifer cox,jennifer.cox@outlook.com,1884595709,United States of America,13-Mar-2025,GOLD,43.0,FALSE,Wholesale,called twice re: refund
CUST-3539,Rebecca Herrera,rebecca.herrera@yahoo.com,256.755.8218,S. Africa,08/25/2022,Bronze,32.0,,retail ,VIP - handle with care
CUST-3540,Jessica Arnold,jessica.arnold@gmail.com,922.144.6498,australia,09-Apr-2023,Silver,53.0,No,VIP,
CUST-3541,Michelle Patton,michelle.patton@company.co,+1-970-206-7293,England,2021-10-24,Gold,18.0,Y,Wholesale,
CUST-3542,Barbara Collins,barbara.collins@company.co,###-###-####,Brazil,11/07/2025,Silver,,1,retail ,N/A
CUST-3543, TRACY PEARSON,tracy.pearson@gmail.com,7249054466,Canada,08/03/2023,,57.0,TRUE,Wholesale,
CUST-3544,Douglas Hamilton,douglas.hamilton@outlook.com,(553) 682-7604,Bharat,04/30/2025,,63.0,Y,VIP,N/A
CUST-3545,michelle gonzalez,michelle.gonzalez@hotmail.com,+1-603-448-7876,canada,31-Jan-2021,Gold,,Yes,VIP,called twice re: refund
CUST-3546,Kimberly Young,kimberly.young@gmail.com,call-me-maybe,Australia,07/03/2025,Platinum,66.0,N,Retail,N/A
CUST-3547,Melanie Allen,melanie.allen@gmail.com,321.138.8011,Australia,12/08/2021,Bronze,-3.0,,retail ,
CUST-3548,Deborah Ortiz,deborah.ortiz @company.co,1148278076,Canada,2023-08-25,GOLD,73.0,1,retail ,
CUST-3549,william jones,william.jones@hotmail.com,7555712467,france,2023-08-15,GOLD,47.0,Yes,VIP,
CUST-3550,Nicholas Martinez,nicholas.martinez@company.co,1342787253,canada,2022/01/28,Silver,22.0,Yes,retail ,
CUST-3551,Tiffany Griffith,tiffany.griffith@hotmail.com,463.945.3721,germany,02/06/2021,Bronze,63.0,,B2B,
CUST-3552,William Sweeney,william.sweeney@gmail.com,950.114.6597,France,2021-03-04,,-4.0,0,Retail,
CUST-3553,Benjamin Saunders,benjamin.saunders@outlook.com,###-###-####,CA,2023-05-12,Gold,31.0,1,B2B,
CUST-3554,Kevin Goodman,kevin.goodman@,968,South Africa,00/00/2025,Gold,73.0,TRUE,VIP,
CUST-3555,BRIAN ROGERS  ,brian.rogers@hotmail.com,###-###-####,UK,"January 15, 2024",,29.0,No,Retail,called twice re: refund
CUST-3556,Ricky Chavez,ricky.chavez@yahoo.com,(674) 309-1981,australia,26-Sep-2025,Bronze,50.0,0,retail ,N/A
CUST-3557,Matthew Bell,matthew.bell@hotmail.com,7134538698,CA,"March 05, 2026",,45.0,0,vip,
CUST-3558, Briana Buckley,briana.buckley@company.co,4155195620,CA,08/17/2022,,69.0,0,Wholesale,called twice re: refund
CUST-3559,John Faulkner,john.faulkner@hotmail.com,###-###-####,Brasil,25-Feb-2023,,37.0,0,retail ,
CUST-3560,Edward Bradford,edward.bradford@hotmail.com,247,Brazil,31/12/2025,Gold,45.0,TRUE,Wholesale,
CUST-3561,Robin Raymond,robin.raymond@company.co,979.972.3752,Brasil,30-May-2022,Silver,64.0,1,Wholesale,
CUST-3562,LEVI OSBORNE,levi.osborne@yahoo.com,(977) 774-1114,Canada,24/06/2027,,53.0,No,B2B,VIP - handle with care
CUST-3563,DANA LOPEZ,dana.lopez@hotmail.com,###-###-####,france,2023/06/28,Bronze,,TRUE,Wholesale,VIP - handle with care
CUST-3564,Valerie Nelson,valerie.nelson@hotmail.com,+1-969-170-3614,India,20/04/2025,,-2.0,FALSE,vip,called twice re: refund
CUST-3565,daniel warner,daniel.warner@company.co,+1-302-761-1334,NG,"January 02, 2023",Bronze,49.0,TRUE,Wholesale,
CUST-3566,Hayley Monroe  ,hayley.monroe@company.co,7031611719,FR,"October 08, 2024",GOLD,31.0,Yes,B2B,called twice re: refund
CUST-3567,Renee Garcia,renee.garcia@companyco,805.539.8722,canada,"June 29, 2023",GOLD,37.0,1,VIP,called twice re: refund
CUST-3568,Joshua Zamora,joshua.zamora@hotmail.com,+1-667-416-6889,france,2025/09/29,Platinum,31.0,N,Retail,called twice re: refund
CUST-3569,David  Santos,david.santos@outlook.com,+1-781-904-1729,Brasil,2025/03/08,Platinum,-2.0,TRUE,vip,
CUST-3570,Jennifer Cook,jennifer.cook@yahoo.com,(486) 935-1107,England,05/13/2025,Silver,73.0,TRUE,vip,called twice re: refund
CUST-3571,Sara Adams,sara.adams@company.co,(600) 708-9558,FR,05/12/2025,,37.0,Yes,Retail,VIP - handle with care
CUST-3572,Katherine Silva,katherine.silva@yahoo.com,call-me-maybe,CA,2021-10-10,Gold,33.0,No,VIP,called twice re: refund
CUST-3573,Benjamin Turner,benjamin.turner@@outlook.com,+1-733-310-1228,Canada,2023/09/22,,26.0,No,Wholesale,VIP - handle with care
CUST-3574,Elijah Cooper,elijah.cooper@hotmail.com,(706) 904-4454,USA,2025-04-31,Gold,66.0,TRUE,Retail,N/A
CUST-3575,lisa glover,lisa.glover@yahoo.com,1648062140,ZA,28/04/2025,,,TRUE,vip,
CUST-3576,Scott Riley,scott.riley@yahoo.com,9826418852,Nigeria,19-Jun-2025,Gold,43.0,N,Wholesale,
CUST-3577,Amber Copeland,amber.copeland@gmail.com,(554) 931-2177,Germany,28-Mar-2025,GOLD,-5.0,1,B2B,N/A
CUST-3578,Steven Duffy,steven.duffy@gmail.com,(947) 884-1131,CA,2025-04-06,Bronze,61.0,Y,Wholesale,
CUST-3579,Matthew Smith,matthew.smith@@gmail.com,(961) 212-7491,Britain,2022/06/22,,,0,vip,
CUST-3580,Joseph Johnson,joseph.johnson@outlook.com,(983) 678-8001,Australia,03/01/2026,bronze,44.0,FALSE,retail ,called twice re: refund
CUST-3581,Alicia Allen,alicia.allen@gmail.com,+1-972-667-5557,Nigéria,2024/10/22,,56.0,No,Wholesale,
CUST-3582,Julia Reyes,julia.reyes@gmail.com,(490) 561-4634,ZA,2021/03/21,Silver,44.0,N,vip,
CUST-3583,Christopher Crawford,christopher.crawford@gmail.com,(815) 492-9110,CA,"August 19, 2021",,49.0,Y,retail ,N/A
CUST-3584,Michael  Harmon,michael.harmon@,612.759.4977,united states,31/12/2025,Gold,-4.0,No,Wholesale,called twice re: refund
CUST-3585,Renee Alvarez,renee.alvarez@company.co,###-###-####,Nigeria,06/15/2022,GOLD,27.0,1,Wholesale,
CUST-3586,Lauren Ramirez,lauren.ramirez@gmail.com,4003202144,U.K.,"April 21, 2024",Platinum,33.0,N,Retail,called twice re: refund
CUST-3587,Glenn Adams,glenn.adams@outlook.com,636.746.6854,FR,"September 28, 2022",bronze,52.0,No,vip,
CUST-3588,Kelly Macdonald,kelly.macdonald@@yahoo.com,###-###-####,germany,2024/09/03,Platinum,42.0,Yes,Retail,called twice re: refund
CUST-2694,Angel Luna,angel.luna@gmail.com,(288) 462-1532,Brazil,2023/12/18,bronze,75.0,Y,Retail,
CUST-3590,Christopher Morris,christopher.morris@hotmail.com,940.780.1892,BR,04/09/2022,Silver,,FALSE,Retail,N/A
CUST-3591,Brad Bush,brad.bush@outlook.com,+1-246-820-1315,Nigéria,04/15/2021,Platinum,64.0,Yes,Wholesale,N/A
CUST-3592,james watson  ,james.watson@yahoo.com,(302) 265-5076,FR,2025-02-14,Bronze,60.0,N,Retail,N/A
CUST-3593,Lindsey Duran,lindsey.duran@hotmailcom,269.924.9006,Brazil,"August 24, 2022",Platinum,,No,retail ,
CUST-3594,Adam Boyd,adam.boyd@outlook.com,775,france,08/31/2022,Silver,33.0,1,Wholesale,N/A
CUST-3595,Stephanie Wilkinson,stephanie.wilkinson@outlook.com,6922983080,India,27-Mar-2021,,37.0,N,Wholesale,
CUST-3596,Mrs. Valerie Douglas,mrs..valerie.douglas@gmail.com,+1-486-424-1379,Brazil,"January 01, 2025",,25.0,FALSE,VIP,called twice re: refund
CUST-3597,Mr. Darrell Morales II,mr..darrell.morales.ii@gmail.com,(993) 206-8309,AU,2025-09-03,,150.0,0,vip,
CUST-3598,Chad Gates,chad.gates @company.co,2804815690,Nigéria,00/00/2025,,150.0,Y,vip,
CUST-3599,Joseph Smith,joseph.smith@outlook.com,785.203.1143,Australia,08/28/2023,,59.0,1,VIP,VIP - handle with care
CUST-3600,derrick ramirez,derrick.ramirez@company.co,275.862.8108,Bharat,15-Feb-2025,,63.0,No,Wholesale,called twice re: refund
CUST-3601,Sarah Mccarthy,sarah.mccarthy@company.co,+1-494-826-7671,france,08/13/2021,Bronze,20.0,No,vip,N/A
CUST-3602,Christopher Maxwell,christopher.maxwell@yahoo.com,(806) 377-1439,USA,02/11/2025,bronze,150.0,,Wholesale,
CUST-3603,Scott Marshall,scott.marshall@company.co,(864) 362-5596,CA,"May 23, 2022",GOLD,71.0,FALSE,VIP,VIP - handle with care
CUST-3604,Richard Berry,richard.berry@gmail.com,412.897.7835,ZA,"December 19, 2023",Bronze,28.0,,retail ,N/A
CUST-3605,Richard Obrien,richard.obrien@gmail.com,463.378.5246,Britain,2023/06/30,Platinum,25.0,TRUE,vip,called twice re: refund
CUST-3606,Ryan Davis,ryan.davis@hotmail.com,2688518026,Germany,2023/08/18,Gold,18.0,FALSE,retail ,
CUST-3607,Tyler Goodwin,tyler.goodwin@hotmail.com,(503) 258-8906,RSA,"November 12, 2023",GOLD,61.0,N,Wholesale,
CUST-3608,Brian Fisher,brian.fisher@gmail.com,+1-372-754-8789,England,2024/05/12,Platinum,34.0,Yes,retail ,VIP - handle with care
CUST-3609,Shelby Torres,shelby.torres@gmail.com,5599164688,UK,2022/11/27,Bronze,58.0,Yes,vip,VIP - handle with care
CUST-3610,Jason Gross,jason.gross@outlook.com,(356) 652-2693,Britain,2025-01-01,,33.0,,Wholesale,
CUST-3611,Courtney Cervantes,courtney.cervantes@outlook.com,(764) 672-2383,australia,15-Nov-2025,Gold,150.0,FALSE,Retail,N/A
CUST-3612,Kimberly Allen,kimberly.allen@outlook.com,(846) 411-9706,S. Africa,23-Jan-2025,Bronze,64.0,N,VIP,N/A
CUST-3613,Kyle Stephenson,kyle.stephenson@hotmail.com,+1-263-678-2881,Brazil,02-Jun-2025,,59.0,1,vip,
CUST-3614,Ian Whitaker,ian.whitaker@company.co,###-###-####,france,08-Mar-2024,,39.0,TRUE,B2B,called twice re: refund
CUST-3615,GREGORY LESTER,gregory.lester@gmail.com,+1-408-358-9141,FR,"December 05, 2022",,27.0,N,VIP,
CUST-3616,Alexander Garcia,alexander.garcia@yahoo.com,(253) 292-1627,Bharat,06/08/2022,,48.0,N,retail ,
CUST-3617,JENNIFER HAYES,jennifer.hayes@gmail.com,+1-272-472-8436,FR,2025-09-06,Bronze,55.0,,Wholesale,
CUST-3618,Jennifer Myers,jennifer.myers@gmail.com,###-###-####,France,2021-12-25,Silver,42.0,Yes,vip,called twice re: refund
CUST-3619,Kathleen Kelly,kathleen.kelly@company.co,+1-207-518-6457,ZA,2025-04-19,GOLD,,FALSE,Wholesale,
CUST-3620,Kevin Rocha,kevin.rocha@hotmail.com,1832287951,ZA,12/06/2024,Gold,53.0,N,vip,
CUST-3621,Natalie Butler,natalie.butler@yahoo.com,+1-301-594-1658,France,08/10/2024,,44.0,0,Wholesale,N/A
CUST-3622,Ricardo Davis,ricardo.davis@hotmail.com,393.224.8704,France,01-Feb-2024,Gold,35.0,,retail ,
CUST-3623,Jeffrey Matthews,jeffrey.matthews@company.co,688,Brasil,02-Nov-2023,,59.0,No,vip,
CUST-3624,Daniel Vega,daniel.vega@yahoo.com,(497) 226-9864,Brazil,2023/06/01,GOLD,18.0,Yes,B2B,called twice re: refund
CUST-3625,Eddie Thompson,eddie.thompson@hotmail.com,+1-890-192-1531,India,13-Sep-2024,Silver,49.0,Y,B2B,called twice re: refund
CUST-3626,Ryan Johnson MD,ryan.johnson.md@gmail.com,6977961438,france,2025-10-26,Platinum,62.0,Y,Wholesale,
CUST-3627,Jeffrey Armstrong,jeffrey.armstrong@gmail.com,call-me-maybe,australia,2022/11/19,,38.0,FALSE,Wholesale,called twice re: refund
CUST-3628,Terry Lee,terry.lee@hotmail.com,(372) 184-3156,Brasil,11/08/2025,Silver,61.0,N,B2B,
CUST-3629,Barbara Barnett,barbara.barnett@hotmail.com,(549) 879-2708,United States of America,"July 29, 2021",,61.0,Yes,B2B,called twice re: refund
CUST-3630,Kelly Orozco,kelly.orozco@yahoo.com,656,BR,"April 21, 2023",GOLD,47.0,Y,Retail,
CUST-3631,Matthew Michael,matthew.michael@hotmail.com,call-me-maybe,Nigeria,"July 06, 2022",Gold,150.0,TRUE,Wholesale,VIP - handle with care
CUST-3632,Randy Ward,randy.ward@hotmail.com,496.423.8316,France,2025-09-27,Bronze,62.0,Y,vip,VIP - handle with care
CUST-3633,Emily Thompson,emily.thompson@hotmail.com,3947926328,nigeria,2023-12-30,Silver,45.0,Yes,Wholesale,N/A
CUST-3634,John Lewis,john.lewis@outlook.com,call-me-maybe,DE,18/09/2023,,44.0,Y,Wholesale,called twice re: refund
CUST-3635,Andrew Davis,andrew.davis@yahoo.com,+1-298-823-2234,S. Africa,19/03/2022,,22.0,No,vip,VIP - handle with care
CUST-3636,Allen Reyes,allen.reyes@outlook.com,8928448667,ZA,30-May-2021,Silver,150.0,FALSE,Wholesale,
CUST-3637,Whitney Salazar,whitney.salazar@hotmail.com,+1-596-270-9247,india,"December 19, 2023",Bronze,28.0,0,vip,N/A
CUST-3638,mr. james short,mr..james.short@@outlook.com,432,FR,06/27/2025,bronze,27.0,Yes,Wholesale,
CUST-3639,Danielle Shaw,danielle.shaw@company.co,+1-179-153-9500,England,10/06/2024,Platinum,44.0,FALSE,Wholesale,N/A
CUST-3640,William Chavez,william.chavez@company.co,2546528522,Britain,09/10/2021,GOLD,72.0,0,vip,
CUST-3641,Christine Mendez,christine.mendez@company.co,7293373434,FR,00/00/2025,,67.0,0,Retail,N/A
CUST-3642, Ashley Collins,ashley.collins@outlook.com,826.837.5165,ZA,05-May-2023,Silver,72.0,N,retail ,
CUST-3643,James George,james.george@outlook.com,###-###-####,RSA,20/08/2025,GOLD,66.0,FALSE,Wholesale,called twice re: refund
CUST-3644,Tanner Beltran,tanner.beltran@hotmail.com,8785111217,india,2022-07-28,Silver,74.0,0,vip,
CUST-3645,Carol Riggs,carol.riggs@outlook.com,426.232.3706,South Africa,2023-08-01,bronze,43.0,0,Wholesale,VIP - handle with care
CUST-3646,Joshua Edwards,joshua.edwards@hotmail.com,+1-242-779-1071,NG,05/12/2023,,29.0,TRUE,Wholesale,
CUST-3647,angela smith,angela.smith@yahoo.com,7889311371,australia,2022/11/12,,28.0,,Wholesale,N/A
CUST-3648,MARTIN EVANS,martin.evans@hotmail.com,(563) 211-4236,NG,31/05/2021,Platinum,,Y,Retail,called twice re: refund
CUST-3649,Jessica Garza,jessica.garza@hotmail.com,313.568.2901,india,12/05/2021,bronze,53.0,N,vip,N/A
CUST-3650,Vanessa Fuller,vanessa.fuller@gmail.com,+1-634-757-5500,Germany,24/06/2024,,-2.0,,Retail,
CUST-3651,Richard Young,richard.young@outlook.com,5977336011,AU,05/09/2022,Silver,150.0,TRUE,B2B,VIP - handle with care
CUST-3652,Danielle Peterson,danielle.peterson@hotmail.com,241,IN,26-Sep-2023,Silver,47.0,1,Retail,
CUST-3653,Kim Cruz,kim.cruz@yahoo.com,(374) 988-9380,DE,2022-02-25,GOLD,56.0,1,Wholesale,called twice re: refund
CUST-3654,Cynthia Wallace,cynthia.wallace@hotmail.com,6105898311,NG,19/02/2021,,35.0,FALSE,Wholesale,VIP - handle with care
CUST-3655,DANIEL MORRIS,daniel.morris@hotmail.com,(976) 966-7455,United States of America,"December 31, 2021",,72.0,TRUE,B2B,
CUST-3656,Melissa Wang,melissa.wang@yahoo.com,+1-588-788-2099,Deutschland,07/05/2025,,66.0,0,vip,
CUST-3657,MICHAEL TURNER,michael.turner@hotmail.com,502,nigeria,"August 22, 2022",,150.0,No,Wholesale,
CUST-3658,Kyle Petersen,kyle.petersen@,8962945168,U.K.,11/08/2024,GOLD,-5.0,Yes,Wholesale,called twice re: refund
CUST-3659,Nicholas Berger,nicholas.berger@gmail.com,call-me-maybe,united states,2024-05-04,bronze,150.0,1,B2B,
CUST-3660,Heather Wood,heather.wood@hotmail.com,6631392986,Germany,"July 30, 2022",,58.0,,retail ,
CUST-3661,JOHN WARNER,john.warner@company.co,+1-267-856-2278,france,"May 18, 2027",GOLD,27.0,Yes,vip,N/A
CUST-3662,Katelyn Diaz,katelyn.diaz@gmail.com,+1-994-404-8041,canada,2021/08/21,,55.0,0,Wholesale,VIP - handle with care
CUST-3663,Lisa Ortiz,lisa.ortiz@hotmail.com,(385) 304-6137,S. Africa,08/22/2023,Silver,18.0,FALSE,VIP,VIP - handle with care
CUST-3664,Heather Carroll,heather.carroll@outlook.com,+1-941-695-8260,England,2026/05/26,,46.0,,Wholesale,
CUST-3665,David Novak,david.novak@gmail.com,+1-797-516-1624,AU,01/20/2026,Bronze,42.0,N,VIP,
CUST-3666,John Baker,john.baker@,(197) 606-4839,England,07/11/2024,,47.0,,Wholesale,called twice re: refund
CUST-3667,Lori Flores,lori.flores @yahoo.com,+1-281-490-7996,france,14-Apr-2025,,67.0,Y,retail ,VIP - handle with care
CUST-3668,Angel Ford,angel.ford@yahoo.com,174.808.8266,UK,"March 20, 2021",,150.0,Yes,B2B,called twice re: refund
CUST-3669,Deborah Bailey,deborah.bailey@hotmail.com,(810) 797-7629,IN,20/04/2021,bronze,41.0,Y,Retail,VIP - handle with care
CUST-3670,Austin Floyd,austin.floyd@company.co,(184) 170-4847,IN,07/03/2025,,58.0,1,vip,called twice re: refund
CUST-2794,Penny Carlson,penny.carlson@@gmail.com,711,India,2026-01-30,Platinum,150.0,0,Wholesale,N/A
CUST-3672,Stacy Cole,stacy.cole@@gmail.com,+1-243-916-1555,Germany,20-Jul-2022,Bronze,61.0,Yes,Wholesale,called twice re: refund
CUST-3673,Loretta Valenzuela,loretta.valenzuela@,+1-323-390-2402,germany,2025-02-30,Gold,150.0,,VIP,
CUST-3674,Lori White,lori.white@yahoo.com,1463517479,USA,17-May-2021,,,FALSE,Wholesale,called twice re: refund
CUST-3675, Darren Jones,darren.jones@company.co,257.552.3667,Deutschland,04/18/2022,,26.0,FALSE,retail ,
CUST-3676,Katie Pruitt,katie.pruitt@gmail.com,978.337.8389,nigeria,21-Dec-2024,,52.0,TRUE,Retail,
CUST-3677,Miss Julie Rogers,miss.julie.rogers@outlook.com,922.863.6548,Brazil,2026-01-02,GOLD,62.0,Yes,B2B,
CUST-3678,Thomas King,thomas.king @outlook.com,6641354949,France,2025/06/13,Gold,26.0,,Wholesale,N/A
CUST-3679,Dean Adams,dean.adams@,9243962904,nigeria,2023-12-01,Platinum,21.0,Y,Wholesale,
CUST-3680,JULIE VALDEZ  ,julie.valdez@hotmail.com,8041141899,CA,04/26/2023,,38.0,0,Wholesale,
CUST-3681,Peter Buck,peter.buck@hotmail.com,###-###-####,U.K.,"June 05, 2025",Platinum,33.0,Yes,Wholesale,
CUST-3682,Jennifer Ruiz,jennifer.ruiz@gmail.com,+1-355-526-5661,S. Africa,19-Nov-2021,bronze,-4.0,Y,B2B,
CUST-3683,Warren Smith,warren.smith@company.co,(152) 291-9783,Britain,"February 14, 2024",Gold,63.0,Y,Wholesale,
CUST-2049, frederick khan,frederick.khan@outlook.com,402.771.2146,India,06/03/2023,Platinum,23.0,Yes,VIP,N/A
CUST-3685,Timothy Clay,timothy.clay@company.co,(430) 485-2357,Nigéria,"March 27, 2026",Silver,-2.0,No,vip,N/A
CUST-3686,James Haynes,james.haynes@gmail.com,(430) 538-9792,Bharat,2025/05/05,Platinum,,TRUE,Wholesale,
CUST-3687,Jack Parsons,jack.parsons@yahoo.com,+1-869-481-7270,india,2023-05-24,Bronze,-1.0,1,VIP,called twice re: refund
CUST-3688,Amanda Dean,amanda.dean@yahoo.com,+1-349-118-9728,Brasil,2023/09/05,GOLD,44.0,,Retail,N/A
CUST-3689,Heather Stanley,heather.stanley@@gmail.com,931,BR,24/07/2021,,75.0,Y,Retail,called twice re: refund
CUST-3690,JOSEPH HAYES,joseph.hayes@yahoo.com,2287565335,IN,12/03/2023,Gold,,TRUE,Wholesale,N/A
CUST-3691,Jason Wells,jason.wells@company.co,+1-647-302-9866,IN,2025/12/16,,74.0,TRUE,retail ,
CUST-3692,ARTHUR CORTEZ,arthur.cortez@gmail.com,(297) 254-9607,United States of America,"November 08, 2021",Bronze,37.0,FALSE,B2B,VIP - handle with care
CUST-3693,Jessica Gordon,jessica.gordon@yahoo.com,call-me-maybe,Nigéria,06/02/2025,Platinum,58.0,FALSE,vip,N/A
CUST-3694,Benjamin Byrd,benjamin.byrd@outlook.com,(672) 446-9843,nigeria,07/03/2021,,63.0,TRUE,Wholesale,
CUST-3695,Dwayne Johnson,dwayne.johnson@companyco,239.781.6108,ZA,2024/05/19,Silver,-4.0,,B2B,
CUST-3696,Donna Harris,donna.harris@yahoo.com,(457) 974-9861,US,2021/07/09,Bronze,39.0,Y,Wholesale,N/A
CUST-3697,MARK RAMOS,mark.ramos@,554,nigeria,29-Apr-2026,,,Yes,Wholesale,
CUST-3698,David Bell,david.bell@hotmail.com,275.622.7969,Brazil,06/15/2025,,150.0,FALSE,B2B,
CUST-3699,Benjamin Owens,benjamin.owens@gmail.com,+1-420-808-6195,US,"April 23, 2025",,35.0,1,B2B,
CUST-3700,Katherine Esparza,katherine.esparza@gmail.com,+1-620-269-9101,australia,27/10/2023,,37.0,,VIP,
CUST-3701,Cameron Bates Jr.,cameron.bates.jr.@outlook.com,+1-758-238-9175,Nigéria,"March 26, 2026",Bronze,24.0,1,Retail,VIP - handle with care
CUST-3702,Dennis Bradley,dennis.bradley@company.co,431.127.7529,United Kingdom,07/26/2021,Gold,54.0,1,retail ,
CUST-3703,Lance Duran,lance.duran@yahoo.com,call-me-maybe,FR,06/22/2024,GOLD,41.0,,retail ,N/A
CUST-3704,Crystal Sutton,crystal.sutton@gmail.com,953.795.6282,FR,"September 05, 2021",,37.0,Yes,VIP,N/A
CUST-3705,Jerry Jones,jerry.jones@yahoo.com,392.991.4628,Germany,05/23/2024,GOLD,29.0,N,vip,
CUST-3706, RACHEL HOLLAND,rachel.holland@gmail.com,+1-838-227-2184,ZA,02-Jul-2025,,44.0,FALSE,Retail,called twice re: refund
CUST-3707,Samantha Walsh,samantha.walsh@yahoo.com,(435) 895-9139,germany,12/02/2023,Platinum,67.0,Y,vip,
CUST-3708,Robert Mendoza,robert.mendoza@hotmail.com,525.187.4172,Brazil,29-Aug-2023,Gold,23.0,No,Wholesale,VIP - handle with care
CUST-3709,lauren johnson,lauren.johnson@gmail.com,181.544.2414,Deutschland,27/03/2024,Gold,31.0,N,B2B,VIP - handle with care
CUST-3710,Ronald Rodriguez,ronald.rodriguez@company.co,1321707284,Canada,"June 23, 2023",Gold,71.0,TRUE,Wholesale,
CUST-3711,Laura Calhoun,laura.calhoun@hotmail.com,7932734483,Canada,01-Sep-2024,Silver,71.0,FALSE,retail ,
CUST-3712,Cory Johnson,cory.johnson@company.co,1825714076,Deutschland,04/06/2022,,26.0,N,VIP,VIP - handle with care
CUST-3713,Katherine Gray,katherine.graygmail.com,(387) 217-1679,Nigéria,06/03/2024,,150.0,Y,vip,called twice re: refund
CUST-3714,Don Strickland,don.strickland@hotmail.com,+1-344-612-1730,RSA,2022/10/14,bronze,35.0,No,retail ,
CUST-3715,Nicole King,nicole.king@hotmail.com,6815671107,South Africa,"January 08, 2024",Bronze,20.0,,B2B,
CUST-3716,Richard Franklin,richard.franklin@outlook.com,5464016946,AU,"November 03, 2024",,,1,retail ,
CUST-3717,Heather Ingram,heather.ingram@hotmail.com,(575) 649-1609,USA,"January 22, 2026",,36.0,No,Retail,N/A
CUST-3718,Bradley Combs,bradley.combs@hotmail.com,544.470.3765,IN,2021-07-24,,,1,vip,
CUST-3719,Barbara Juarez,barbara.juarez@yahoo.com,107.903.7717,France,2022-08-13,,,Yes,Wholesale,called twice re: refund
CUST-3720,SONYA OLSON  ,sonya.olson@hotmail.com,3447648877,AU,06/22/2026,Gold,28.0,FALSE,Wholesale,
CUST-3721,Breanna Turner,breanna.turner@yahoo.com,(540) 376-7460,Germany,2024/10/29,bronze,44.0,N,Wholesale,VIP - handle with care
CUST-3722,Jamie Chaney,jamie.chaney@company.co,(473) 593-5716,france,30/03/2022,Gold,52.0,TRUE,Wholesale,called twice re: refund
CUST-3723,shane moran,shane.moran@gmail.com,(190) 653-4695,Nigéria,06-Nov-2021,Gold,45.0,N,Wholesale,
CUST-3724,diane collins,diane.collinsyahoo.com,287.638.1234,France,2025-01-10,GOLD,28.0,,Wholesale,
CUST-3725,Shari Rodriguez,shari.rodriguez@hotmail.com,888.520.9088,S. Africa,07/27/2021,,56.0,,Retail,VIP - handle with care
CUST-3726,Joyce Lewis,joyce.lewis@gmail.com,###-###-####,BR,2025-01-21,,35.0,Yes,B2B,
CUST-3727,Jacob Manning,jacob.manning@company.co,###-###-####,FR,21/12/2022,,20.0,FALSE,vip,N/A
CUST-3728,Alan Dean,alan.dean@hotmail.com,(758) 139-1559,U.K.,2022-08-20,,24.0,0,VIP,N/A
CUST-3729,Tom Page,tom.page@gmail.com,7694747597,DE,02/07/2024,,,N,Wholesale,called twice re: refund
CUST-3730,Ryan Parrish,ryan.parrish@outlook.com,+1-202-772-9163,Nigéria,"October 09, 2022",,41.0,TRUE,Wholesale,
CUST-3731,Michael Crane,michael.crane@company.co,+1-874-364-2685,Nigéria,2025-02-30,,59.0,N,Wholesale,
CUST-3732,Jacob Allen,jacob.allen@hotmail.com,306.267.9563,france,2023/09/19,bronze,33.0,N,vip,N/A
CUST-3733,Amy Boyd DDS,amy.boyd.dds@yahoo.com,498.280.7180,U.K.,2025/01/08,bronze,,N,VIP,N/A
CUST-3734,Danielle Cunningham,danielle.cunningham@gmail.com,+1-775-821-7803,Deutschland,"May 30, 2022",GOLD,150.0,Y,B2B,N/A
CUST-3735,Denise Ayers,denise.ayers@gmail.com,231.577.4574,United States,06/29/2024,,35.0,Y,retail ,
CUST-3736,Tamara Adams,tamara.adams@company.co,(900) 302-4182,BR,2024-11-21,Platinum,70.0,TRUE,vip,
CUST-3737,Stephanie Maxwell,stephanie.maxwell@company.co,452,United Kingdom,06/15/2025,,61.0,FALSE,Wholesale,VIP - handle with care
CUST-3738,Nicole Griffith  ,nicole.griffith@company.co,+1-509-925-3598,Canada,14-Oct-2024,GOLD,,1,vip,called twice re: refund
CUST-3739,George Payne,george.payne@yahoo.com,114.640.1699,France,2023/08/16,GOLD,33.0,No,VIP,VIP - handle with care
CUST-3740,kelly yang,kelly.yang@hotmail.com,(256) 691-9333,ZA,20/11/2022,GOLD,-2.0,Yes,Wholesale,
CUST-3741,Barbara Lawson,barbara.lawson@gmail.com,+1-855-676-1461,IN,11/11/2023,bronze,57.0,TRUE,VIP,N/A
CUST-3742,Amy Chen,amy.chen@yahoo.com,1458592754,US,16/09/2025,Platinum,24.0,FALSE,vip,
CUST-3743,Donald Henry,donald.henry@gmail.com,###-###-####,Nigeria,2024/06/30,Gold,29.0,1,retail ,called twice re: refund
CUST-3744,David Ritter,david.ritter@@yahoo.com,+1-813-934-1645,France,2021-11-29,Silver,150.0,Y,Wholesale,N/A
CUST-3745,Andre Moore,andre.moore@gmail.com,(901) 596-2673,Canada,2025-01-24,,67.0,0,VIP,
CUST-3746,Melinda Bowers,melinda.bowers@gmail.com,(786) 931-3760,Nigéria,2022-08-23,Silver,63.0,FALSE,VIP,
CUST-3747,Jimmy Harris,jimmy.harris@hotmail.com,197.766.5456,India,"December 10, 2023",Gold,40.0,Y,Wholesale,VIP - handle with care
CUST-3748,Matthew Greene,matthew.greene@yahoo.com,###-###-####,Bharat,2025/01/18,,68.0,Yes,Wholesale,VIP - handle with care
CUST-3749,Katelyn Dean,katelyn.dean@company.co,(868) 638-9725,FR,06/09/2021,bronze,27.0,Yes,retail ,
CUST-3750, ELIZABETH GREENE,elizabeth.greene@gmail.com,4446013895,nigeria,2025-02-30,,,Y,Wholesale,
CUST-2999,Michael Miller,michael.miller@@company.co,###-###-####,S. Africa,22-Feb-2025,GOLD,72.0,FALSE,Retail,VIP - handle with care
CUST-3752,SUSAN WEAVER,susan.weaver@gmailcom,1316231773,Bharat,22-Jun-2023,,36.0,0,B2B,called twice re: refund
CUST-3753,Michael Mendoza,michael.mendoza@outlook.com,+1-868-712-8697,Nigeria,2026-03-29,,46.0,Yes,Wholesale,
CUST-3754,Allison Rodriguez,allison.rodriguez@company.co,150.938.1450,ZA,01-Aug-2024,Bronze,19.0,FALSE,retail ,
CUST-3755,Dr. Rachel Williams,dr..rachel.williams@outlook.com,+1-453-913-3516,NG,08-Feb-2025,,52.0,TRUE,B2B,VIP - handle with care
CUST-3756,Alec Koch,alec.koch@company.co,713.540.8365,CA,08-Sep-2021,Bronze,150.0,N,Retail,
CUST-3757,Regina Rivas,regina.rivas @yahoo.com,749.679.4196,Australia,"August 17, 2024",bronze,44.0,TRUE,vip,
CUST-3758,Luis Simmons,luis.simmons@company.co,3259964825,Brasil,21-Jul-2025,GOLD,73.0,No,Wholesale,
CUST-3759,Thomas Alvarez,thomas.alvarez@hotmail.com,8598151466,Germany,2021-08-08,,56.0,No,Wholesale,
CUST-3760,Breanna Reilly,breanna.reilly@outlook.com,6229348568,United States of America,23/02/2022,,31.0,,B2B,VIP - handle with care
CUST-3761,Brenda Cruz,brenda.cruz@company.co,+1-388-624-8907,United Kingdom,"August 07, 2023",,66.0,1,Wholesale,called twice re: refund
CUST-3762,Dawn Roberts,dawn.roberts@hotmail.com,4373386559,Brasil,2021-05-25,,52.0,N,Wholesale,
CUST-3763,Emily Vasquez,emily.vasquez@gmail.com,9801549575,Australia,26/03/2025,Platinum,,Yes,B2B,N/A
CUST-3764,Kelli Jackson,kelli.jackson@gmail.com,259.544.1758,France,"July 24, 2021",GOLD,44.0,No,retail ,
CUST-3765, jonathan harding,jonathan.harding@company.co,3707807967,nigeria,23/01/2021,Gold,30.0,TRUE,B2B,VIP - handle with care
CUST-3766,Karen Gray,karen.gray@yahoo.com,+1-835-419-3757,India,2024/06/29,Platinum,23.0,TRUE,Wholesale,N/A
CUST-3767,Bryan Cantu,bryan.cantu@companyco,+1-558-714-1863,india,05/10/2025,Bronze,38.0,0,vip,VIP - handle with care
CUST-3768,shane lewis,shane.lewis@hotmail.com,980.741.5412,Australia,2025-07-20,bronze,150.0,1,vip,N/A
CUST-3769,Emily Burns,emily.burns@yahoo.com,8515123193,NG,"February 01, 2024",Gold,150.0,Y,Wholesale,VIP - handle with care
CUST-3770,Thomas Rasmussen,thomas.rasmussen@outlook.com,(940) 495-2403,BR,02/05/2024,,44.0,Y,vip,
CUST-3771,Robert Ryan,robert.ryan@company.co,5862295807,ZA,01/19/2021,Gold,150.0,,vip,
CUST-3772,Robert Clark,robert.clark@gmail.com,177.245.4965,canada,2023-03-13,Silver,50.0,1,vip,
CUST-3773,Michelle Cruz,michelle.cruzhotmail.com,2147613310,England,20/09/2024,Silver,60.0,FALSE,B2B,
CUST-3774,Melissa Lawrence,melissa.lawrence@hotmail.com,744,AU,01/02/2025,Silver,50.0,N,retail ,
CUST-3775,Kristin Johnson,kristin.johnson@hotmail.com,7722807402,FR,10/29/2022,bronze,19.0,Y,retail ,N/A
CUST-3776,robert nash,robert.nash@company.co,2577743543,australia,05-May-2024,Bronze,24.0,0,B2B,called twice re: refund
CUST-3777, Ashley Torres,ashley.torres@@yahoo.com,8217984008,IN,08/05/2021,bronze,35.0,0,retail ,N/A
CUST-3778,Carlos Smith,carlos.smith@company.co,+1-215-557-1537,South Africa,2024-08-20,,34.0,No,retail ,VIP - handle with care
CUST-3779,Gary Kelley,gary.kelley@gmail.com,###-###-####,Nigeria,11/07/2023,Gold,150.0,Y,vip,N/A
CUST-3780,LAURA LONG DVM,laura.long.dvm@hotmail.com,(370) 616-6054,United States of America,"October 05, 2022",bronze,41.0,Y,VIP,called twice re: refund
CUST-3781,CARL WHITE,carl.white@yahoo.com,256,S. Africa,2024/12/15,bronze,40.0,No,Wholesale,N/A
CUST-3782,William Simon,william.simon@company.co,(843) 269-6234,Britain,"January 11, 2022",Platinum,50.0,N,B2B,called twice re: refund
CUST-3783,Sherry Patton,sherry.patton@gmail.com,(934) 505-9735,india,07/06/2025,GOLD,27.0,N,Wholesale,called twice re: refund
CUST-3784, adrian smith  ,adrian.smith@hotmail.com,+1-596-888-2409,canada,2023-06-08,Silver,45.0,N,B2B,
CUST-3785,Mrs. Elizabeth Richard,mrs..elizabeth.richard@outlook.com,+1-764-401-9164,US,"April 14, 2021",GOLD,54.0,No,Retail,
CUST-3786,Brian Clayton  ,brian.clayton@yahoo.com,137.306.8266,RSA,"August 29, 2022",bronze,-1.0,0,Wholesale,VIP - handle with care
CUST-3787,Colleen Chan,colleen.chan@,944.797.8206,United Kingdom,"August 26, 2024",GOLD,150.0,N,vip,
CUST-3788,MARY HARRIS,mary.harris@hotmail.com,107.727.3392,Brasil,2025-13-05,GOLD,-2.0,Y,VIP,
CUST-3789,Nancy Trujillo,nancy.trujillo@hotmail.com,+1-958-847-4854,AU,2026/02/14,Silver,,Y,retail ,N/A
CUST-3790,Norma Meyer,norma.meyer@gmail.com,+1-552-860-8347,Germany,09/12/2021,bronze,73.0,,Retail,VIP - handle with care
CUST-3791,Dana Wagner  ,dana.wagner @outlook.com,580.782.7911,NG,24/07/2025,Bronze,47.0,No,Retail,N/A
CUST-3792,Angela Larson,angela.larson@gmail.com,9024493336,USA,07/22/2022,Platinum,26.0,0,B2B,
CUST-3793,Janet Smith,janet.smith@yahoocom,call-me-maybe,U.S.A.,2022-03-14,Silver,18.0,No,B2B,N/A
CUST-3794,Joseph Charles,joseph.charles@company.co,(501) 405-1565,Bharat,10/15/2023,Bronze,-5.0,TRUE,Wholesale,VIP - handle with care
CUST-3795,Ebony Richardson,ebony.richardson@gmail.com,102.447.4284,AU,"April 03, 2023",Platinum,18.0,TRUE,retail ,
CUST-3796,Kelly Compton,kelly.compton@outlook.com,(775) 197-2099,US,2025-13-05,,20.0,TRUE,Retail,N/A
CUST-3797,Stephanie Anderson,stephanie.anderson@hotmail.com,627.407.6831,Australia,07/05/2024,,59.0,FALSE,Wholesale,VIP - handle with care
CUST-3798,Cassidy  Kramer  ,cassidy.kramer@company.co,188.259.4441,Australia,2025/08/21,,,FALSE,VIP,called twice re: refund
CUST-3799,Jared Paul,jared.paul@@company.co,1061277290,Australia,"October 28, 2023",Platinum,64.0,Y,Wholesale,VIP - handle with care
CUST-3800,donald brewer,donald.brewer@hotmail.com,call-me-maybe,U.S.A.,2021-11-04,,18.0,TRUE,retail ,
CUST-3801,Lisa Hoffman,lisa.hoffman@gmail.com,441.789.3146,Deutschland,2023-04-28,bronze,50.0,0,Wholesale,
CUST-3802,Jason Luna,jason.luna@yahoo.com,+1-976-254-4404,canada,2026/06/27,Platinum,43.0,0,B2B,called twice re: refund
CUST-3803,Glenn Brown,glenn.brown@outlook.com,876.445.9744,Nigeria,"April 12, 2021",Gold,-4.0,0,Wholesale,
CUST-3804,Mark Whitehead,mark.whitehead@hotmail.com,(934) 134-2694,S. Africa,"April 27, 2026",Bronze,,Yes,B2B,called twice re: refund
CUST-3805,Danielle Coleman,danielle.coleman@yahoo.com,+1-424-398-1797,Canada,10-Feb-2023,Silver,72.0,Y,B2B,
CUST-3806,Gregory Hall,gregory.hall@company.co,980.541.4598,IN,07/12/2021,GOLD,45.0,,Retail,
CUST-3807,Alexander Campbell,alexander.campbell@yahoo.com,280,FR,2025-11-06,Bronze,150.0,No,Wholesale,called twice re: refund
CUST-3808,Timothy Joseph,timothy.joseph@outlook.com,219,ZA,2022-08-12,Platinum,50.0,Yes,Wholesale,N/A
CUST-3809,JOSHUA RAMIREZ,joshua.ramirez@yahoo.com,3965486214,UK,2025-08-15,,33.0,,Wholesale,
CUST-3810,ELIJAH HENRY,elijah.henry@gmail.com,+1-575-666-5272,South Africa,14-Jun-2023,,26.0,0,retail ,
CUST-3811,Daniel Johnson,daniel.johnson@gmail.com,159,Bharat,"September 21, 2024",Bronze,150.0,Y,retail ,VIP - handle with care
CUST-3812,Dr. Laura Ramirez,dr..laura.ramirez@outlook.com,115.941.5960,Brazil,2023/08/08,Bronze,150.0,1,B2B,
CUST-3813,Frank Wilson,frank.wilson@yahoo.com,(718) 458-6884,AU,07-Sep-2024,Platinum,19.0,TRUE,retail ,VIP - handle with care
CUST-3814,Dustin Wilson,dustin.wilson@hotmailcom,9281694720,CA,2022-11-22,Gold,42.0,0,Wholesale,VIP - handle with care
CUST-3815,Linda Black,linda.black@gmail.com,5627171642,Bharat,2021-12-07,Platinum,53.0,0,Wholesale,N/A
CUST-3816,Morgan Harvey,morgan.harvey@,(268) 605-5538,Australia,27-Feb-2021,Silver,47.0,1,Retail,
CUST-3817,renee williams,renee.williams@yahoo.com,call-me-maybe,RSA,"February 12, 2026",Platinum,66.0,No,Wholesale,N/A
CUST-3818,Erik Garrett,erik.garrett@hotmail.com,+1-178-712-2399,NG,2024/09/30,,20.0,,VIP,N/A
CUST-3819,PATRICK DEAN,patrick.dean@gmail.com,5682798307,Bharat,"October 24, 2024",Platinum,40.0,0,VIP,called twice re: refund
CUST-3820,lisa moore,lisa.moore@yahoo.com,###-###-####,Nigéria,25/11/2024,GOLD,150.0,N,Retail,
CUST-3821,Donna Knapp,donna.knapp @outlook.com,(145) 963-4258,australia,2025-04-07,bronze,44.0,1,Wholesale,
CUST-3822,Aaron Gentry,aaron.gentry@hotmail.com,(360) 696-1041,United Kingdom,2021-04-24,Gold,60.0,Yes,Wholesale,called twice re: refund
CUST-3823,michael leon  ,michael.leon@company.co,(741) 734-3685,S. Africa,02-Jun-2026,,40.0,1,retail ,VIP - handle with care
CUST-3824,Dakota  Martinez,dakota.martinezhotmail.com,+1-637-746-3454,England,"February 18, 2026",bronze,74.0,TRUE,Wholesale,called twice re: refund
CUST-3825, Ronald Chan,ronald.chan@outlook.com,2911599155,United States of America,"January 26, 2026",Bronze,-1.0,TRUE,Wholesale,
CUST-3826,Katelyn Martin,katelyn.martin@yahoo.com,5112623606,Nigéria,2021-07-30,,49.0,Yes,B2B,
CUST-3827,Alison Gardner,alison.gardner@hotmail.com,743.591.8123,Germany,24/10/2023,Bronze,-5.0,1,B2B,
CUST-3828,Miss Kimberly Ray MD,miss.kimberly.ray.md@company.co,+1-133-619-1369,Australia,12-Nov-2025,,-3.0,TRUE,retail ,
CUST-3829,Ricky Summers,ricky.summers@hotmail.com,8723447958,IN,01/04/2023,,65.0,TRUE,vip,
CUST-3830,Debra Sosa,debra.sosa@hotmail.com,+1-709-200-6131,South Africa,08-Jun-2026,bronze,35.0,1,retail ,N/A
CUST-3831,douglas  lopez  ,douglas.lopez@hotmail.com,2899617738,Brasil,30/03/2026,bronze,67.0,N,VIP,called twice re: refund
CUST-3832,Kevin Cobb,kevin.cobb@yahoocom,(760) 951-8736,Deutschland,11/30/2022,Platinum,74.0,Y,Retail,VIP - handle with care
CUST-3833,Bryan Cox,bryan.cox@gmail.com,call-me-maybe,Nigeria,"July 23, 2024",,54.0,N,B2B,N/A
CUST-3834,Willie Freeman,willie.freeman@yahoo.com,3355409957,Canada,2025/09/05,,49.0,,Wholesale,
CUST-3835,Debra Gilbert  ,debra.gilbert@hotmail.com,177.594.9285,US,2026/05/28,Platinum,46.0,TRUE,vip,N/A
CUST-3836,Heather Espinoza,heather.espinoza@yahoo.com,(335) 628-8489,Germany,2025-01-19,Silver,58.0,Y,VIP,called twice re: refund
CUST-3837,Brenda Holt,,,Brasil,14-Aug-2021,,27.0,TRUE,retail ,
CUST-3838,David Smith,david.smith@gmail.com,+1-511-884-6362,Nigeria,09/04/2024,Silver,62.0,,vip,
CUST-3839,VERONICA SCHMITT,veronica.schmitt@company.co,759,Nigeria,10-Jul-2024,Platinum,52.0,TRUE,vip,
CUST-3840,Steve Mcdaniel,steve.mcdaniel@outlook.com,8961486807,South Africa,18/01/2025,bronze,38.0,0,B2B,
CUST-3841,Jeffrey Graham,jeffrey.graham@,1465193961,S. Africa,2022/06/29,GOLD,-4.0,1,vip,VIP - handle with care
CUST-3842,Linda Hunter,linda.hunter@outlook.com,+1-732-968-6937,united states,11/23/2022,Silver,18.0,TRUE,retail ,
CUST-3843,Jackie Adams,jackie.adams@outlook.com,350.617.5417,Britain,2025/03/07,bronze,37.0,No,Wholesale,N/A
CUST-3844,Paul Wise,paul.wise@yahoo.com,(662) 379-5639,Deutschland,11/09/2025,,72.0,1,Retail,
CUST-3845,Shelby Moreno,shelby.moreno@hotmail.com,957.730.6082,S. Africa,2023/11/15,,62.0,Y,retail ,
CUST-3846,Samantha Price,samantha.price@company.co,151.866.5960,canada,2027/06/01,GOLD,150.0,Yes,vip,
CUST-3847,Mr. Benjamin Garcia,mr..benjamin.garcia@yahoo.com,+1-845-322-9174,RSA,03/27/2023,bronze,29.0,0,VIP,N/A
CUST-3848,Jeffery Gallegos,jeffery.gallegos@gmail.com,536.349.7032,Germany,"May 28, 2025",,-3.0,0,Wholesale,
CUST-3849,Bethany Campbell MD,bethany.campbell.md@outlook.com,(605) 211-4554,ZA,11/08/2022,Bronze,-4.0,FALSE,Wholesale,
CUST-3850,Douglas Edwards,douglas.edwards @hotmail.com,3284999119,CA,06/11/2022,Silver,70.0,TRUE,Retail,
CUST-3851,Joel Patterson,joel.patterson@gmail.com,965.460.8443,canada,01/25/2023,Silver,33.0,Yes,Retail,called twice re: refund
CUST-3852,Sheena Castaneda,sheena.castaneda@hotmail.com,6372313348,AU,16-Jun-2023,,68.0,TRUE,Retail,
CUST-3723,Tina Norton,tina.norton@@company.co,107.155.1129,australia,24/08/2025,,69.0,,Wholesale,called twice re: refund
CUST-3854,Lisa Webb,lisa.webb@yahoo.com,(522) 935-4642,australia,2026/02/17,Gold,,,VIP,
CUST-3855,Kevin Lee,kevin.lee@hotmail.com,call-me-maybe,South Africa,14-Apr-2021,,40.0,0,retail ,
CUST-3856,Aaron Avila,aaron.avila @hotmail.com,7467597687,Britain,16/02/2025,GOLD,,Y,Wholesale,
CUST-3857,David Anthony,david.anthony@gmail.com,345.754.5689,ZA,"March 03, 2026",GOLD,62.0,,Wholesale,
CUST-3858,Edward Hess,edward.hess@yahoocom,+1-444-870-8019,canada,2025-02-30,Gold,,Yes,vip,
CUST-3859,SEAN SIMMONS,sean.simmons@outlook.com,(950) 110-1470,Bharat,2025-12-19,Silver,63.0,N,Wholesale,N/A
CUST-3860,John York,john.york@hotmail.com,4903696230,ZA,2026/03/05,Silver,37.0,FALSE,B2B,VIP - handle with care
CUST-3861,James Herring,james.herring@yahoo.com,(726) 766-5454,Brasil,05/13/2024,,-4.0,Yes,vip,
CUST-1611,Christina Miller,christina.miller@hotmail.com,+1-413-927-4841,France,"October 04, 2022",,55.0,No,Wholesale,
CUST-3863,dennis smith,dennis.smith@@yahoo.com,(378) 611-6609,Australia,09/06/2022,Platinum,33.0,Yes,vip,
CUST-3864,Casey Herrera,casey.herrera@company.co,(885) 942-7553,Brasil,2024-02-26,Bronze,69.0,Y,B2B,called twice re: refund
CUST-3865, Sarah Wells,sarah.wells@hotmail.com,6192619183,BR,24/05/2023,bronze,58.0,,Retail,N/A
CUST-3866,Mr. Danny Harris MD,mr..danny.harris.md@company.co,5408104589,Bharat,09/02/2024,,38.0,Yes,Wholesale,N/A
CUST-3867,Dr. Charles Marshall MD,dr..charles.marshall.md@outlook.com,###-###-####,Britain,13/09/2025,Platinum,57.0,1,retail ,
CUST-3868,jacob hill,jacob.hill@hotmail.com,call-me-maybe,India,"September 28, 2025",Gold,37.0,No,Retail,
CUST-3869,Steven Barnes,steven.barnes@yahoo.com,+1-905-148-2778,RSA,07/27/2025,,57.0,N,Retail,
CUST-3870,Jeremiah Johnson,jeremiah.johnson@hotmail.com,388.233.8670,canada,2025-04-31,Bronze,68.0,Y,Wholesale,
CUST-3871,Julian Castillo,julian.castillo@hotmail.com,+1-689-155-4567,Australia,2024/12/27,,150.0,No,vip,
CUST-3872,Kyle Preston,kyle.preston@yahoo.com,2662926642,Nigéria,2025/09/18,Silver,20.0,No,B2B,called twice re: refund
CUST-3873,David Wolf,david.wolf@@company.co,(161) 859-4436,FR,11-Jul-2024,GOLD,62.0,No,VIP,called twice re: refund
CUST-3874,Kristen Morgan,kristen.morgan@outlook.com,(335) 498-9054,FR,07/12/2024,,-3.0,1,B2B,
CUST-3875,Zachary Kirk,zachary.kirk@outlook.com,+1-854-761-1290,Nigeria,2021-07-24,,52.0,0,VIP,VIP - handle with care
CUST-3876,Jody Lindsey,jody.lindsey@yahoo.com,(723) 159-7063,Nigéria,2022/09/19,Bronze,72.0,Yes,vip,N/A
CUST-3877,Felicia Harper,felicia.harper@company.co,(184) 716-8140,Brasil,10/07/2021,Silver,59.0,Y,Wholesale,N/A
CUST-3878,Hunter Smith,hunter.smith@company.co,call-me-maybe,AU,2022-10-21,,18.0,1,VIP,called twice re: refund
CUST-3879,Erin Hanson,erin.hanson@gmail.com,(603) 786-4858,germany,2026-04-29,bronze,58.0,0,Wholesale,called twice re: refund
CUST-3016,Andrew Carpenter,andrew.carpenter@hotmail.com,9265361157,NG,18-Aug-2022,,40.0,,Retail,N/A
CUST-3881,Patrick Sanders,patrick.sanders@company.co,867.769.9474,germany,28/10/2022,GOLD,-2.0,0,VIP,
CUST-3882,donna anderson,donna.anderson@outlook.com,5768771788,RSA,02/03/2022,,51.0,0,Wholesale,
CUST-3883,JOSEPH CRAWFORD,joseph.crawford@yahoo.com,(490) 255-8613,Nigeria,"October 16, 2022",,47.0,No,retail ,VIP - handle with care
CUST-3884,Nancy Bautista,nancy.bautista@outlook.com,8177662856,United States,2022-02-26,bronze,49.0,TRUE,Wholesale,N/A
CUST-3885,Anne Lopez,anne.lopez@gmail.com,159.686.9968,australia,2021/08/15,,-2.0,Y,Wholesale,N/A
CUST-3886,david jones jr.,david.jones.jr.@outlook.com,(595) 628-4815,RSA,2026-02-12,Platinum,48.0,Y,Retail,
CUST-3887, mr. johnny beck  ,mr..johnny.beck@hotmail.com,(834) 512-9775,ZA,24/08/2027,Gold,24.0,Yes,Wholesale,N/A
CUST-3888,Johnny Martinez,johnny.martinez@outlook.com,+1-895-910-5014,USA,2024-01-31,GOLD,34.0,No,Wholesale,
CUST-3889,Donna Hernandez,donna.hernandez@outlook.com,7012273523,S. Africa,29/09/2024,Silver,29.0,Y,VIP,
CUST-3890,Robert Smith,robert.smith@hotmail.com,+1-252-614-1240,RSA,2023-12-10,,46.0,No,VIP,VIP - handle with care
CUST-3891,Sandra Hart,sandra.hart@yahoo.com,6243119405,FR,07/23/2024,Platinum,20.0,Y,Wholesale,
CUST-3892,Mrs. Carrie Santiago,mrs..carrie.santiago@yahoocom,2157903016,USA,2024-02-29,,37.0,N,retail ,called twice re: refund
CUST-3893,James Ray,james.ray@outlook.com,+1-302-938-5537,australia,2025-13-05,GOLD,69.0,Yes,Retail,
CUST-3894,Renee Mccullough,renee.mccullough @gmail.com,566.475.5374,USA,"June 30, 2025",bronze,20.0,Yes,Wholesale,
CUST-3895,Olivia Clark,olivia.clark@hotmail.com,+1-540-676-6056,DE,24/10/2023,GOLD,73.0,N,Wholesale,
CUST-3896,Thomas Hart,thomas.hart@gmail.com,412,United States of America,"February 18, 2025",Silver,23.0,,Wholesale,
CUST-3897,Beth Rodriguez,beth.rodriguez@yahoo.com,999.377.2897,BR,22/07/2021,,45.0,FALSE,retail ,
CUST-3898,Nancy Wilkerson,nancy.wilkerson@yahoo.com,(911) 163-3563,BR,21-May-2026,bronze,,,Wholesale,
CUST-3899,Robert White,robert.white@gmail.com,343.607.4364,Brazil,"December 27, 2024",GOLD,51.0,FALSE,Wholesale,
CUST-3900,Jacqueline Underwood,jacqueline.underwood@gmail.com,+1-844-832-3579,United States of America,18/07/2025,Platinum,-1.0,0,vip,
CUST-3901,Teresa King,teresa.king@company.co,1804464506,South Africa,08-Jan-2021,,73.0,Y,Wholesale,
CUST-3902,Angela Walker,angela.walker@company.co,###-###-####,S. Africa,08/10/2021,Gold,75.0,0,vip,N/A
CUST-3903,Colin Taylor,colin.taylor@outlook.com,(671) 913-8777,australia,30-Jun-2021,Bronze,22.0,1,vip,called twice re: refund
CUST-3904,Mario Soto,mario.soto@hotmail.com,4297817071,United Kingdom,00/00/2025,Silver,46.0,Y,vip,N/A
CUST-3905,Vickie Walker,vickie.walker @hotmail.com,509,UK,25-Feb-2024,Gold,53.0,,B2B,
CUST-3906,Ivan Moore,ivan.moore@yahoo.com,6924646411,United States,14-Sep-2022,bronze,150.0,TRUE,retail ,
CUST-3907,Ashley Ramirez,ashley.ramirez@gmail.com,call-me-maybe,IN,03/09/2023,,22.0,FALSE,Wholesale,N/A
CUST-3908,Matthew Pace,matthew.pace@hotmail.com,(241) 936-7258,FR,2024/05/02,Platinum,43.0,FALSE,VIP,N/A
CUST-3909,Steven Mckenzie,steven.mckenzie@company.co,+1-281-140-1810,AU,08/27/2024,,40.0,Y,B2B,N/A
CUST-3910,Nathan Jenkins,nathan.jenkins@gmail.com,325.317.5843,france,"October 08, 2022",Silver,49.0,,VIP,
CUST-3911,Brittany Adams,brittany.adams@outlook.com,call-me-maybe,Germany,2023-07-28,bronze,-5.0,1,Wholesale,N/A
CUST-3912,Sierra Carlson,sierra.carlson@gmail.com,###-###-####,U.S.A.,11/04/2025,Gold,39.0,TRUE,Wholesale,VIP - handle with care
CUST-3913, Michele Anderson  ,michele.anderson@outlook.com,179.446.7848,Nigéria,17/08/2022,Silver,44.0,,Retail,
CUST-3914,Susan Brown,susan.brown@gmail.com,944.734.4039,United States of America,11/12/2021,,,Y,B2B,
CUST-3915,Brian Miles,brian.miles@yahoo.com,287.338.6743,FR,15-Oct-2024,Silver,25.0,No,vip,
CUST-3916,Brian Wolf,brian.wolf@outlook.com,+1-252-620-7945,france,2025/12/11,Platinum,29.0,,vip,VIP - handle with care
CUST-3917,Stephanie  Pearson,stephanie.pearson@yahoo.com,587.499.8571,india,2025/04/18,Platinum,-1.0,0,B2B,
CUST-3918,Robert Clark,robert.clark@company.co,540.990.8605,canada,27/04/2022,Bronze,43.0,No,retail ,VIP - handle with care
CUST-3919,Raymond Kline,raymond.kline@company.co,+1-549-878-3520,Deutschland,08/09/2021,Gold,51.0,Y,B2B,
CUST-3920,Paul Church,paul.church@outlook.com,705.932.2336,Australia,2024/04/16,bronze,-3.0,FALSE,Wholesale,
CUST-3921,Mark Morrison,mark.morrison@hotmail.com,(563) 530-2102,Germany,12/17/2024,,62.0,Y,B2B,
CUST-3922, carol bailey,carol.bailey@hotmail.com,902.177.8282,England,12/08/2023,bronze,40.0,0,VIP,VIP - handle with care
CUST-3923,James Burton,james.burton@company.co,(430) 435-6523,Nigéria,2021-03-21,bronze,39.0,,vip,
CUST-3924,Jennifer Hanna,jennifer.hanna@hotmail.com,6007715496,Australia,05/11/2024,,150.0,N,Retail,
CUST-3925,JAMIE  OCONNELL,jamie.oconnell@yahoo.com,+1-665-107-5261,australia,16-Jan-2024,bronze,-5.0,Y,Retail,called twice re: refund
CUST-3227,RYAN HART  ,ryan.hart@yahoo.com,+1-563-191-7834,France,2024-02-05,,39.0,1,vip,
CUST-3927,Ruben Khan,ruben.khan@outlook.com,302.913.6984,South Africa,"October 03, 2024",Platinum,,,vip,
CUST-3928,lisa murphy,lisa.murphy@yahoo.com,+1-258-341-7452,Deutschland,2023-08-01,Gold,150.0,N,B2B,
CUST-3929,Alex Flores,alex.flores@gmail.com,(595) 991-4859,france,04/18/2021,Silver,,Y,B2B,
CUST-3930,Bryan Smith,bryan.smith@yahoo.com,call-me-maybe,NG,2024/09/04,GOLD,-5.0,TRUE,retail ,
CUST-3931,Jason Heath,jason.heath@hotmail.com,2303741752,germany,"October 24, 2024",GOLD,27.0,N,Wholesale,N/A
CUST-3932,Wanda Cummings,wanda.cummings@gmail.com,call-me-maybe,India,21/09/2024,Silver,150.0,Yes,Wholesale,VIP - handle with care
CUST-3933,tristan  griffith,tristan.griffith@gmail.com,3328734600,india,04/13/2025,Platinum,28.0,TRUE,Retail,
CUST-3934,David  Parsons,david.parsons@hotmail.com,(338) 678-3053,Australia,23/09/2025,bronze,66.0,N,VIP,VIP - handle with care
CUST-3935,Randall Martin,randall.martin@yahoo.com,+1-347-363-3760,UK,2021/07/15,,150.0,1,B2B,
CUST-3936,Jason Miller,jason.miller@company.co,call-me-maybe,Germany,2022-09-06,,66.0,N,Wholesale,called twice re: refund
CUST-3937,Breanna Freeman,breanna.freeman@company.co,+1-136-671-5441,Australia,05/07/2023,Gold,22.0,Yes,Wholesale,VIP - handle with care
CUST-3938,Shaun Santiago,shaun.santiago@@yahoo.com,(144) 678-1167,ZA,2024/09/11,Bronze,150.0,0,B2B,N/A
CUST-3939,Brad Brown,brad.brown@hotmail.com,(417) 134-6438,Bharat,2025-04-31,,73.0,TRUE,retail ,
CUST-3940,Jessica Frederick,jessica.frederick@hotmail.com,8563907015,india,09/12/2024,GOLD,34.0,0,Wholesale,VIP - handle with care
CUST-3941,Kyle Jones,kyle.jones@gmail.com,call-me-maybe,canada,19-Sep-2025,,28.0,TRUE,B2B,
CUST-3942,Ryan Price,ryan.price@yahoo.com,+1-637-398-4656,Nigéria,30-Sep-2025,Gold,52.0,1,vip,
CUST-3943,Mariah York,mariah.york@yahoo.com,call-me-maybe,RSA,04-Jun-2023,,64.0,Y,vip,called twice re: refund
CUST-3944,Patrick Warren,patrick.warren@company.co,+1-567-453-3625,USA,"March 28, 2021",Bronze,,Y,B2B,N/A
CUST-3945,Cynthia Waters,cynthia.waters@company.co,+1-190-980-3310,ZA,2025-04-31,Silver,150.0,Yes,retail ,N/A
CUST-3946,Cameron Day,cameron.day@@company.co,(531) 341-7401,AU,28/10/2023,Silver,21.0,N,retail ,called twice re: refund
CUST-3947,  CARLOS WHITE,carlos.white@gmail.com,+1-262-351-2625,France,2022-02-05,Silver,150.0,FALSE,Wholesale,N/A
CUST-3948,Emma Rice,emma.rice@yahoo.com,166.681.2167,Canada,05-May-2021,Gold,-5.0,Y,Wholesale,N/A
CUST-3949,Johnny Riggs,johnny.riggs@yahoo.com,1959452647,Brazil,07/23/2023,Gold,75.0,0,Wholesale,
CUST-3950,Kathleen Moore,kathleen.moore@hotmail.com,166.538.5661,United Kingdom,06/15/2024,Gold,32.0,TRUE,B2B,
CUST-3951,Tony Petersen,tony.petersen@company.co,664.318.1798,U.K.,01/03/2025,Bronze,58.0,Yes,Wholesale,
CUST-3952,Kenneth Harris,kenneth.harris@yahoo.com,445,Canada,27/05/2025,bronze,65.0,,Wholesale,N/A
CUST-3953,Jennifer Williams,jennifer.williams@@yahoo.com,767.909.3055,Germany,11-Feb-2024,,52.0,,B2B,
CUST-3954, Ashley Briggs,,,S. Africa,2021-05-24,Silver,48.0,No,Retail,
CUST-3955,Veronica Stephens,veronica.stephens@companyco,+1-808-241-8220,South Africa,2025-07-28,,42.0,Y,Retail,called twice re: refund
CUST-3956,TAYLOR NICHOLS  ,taylor.nichols@outlook.com,220.541.3625,Canada,30-Dec-2022,,27.0,Yes,vip,VIP - handle with care
CUST-3957,Mark Patterson,mark.patterson@hotmail.com,(774) 586-2810,United States,2023/06/11,Gold,62.0,Y,B2B,VIP - handle with care
CUST-3958,Joshua Harper,joshua.harper@gmail.com,6913609075,US,"March 10, 2022",bronze,47.0,No,Wholesale,VIP - handle with care
CUST-3959,Kevin Nelson,kevin.nelson@company.co,(258) 131-7294,Brasil,03/16/2026,GOLD,150.0,Y,VIP,called twice re: refund
CUST-3960,Mark Morrow,mark.morrow@outlook.com,496.497.7514,United States,"August 07, 2021",Gold,44.0,TRUE,VIP,
CUST-3961,Craig Mcclure,craig.mcclure@company.co,(558) 818-6886,BR,2025/05/27,GOLD,31.0,0,B2B,
CUST-3962,Lauren Gonzales,lauren.gonzales@company.co,(790) 224-5671,IN,2021-05-12,Platinum,42.0,1,retail ,called twice re: refund
CUST-3963,JONATHAN PALMER,jonathan.palmer@yahoo.com,call-me-maybe,Canada,21/02/2026,Silver,150.0,Y,Wholesale,VIP - handle with care
CUST-3964,Brent Johnson,brent.johnson@company.co,238.561.2938,Canada,2024-04-14,,33.0,Y,retail ,
CUST-3965,Robert Jackson,robert.jackson@company.co,4095989826,Bharat,13-Nov-2021,GOLD,65.0,FALSE,vip,
CUST-3966,Christopher Johnson,christopher.johnson@company.co,216.374.7677,australia,06/09/2024,Silver,65.0,N,Wholesale,VIP - handle with care
CUST-3967,Virginia Newman,virginia.newman@gmail.com,(501) 555-8064,germany,10/18/2021,GOLD,19.0,1,VIP,VIP - handle with care
CUST-3968,STEVEN MILLER,steven.miller@hotmail.com,3113913355,India,02-Apr-2025,GOLD,31.0,Yes,Retail,
CUST-3969,Daniel Walker,daniel.walker@gmail.com,(126) 224-9986,Canada,06/28/2022,,32.0,Yes,Wholesale,called twice re: refund
CUST-3970,CODY ZHANG,cody.zhang@company.co,call-me-maybe,Brasil,09/18/2023,Silver,,TRUE,vip,
CUST-3971,JONATHAN PALMER III,jonathan.palmer.iii@yahoo.com,call-me-maybe,NG,17-Jul-2025,Platinum,63.0,FALSE,retail ,
CUST-3972,Lori Mahoney,lori.mahoney@yahoo.com,(526) 738-2821,RSA,18-Dec-2025,Gold,36.0,Y,vip,
CUST-3973,Bonnie Edwards,bonnie.edwards@,+1-382-708-6840,United States of America,16/10/2022,Gold,64.0,,Wholesale,
CUST-3974,Christopher Navarro,christopher.navarro@outlook.com,6989379211,france,2021/01/23,,37.0,0,VIP,VIP - handle with care
CUST-3975,Andrea Wang,andrea.wang@hotmail.com,(100) 200-3157,nigeria,10/06/2021,GOLD,47.0,TRUE,VIP,N/A
CUST-3976,james cline,james.cline@gmail.com,407.731.2115,DE,05/29/2026,Platinum,-1.0,Yes,VIP,VIP - handle with care
CUST-3977,Russell Palmer,russell.palmer@company.co,+1-879-548-9530,Australia,2021-10-18,Bronze,-3.0,0,Wholesale,N/A
CUST-3978,TERRI SMALL,terri.small@yahoo.com,###-###-####,australia,"February 21, 2026",bronze,150.0,Y,Wholesale,
CUST-3979,katherine allen,katherine.allen@gmail.com,+1-883-919-1657,United States,14-Feb-2023,,48.0,TRUE,Wholesale,
CUST-3980,Eugene  Winters,eugene.wintersoutlook.com,+1-979-551-2070,germany,"June 10, 2021",Gold,-2.0,0,VIP,
CUST-3981,Jodi Jacobs,jodi.jacobs@hotmail.com,8362888557,FR,08/22/2025,Bronze,29.0,Y,retail ,N/A
CUST-3982,Elizabeth Lowe,elizabeth.lowe@company.co,951.876.5400,Canada,00/00/2025,GOLD,40.0,N,Retail,VIP - handle with care
CUST-3983,Christian Carr,christian.carr@company.co,+1-231-873-4628,Nigéria,09/11/2023,Silver,60.0,Yes,VIP,N/A
CUST-3984,Martin Banks,martin.banks@yahoo.com,306.694.1733,USA,27-Sep-2023,Platinum,21.0,FALSE,VIP,VIP - handle with care
CUST-3985,Charles Phillips,charles.phillips@yahoo.com,(145) 780-1003,Britain,"June 29, 2026",Gold,,Y,Wholesale,N/A
CUST-3986,Tamara Mack,tamara.mack@outlook.com,329.868.6618,South Africa,"April 26, 2026",GOLD,69.0,1,Wholesale,
CUST-3987,James Oconnor,james.oconnor@hotmail.com,###-###-####,UK,"March 04, 2026",bronze,72.0,0,Wholesale,VIP - handle with care
CUST-3988, Alexandra Ramirez,alexandra.ramirez@gmail.com,(530) 759-7273,Deutschland,"January 10, 2021",Gold,72.0,1,Wholesale,
CUST-3989,RYAN MERCADO,ryan.mercado@hotmail.com,3128034714,CA,29-Aug-2023,Bronze,64.0,Yes,Wholesale,
CUST-3990, GARY WATKINS,gary.watkins@gmail.com,194,S. Africa,2024-07-15,bronze,59.0,N,Wholesale,VIP - handle with care
CUST-3991,Joanne Schmidt,joanne.schmidt@gmail.com,+1-609-108-9806,ZA,2022/08/13,bronze,48.0,No,VIP,VIP - handle with care
CUST-1511,Laura Thomas,laura.thomashotmail.com,641.168.9756,Brazil,16-Jun-2026,Bronze,46.0,0,B2B,N/A
CUST-3993,Charles  Wilkins,charles.wilkins@outlook.com,(715) 836-3687,DE,05/09/2023,,,N,vip,VIP - handle with care
CUST-3994,brittney lee,brittney.lee@yahoo.com,8051846022,UK,28/06/2024,GOLD,29.0,1,Wholesale,VIP - handle with care
CUST-3995,Lawrence Phillips,lawrence.phillips@gmail.com,+1-417-910-1410,S. Africa,15/05/2026,,44.0,Yes,B2B,
CUST-3996,Bridget Zuniga,bridget.zuniga@outlook.com,3653873091,AU,2023-09-06,,41.0,1,retail ,
CUST-1465,Victoria May,victoria.may@gmail.com,+1-827-635-9163,Canada,2024-07-26,GOLD,55.0,Y,Wholesale,
CUST-3998,Daniel Lee,daniel.lee@company.co,+1-931-639-2510,india,"May 11, 2022",Gold,40.0,TRUE,vip,called twice re: refund
CUST-3999, Michael Baker,michael.baker@gmail.com,+1-784-896-8435,NG,"April 16, 2026",Gold,-5.0,Y,vip,
CUST-4000,JOSEPH CHAN,joseph.chan@yahoo.com,654,ZA,17/05/2024,,75.0,Yes,Wholesale,VIP - handle with care
CUST-2958,William Juarez,william.juarez@,+1-401-903-4934,South Africa,"January 07, 2023",Silver,75.0,1,VIP,VIP - handle with care
CUST-3088,james gibson,james.gibson@outlook.com,684.164.8393,Nigeria,2021/02/01,Gold,,No,Wholesale,
CUST-2395,Francis Berger,francis.berger@hotmail.com,+1-125-230-7556,NG,2025-02-30,Silver,21.0,N,B2B,
CUST-2521,Jacqueline Pierce,jacqueline.pierce@gmail.com,209.735.6652,Deutschland,23-Apr-2021,GOLD,20.0,0,B2B,called twice re: refund
CUST-2099,Justin Woods,justin.woods@hotmail.com,+1-518-825-3124,US,2024-11-17,,150.0,1,VIP,N/A
CUST-1394,TANYA VELEZ,tanya.velez@gmail.com,312.448.2355,Nigéria,2022-04-17,bronze,,TRUE,retail ,N/A
CUST-1029,Jerry Bailey,jerry.bailey@outlook.com,(709) 887-7666,United States,08/31/2023,Bronze,52.0,Yes,Wholesale,
CUST-1100, justin harper,justin.harper@yahoo.com,867.988.8658,ZA,18/12/2022,bronze,19.0,Yes,VIP,called twice re: refund
CUST-1352,ERIC BUSH,eric.bush@gmail.com,131,Brazil,"October 14, 2025",Silver,-1.0,N,VIP,
CUST-3021,Kimberly Singleton,kimberly.singleton@company.co,(398) 473-2728,France,2024-02-27,,50.0,,retail ,
CUST-2353,LAUREN WARD,lauren.ward@yahoo.com,343.922.1383,france,"June 13, 2023",Bronze,43.0,No,retail ,
CUST-2145,Alicia Smith,alicia.smith@hotmail.com,279.818.6765,AU,07/20/2023,,150.0,Y,Wholesale,called twice re: refund
CUST-3856,Aaron Avila,aaron.avila @hotmail.com,7467597687,Britain,16/02/2025,GOLD,,Y,Wholesale,
CUST-2226,Tiffany Welch,tiffany.welch@hotmail.com,465.618.1876,australia,"October 09, 2024",Gold,56.0,,Retail,
CUST-1298,Crystal Lopez,crystal.lopezyahoo.com,+1-274-743-5780,Deutschland,13/02/2025,,32.0,Yes,Wholesale,
CUST-2786,Terri Tyler,terri.tyler@yahoo.com,3965075256,canada,04/21/2026,Bronze,,N,Wholesale,N/A
CUST-1127,Brian Lopez,brian.lopez@hotmail.com,862.633.6008,NG,05/30/2022,,67.0,No,Wholesale,VIP - handle with care
CUST-3758,Luis Simmons,luis.simmons@company.co,3259964825,Brasil,21-Jul-2025,GOLD,73.0,No,Wholesale,
CUST-2597,Julie Warren,julie.warren@@hotmail.com,6085523123,NG,2021/08/03,Platinum,75.0,No,vip,
CUST-2846,Barbara Robinson,barbara.robinson@,(118) 111-4563,RSA,"March 03, 2021",GOLD,,1,retail ,called twice re: refund
CUST-1465,Victoria May,victoria.may@gmail.com,+1-827-635-9163,Canada,2024-07-26,GOLD,55.0,Y,Wholesale,
CUST-1682,Richard Brown,richard.brown@gmail.com,362.425.6106,United States,01/10/2025,GOLD,28.0,1,Wholesale,VIP - handle with care
CUST-1046,Amanda Zhang,amanda.zhang@hotmail.com,+1-750-337-2437,South Africa,"September 02, 2024",GOLD,63.0,N,Wholesale,N/A
CUST-2437,Amy Williams,amy.williams@company.co,4816486635,FR,"December 23, 2022",,74.0,Yes,Wholesale,
CUST-3748,Matthew Greene,matthew.greene@yahoo.com,###-###-####,Bharat,2025/01/18,,68.0,Yes,Wholesale,VIP - handle with care
