Order_ID,CustomerID,OrderDate,Sales Channel,Payment Method,Order Status,Shipping Country,Coupon Code,Order Total (raw)
ORD-100001,CUST-2109,2024/01/07,Website,credit card,Cancelled,canada,none,
ORD-100002,CUST-1970,2025/08/02,website,Crypto,Pending,Nigeria,none,
ORD-100003,CUST-2482,11-Oct-2025,Phone Order,Bank Transfer,Refunded,United States,,
ORD-100004,CUST-3965,24-Feb-2024,Website,Credit Card,Completed,ZA,none,
ORD-100005,CUST-1364,29/12/2025,Marketplace,PayPal,SHIPPED,Canada,SAVE10,
ORD-100006,CUST-1368,22/01/2026,Website,credit card,Refunded,Germany,N/A,
ORD-100007,CUST-2645,"April 08, 2025",In-Store,Debit Card,completed,Britain,WELCOME2025,
ORD-100008,CUST-1062,2025-02-25,Website,Crypto,Pending,U.K.,,
ORD-100009,CUST-3744,06/28/2026,website,Cash on Delivery,completed,australia,N/A,
ORD-100010,CUST-2311,23-Sep-2024,website,Bank Transfer,Processing,United Kingdom,,
ORD-100011,CUST-2648,06/20/2024,In-Store,PayPal,Refunded,india,WELCOME2025,
ORD-100012,CUST-2442,2026/02/20,Marketplace,Crypto,Delivered,Brazil,none,
ORD-100013,CUST-3408,20-Apr-2024,Phone Order,PayPal,Completed,England,none,
ORD-100014,CUST-2600,2026/04/26,Phone Order,Cash on Delivery,SHIPPED,Brasil,save10,
ORD-100015,CUST-3422,06/18/2026,MOBILE APP,Crypto,Completed,Britain,save10,
ORD-100016,CUST-3901,07/28/2025,Phone Order,PayPal,Processing,Brazil,WELCOME2025,
ORD-100017,CUST-2064,31-Oct-2024,Mobile App,Cash on Delivery,completed,IN,,
ORD-100018,CUST-3955,2025-01-29,website,Bank Transfer,completed,Brazil,,
ORD-100019,CUST-3216,2025/06/02,In-Store,Credit Card,Completed,RSA,N/A,
ORD-100020,CUST-1755,01/15/2026,In-Store,Cash on Delivery,Pending,AU,,
ORD-100021,CUST-2846,10/25/2025,Website,credit card,Cancelled,United States of America,N/A,
ORD-100022,CUST-1950,10/05/2026,MOBILE APP,PayPal,Processing,Canada,,
ORD-100023,CUST-3840,2024/11/22,Phone Order,Bank Transfer,Cancelled,South Africa,SAVE10,
ORD-100024,CUST-1810,2024-12-28,MOBILE APP,Credit Card,Completed,Canada,SAVE10,
ORD-100025,CUST-2849,01/18/2024,MOBILE APP,Cash on Delivery,Cancelled,IN,WELCOME2025,
ORD-100026,CUST-2611,19-May-2026,Mobile App,credit card,Refunded,Brazil,,
ORD-100027,CUST-2632,29/12/2024,Marketplace,Bank Transfer,completed,australia,,
ORD-100028,CUST-1652,22-Sep-2025,Mobile App,PayPal,completed,India,SAVE10,
ORD-100029,CUST-2167,"August 22, 2025",In-Store,Debit Card,completed,FR,,
ORD-100030,CUST-2463,20/01/2026,In-Store,Bank Transfer,SHIPPED,Canada,save10,
ORD-100031,CUST-3515,"March 05, 2026",Mobile App,Credit Card,Delivered,Australia,none,
ORD-100032,CUST-2111,2025-03-23,Marketplace,Cash on Delivery,Refunded,France,,
ORD-100033,CUST-1163,2024/01/18,In-Store,Credit Card,completed,U.S.A.,SAVE10,
ORD-100034,CUST-2687,10-Jan-2026,Marketplace,credit card,completed,ZA,WELCOME2025,
ORD-100035,CUST-3618,02/09/2025,In-Store,Credit Card,SHIPPED,United States,,
ORD-100036,CUST-1583,21/03/2025,MOBILE APP,Debit Card,Cancelled,U.K.,SAVE10,
ORD-100037,CUST-3178,08/20/2025,In-Store,PayPal,completed,united states,SAVE10,
ORD-100038,CUST-3761,2024/06/17,Mobile App,Cash on Delivery,Processing,France,none,
ORD-100039,CUST-2731,05/01/2025,website,Cash on Delivery,Processing,Britain,,
ORD-100040,CUST-3789,2024-12-25,Marketplace,Bank Transfer,SHIPPED,germany,N/A,
ORD-100041,CUST-2511,2026-02-19,website,PayPal,Completed,RSA,SAVE10,
ORD-100042,CUST-3747,12/11/2025,website,Debit Card,Completed,Brazil,WELCOME2025,
ORD-100043,CUST-2440,15/03/2026,website,Bank Transfer,completed,france,N/A,
ORD-100044,CUST-2504,2025/01/18,website,Cash on Delivery,Pending,Nigéria,,
ORD-100045,CUST-3952,2024/07/08,In-Store,Cash on Delivery,SHIPPED,BR,SAVE10,
ORD-100046,CUST-1514,07/21/2024,Website,Bank Transfer,completed,Britain,SAVE10,
ORD-100047,CUST-3733,"October 20, 2024",Phone Order,Credit Card,Completed,S. Africa,,
ORD-100048,CUST-3221,08/10/2024,Website,Debit Card,Delivered,Germany,WELCOME2025,
ORD-100049,CUST-3424,2024/07/04,Phone Order,Debit Card,completed,france,,
ORD-100050,CUST-2661,2025-06-23,Mobile App,Debit Card,Completed,australia,WELCOME2025,
ORD-100051,CUST-2549,2025/09/02,Mobile App,credit card,Completed,Germany,,
ORD-100052,CUST-3201,11/28/2025,Phone Order,PayPal,Cancelled,nigeria,SAVE10,
ORD-100053,CUST-3124,01/03/2026,Marketplace,Debit Card,Delivered,RSA,WELCOME2025,
ORD-100027,CUST-2187,01/11/2026,Phone Order,Crypto,Completed,nigeria,N/A,
ORD-100055,CUST-3552,13/07/2024,Marketplace,Cash on Delivery,completed,South Africa,SAVE10,
ORD-100056,CUST-1336,"November 19, 2024",website,Bank Transfer,Refunded,U.K.,none,
ORD-100057,CUST-1123,15-Jun-2024,Phone Order,Bank Transfer,Refunded,Nigéria,none,
ORD-100058,CUST-3626,13-Mar-2026,website,Crypto,SHIPPED,CA,,
ORD-100059,CUST-2078,"November 13, 2025",Marketplace,Bank Transfer,completed,UK,WELCOME2025,
ORD-100060,CUST-3395,25/11/2024,Mobile App,Cash on Delivery,completed,Britain,save10,
ORD-100061,CUST-1128,"March 26, 2024",MOBILE APP,Bank Transfer,Cancelled,FR,SAVE10,
ORD-100062,CUST-2524,11-Dec-2025,website,PayPal,Cancelled,france,,
ORD-100063,CUST-2836,2024/08/03,Phone Order,Cash on Delivery,Completed,France,,
ORD-100064,CUST-1817,05-Feb-2026,Phone Order,Crypto,Pending,Bharat,none,
ORD-100065,CUST-1317,27-May-2024,MOBILE APP,Bank Transfer,completed,france,save10,
ORD-100066,CUST-1086,04/15/2024,website,PayPal,SHIPPED,Brasil,none,
ORD-100067,CUST-3023,2024/08/12,In-Store,credit card,SHIPPED,AU,WELCOME2025,
ORD-100068,CUST-1911,"December 29, 2024",MOBILE APP,Bank Transfer,Completed,germany,SAVE10,
ORD-100069,CUST-1257,"May 04, 2026",Phone Order,PayPal,Processing,NG,save10,
ORD-100070,CUST-3089,"October 02, 2024",website,Debit Card,Processing,Deutschland,N/A,
ORD-100071,CUST-3284,18/05/2026,Phone Order,Credit Card,Cancelled,BR,save10,
ORD-100072,CUST-1827,2025-08-20,In-Store,Credit Card,Pending,United States,none,
ORD-100073,CUST-3110,21/01/2025,Mobile App,,Processing,nigeria,N/A,
ORD-100074,CUST-2682,"August 07, 2024",In-Store,Bank Transfer,Refunded,Brasil,,
ORD-100075,CUST-1228,31-Mar-2025,Phone Order,Cash on Delivery,Cancelled,IN,N/A,
ORD-100076,CUST-1483,23/06/2026,Marketplace,Crypto,SHIPPED,CA,none,
ORD-100077,CUST-1975,11/03/2024,Mobile App,Cash on Delivery,Pending,England,WELCOME2025,
ORD-100078,CUST-2914,2026/04/20,website,Bank Transfer,Cancelled,Deutschland,save10,
ORD-100079,CUST-3624,"December 15, 2024",website,Credit Card,Delivered,Brasil,WELCOME2025,
ORD-100080,CUST-2217,12-Mar-2024,website,Debit Card,Processing,India,none,
ORD-100081,CUST-1998,04/06/2026,Marketplace,Debit Card,Cancelled,S. Africa,N/A,
ORD-100082,CUST-3592,2025/11/29,Mobile App,Crypto,completed,Nigeria,save10,
ORD-100083,CUST-3904,2026-03-27,Phone Order,Bank Transfer,Cancelled,canada,,
ORD-100084,CUST-1488,"February 15, 2025",Marketplace,Bank Transfer,Pending,Brazil,save10,
ORD-100085,CUST-3891,07/20/2025,Marketplace,credit card,Completed,IN,save10,
ORD-100086,CUST-1397,09/14/2025,Phone Order,Debit Card,SHIPPED,australia,,
ORD-100087,CUST-2021,"August 07, 2025",Mobile App,Cash on Delivery,Refunded,England,SAVE10,
ORD-100088,CUST-1593,08/02/2024,Marketplace,Cash on Delivery,Cancelled,Australia,none,
ORD-100089,CUST-1582,"November 29, 2024",Phone Order,PayPal,Pending,NG,SAVE10,
ORD-100090,CUST-2207,2024/05/30,website,credit card,Processing,AU,SAVE10,
ORD-100091,CUST-2343,24-Apr-2026,Phone Order,credit card,SHIPPED,South Africa,SAVE10,
ORD-100092,CUST-2305,11/15/2024,Website,Credit Card,Delivered,Bharat,none,
ORD-100093,CUST-1025,"October 11, 2025",Marketplace,Credit Card,Completed,Nigeria,,
ORD-100094,CUST-2141,11-Jul-2026,Marketplace,Bank Transfer,Processing,france,,
ORD-100095,CUST-3833,17-Jul-2024,website,Debit Card,completed,United States of America,,
ORD-100096,CUST-3839,05/09/2024,Website,Debit Card,Delivered,IN,N/A,
ORD-100097,CUST-3206,31-Mar-2025,Phone Order,Crypto,completed,Brazil,none,
ORD-100098,CUST-2132,15/03/2024,Mobile App,credit card,Cancelled,UK,SAVE10,
ORD-100099,CUST-2962,08/04/2024,MOBILE APP,Bank Transfer,Cancelled,CA,,
ORD-100100,CUST-1669,"October 25, 2025",Mobile App,Bank Transfer,SHIPPED,United States,SAVE10,
ORD-100101,CUST-3345,19/08/2024,Phone Order,Debit Card,completed,UK,,
ORD-100102,CUST-3050,24/03/2026,Phone Order,Debit Card,Pending,australia,WELCOME2025,
ORD-100103,CUST-3523,2024-07-25,Marketplace,Debit Card,Completed,Australia,N/A,
ORD-100104,CUST-1929,2025/10/18,website,PayPal,completed,U.S.A.,,
ORD-100105,CUST-3983,31/05/2025,Marketplace,credit card,Cancelled,Britain,N/A,
ORD-100106,CUST-2827,19/03/2025,In-Store,Debit Card,Pending,South Africa,save10,
ORD-100107,CUST-1426,01/18/2025,Mobile App,Bank Transfer,completed,DE,save10,
ORD-100108,CUST-3447,"July 09, 2025",Phone Order,Debit Card,Completed,germany,none,
ORD-100109,CUST-2635,04-Jan-2025,website,PayPal,Pending,US,WELCOME2025,
ORD-100110,CUST-3256,2024-05-18,In-Store,Cash on Delivery,Processing,Brasil,,
ORD-100111,CUST-3071,08/12/2025,In-Store,Credit Card,Processing,australia,SAVE10,
ORD-100112,CUST-3578,20/06/2024,Marketplace,credit card,Refunded,RSA,,
ORD-100113,CUST-1771,"August 03, 2025",Website,credit card,Cancelled,Bharat,N/A,
ORD-100114,CUST-3971,2025/03/21,Phone Order,Cash on Delivery,SHIPPED,FR,none,
ORD-100115,CUST-1366,"December 23, 2025",Phone Order,Bank Transfer,Completed,NG,,
ORD-100116,CUST-3183,2025-08-10,Website,Cash on Delivery,Processing,nigeria,,
ORD-100117,CUST-2976,31/01/2024,Marketplace,Credit Card,Completed,RSA,none,
ORD-100118,CUST-1531,2025-12-07,MOBILE APP,Crypto,SHIPPED,NG,save10,
ORD-100119,CUST-3588,21-Jun-2026,MOBILE APP,Cash on Delivery,Completed,RSA,,
ORD-100120,CUST-3654,20/04/2024,Mobile App,Debit Card,SHIPPED,S. Africa,,
ORD-100121,CUST-2083,2026-03-23,Mobile App,PayPal,Cancelled,Brasil,none,
ORD-100122,CUST-3062,2025-07-30,Website,Crypto,Pending,RSA,N/A,
ORD-100123,CUST-3940,2026/04/25,Marketplace,credit card,completed,canada,,
ORD-100124,CUST-1675,2025/09/10,In-Store,PayPal,Completed,US,WELCOME2025,
ORD-100125,CUST-3662,2026/03/22,In-Store,Debit Card,Completed,IN,,
ORD-100126,CUST-3829,2025/04/30,Mobile App,Crypto,completed,IN,,
ORD-100127,CUST-2249,2024/05/07,Phone Order,PayPal,Processing,India,none,
ORD-100128,CUST-2121,2025-10-06,In-Store,Crypto,Refunded,canada,,
ORD-100129,CUST-1872,"June 24, 2026",Marketplace,Debit Card,Processing,U.S.A.,,
ORD-100130,CUST-1572,"December 27, 2024",website,Credit Card,SHIPPED,australia,N/A,
ORD-100131,CUST-1325,2024/01/09,In-Store,PayPal,Processing,NG,,
ORD-100132,CUST-3314,"March 02, 2024",Website,PayPal,Pending,ZA,SAVE10,
ORD-100133,CUST-2412,"September 06, 2024",Phone Order,Cash on Delivery,Completed,Nigeria,none,
ORD-100134,CUST-3195,01/03/2024,Phone Order,Debit Card,Processing,United States of America,,
ORD-100135,CUST-3373,15/12/2025,Phone Order,Crypto,Completed,France,save10,
ORD-100136,CUST-3478,2027-04-04,website,Crypto,Delivered,BR,,
ORD-100137,CUST-1182,"October 27, 2025",Marketplace,credit card,Cancelled,India,none,
ORD-100138,CUST-2510,24/10/2024,Marketplace,Bank Transfer,Cancelled,US,,
ORD-100139,CUST-3426,"September 29, 2024",Phone Order,PayPal,Delivered,United Kingdom,save10,
ORD-100140,CUST-1936,11/02/2024,MOBILE APP,Debit Card,Delivered,canada,save10,
ORD-100141,CUST-1074,"June 09, 2024",Phone Order,Cash on Delivery,completed,Brasil,none,
ORD-100142,CUST-1040,24/01/2025,In-Store,Bank Transfer,Cancelled,US,none,
ORD-100143,CUST-1272,"November 29, 2024",MOBILE APP,Bank Transfer,Pending,United States of America,none,
ORD-100144,CUST-3672,26/12/2025,Marketplace,Cash on Delivery,Processing,Germany,,
ORD-100145,CUST-3332,07/18/2026,In-Store,Debit Card,Processing,India,SAVE10,
ORD-100146,CUST-1730,28-Apr-2024,Marketplace,Crypto,Completed,United Kingdom,,
ORD-100147,CUST-2119,2025/04/03,Website,Crypto,Delivered,nigeria,SAVE10,
ORD-100148,CUST-2473,2026-06-14,Marketplace,Debit Card,Delivered,India,WELCOME2025,
ORD-100149,CUST-2285,09-Nov-2024,Website,Crypto,Processing,canada,WELCOME2025,
ORD-100150,CUST-3687,2027-06-02,Phone Order,PayPal,Completed,canada,WELCOME2025,
ORD-100003,CUST-2715,2024-03-09,Website,credit card,Pending,Nigeria,none,
ORD-100152,CUST-1766,"April 05, 2026",MOBILE APP,Bank Transfer,Delivered,Canada,none,
ORD-100153,CUST-3693,04/04/2024,Marketplace,Bank Transfer,Pending,BR,save10,
ORD-100154,CUST-3360,09-Feb-2025,website,Cash on Delivery,Cancelled,U.S.A.,save10,
ORD-100155,CUST-1977,2025/11/29,Marketplace,Cash on Delivery,Cancelled,Canada,WELCOME2025,
ORD-100156,CUST-3496,2025-02-20,Marketplace,Crypto,completed,BR,SAVE10,
ORD-100157,CUST-1179,02/06/2025,MOBILE APP,PayPal,Processing,nigeria,none,
ORD-100158,CUST-3859,06-May-2026,Mobile App,Bank Transfer,Processing,france,none,
ORD-100159,CUST-1821,06/01/2024,Phone Order,Credit Card,Cancelled,canada,WELCOME2025,
ORD-100160,CUST-2026,08/26/2025,Mobile App,Bank Transfer,SHIPPED,South Africa,N/A,
ORD-100161,CUST-2749,07/17/2026,Mobile App,credit card,Pending,Canada,,
ORD-100162,CUST-3916,24/12/2025,Marketplace,credit card,Delivered,ZA,none,
ORD-100163,CUST-1853,2026-06-07,Phone Order,PayPal,Cancelled,United States,N/A,
ORD-100164,CUST-2046,17/07/2026,Marketplace,credit card,completed,Brazil,save10,
ORD-100165,CUST-1112,06/02/2026,Phone Order,Cash on Delivery,Cancelled,AU,WELCOME2025,
ORD-100166,CUST-1871,"March 12, 2026",Phone Order,Bank Transfer,Cancelled,France,save10,
ORD-100167,CUST-2536,15/05/2026,Website,Crypto,Pending,FR,SAVE10,
ORD-100168,CUST-3847,21-Apr-2024,Phone Order,Bank Transfer,SHIPPED,DE,N/A,
ORD-100169,CUST-3325,16-Jun-2024,Phone Order,PayPal,Processing,England,SAVE10,
ORD-100146,CUST-1589,15/10/2025,Phone Order,Bank Transfer,completed,india,SAVE10,
ORD-100171,CUST-2920,2024/04/28,MOBILE APP,credit card,Cancelled,Brasil,SAVE10,
ORD-100172,CUST-1738,02/16/2024,Marketplace,Crypto,SHIPPED,India,WELCOME2025,
ORD-100173,CUST-3801,2025-02-26,Marketplace,credit card,completed,USA,,
ORD-100174,CUST-3434,2024/01/26,Website,PayPal,Refunded,Canada,WELCOME2025,
ORD-100175,CUST-3044,03/03/2027,Marketplace,Cash on Delivery,Refunded,Nigéria,,
ORD-100176,CUST-2111,29/04/2025,website,Credit Card,SHIPPED,RSA,N/A,
ORD-100177,CUST-3456,04-Mar-2026,Phone Order,Bank Transfer,SHIPPED,Canada,N/A,
ORD-100178,CUST-2580,12/15/2025,In-Store,credit card,Cancelled,Germany,,
ORD-100179,CUST-1275,21-Jun-2026,Phone Order,Bank Transfer,completed,FR,save10,
ORD-100180,CUST-3672,"March 21, 2024",Mobile App,Bank Transfer,Refunded,IN,,
ORD-100181,CUST-3474,16-Jun-2026,Website,PayPal,completed,Australia,SAVE10,
ORD-100182,CUST-3146,2025-12-02,Website,Debit Card,Processing,canada,,
ORD-100183,CUST-3584,2024/09/24,website,Bank Transfer,Delivered,UK,save10,
ORD-100184,CUST-3710,2024/08/08,In-Store,Credit Card,Completed,South Africa,SAVE10,
ORD-100185,CUST-2141,09/12/2025,Mobile App,Crypto,Pending,canada,WELCOME2025,
ORD-100186,CUST-1576,2025-01-29,Marketplace,Debit Card,SHIPPED,AU,SAVE10,
ORD-100187,CUST-3043,"April 14, 2024",Marketplace,PayPal,Pending,australia,SAVE10,
ORD-100188,CUST-2568,2024/09/24,Phone Order,Crypto,Processing,canada,,
ORD-100189,CUST-1634,07/27/2025,Mobile App,Cash on Delivery,Cancelled,ZA,save10,
ORD-100190,CUST-2027,19-May-2024,Marketplace,Debit Card,Pending,Brazil,save10,
ORD-100191,CUST-1159,07-Oct-2025,Phone Order,Cash on Delivery,Processing,United Kingdom,WELCOME2025,
ORD-100192,CUST-1212,2024-06-01,website,Crypto,Completed,India,SAVE10,
ORD-100193,CUST-2398,2024/09/18,Phone Order,credit card,Processing,France,save10,
ORD-100194,CUST-3499,08/10/2024,Marketplace,Credit Card,SHIPPED,germany,none,
ORD-100195,CUST-1233,09/06/2024,Website,Credit Card,Pending,australia,,
ORD-100196,CUST-2005,2026-02-19,Website,Debit Card,Cancelled,RSA,SAVE10,
ORD-100197,CUST-3086,"July 19, 2026",In-Store,Credit Card,Cancelled,france,N/A,
ORD-100198,CUST-2828,2025-04-17,Website,Crypto,Cancelled,canada,SAVE10,
ORD-100199,CUST-3011,27-Oct-2025,Phone Order,credit card,Completed,Nigeria,SAVE10,
ORD-100200,CUST-3063,15/04/2025,Website,PayPal,Cancelled,BR,,
ORD-100201,CUST-2130,2025-04-04,website,Credit Card,completed,USA,N/A,
ORD-100202,CUST-2470,2025-13-05,website,Crypto,Processing,RSA,none,
ORD-100203,CUST-1124,07/25/2025,MOBILE APP,Bank Transfer,Pending,united states,none,
ORD-100204,CUST-2994,"November 06, 2025",Website,credit card,Refunded,France,SAVE10,
ORD-100205,CUST-3091,11/05/2026,Phone Order,Cash on Delivery,Delivered,S. Africa,N/A,
ORD-100206,CUST-1649,2024-08-07,website,Bank Transfer,completed,BR,N/A,
ORD-100207,CUST-1885,03/14/2025,Phone Order,credit card,completed,Brasil,N/A,
ORD-100208,CUST-2500,2026/05/25,MOBILE APP,credit card,completed,Bharat,N/A,
ORD-100209,CUST-1179,26/04/2024,Marketplace,Debit Card,Pending,Brasil,,
ORD-100210,CUST-1609,09/24/2025,Mobile App,Bank Transfer,Delivered,France,save10,
ORD-100211,CUST-3547,02/24/2026,Marketplace,Bank Transfer,Completed,Nigeria,,
ORD-100212,CUST-1549,2025/09/08,Mobile App,Debit Card,completed,Canada,WELCOME2025,
ORD-100213,CUST-2777,15-Sep-2025,Phone Order,Bank Transfer,Cancelled,RSA,SAVE10,
ORD-100214,CUST-1713,03/05/2025,MOBILE APP,Cash on Delivery,Delivered,NG,save10,
ORD-100215,CUST-2627,08/22/2025,Phone Order,credit card,Completed,Nigeria,save10,
ORD-100216,CUST-3581,2025-07-14,Phone Order,Cash on Delivery,completed,BR,none,
ORD-100217,CUST-3712,10/06/2024,Mobile App,Crypto,Refunded,UK,WELCOME2025,
ORD-100218,CUST-3495,"January 14, 2024",website,Cash on Delivery,Completed,U.S.A.,,
ORD-100219,CUST-3439,16/01/2025,website,Cash on Delivery,Processing,S. Africa,N/A,
ORD-100220,CUST-1261,"October 24, 2024",In-Store,Cash on Delivery,Cancelled,nigeria,WELCOME2025,
ORD-100221,CUST-2581,2024/10/27,website,Credit Card,completed,Germany,,
ORD-100222,CUST-3444,2024/09/23,In-Store,Bank Transfer,SHIPPED,india,,
ORD-100223,CUST-1726,03-Oct-2024,MOBILE APP,Debit Card,completed,ZA,SAVE10,
ORD-100224,CUST-3446,09/06/2024,Mobile App,Cash on Delivery,Cancelled,Germany,SAVE10,
ORD-100225,CUST-2930,2026-04-21,Marketplace,Crypto,SHIPPED,united states,save10,
ORD-100226,CUST-1604,07/13/2025,In-Store,Crypto,Refunded,India,SAVE10,
ORD-100227,CUST-2251,18/06/2024,Marketplace,Cash on Delivery,Delivered,france,save10,
ORD-100228,CUST-1507,04/16/2026,Website,Credit Card,Delivered,germany,,
ORD-100229,CUST-1812,2024/05/29,Mobile App,PayPal,Cancelled,CA,save10,
ORD-100230,CUST-1634,2025/09/11,website,Bank Transfer,Pending,canada,N/A,
ORD-100231,CUST-1674,08/01/2025,In-Store,PayPal,SHIPPED,nigeria,WELCOME2025,
ORD-100232,CUST-1728,12/22/2025,In-Store,Debit Card,Pending,RSA,SAVE10,
ORD-100233,CUST-3585,2025/11/30,Website,Crypto,Refunded,Britain,N/A,
ORD-100234,CUST-1130,2025-06-21,MOBILE APP,credit card,Refunded,canada,,
ORD-100235,CUST-1411,2024/09/06,Mobile App,Crypto,Refunded,Canada,,
ORD-100236,CUST-2476,13-May-2026,MOBILE APP,Credit Card,Delivered,U.K.,none,
ORD-100237,CUST-1753,12/11/2024,In-Store,PayPal,Cancelled,france,save10,
ORD-100238,CUST-3096,13/06/2026,Mobile App,Credit Card,Completed,India,none,
ORD-100239,CUST-1837,16-Jul-2024,Phone Order,Bank Transfer,Pending,Australia,N/A,
ORD-100240,CUST-3492,2024-01-03,Marketplace,Cash on Delivery,Delivered,USA,,
ORD-100241,CUST-3060,2024/04/25,Phone Order,Bank Transfer,Refunded,France,save10,
ORD-100242,CUST-2579,2025-11-13,In-Store,Debit Card,completed,India,none,
ORD-100243,CUST-3767,02/01/2025,Phone Order,PayPal,Cancelled,RSA,SAVE10,
ORD-100244,CUST-3763,11-Jul-2024,Mobile App,PayPal,Refunded,nigeria,none,
ORD-100245,CUST-1442,2025-12-20,Website,Cash on Delivery,Delivered,india,save10,
ORD-100246,CUST-2431,06-Apr-2025,Marketplace,Credit Card,Refunded,France,,
ORD-100247,CUST-3393,"August 12, 2025",Website,Cash on Delivery,Processing,UK,WELCOME2025,
ORD-100248,CUST-1931,2025-12-27,Mobile App,PayPal,Processing,Australia,,
ORD-100249,CUST-1052,"February 10, 2025",Marketplace,Bank Transfer,Refunded,ZA,WELCOME2025,
ORD-100250,CUST-3258,17/08/2025,MOBILE APP,Bank Transfer,completed,U.K.,SAVE10,
ORD-100251,CUST-1452,08-Apr-2024,Marketplace,Debit Card,SHIPPED,germany,none,
ORD-100252,CUST-1530,2024/02/24,website,Bank Transfer,Completed,DE,none,
ORD-100253,CUST-2266,03-Feb-2025,MOBILE APP,Crypto,Completed,canada,none,
ORD-100254,CUST-2211,21/11/2025,In-Store,Crypto,Delivered,UK,save10,
ORD-100255,CUST-1483,"November 21, 2025",MOBILE APP,PayPal,Refunded,South Africa,save10,
ORD-100256,CUST-2209,04/01/2025,MOBILE APP,Crypto,Cancelled,ZA,,
ORD-100257,CUST-2252,2025-07-14,Website,PayPal,Processing,australia,none,
ORD-100258,CUST-1448,07/04/2025,Website,Cash on Delivery,Refunded,CA,,
ORD-100259,CUST-1635,2024-11-09,In-Store,PayPal,Pending,france,SAVE10,
ORD-100260,CUST-3984,2026/01/04,Website,PayPal,Completed,australia,,
ORD-100261,CUST-2039,2025-08-14,Phone Order,credit card,Pending,RSA,save10,
ORD-100262,CUST-2337,"February 03, 2026",In-Store,Crypto,SHIPPED,Canada,,
ORD-100263,CUST-1976,2024/10/18,Website,Credit Card,Delivered,United States,SAVE10,
ORD-100264,CUST-2379,24/05/2025,Marketplace,Debit Card,Pending,canada,none,
ORD-100265,CUST-3831,15-Apr-2024,In-Store,Credit Card,SHIPPED,canada,,
ORD-100266,CUST-2132,03/06/2025,MOBILE APP,credit card,Processing,nigeria,N/A,
ORD-100267,CUST-2542,14/08/2024,MOBILE APP,Crypto,Pending,FR,none,
ORD-100268,CUST-3816,20/07/2024,Website,Cash on Delivery,Pending,FR,WELCOME2025,
ORD-100269,CUST-3803,05/21/2024,In-Store,PayPal,Processing,RSA,,
ORD-100270,CUST-3832,13/09/2024,In-Store,Cash on Delivery,Cancelled,FR,SAVE10,
ORD-100271,CUST-3356,2026-04-19,Phone Order,PayPal,Processing,canada,save10,
ORD-100272,CUST-2626,07/31/2024,Marketplace,credit card,Processing,France,,
ORD-100273,CUST-2107,"September 24, 2024",In-Store,Bank Transfer,SHIPPED,Canada,N/A,
ORD-100274,CUST-1781,2024/06/15,Website,Debit Card,Delivered,india,N/A,
ORD-100275,CUST-3638,2024-09-30,Mobile App,Crypto,Cancelled,Brazil,,
ORD-100276,CUST-2618,27-May-2026,MOBILE APP,Cash on Delivery,Delivered,ZA,save10,
ORD-100277,CUST-3108,"June 07, 2024",Marketplace,Cash on Delivery,Completed,australia,WELCOME2025,
ORD-100278,CUST-2789,2024/02/01,Website,Cash on Delivery,Processing,U.K.,none,
ORD-100279,CUST-3149,"August 11, 2025",In-Store,credit card,Refunded,UK,,
ORD-100280,CUST-2375,"April 03, 2026",Phone Order,Debit Card,completed,BR,,
ORD-100281,CUST-3199,"January 22, 2025",In-Store,PayPal,Delivered,Australia,none,
ORD-100282,CUST-2104,06/17/2025,MOBILE APP,Credit Card,Processing,France,SAVE10,
ORD-100283,CUST-1433,"February 07, 2025",website,Crypto,Refunded,Britain,SAVE10,
ORD-100284,CUST-2716,05/04/2026,website,Bank Transfer,Refunded,AU,,
ORD-100285,CUST-2059,2024/10/26,website,PayPal,Completed,australia,,
ORD-100286,CUST-1696,"June 05, 2026",In-Store,Debit Card,Completed,India,save10,
ORD-100287,CUST-3581,09/03/2024,MOBILE APP,PayPal,completed,England,save10,
ORD-100288,CUST-3152,2025-04-26,Phone Order,Bank Transfer,Delivered,CA,SAVE10,
ORD-100289,CUST-1309,2024/06/19,website,Credit Card,Completed,germany,,
ORD-100290,CUST-3511,08-Sep-2025,Mobile App,Debit Card,completed,DE,,
ORD-100291,CUST-3660,02/14/2026,website,Bank Transfer,completed,united states,,
ORD-100292,CUST-1968,08/02/2025,Website,Debit Card,SHIPPED,BR,SAVE10,
ORD-100293,CUST-3065,2025-02-30,Phone Order,Credit Card,Cancelled,US,save10,
ORD-100294,CUST-1549,19/03/2025,MOBILE APP,PayPal,Refunded,AU,SAVE10,
ORD-100295,CUST-2744,2025-02-01,website,Cash on Delivery,SHIPPED,South Africa,N/A,
ORD-100085,CUST-2679,12/19/2025,In-Store,Debit Card,Processing,United States,SAVE10,
ORD-100297,CUST-3123,2025-11-27,In-Store,Debit Card,completed,Canada,,
ORD-100298,CUST-1024,2024/11/20,In-Store,Crypto,Completed,NG,WELCOME2025,
ORD-100299,CUST-1687,09/04/2025,Marketplace,Bank Transfer,Refunded,NG,save10,
ORD-100300,CUST-3932,10/31/2024,In-Store,Credit Card,Cancelled,united states,WELCOME2025,
ORD-100301,CUST-1910,05/10/2025,MOBILE APP,Bank Transfer,SHIPPED,U.K.,none,
ORD-100302,CUST-1995,03/05/2025,MOBILE APP,Bank Transfer,Processing,United States,WELCOME2025,
ORD-100303,CUST-1858,2026/02/01,Website,PayPal,Pending,India,,
ORD-100304,CUST-2725,"December 22, 2024",In-Store,Debit Card,Delivered,Brazil,N/A,
ORD-100305,CUST-1509,15/04/2024,Mobile App,credit card,Cancelled,United States,save10,
ORD-100306,CUST-1023,"March 30, 2024",Website,PayPal,Pending,United Kingdom,,
ORD-100307,CUST-3056,22-Jun-2026,Marketplace,PayPal,completed,England,none,
ORD-100308,CUST-1467,2026-05-07,MOBILE APP,Credit Card,Pending,Nigéria,save10,
ORD-100309,CUST-3011,2025-09-30,Mobile App,Credit Card,Delivered,FR,,
ORD-100310,CUST-2206,01/09/2024,In-Store,Credit Card,completed,AU,,
ORD-100311,CUST-2659,25-Sep-2024,MOBILE APP,Credit Card,Delivered,France,save10,
ORD-100312,CUST-3949,"September 05, 2024",In-Store,Debit Card,Delivered,United Kingdom,save10,
ORD-100313,CUST-3526,"October 09, 2025",Phone Order,Credit Card,Cancelled,ZA,N/A,
ORD-100314,CUST-2722,03/04/2025,In-Store,Crypto,Delivered,FR,N/A,
ORD-100315,CUST-2019,2025-09-13,Website,Crypto,Refunded,BR,WELCOME2025,
ORD-100316,CUST-2810,12/05/2025,Marketplace,PayPal,Completed,France,save10,
ORD-100317,CUST-2705,2024/09/27,MOBILE APP,Bank Transfer,Refunded,United States,N/A,
ORD-100182,CUST-1760,2027-10-02,In-Store,Bank Transfer,Refunded,NG,SAVE10,
ORD-100319,CUST-1033,01-Sep-2024,Phone Order,PayPal,Refunded,United States of America,save10,
ORD-100320,CUST-1852,2025-02-16,MOBILE APP,PayPal,Pending,australia,none,
ORD-100321,CUST-2452,29/02/2024,Phone Order,credit card,Delivered,U.K.,SAVE10,
ORD-100322,CUST-2422,"May 15, 2024",In-Store,credit card,Delivered,india,WELCOME2025,
ORD-100323,CUST-2458,2025-12-13,In-Store,Crypto,completed,IN,none,
ORD-100324,CUST-2635,05/03/2026,MOBILE APP,Bank Transfer,Refunded,USA,none,
ORD-100325,CUST-3058,02-May-2025,In-Store,Debit Card,Cancelled,India,,
ORD-100326,CUST-3738,19/05/2026,website,Bank Transfer,Completed,DE,none,
ORD-100327,CUST-3183,"August 05, 2025",Mobile App,Cash on Delivery,Cancelled,U.K.,N/A,
ORD-100328,CUST-3105,09/15/2025,Mobile App,Debit Card,SHIPPED,South Africa,SAVE10,
ORD-100329,CUST-2618,01/06/2025,Marketplace,Crypto,Cancelled,USA,SAVE10,
ORD-100330,CUST-3579,05/22/2025,Marketplace,Credit Card,Refunded,FR,N/A,
ORD-100331,CUST-3158,"July 31, 2024",Marketplace,Cash on Delivery,Completed,Canada,,
ORD-100332,CUST-3450,04/16/2025,website,credit card,SHIPPED,RSA,,
ORD-100333,CUST-2189,2026-02-13,In-Store,PayPal,Delivered,S. Africa,SAVE10,
ORD-100334,CUST-1565,2024-02-05,In-Store,Crypto,Processing,United Kingdom,save10,
ORD-100335,CUST-1541,12/14/2024,Marketplace,Bank Transfer,Cancelled,USA,,
ORD-100336,CUST-3683,2025/07/31,Website,Crypto,Delivered,France,,
ORD-100337,CUST-2851,14/04/2026,Mobile App,Crypto,SHIPPED,Canada,,
ORD-100338,CUST-2014,19-Jan-2024,website,Cash on Delivery,Completed,Brazil,N/A,
ORD-100339,CUST-3639,15/07/2026,website,Bank Transfer,Processing,NG,WELCOME2025,
ORD-100340,CUST-3881,"January 02, 2025",website,Credit Card,completed,AU,save10,
ORD-100341,CUST-2819,2025-13-05,Phone Order,PayPal,SHIPPED,England,WELCOME2025,
ORD-100342,CUST-3515,10/01/2025,Phone Order,Debit Card,Completed,BR,SAVE10,
ORD-100052,CUST-3299,14/04/2025,website,Bank Transfer,Processing,UK,,
ORD-100344,CUST-2980,19-Oct-2024,Phone Order,Bank Transfer,SHIPPED,England,,
ORD-100345,CUST-1005,24-Jul-2024,Mobile App,PayPal,Completed,BR,N/A,
ORD-100346,CUST-2816,2024/06/08,In-Store,credit card,Refunded,United States,,
ORD-100347,CUST-2064,17/04/2026,Marketplace,Crypto,SHIPPED,canada,,
ORD-100348,CUST-3315,"November 09, 2024",Mobile App,credit card,Cancelled,australia,SAVE10,
ORD-100349,CUST-3608,"February 16, 2025",Website,credit card,Refunded,BR,,
ORD-100350,CUST-1628,"September 26, 2025",Website,Cash on Delivery,Completed,Nigeria,N/A,
ORD-100351,CUST-1459,22-Feb-2024,In-Store,Crypto,SHIPPED,canada,N/A,
ORD-100130,CUST-2125,"August 22, 2025",Marketplace,credit card,Refunded,Bharat,SAVE10,
ORD-100353,CUST-1997,2025-05-12,website,Debit Card,Refunded,Germany,save10,
ORD-100354,CUST-3768,06/12/2025,Website,Credit Card,Completed,Britain,WELCOME2025,
ORD-100355,CUST-2644,2024-05-19,In-Store,Cash on Delivery,Cancelled,US,save10,
ORD-100356,CUST-3745,01/03/2025,Marketplace,Cash on Delivery,Pending,canada,save10,
ORD-100357,CUST-1434,04/04/2025,website,PayPal,Processing,united states,,
ORD-100358,CUST-1611,02/07/2026,Mobile App,PayPal,completed,nigeria,N/A,
ORD-100359,CUST-2307,05/10/2024,In-Store,Cash on Delivery,Pending,australia,,
ORD-100360,CUST-2204,26/02/2025,MOBILE APP,Cash on Delivery,Pending,Australia,N/A,
ORD-100361,CUST-1554,2026-07-20,Mobile App,PayPal,SHIPPED,Australia,,
ORD-100362,CUST-1195,2024/10/24,Phone Order,Credit Card,Processing,Germany,,
ORD-100363,CUST-3690,11/25/2024,website,credit card,Delivered,france,none,
ORD-100364,CUST-1491,2026-05-20,In-Store,Crypto,Pending,BR,none,
ORD-100365,CUST-1862,23/02/2026,Mobile App,Debit Card,SHIPPED,Bharat,,
ORD-100366,CUST-3203,12/07/2025,website,Crypto,Refunded,AU,save10,
ORD-100367,CUST-3052,2026-06-03,Mobile App,Credit Card,completed,S. Africa,WELCOME2025,
ORD-100368,CUST-2890,2025-07-19,Mobile App,Debit Card,Processing,Nigéria,WELCOME2025,
ORD-100369,CUST-2902,05/28/2026,In-Store,Cash on Delivery,Delivered,Nigéria,none,
ORD-100370,CUST-1580,02/12/2025,Website,PayPal,Refunded,Bharat,none,
ORD-100371,CUST-1546,"January 17, 2026",Website,Credit Card,SHIPPED,India,none,
ORD-100372,CUST-1799,"February 17, 2026",,PayPal,Completed,Germany,WELCOME2025,
ORD-100373,CUST-3051,2026-05-01,website,Debit Card,completed,AU,,
ORD-100374,CUST-2391,05/02/2026,Marketplace,Debit Card,SHIPPED,Brazil,none,
ORD-100375,CUST-2314,2025/08/17,MOBILE APP,Crypto,Refunded,Nigeria,SAVE10,
ORD-100376,CUST-3379,2024-09-10,Phone Order,Debit Card,Cancelled,South Africa,none,
ORD-100377,CUST-3341,10/30/2024,Mobile App,Credit Card,SHIPPED,IN,save10,
ORD-100378,CUST-2166,2026/01/14,Mobile App,Credit Card,SHIPPED,Brazil,save10,
ORD-100379,CUST-3652,05-Sep-2025,MOBILE APP,Credit Card,Refunded,BR,WELCOME2025,
ORD-100380,CUST-3633,22-Oct-2025,MOBILE APP,Debit Card,completed,DE,SAVE10,
ORD-100381,CUST-1002,06/06/2025,MOBILE APP,Debit Card,Refunded,India,SAVE10,
ORD-100382,CUST-3419,2024-04-21,Website,Cash on Delivery,completed,india,none,
ORD-100383,CUST-1243,2024-04-27,In-Store,credit card,SHIPPED,FR,,
ORD-100384,CUST-2054,2024/03/09,Phone Order,Debit Card,Cancelled,nigeria,none,
ORD-100385,CUST-1170,24-Oct-2024,In-Store,credit card,Cancelled,Nigéria,SAVE10,
ORD-100386,CUST-2589,2024-08-19,website,credit card,Processing,france,WELCOME2025,
ORD-100387,CUST-2778,28/05/2026,In-Store,Credit Card,Cancelled,Brazil,,
ORD-100388,CUST-1302,09/26/2025,Marketplace,PayPal,Cancelled,Bharat,SAVE10,
ORD-100389,CUST-2256,2025/08/19,Phone Order,Credit Card,SHIPPED,Canada,SAVE10,
ORD-100390,CUST-1394,10/08/2024,MOBILE APP,Bank Transfer,Completed,Canada,,
ORD-100391,CUST-3481,"February 12, 2025",Website,Cash on Delivery,SHIPPED,USA,,
ORD-100392,CUST-2754,01/25/2025,Mobile App,Cash on Delivery,Pending,india,save10,
ORD-100393,CUST-1232,2024-02-25,Mobile App,credit card,Processing,RSA,,
ORD-100394,CUST-2101,19-Apr-2025,website,Debit Card,Completed,canada,WELCOME2025,
ORD-100395,CUST-3940,2025/05/01,MOBILE APP,PayPal,Completed,Brasil,WELCOME2025,
ORD-100396,CUST-2905,"April 04, 2025",Phone Order,Bank Transfer,Completed,UK,save10,
ORD-100397,CUST-1615,02/20/2026,Marketplace,Crypto,Processing,Canada,N/A,
ORD-100398,CUST-1648,20-Mar-2025,Phone Order,Credit Card,Cancelled,canada,,
ORD-100399,CUST-2489,2025-09-27,Phone Order,Crypto,Completed,ZA,WELCOME2025,
ORD-100400,CUST-2051,23-Jun-2024,Website,Bank Transfer,SHIPPED,Brasil,,
ORD-100401,CUST-3475,21-Jan-2024,Phone Order,Bank Transfer,Pending,CA,,
ORD-100402,CUST-3947,2025-09-16,Mobile App,Bank Transfer,Refunded,Brasil,N/A,
ORD-100403,CUST-3073,2024/07/06,website,credit card,Pending,india,SAVE10,
ORD-100404,CUST-1835,28/08/2025,Phone Order,Debit Card,Delivered,Germany,SAVE10,
ORD-100405,CUST-3413,2025/04/27,Marketplace,Debit Card,Processing,BR,save10,
ORD-100406,CUST-2554,26/02/2025,In-Store,Cash on Delivery,Refunded,australia,SAVE10,
ORD-100407,CUST-2485,"May 06, 2024",In-Store,credit card,Pending,germany,N/A,
ORD-100408,CUST-1953,07/04/2026,website,Credit Card,SHIPPED,England,WELCOME2025,
ORD-100409,CUST-2298,21-Mar-2024,Marketplace,Cash on Delivery,Refunded,RSA,,
ORD-100410,CUST-1969,2026-03-27,website,Cash on Delivery,Completed,Australia,save10,
ORD-100411,CUST-2473,18/07/2024,Mobile App,Cash on Delivery,SHIPPED,Brazil,save10,
ORD-100412,CUST-3673,04/19/2026,MOBILE APP,credit card,Delivered,UK,,
ORD-100413,CUST-3418,28-May-2026,Marketplace,Cash on Delivery,completed,USA,,
ORD-100414,CUST-2742,2025/01/01,In-Store,Crypto,Completed,Canada,SAVE10,
ORD-100415,CUST-3181,25/06/2025,Mobile App,Bank Transfer,Cancelled,U.K.,,
ORD-100416,CUST-2494,11/15/2025,Phone Order,PayPal,Pending,Brasil,SAVE10,
ORD-100417,CUST-2158,25/07/2024,Marketplace,Debit Card,Cancelled,UK,none,
ORD-100418,CUST-3302,01-Mar-2025,MOBILE APP,Bank Transfer,Processing,South Africa,none,
ORD-100419,CUST-1571,"February 02, 2024",Mobile App,credit card,Processing,South Africa,WELCOME2025,
ORD-100420,CUST-1190,2026-05-06,Mobile App,Crypto,Processing,france,WELCOME2025,
ORD-100421,CUST-3096,"March 04, 2025",In-Store,Debit Card,Delivered,AU,none,
ORD-100422,CUST-3570,2025-09-20,Mobile App,Credit Card,Delivered,South Africa,none,
ORD-100423,CUST-1726,2025/06/01,MOBILE APP,PayPal,Pending,nigeria,save10,
ORD-100424,CUST-3975,28/09/2024,MOBILE APP,Bank Transfer,completed,Australia,WELCOME2025,
ORD-100425,CUST-1458,2026/03/02,Website,PayPal,completed,United Kingdom,N/A,
ORD-100426,CUST-3742,"December 20, 2024",Website,Debit Card,Cancelled,U.K.,none,
ORD-100427,CUST-3074,20/11/2025,website,credit card,Delivered,Brazil,N/A,
ORD-100428,CUST-3414,"February 24, 2025",website,Cash on Delivery,Refunded,CA,SAVE10,
ORD-100429,CUST-3675,12/05/2026,Website,Debit Card,Cancelled,Brazil,none,
ORD-100430,CUST-2248,2025/10/10,Phone Order,Credit Card,Completed,Australia,none,
ORD-100431,CUST-3090,06/05/2026,Website,PayPal,Delivered,RSA,,
ORD-100007,CUST-3098,2026/02/18,In-Store,Bank Transfer,SHIPPED,England,save10,
ORD-100433,CUST-3729,06/06/2026,Phone Order,credit card,Pending,Australia,N/A,
ORD-100434,CUST-2787,02/12/2025,MOBILE APP,Bank Transfer,Pending,U.S.A.,,
ORD-100435,CUST-2138,"January 14, 2025",Marketplace,Crypto,completed,Nigéria,SAVE10,
ORD-100436,CUST-3486,2025-07-02,In-Store,Credit Card,Refunded,AU,,
ORD-100437,CUST-3259,04/05/2025,website,PayPal,completed,canada,SAVE10,
ORD-100438,CUST-2087,11-Nov-2024,Mobile App,credit card,Cancelled,united states,,
ORD-100439,CUST-2340,2026/05/31,Mobile App,Credit Card,Cancelled,australia,save10,
ORD-100440,CUST-1114,2025-10-21,In-Store,Crypto,Refunded,CA,none,
ORD-100441,CUST-1194,"June 12, 2026",Website,PayPal,completed,Deutschland,SAVE10,
ORD-100442,CUST-2994,20/06/2026,Phone Order,credit card,Pending,canada,none,
ORD-100443,CUST-1974,2024-08-30,In-Store,Credit Card,SHIPPED,FR,save10,
ORD-100444,CUST-3261,"April 25, 2024",Marketplace,Debit Card,Delivered,Germany,save10,
ORD-100445,CUST-1547,2024/10/23,Mobile App,PayPal,Refunded,Deutschland,,
ORD-100446,CUST-3819,13/06/2026,Website,credit card,Processing,England,,
ORD-100447,CUST-2363,"April 27, 2026",website,PayPal,Completed,U.K.,none,
ORD-100448,CUST-3085,07/06/2025,Website,Crypto,completed,UK,SAVE10,
ORD-100449,CUST-3899,06-Nov-2024,Phone Order,Credit Card,SHIPPED,Australia,SAVE10,
ORD-100450,CUST-3583,2024/02/28,Marketplace,Bank Transfer,Completed,England,,
ORD-100451,CUST-3431,01/28/2026,In-Store,Debit Card,Completed,United States,,
ORD-100452,CUST-3404,2024-04-11,In-Store,Cash on Delivery,Delivered,nigeria,,
ORD-100453,CUST-3821,21/11/2025,In-Store,Crypto,Pending,India,save10,
ORD-100454,CUST-3882,04/07/2026,Phone Order,Cash on Delivery,SHIPPED,ZA,,
ORD-100455,CUST-2293,"January 11, 2025",Website,PayPal,Refunded,IN,N/A,
ORD-100456,CUST-1361,20-Aug-2024,Phone Order,credit card,Pending,CA,save10,
ORD-100457,CUST-2056,27/06/2024,Mobile App,credit card,Refunded,U.S.A.,SAVE10,
ORD-100458,CUST-1317,03/02/2025,MOBILE APP,PayPal,Delivered,United States,,
ORD-100459,CUST-3571,2024/02/23,website,Debit Card,completed,S. Africa,none,
ORD-100460,CUST-2881,12/02/2025,Marketplace,Bank Transfer,Delivered,France,SAVE10,
ORD-100461,CUST-2789,20-Apr-2025,Phone Order,Bank Transfer,Refunded,Nigeria,N/A,
ORD-100462,CUST-2348,"December 28, 2025",MOBILE APP,Bank Transfer,Cancelled,FR,N/A,
ORD-100463,CUST-2517,2025-02-30,In-Store,credit card,Completed,france,save10,
ORD-100464,CUST-1288,2024/04/24,In-Store,Credit Card,Cancelled,Brazil,N/A,
ORD-100465,CUST-1505,24/04/2025,Phone Order,Credit Card,Cancelled,Bharat,,
ORD-100466,CUST-2089,05/05/2026,Phone Order,credit card,Cancelled,germany,SAVE10,
ORD-100467,CUST-3306,2025-09-29,MOBILE APP,Crypto,Processing,South Africa,SAVE10,
ORD-100468,CUST-2012,"March 16, 2026",Marketplace,Bank Transfer,Cancelled,india,,
ORD-100469,CUST-1924,2024-03-02,In-Store,PayPal,Completed,France,,
ORD-100470,CUST-2437,2024-06-06,In-Store,Bank Transfer,Processing,Brasil,save10,
ORD-100471,CUST-1278,04/30/2024,Phone Order,Debit Card,Completed,AU,none,
ORD-100472,CUST-2268,2026/06/29,In-Store,Debit Card,Cancelled,Australia,N/A,
ORD-100473,CUST-2016,2025-06-17,Phone Order,Credit Card,completed,FR,SAVE10,
ORD-100474,CUST-2029,2024-11-05,Marketplace,Debit Card,Refunded,Germany,save10,
ORD-100475,CUST-2757,01/06/2026,website,credit card,Processing,CA,save10,
ORD-100476,CUST-3341,09/30/2024,Phone Order,Cash on Delivery,Delivered,South Africa,SAVE10,
ORD-100477,CUST-1147,2025-11-21,MOBILE APP,Credit Card,Pending,France,,
ORD-100478,CUST-3334,"December 01, 2024",Phone Order,Bank Transfer,Pending,nigeria,N/A,
ORD-100479,CUST-1007,"February 08, 2024",Website,Cash on Delivery,Refunded,S. Africa,,
ORD-100480,CUST-1311,2024/06/06,Mobile App,credit card,completed,Bharat,,
ORD-100481,CUST-1535,"January 27, 2024",Phone Order,Cash on Delivery,Pending,USA,N/A,
ORD-100482,CUST-1167,"March 27, 2024",In-Store,Credit Card,SHIPPED,Germany,save10,
ORD-100483,CUST-2470,10/22/2025,In-Store,credit card,completed,Britain,,
ORD-100484,CUST-2301,2026/05/20,Mobile App,Cash on Delivery,Refunded,South Africa,,
ORD-100485,CUST-1717,03/14/2024,MOBILE APP,credit card,Cancelled,germany,N/A,
ORD-100486,CUST-3414,2024/12/26,In-Store,Debit Card,Completed,S. Africa,,
ORD-100487,CUST-1248,15/06/2026,Marketplace,Crypto,Completed,Nigéria,none,
ORD-100488,CUST-1100,2025-04-30,MOBILE APP,Debit Card,Pending,india,WELCOME2025,
ORD-100489,CUST-3114,2025-04-01,Website,Cash on Delivery,Delivered,DE,,
ORD-100490,CUST-1954,05/18/2026,Mobile App,Cash on Delivery,Refunded,United Kingdom,,
ORD-100491,CUST-2658,12/28/2025,In-Store,Debit Card,Completed,CA,,
ORD-100492,CUST-1671,06/17/2024,MOBILE APP,PayPal,completed,india,,
ORD-100493,CUST-2395,04/25/2025,Mobile App,Debit Card,Refunded,Deutschland,none,
ORD-100494,CUST-1874,2025-13-05,MOBILE APP,PayPal,completed,australia,SAVE10,
ORD-100495,CUST-2591,17/10/2025,In-Store,Debit Card,Completed,US,none,
ORD-100496,CUST-3716,2025/06/12,MOBILE APP,Bank Transfer,Completed,FR,none,
ORD-100497,CUST-1718,25/07/2025,Mobile App,Debit Card,Delivered,NG,none,
ORD-100498,CUST-1863,2024-12-30,website,Debit Card,Pending,NG,,
ORD-100499,CUST-1725,03/29/2026,Mobile App,Bank Transfer,Refunded,India,none,
ORD-100500,CUST-2654,2024-11-27,Phone Order,Debit Card,completed,US,,
ORD-100501,CUST-3761,22/01/2026,Marketplace,Bank Transfer,SHIPPED,Australia,SAVE10,
ORD-100502,CUST-3297,2026/03/04,website,Bank Transfer,Pending,australia,SAVE10,
ORD-100503,CUST-2287,"June 15, 2025",In-Store,PayPal,Completed,S. Africa,,
ORD-100504,CUST-2477,"May 12, 2025",website,credit card,Processing,United States,,
ORD-100505,CUST-3416,16/02/2024,Mobile App,Bank Transfer,Cancelled,United States of America,save10,
ORD-100506,CUST-3746,2024/11/17,In-Store,Crypto,completed,United States of America,WELCOME2025,
ORD-100507,CUST-1021,24/07/2024,Mobile App,Credit Card,Cancelled,DE,,
ORD-100508,CUST-1036,"January 21, 2025",In-Store,Crypto,Pending,S. Africa,N/A,
ORD-100509,CUST-2454,2027-06-02,website,Debit Card,SHIPPED,Canada,none,
ORD-100510,CUST-2206,2025/09/19,Mobile App,Crypto,Refunded,Canada,,
ORD-100511,CUST-1407,05/17/2026,Mobile App,Debit Card,Delivered,germany,save10,
ORD-100512,CUST-1636,2024-08-22,website,Crypto,Pending,FR,WELCOME2025,
ORD-100513,CUST-2788,2024/08/20,In-Store,Cash on Delivery,Processing,India,,
ORD-100514,CUST-2260,"June 27, 2024",Marketplace,Credit Card,Refunded,Bharat,SAVE10,
ORD-100515,CUST-3863,2025/12/19,MOBILE APP,PayPal,Pending,france,SAVE10,
ORD-100516,CUST-1122,2024/10/17,Mobile App,Debit Card,SHIPPED,FR,none,
ORD-100517,CUST-2452,2026/01/02,Website,PayPal,completed,RSA,save10,
ORD-100518,CUST-3317,2025/10/12,Mobile App,PayPal,Cancelled,RSA,none,
ORD-100519,CUST-2642,03/11/2025,MOBILE APP,Crypto,Cancelled,BR,WELCOME2025,
ORD-100520,CUST-3566,03/26/2024,MOBILE APP,PayPal,Delivered,canada,,
ORD-100521,CUST-2143,01/11/2025,website,credit card,SHIPPED,France,,
ORD-100522,CUST-3482,09/16/2024,Website,Credit Card,SHIPPED,germany,SAVE10,
ORD-100523,CUST-1754,2025/10/25,Marketplace,Bank Transfer,Cancelled,India,WELCOME2025,
ORD-100524,CUST-3956,2024-11-10,Website,Credit Card,completed,U.S.A.,,
ORD-100525,CUST-2033,02/06/2025,Marketplace,Cash on Delivery,Cancelled,Canada,,
ORD-100526,CUST-3474,07/06/2026,Phone Order,Crypto,SHIPPED,Brazil,,
ORD-100527,CUST-3653,"October 21, 2025",Marketplace,Bank Transfer,Cancelled,Germany,save10,
ORD-100528,CUST-3262,18-Mar-2024,Mobile App,credit card,Processing,AU,N/A,
ORD-100529,CUST-1756,04/14/2026,Mobile App,Bank Transfer,Refunded,England,save10,
ORD-100530,CUST-3389,18-Dec-2024,Phone Order,credit card,Delivered,BR,SAVE10,
ORD-100531,CUST-3809,2024/06/15,Phone Order,Debit Card,Pending,nigeria,N/A,
ORD-100532,CUST-2940,04/09/2026,website,Cash on Delivery,Cancelled,BR,,
ORD-100533,CUST-2559,10-Sep-2025,Phone Order,Cash on Delivery,SHIPPED,Britain,WELCOME2025,
ORD-100534,CUST-3879,2026-06-03,Mobile App,PayPal,Delivered,France,N/A,
ORD-100535,CUST-3364,2024/12/29,Website,PayPal,completed,US,save10,
ORD-100536,CUST-1605,03/19/2024,In-Store,Bank Transfer,Refunded,Nigéria,none,
ORD-100537,CUST-1504,12-May-2024,Website,credit card,SHIPPED,Australia,WELCOME2025,
ORD-100538,CUST-1853,03/16/2025,In-Store,Bank Transfer,Cancelled,Australia,WELCOME2025,
ORD-100539,CUST-3531,2027-04-24,Marketplace,Cash on Delivery,SHIPPED,FR,save10,
ORD-100540,CUST-1802,01/27/2025,Marketplace,Cash on Delivery,Cancelled,India,WELCOME2025,
ORD-100541,CUST-1129,2024/06/24,Website,Debit Card,Completed,Canada,,
ORD-100542,CUST-3929,10/02/2025,Marketplace,Debit Card,Processing,Australia,none,
ORD-100543,CUST-3535,10/25/2025,Website,Credit Card,Cancelled,France,SAVE10,
ORD-100544,CUST-3943,08/06/2025,MOBILE APP,Credit Card,Delivered,india,SAVE10,
ORD-100545,CUST-1369,10/09/2025,In-Store,Bank Transfer,Cancelled,India,none,
ORD-100546,CUST-3828,2026-02-19,In-Store,Crypto,Completed,Nigéria,,
ORD-100547,CUST-2937,2024-01-30,Phone Order,credit card,Delivered,canada,WELCOME2025,
ORD-100548,CUST-1002,"June 27, 2025",In-Store,Bank Transfer,SHIPPED,Canada,save10,
ORD-100549,CUST-3278,"September 06, 2024",Phone Order,PayPal,Completed,Australia,,
ORD-100550,CUST-1056,"May 23, 2025",Phone Order,Bank Transfer,Processing,NG,,
ORD-100551,CUST-1511,2025-04-18,Marketplace,Bank Transfer,SHIPPED,DE,none,
ORD-100552,CUST-3498,"May 11, 2025",website,credit card,Processing,Germany,,
ORD-100553,CUST-3101,11/22/2024,Marketplace,PayPal,Refunded,United States,WELCOME2025,
ORD-100554,CUST-2640,07/20/2025,In-Store,credit card,completed,Nigeria,WELCOME2025,
ORD-100555,CUST-2519,25/05/2024,Website,Cash on Delivery,Completed,Germany,,
ORD-100556,CUST-3326,29/03/2026,website,Debit Card,Refunded,united states,,
ORD-100557,CUST-1422,12-Jul-2025,MOBILE APP,credit card,completed,Canada,N/A,
ORD-100558,CUST-1363,07/27/2024,Phone Order,Credit Card,Cancelled,France,SAVE10,
ORD-100559,CUST-1639,11/01/2024,In-Store,Debit Card,Refunded,canada,none,
ORD-100560,CUST-2163,2026/03/18,Marketplace,Debit Card,SHIPPED,united states,WELCOME2025,
ORD-100561,CUST-1497,2026-01-06,In-Store,Credit Card,Delivered,France,WELCOME2025,
ORD-100562,CUST-1063,27-Dec-2025,Website,Credit Card,Processing,Bharat,,
ORD-100563,CUST-1212,2025/06/20,Mobile App,credit card,completed,Nigeria,save10,
ORD-100564,CUST-2205,05/09/2025,website,Credit Card,Cancelled,Bharat,,
ORD-100565,CUST-1104,"May 13, 2025",Phone Order,PayPal,Refunded,Nigeria,,
ORD-100566,CUST-2244,09-Mar-2024,website,credit card,Processing,India,N/A,
ORD-100567,CUST-1967,"October 16, 2024",Marketplace,Cash on Delivery,Processing,Australia,none,
ORD-100568,CUST-3258,28/10/2024,Website,Crypto,Cancelled,BR,N/A,
ORD-100569,CUST-1061,2024/07/08,Marketplace,Credit Card,Processing,India,SAVE10,
ORD-100570,CUST-1069,08/07/2025,Phone Order,credit card,SHIPPED,S. Africa,none,
ORD-100571,CUST-3302,14-Oct-2024,Phone Order,Debit Card,Delivered,france,WELCOME2025,
ORD-100572,CUST-2867,"November 16, 2025",Mobile App,Credit Card,Refunded,AU,none,
ORD-100573,CUST-2255,"July 29, 2025",website,Crypto,SHIPPED,Britain,WELCOME2025,
ORD-100574,CUST-2074,05/31/2025,Mobile App,credit card,completed,FR,none,
ORD-100575,CUST-2995,28-Apr-2024,Mobile App,Bank Transfer,Processing,U.K.,,
ORD-100576,CUST-1805,09/05/2026,In-Store,Debit Card,Pending,India,N/A,
ORD-100577,CUST-2495,29/05/2024,website,Cash on Delivery,Processing,South Africa,none,
ORD-100578,CUST-1531,23/05/2024,Website,Cash on Delivery,completed,nigeria,SAVE10,
ORD-100579,CUST-3172,"August 17, 2025",Website,Credit Card,Cancelled,UK,N/A,
ORD-100580,CUST-2754,05-May-2026,MOBILE APP,credit card,completed,IN,SAVE10,
ORD-100581,CUST-1368,"June 23, 2024",Website,Credit Card,Delivered,australia,SAVE10,
ORD-100582,CUST-3667,2026-03-28,website,Credit Card,Completed,CA,WELCOME2025,
ORD-100583,CUST-1164,2024-04-29,Website,Debit Card,Completed,australia,none,
ORD-100584,CUST-1841,"August 23, 2025",Mobile App,Cash on Delivery,Processing,BR,WELCOME2025,
ORD-100585,CUST-1833,08-Aug-2024,Marketplace,Credit Card,Refunded,ZA,SAVE10,
ORD-100586,CUST-1043,2026/05/13,Website,Crypto,Cancelled,DE,WELCOME2025,
ORD-100587,CUST-2714,2025-05-12,Mobile App,credit card,Refunded,Canada,WELCOME2025,
ORD-100588,CUST-2978,27-Sep-2024,website,Debit Card,Processing,UK,,
ORD-100589,CUST-2626,03/05/2024,Website,Credit Card,Processing,United States,SAVE10,
ORD-100590,CUST-1536,2024-08-16,website,Crypto,Refunded,Canada,,
ORD-100591,CUST-3773,"February 21, 2024",In-Store,credit card,Delivered,BR,,
ORD-100592,CUST-1228,04/22/2026,In-Store,Bank Transfer,Refunded,ZA,N/A,
ORD-100593,CUST-2470,19-Sep-2025,Marketplace,Bank Transfer,completed,nigeria,WELCOME2025,
ORD-100594,CUST-2351,07/19/2024,MOBILE APP,PayPal,Completed,France,,
ORD-100595,CUST-1449,2024/03/29,Website,Bank Transfer,Cancelled,FR,,
ORD-100596,CUST-2857,2024/11/25,Mobile App,Cash on Delivery,Completed,Canada,WELCOME2025,
ORD-100597,CUST-3884,14-Jul-2026,In-Store,credit card,Processing,United States of America,,
ORD-100598,CUST-3619,03-Apr-2024,Marketplace,Cash on Delivery,Pending,South Africa,none,
ORD-100599,CUST-2714,02-Apr-2026,Phone Order,Debit Card,Processing,germany,,
ORD-100600,CUST-2069,2024-01-18,MOBILE APP,Credit Card,Cancelled,CA,N/A,
ORD-100601,CUST-3066,2026-06-28,Mobile App,PayPal,Processing,australia,SAVE10,
ORD-100602,CUST-3316,2026/03/14,MOBILE APP,Crypto,Refunded,canada,,
ORD-100603,CUST-1947,"November 04, 2024",In-Store,credit card,Pending,AU,none,
ORD-100604,CUST-3217,"May 10, 2025",MOBILE APP,PayPal,Processing,germany,none,
ORD-100605,CUST-2300,07/22/2025,MOBILE APP,credit card,Completed,Brazil,save10,
ORD-100606,CUST-1479,2025/08/27,Mobile App,Cash on Delivery,completed,Brasil,none,
ORD-100607,CUST-2043,02/18/2026,website,Debit Card,Cancelled,US,WELCOME2025,
ORD-100608,CUST-2203,2026-04-09,Website,Credit Card,Completed,Germany,N/A,
ORD-100609,CUST-2419,2024/03/20,In-Store,Cash on Delivery,Refunded,South Africa,,
ORD-100610,CUST-3244,26-Oct-2024,MOBILE APP,credit card,Pending,Brasil,WELCOME2025,
ORD-100611,CUST-1857,14-Aug-2025,In-Store,Debit Card,Refunded,ZA,SAVE10,
ORD-100612,CUST-3266,01/02/2026,In-Store,Credit Card,Delivered,S. Africa,,
ORD-100613,CUST-1248,"February 05, 2026",Mobile App,Bank Transfer,completed,AU,,
ORD-100614,CUST-3014,2024-04-11,Phone Order,Credit Card,Delivered,nigeria,none,
ORD-100615,CUST-1257,2025/05/06,website,Crypto,completed,australia,N/A,
ORD-100616,CUST-1612,2025-02-17,In-Store,Credit Card,Delivered,Nigéria,SAVE10,
ORD-100617,CUST-2487,07/13/2025,Marketplace,credit card,Refunded,U.K.,,
ORD-100618,CUST-3619,2027-07-26,Marketplace,Cash on Delivery,Refunded,US,,
ORD-100619,CUST-2818,07/02/2024,In-Store,credit card,completed,NG,none,
ORD-100620,CUST-2630,2025/09/15,Marketplace,Bank Transfer,completed,RSA,none,
ORD-100621,CUST-1693,2025/11/12,In-Store,Debit Card,Delivered,United States,WELCOME2025,
ORD-100622,CUST-2684,2026-03-11,In-Store,Cash on Delivery,completed,Germany,,
ORD-100623,CUST-2430,01/09/2024,Marketplace,credit card,SHIPPED,AU,WELCOME2025,
ORD-100624,CUST-2847,2024-08-24,MOBILE APP,Crypto,SHIPPED,germany,WELCOME2025,
ORD-100625,CUST-3413,09/28/2024,Phone Order,credit card,Delivered,France,N/A,
ORD-100626,CUST-3818,2025/09/24,Phone Order,Debit Card,Delivered,BR,none,
ORD-100627,CUST-2536,2024-12-26,Website,Credit Card,Refunded,NG,save10,
ORD-100628,CUST-2122,10/29/2024,Website,PayPal,Processing,USA,none,
ORD-100629,CUST-3367,21/03/2024,Marketplace,Bank Transfer,completed,Australia,WELCOME2025,
ORD-100630,CUST-3117,24/06/2026,In-Store,Crypto,Delivered,Britain,,
ORD-100631,CUST-2874,2025-10-06,website,Bank Transfer,Pending,U.K.,,
ORD-100632,CUST-1370,2025/05/16,Mobile App,Debit Card,completed,US,SAVE10,
ORD-100633,CUST-3718,11-Feb-2025,Marketplace,Credit Card,Pending,germany,WELCOME2025,
ORD-100634,CUST-3648,09-Apr-2025,Marketplace,Credit Card,Delivered,US,,
ORD-100635,CUST-2065,20-Jan-2024,Website,Credit Card,Refunded,NG,,
ORD-100636,CUST-3623,2024/08/31,website,PayPal,Delivered,FR,,
ORD-100637,CUST-3204,14-Apr-2025,Website,credit card,completed,Nigeria,WELCOME2025,
ORD-100638,CUST-2164,17/09/2024,Mobile App,Crypto,SHIPPED,france,N/A,
ORD-100639,CUST-2404,22/02/2026,Website,Bank Transfer,Pending,S. Africa,,
ORD-100640,CUST-2358,2024-04-01,Website,Debit Card,Refunded,DE,none,
ORD-100641,CUST-1442,2025-08-15,Website,Cash on Delivery,SHIPPED,India,N/A,
ORD-100642,CUST-1796,"January 15, 2025",MOBILE APP,Credit Card,Pending,AU,WELCOME2025,
ORD-100643,CUST-1082,03/23/2026,MOBILE APP,credit card,completed,United States,N/A,
ORD-100644,CUST-3785,2025/06/13,Marketplace,Cash on Delivery,Processing,Brazil,WELCOME2025,
ORD-100645,CUST-2530,2025-13-05,Mobile App,PayPal,Delivered,FR,SAVE10,
ORD-100646,CUST-1263,2025/03/28,Marketplace,credit card,Refunded,India,WELCOME2025,
ORD-100647,CUST-3376,11/23/2024,Marketplace,Cash on Delivery,SHIPPED,Nigéria,,
ORD-100648,CUST-1023,2026/04/05,Website,Debit Card,Processing,Bharat,N/A,
ORD-100649,CUST-2124,30-Jan-2026,In-Store,PayPal,Cancelled,india,N/A,
ORD-100650,CUST-3404,02/22/2025,Website,,Pending,ZA,SAVE10,
ORD-100651,CUST-2504,27-Oct-2025,Marketplace,Crypto,completed,US,,
ORD-100652,CUST-2014,09/28/2024,Phone Order,Bank Transfer,SHIPPED,NG,WELCOME2025,
ORD-100653,CUST-3561,09-Nov-2025,Marketplace,Crypto,Cancelled,United Kingdom,N/A,
ORD-100654,CUST-2051,05/22/2026,Mobile App,PayPal,Processing,Nigéria,,
ORD-100655,CUST-3254,"July 27, 2024",MOBILE APP,Cash on Delivery,Delivered,Deutschland,SAVE10,
ORD-100656,CUST-3525,2025-08-09,website,credit card,Processing,RSA,WELCOME2025,
ORD-100657,CUST-3293,2024-06-04,website,credit card,Delivered,Canada,save10,
ORD-100658,CUST-3966,05/10/2024,Website,Credit Card,Cancelled,BR,SAVE10,
ORD-100659,CUST-2501,2024-09-27,Marketplace,Credit Card,completed,India,,
ORD-100660,CUST-2301,06/07/2025,In-Store,Bank Transfer,completed,,SAVE10,
ORD-100661,CUST-2499,27-Apr-2024,Phone Order,Credit Card,SHIPPED,S. Africa,WELCOME2025,
ORD-100662,CUST-3149,01/24/2025,Website,Debit Card,Refunded,Canada,N/A,
ORD-100663,CUST-1001,10-May-2026,Website,PayPal,completed,U.K.,,
ORD-100664,CUST-1100,28-Oct-2025,Website,Crypto,Cancelled,Australia,SAVE10,
ORD-100665,CUST-1126,"May 08, 2024",Mobile App,PayPal,Completed,india,SAVE10,
ORD-100666,CUST-3375,17/03/2025,Mobile App,credit card,Delivered,IN,WELCOME2025,
ORD-100667,CUST-2419,07-Apr-2026,Marketplace,credit card,Cancelled,nigeria,N/A,
ORD-100668,CUST-3532,2025-02-05,Website,Debit Card,Completed,AU,SAVE10,
ORD-100669,CUST-3451,21-Mar-2025,Marketplace,Credit Card,Delivered,australia,N/A,
ORD-100670,CUST-3879,"March 22, 2026",Marketplace,Cash on Delivery,Refunded,South Africa,,
ORD-100671,CUST-3042,20-Mar-2024,Mobile App,credit card,SHIPPED,United Kingdom,WELCOME2025,
ORD-100672,CUST-1544,2025-05-08,website,PayPal,Delivered,canada,none,
ORD-100673,CUST-1331,06/07/2026,website,Credit Card,SHIPPED,U.S.A.,N/A,
ORD-100674,CUST-3521,2024-09-30,Mobile App,Debit Card,Processing,Brazil,none,
ORD-100675,CUST-2072,"March 08, 2026",Phone Order,PayPal,completed,AU,save10,
ORD-100676,CUST-2248,"January 05, 2025",Phone Order,Crypto,Cancelled,Bharat,N/A,
ORD-100677,CUST-2834,2024-11-08,Phone Order,Debit Card,SHIPPED,Britain,,
ORD-100678,CUST-2020,09-Nov-2025,Mobile App,Bank Transfer,Completed,Canada,,
ORD-100679,CUST-1893,06/13/2025,MOBILE APP,Cash on Delivery,Cancelled,US,SAVE10,
ORD-100680,CUST-2201,2026-06-11,Website,credit card,completed,india,,
ORD-100681,CUST-1615,04/14/2024,Website,Crypto,Pending,Bharat,save10,
ORD-100682,CUST-2145,05/02/2026,Phone Order,credit card,Refunded,ZA,,
ORD-100683,CUST-1908,2024/07/11,Phone Order,PayPal,Completed,Deutschland,,
ORD-100684,CUST-2386,2025/08/28,Marketplace,PayPal,completed,Australia,,
ORD-100685,CUST-2892,19/09/2024,MOBILE APP,Cash on Delivery,Refunded,Canada,,
ORD-100686,CUST-3446,07-Jul-2026,In-Store,Cash on Delivery,Delivered,CA,WELCOME2025,
ORD-100152,CUST-2787,"October 31, 2025",website,Cash on Delivery,completed,Canada,N/A,
ORD-100688,CUST-1739,"February 11, 2026",Marketplace,Debit Card,Processing,DE,N/A,
ORD-100689,CUST-3502,14-Dec-2025,Phone Order,Crypto,Completed,Brazil,WELCOME2025,
ORD-100690,CUST-3621,30-Apr-2026,In-Store,Debit Card,Pending,IN,N/A,
ORD-100691,CUST-2686,"October 27, 2024",Phone Order,Credit Card,SHIPPED,FR,,
ORD-100692,CUST-2302,2025/01/26,In-Store,Debit Card,Processing,BR,N/A,
ORD-100693,CUST-2817,2024/08/02,Marketplace,PayPal,Refunded,FR,none,
ORD-100694,CUST-2046,2025-12-26,Mobile App,Bank Transfer,Delivered,united states,N/A,
ORD-100695,CUST-1036,2025/08/26,Phone Order,Debit Card,Processing,india,save10,
ORD-100696,CUST-1939,2025/05/17,website,Credit Card,Cancelled,united states,save10,
ORD-100697,CUST-2707,2024/06/11,MOBILE APP,Crypto,Processing,nigeria,N/A,
ORD-100689,CUST-2714,21/11/2025,website,PayPal,Processing,FR,N/A,
ORD-100699,CUST-2289,2024-11-25,MOBILE APP,credit card,Cancelled,United States,save10,
ORD-100700,CUST-3223,"August 14, 2024",MOBILE APP,credit card,Cancelled,FR,save10,
ORD-100701,CUST-1360,"January 28, 2024",Phone Order,Crypto,Delivered,Australia,,
ORD-100702,CUST-2055,2025-12-16,Phone Order,Cash on Delivery,completed,United Kingdom,N/A,
ORD-100703,CUST-2851,06/23/2025,Phone Order,Crypto,completed,England,WELCOME2025,
ORD-100704,CUST-2000,"February 08, 2024",In-Store,Crypto,Completed,UK,,
ORD-100705,CUST-2885,01/31/2025,Mobile App,PayPal,Pending,IN,,
ORD-100706,CUST-1832,2026/07/07,Website,credit card,Cancelled,AU,save10,
ORD-100707,CUST-2037,09-Nov-2024,Website,PayPal,completed,United Kingdom,N/A,
ORD-100708,CUST-1445,2024/03/18,Website,credit card,Refunded,France,,
ORD-100709,CUST-2089,23/09/2024,In-Store,Crypto,SHIPPED,United Kingdom,WELCOME2025,
ORD-100710,CUST-3829,16-Sep-2024,In-Store,Crypto,Completed,IN,WELCOME2025,
ORD-100711,CUST-2386,27/06/2026,website,PayPal,SHIPPED,USA,save10,
ORD-100712,CUST-3982,01/04/2026,MOBILE APP,Crypto,Refunded,Brasil,save10,
ORD-100713,CUST-2839,18/10/2025,MOBILE APP,Credit Card,Delivered,Britain,WELCOME2025,
ORD-100714,CUST-3522,2026-01-07,Marketplace,Cash on Delivery,Processing,Britain,WELCOME2025,
ORD-100715,CUST-1437,2025/06/23,In-Store,PayPal,Refunded,India,,
ORD-100716,CUST-1272,2026-06-08,In-Store,credit card,Delivered,United States of America,,
ORD-100717,CUST-1277,"June 06, 2025",Phone Order,Cash on Delivery,SHIPPED,germany,save10,
ORD-100718,CUST-2543,26-May-2024,Marketplace,Bank Transfer,completed,Canada,none,
ORD-100719,CUST-2359,2025/05/12,Marketplace,credit card,SHIPPED,nigeria,SAVE10,
ORD-100720,CUST-1772,2025-04-08,website,Credit Card,Refunded,IN,save10,
ORD-100721,CUST-1494,"July 05, 2026",Phone Order,Debit Card,SHIPPED,United Kingdom,WELCOME2025,
ORD-100722,CUST-2017,2024-02-28,Mobile App,credit card,Refunded,France,SAVE10,
ORD-100723,CUST-1320,23/11/2025,Website,Credit Card,SHIPPED,CA,,
ORD-100724,CUST-2373,2027/01/20,website,Bank Transfer,completed,Deutschland,save10,
ORD-100725,CUST-2254,2024-04-04,Website,Bank Transfer,Cancelled,AU,N/A,
ORD-100726,CUST-1595,"February 22, 2025",Phone Order,Debit Card,Cancelled,IN,,
ORD-100727,CUST-1653,"March 23, 2024",MOBILE APP,PayPal,completed,United States of America,,
ORD-100728,CUST-2803,2025-11-15,MOBILE APP,Crypto,Completed,Germany,WELCOME2025,
ORD-100729,CUST-2797,11/16/2025,MOBILE APP,PayPal,SHIPPED,Britain,none,
ORD-100730,CUST-3569,2024/07/13,In-Store,Bank Transfer,Processing,India,,
ORD-100731,CUST-2895,"March 19, 2026",Mobile App,Cash on Delivery,Pending,BR,none,
ORD-100732,CUST-1633,02/26/2024,MOBILE APP,PayPal,completed,Australia,save10,
ORD-100733,CUST-3044,2025/08/30,Marketplace,Debit Card,Cancelled,DE,N/A,
ORD-100734,CUST-1674,26-Feb-2025,MOBILE APP,Credit Card,SHIPPED,CA,SAVE10,
ORD-100735,CUST-3031,20-Jan-2026,Phone Order,Debit Card,Pending,NG,,
ORD-100736,CUST-1266,"March 03, 2024",Marketplace,credit card,Cancelled,RSA,SAVE10,
ORD-100737,CUST-3943,2025/04/12,Mobile App,Crypto,SHIPPED,France,none,
ORD-100738,CUST-1671,05/15/2025,Mobile App,Cash on Delivery,Delivered,USA,,
ORD-100739,CUST-1158,25/02/2026,website,Crypto,Completed,South Africa,,
ORD-100740,CUST-3190,21/08/2024,Mobile App,,Completed,United States,N/A,
ORD-100741,CUST-1314,14-Feb-2025,website,Cash on Delivery,Completed,Nigeria,WELCOME2025,
ORD-100742,CUST-3586,2026/07/06,In-Store,Debit Card,Processing,france,N/A,
ORD-100743,CUST-3931,01-Jan-2026,In-Store,Debit Card,Pending,ZA,,
ORD-100744,CUST-3929,03/07/2025,MOBILE APP,PayPal,Refunded,RSA,WELCOME2025,
ORD-100745,CUST-1964,2024-05-28,Marketplace,Debit Card,Processing,BR,WELCOME2025,
ORD-100746,CUST-2697,10-Jan-2026,Mobile App,Debit Card,SHIPPED,Canada,,
ORD-100747,CUST-1734,06/02/2026,website,Crypto,Cancelled,france,save10,
ORD-100748,CUST-3256,21-Apr-2024,Mobile App,PayPal,Delivered,England,none,
ORD-100749,CUST-3578,12/12/2025,Phone Order,PayPal,Refunded,CA,,
ORD-100750,CUST-1391,2025-03-01,website,PayPal,Cancelled,NG,,
ORD-100751,CUST-2277,2025/09/23,Phone Order,Credit Card,SHIPPED,United States of America,SAVE10,
ORD-100752,CUST-3363,2024-08-31,Website,Bank Transfer,completed,united states,N/A,
ORD-100753,CUST-2053,04/01/2026,website,Cash on Delivery,Cancelled,Brazil,SAVE10,
ORD-100754,CUST-2248,07/03/2024,website,PayPal,Delivered,Canada,N/A,
ORD-100755,CUST-2886,2024-02-28,Website,PayPal,Delivered,United Kingdom,none,
ORD-100756,CUST-2185,12-Jan-2025,In-Store,Cash on Delivery,Refunded,Brasil,WELCOME2025,
ORD-100757,CUST-1182,2024/04/16,website,Credit Card,Processing,Britain,,
ORD-100758,CUST-2015,29-Apr-2024,Website,Credit Card,Completed,BR,none,
ORD-100759,CUST-2630,10-Apr-2026,In-Store,Debit Card,completed,canada,none,
ORD-100760,CUST-1506,03/03/2024,Website,Credit Card,Delivered,australia,,
ORD-100761,CUST-1568,"June 12, 2026",Phone Order,Cash on Delivery,Refunded,India,SAVE10,
ORD-100762,CUST-3288,27-Mar-2025,In-Store,Credit Card,Delivered,canada,SAVE10,
ORD-100763,CUST-3125,2025-01-20,In-Store,PayPal,Pending,DE,WELCOME2025,
ORD-100764,CUST-3041,23-Dec-2024,Mobile App,Cash on Delivery,Delivered,canada,WELCOME2025,
ORD-100765,CUST-3886,2025/06/29,Phone Order,Crypto,completed,South Africa,,
ORD-100766,CUST-2691,29-Oct-2024,Marketplace,Crypto,Pending,india,WELCOME2025,
ORD-100767,CUST-3274,2025-06-14,Website,Cash on Delivery,Processing,Canada,SAVE10,
ORD-100768,CUST-2120,"February 17, 2025",Mobile App,credit card,Completed,Britain,N/A,
ORD-100769,CUST-1232,2026/04/26,Phone Order,Cash on Delivery,Completed,canada,,
ORD-100770,CUST-3486,2026-02-18,In-Store,credit card,completed,FR,,
ORD-100771,CUST-3252,20/05/2025,website,Cash on Delivery,Pending,U.K.,none,
ORD-100772,CUST-1346,2024-06-24,Website,Bank Transfer,Processing,U.K.,save10,
ORD-100773,CUST-1926,29/06/2026,MOBILE APP,Credit Card,Pending,ZA,,
ORD-100774,CUST-3277,10/15/2024,website,Crypto,Pending,france,none,
ORD-100775,CUST-2865,18/05/2025,website,PayPal,Delivered,ZA,SAVE10,
ORD-100776,CUST-2663,29-Dec-2025,MOBILE APP,credit card,completed,Brasil,N/A,
ORD-100777,CUST-3369,11/15/2025,Website,Crypto,SHIPPED,South Africa,,
ORD-100778,CUST-1235,07/20/2024,In-Store,Cash on Delivery,Cancelled,canada,WELCOME2025,
ORD-100779,CUST-2446,"December 28, 2024",Phone Order,Credit Card,Processing,AU,,
ORD-100780,CUST-2611,00/00/2025,Phone Order,Credit Card,Completed,ZA,,
ORD-100781,CUST-3608,10/04/2024,Phone Order,credit card,Completed,United States,,
ORD-100782,CUST-2380,14-Mar-2026,Website,Debit Card,Refunded,Australia,N/A,
ORD-100783,CUST-2527,27-May-2024,website,PayPal,Cancelled,USA,SAVE10,
ORD-100784,CUST-1294,05/02/2025,website,Bank Transfer,Delivered,India,none,
ORD-100785,CUST-1817,"February 22, 2024",Phone Order,Bank Transfer,completed,Brazil,WELCOME2025,
ORD-100786,CUST-3775,03/02/2025,website,credit card,Cancelled,Canada,,
ORD-100787,CUST-1873,2026/03/13,Marketplace,Bank Transfer,completed,Bharat,,
ORD-100788,CUST-2638,01/25/2024,Website,Bank Transfer,Pending,FR,,
ORD-100789,CUST-2095,2025/05/11,Mobile App,Credit Card,Cancelled,Bharat,none,
ORD-100790,CUST-3332,2024-03-11,In-Store,PayPal,completed,Canada,N/A,
ORD-100791,CUST-2654,04/28/2024,Mobile App,Debit Card,Completed,U.K.,WELCOME2025,
ORD-100792,CUST-3760,05/28/2024,Website,Crypto,Cancelled,NG,save10,
ORD-100793,CUST-3365,23/10/2025,Marketplace,Bank Transfer,Cancelled,germany,N/A,
ORD-100794,CUST-2938,2025-04-31,Phone Order,Bank Transfer,Delivered,BR,WELCOME2025,
ORD-100795,CUST-2312,09-Oct-2025,Website,Credit Card,Completed,NG,none,
ORD-100796,CUST-3659,01/19/2024,Marketplace,PayPal,Delivered,Brasil,,
ORD-100797,CUST-1902,"February 21, 2024",In-Store,Cash on Delivery,Delivered,RSA,,
ORD-100798,CUST-3556,2024/11/27,website,credit card,Cancelled,BR,WELCOME2025,
ORD-100799,CUST-2186,2025/07/30,website,Crypto,Completed,canada,N/A,
ORD-100800,CUST-3010,2026-03-13,Mobile App,PayPal,Completed,Bharat,,
ORD-100801,CUST-1362,11/24/2025,In-Store,Debit Card,Processing,South Africa,SAVE10,
ORD-100802,CUST-1753,21-May-2024,Website,Bank Transfer,Completed,DE,,
ORD-100803,CUST-3863,06/12/2025,In-Store,Bank Transfer,Completed,FR,save10,
ORD-100804,CUST-3318,2025-08-08,Phone Order,Cash on Delivery,Refunded,Brazil,save10,
ORD-100805,CUST-2433,"September 01, 2024",Marketplace,PayPal,SHIPPED,India,,
ORD-100806,CUST-1858,02/25/2026,Phone Order,PayPal,Completed,FR,save10,
ORD-100807,CUST-2144,"August 16, 2025",In-Store,Bank Transfer,Delivered,BR,save10,
ORD-100808,CUST-2547,2024/08/24,Website,Credit Card,completed,australia,none,
ORD-100809,CUST-2461,21/06/2025,MOBILE APP,Bank Transfer,Completed,india,,
ORD-100810,CUST-3051,08-Jul-2024,website,Cash on Delivery,Cancelled,Bharat,save10,
ORD-100811,CUST-1564,"February 02, 2024",Marketplace,PayPal,completed,france,,
ORD-100812,CUST-1559,25/11/2024,website,Bank Transfer,Cancelled,USA,SAVE10,
ORD-100813,CUST-1946,23-Mar-2026,website,Credit Card,Pending,CA,save10,
ORD-100814,CUST-3742,"May 10, 2025",Mobile App,PayPal,Cancelled,USA,WELCOME2025,
ORD-100815,CUST-1994,2024/02/22,Website,Debit Card,Cancelled,UK,,
ORD-100816,CUST-1857,20/03/2026,Mobile App,Credit Card,SHIPPED,france,none,
ORD-100817,CUST-1511,05/22/2025,Marketplace,credit card,Completed,canada,,
ORD-100818,CUST-2261,01/22/2024,Phone Order,Debit Card,Processing,france,none,
ORD-100819,CUST-3171,06/11/2024,In-Store,PayPal,completed,Brasil,WELCOME2025,
ORD-100820,CUST-2910,2025/10/26,MOBILE APP,Bank Transfer,completed,France,,
ORD-100821,CUST-3602,04/05/2026,Website,credit card,Processing,united states,N/A,
ORD-100822,CUST-2986,"November 15, 2025",In-Store,Bank Transfer,Completed,United States,WELCOME2025,
ORD-100823,CUST-2120,"January 28, 2026",website,Debit Card,Delivered,S. Africa,,
ORD-100824,CUST-1603,03-Oct-2027,MOBILE APP,Credit Card,Cancelled,nigeria,save10,
ORD-100825,CUST-1051,29-Aug-2024,Mobile App,Debit Card,Processing,IN,SAVE10,
ORD-100826,CUST-3241,2024-10-31,Marketplace,Cash on Delivery,SHIPPED,RSA,SAVE10,
ORD-100827,CUST-2207,2025/03/30,Phone Order,credit card,Delivered,Germany,,
ORD-100828,CUST-3645,12/11/2024,Phone Order,Bank Transfer,Cancelled,France,WELCOME2025,
ORD-100829,CUST-2138,2025/09/27,Phone Order,Credit Card,Delivered,Australia,none,
ORD-100830,CUST-3362,09/01/2025,MOBILE APP,Debit Card,Refunded,CA,WELCOME2025,
ORD-100831,CUST-1347,05/07/2025,Website,Debit Card,SHIPPED,Britain,save10,
ORD-100832,CUST-3642,2025-09-30,Mobile App,Cash on Delivery,SHIPPED,ZA,,
ORD-100833,CUST-3581,15-Apr-2025,Phone Order,Credit Card,Cancelled,India,,
ORD-100834,CUST-2716,2027/04/08,In-Store,Crypto,completed,Britain,save10,
ORD-100835,CUST-1247,"April 16, 2026",Mobile App,credit card,Completed,Brazil,,
ORD-100836,CUST-3563,2024/08/16,Marketplace,Cash on Delivery,Cancelled,AU,N/A,
ORD-100837,CUST-3968,2024-06-16,Phone Order,Crypto,SHIPPED,Canada,none,
ORD-100838,CUST-1755,2025/08/09,Website,Cash on Delivery,Refunded,nigeria,save10,
ORD-100839,CUST-1949,"March 08, 2024",In-Store,PayPal,SHIPPED,AU,none,
ORD-100840,CUST-2530,2024-04-07,Marketplace,Cash on Delivery,Refunded,United States of America,SAVE10,
ORD-100841,CUST-3685,2024/08/31,Phone Order,Cash on Delivery,Pending,Canada,WELCOME2025,
ORD-100842,CUST-1755,"March 30, 2024",Marketplace,Crypto,Cancelled,U.K.,N/A,
ORD-100843,CUST-1992,"November 08, 2025",website,Credit Card,Completed,Brasil,,
ORD-100844,CUST-1401,04/01/2026,Website,Cash on Delivery,Cancelled,france,save10,
ORD-100845,CUST-2394,2025-06-18,In-Store,credit card,completed,Brasil,,
ORD-100846,CUST-1914,02/10/2025,Mobile App,credit card,Completed,FR,none,
ORD-100847,CUST-2553,02/06/2026,Phone Order,Crypto,Delivered,CA,SAVE10,
ORD-100848,CUST-1689,2024-03-16,Website,Debit Card,Cancelled,France,save10,
ORD-100849,CUST-2989,2026/07/10,MOBILE APP,PayPal,completed,canada,SAVE10,
ORD-100850,CUST-1160,"May 22, 2025",Mobile App,Crypto,SHIPPED,CA,save10,
ORD-100851,CUST-2213,06/02/2025,In-Store,Debit Card,Pending,IN,N/A,
ORD-100803,CUST-2417,11/09/2025,In-Store,Debit Card,Completed,CA,SAVE10,
ORD-100853,CUST-1721,13-May-2025,website,PayPal,Cancelled,United States of America,SAVE10,
ORD-100854,CUST-2413,"October 12, 2024",Mobile App,Crypto,Pending,United Kingdom,save10,
ORD-100855,CUST-2884,2027/11/11,Phone Order,Cash on Delivery,Cancelled,France,WELCOME2025,
ORD-100856,CUST-2733,2026/03/22,In-Store,Bank Transfer,Cancelled,IN,none,
ORD-100857,CUST-1097,23-Jul-2024,Website,Debit Card,Delivered,IN,,
ORD-100858,CUST-2334,"January 30, 2026",Phone Order,Cash on Delivery,Cancelled,United States,SAVE10,
ORD-100859,CUST-3788,05/10/2026,MOBILE APP,Crypto,Refunded,Canada,N/A,
ORD-100860,CUST-3162,2024-02-05,MOBILE APP,PayPal,Processing,US,none,
ORD-100861,CUST-3607,2025-10-17,MOBILE APP,Cash on Delivery,Processing,United Kingdom,,
ORD-100862,CUST-3391,23-May-2024,Website,Crypto,Refunded,DE,SAVE10,
ORD-100863,CUST-3950,12/12/2025,Website,Bank Transfer,Refunded,US,,
ORD-100864,CUST-1456,2025/08/10,MOBILE APP,Debit Card,Refunded,Brasil,WELCOME2025,
ORD-100865,CUST-1605,2025-09-23,MOBILE APP,Cash on Delivery,Pending,S. Africa,N/A,
ORD-100866,CUST-1323,2024-03-28,In-Store,PayPal,Delivered,United States,save10,
ORD-100867,CUST-1165,2025/10/04,Marketplace,Debit Card,SHIPPED,IN,N/A,
ORD-100868,CUST-1569,26/09/2024,In-Store,Credit Card,Completed,Australia,N/A,
ORD-100869,CUST-1923,11/09/2025,Marketplace,PayPal,Completed,Nigeria,WELCOME2025,
ORD-100870,CUST-2247,2025/08/06,In-Store,PayPal,Pending,Brasil,none,
ORD-100871,CUST-1363,12/23/2024,Marketplace,credit card,Processing,india,N/A,
ORD-100872,CUST-1885,"February 14, 2026",Marketplace,Crypto,completed,England,SAVE10,
ORD-100873,CUST-1519,11/14/2024,Mobile App,credit card,completed,AU,WELCOME2025,
ORD-100874,CUST-1289,29/03/2025,Website,Bank Transfer,Processing,CA,SAVE10,
ORD-100875,CUST-1517,"August 20, 2025",In-Store,Cash on Delivery,Processing,AU,,
ORD-100876,CUST-1744,29/10/2024,In-Store,Debit Card,Cancelled,United Kingdom,save10,
ORD-100877,CUST-2994,02/06/2025,Website,Crypto,SHIPPED,India,SAVE10,
ORD-100878,CUST-3990,"July 22, 2024",website,Cash on Delivery,Delivered,Britain,,
ORD-100879,CUST-2503,09/24/2024,MOBILE APP,Cash on Delivery,Pending,USA,WELCOME2025,
ORD-100880,CUST-2746,23-Jan-2025,MOBILE APP,Credit Card,SHIPPED,australia,WELCOME2025,
ORD-100881,CUST-3892,02/11/2024,website,Bank Transfer,Completed,france,none,
ORD-100882,CUST-1503,09-Jun-2025,Mobile App,Credit Card,Refunded,South Africa,WELCOME2025,
ORD-100883,CUST-1861,27-Jun-2026,Website,Crypto,Completed,USA,N/A,
ORD-100884,CUST-1959,22/06/2026,MOBILE APP,credit card,Completed,ZA,N/A,
ORD-100885,CUST-3330,06/30/2025,Mobile App,Crypto,completed,Australia,,
ORD-100886,CUST-2740,03/11/2024,MOBILE APP,Cash on Delivery,Pending,France,,
ORD-100887,CUST-1325,05/15/2026,Website,Cash on Delivery,Cancelled,france,save10,
ORD-100888,CUST-3808,07/13/2025,MOBILE APP,Debit Card,Cancelled,IN,WELCOME2025,
ORD-100889,CUST-2057,2026-07-13,Phone Order,Cash on Delivery,Cancelled,Bharat,WELCOME2025,
ORD-100890,CUST-2621,01/26/2024,Phone Order,Cash on Delivery,completed,nigeria,,
ORD-100891,CUST-2670,12/01/2025,Mobile App,PayPal,completed,India,,
ORD-100892,CUST-1264,11/06/2026,Mobile App,Bank Transfer,Pending,FR,,
ORD-100830,CUST-2836,"December 13, 2024",website,PayPal,Refunded,FR,WELCOME2025,
ORD-100894,CUST-2350,10/13/2025,MOBILE APP,Bank Transfer,Completed,nigeria,SAVE10,
ORD-100895,CUST-1080,06/04/2024,In-Store,Crypto,Completed,Australia,,
ORD-100896,CUST-2982,03/02/2024,Website,Bank Transfer,SHIPPED,Deutschland,SAVE10,
ORD-100897,CUST-3706,2026/06/28,Mobile App,Bank Transfer,Pending,U.S.A.,save10,
ORD-100898,CUST-1297,"May 07, 2026",Mobile App,Credit Card,SHIPPED,Australia,,
ORD-100899,CUST-1754,29-Oct-2024,Phone Order,PayPal,Refunded,India,,
ORD-100900,CUST-3714,03/15/2026,website,Crypto,Delivered,U.K.,save10,
ORD-100901,CUST-1358,"August 10, 2024",Marketplace,Crypto,Refunded,FR,none,
ORD-100902,CUST-3930,2025/07/05,Website,Credit Card,SHIPPED,Nigeria,N/A,
ORD-100903,CUST-2185,"June 16, 2025",MOBILE APP,Bank Transfer,Cancelled,United States of America,none,
ORD-100904,CUST-2594,2026/04/07,Marketplace,Bank Transfer,Cancelled,Nigéria,none,
ORD-100905,CUST-3863,26/04/2024,Phone Order,Crypto,Pending,Bharat,SAVE10,
ORD-100906,CUST-2133,2026/07/05,MOBILE APP,Cash on Delivery,Processing,india,SAVE10,
ORD-100907,CUST-2557,29/01/2026,In-Store,Credit Card,Completed,germany,save10,
ORD-100908,CUST-3090,13-Jul-2024,website,Crypto,Pending,Germany,save10,
ORD-100909,CUST-2395,05-Jun-2026,Mobile App,PayPal,Pending,Canada,SAVE10,
ORD-100910,CUST-3612,2025/06/05,Mobile App,PayPal,completed,Brazil,,
ORD-100911,CUST-3273,2025-01-19,In-Store,Debit Card,Pending,AU,SAVE10,
ORD-100912,CUST-3422,04/12/2024,Website,Credit Card,Delivered,Deutschland,save10,
ORD-100913,CUST-1489,2025-12-15,Mobile App,Crypto,SHIPPED,Nigéria,,
ORD-100914,CUST-1870,2025/11/12,Website,Debit Card,completed,australia,none,
ORD-100915,CUST-1505,2024-01-16,Website,Crypto,Refunded,CA,,
ORD-100916,CUST-2716,06/15/2026,Website,Crypto,SHIPPED,Canada,none,
ORD-100917,CUST-3511,30/05/2026,Website,PayPal,SHIPPED,FR,N/A,
ORD-100918,CUST-3927,2025-08-29,MOBILE APP,Credit Card,Completed,Nigeria,none,
ORD-100919,CUST-3393,26/11/2024,In-Store,credit card,Pending,CA,N/A,
ORD-100920,CUST-3526,25/12/2025,Phone Order,Credit Card,Processing,RSA,WELCOME2025,
ORD-100921,CUST-3425,07/12/2024,MOBILE APP,Cash on Delivery,Pending,AU,,
ORD-100922,CUST-2881,13/05/2025,Marketplace,Credit Card,Processing,South Africa,N/A,
ORD-100923,CUST-3602,2025-06-01,In-Store,Cash on Delivery,Delivered,france,,
ORD-100924,CUST-1524,"June 21, 2026",website,Crypto,Delivered,UK,N/A,
ORD-100925,CUST-1336,2024/04/12,website,PayPal,Cancelled,U.K.,none,
ORD-100926,CUST-2783,2025-09-28,Website,PayPal,SHIPPED,DE,save10,
ORD-100927,CUST-2780,"April 18, 2024",Website,Debit Card,Cancelled,RSA,N/A,
ORD-100928,CUST-3188,"October 21, 2024",Phone Order,Debit Card,Completed,U.K.,SAVE10,
ORD-100929,CUST-2888,03/23/2024,website,Credit Card,Delivered,United States,SAVE10,
ORD-100930,CUST-1738,20/06/2024,website,Credit Card,completed,US,,
ORD-100931,CUST-3013,15-Oct-2024,Phone Order,Debit Card,Cancelled,Nigeria,,
ORD-100430,CUST-1092,"February 20, 2026",Mobile App,PayPal,Delivered,Brazil,,
ORD-100933,CUST-2748,2024-09-06,Marketplace,Cash on Delivery,Processing,FR,save10,
ORD-100934,CUST-3976,"May 17, 2025",Marketplace,Credit Card,Delivered,Brazil,SAVE10,
ORD-100935,CUST-1425,02-Jan-2024,MOBILE APP,Bank Transfer,SHIPPED,AU,WELCOME2025,
ORD-100936,CUST-2503,2024/02/18,In-Store,PayPal,completed,Brasil,WELCOME2025,
ORD-100937,CUST-3872,2025-01-13,website,PayPal,Cancelled,CA,N/A,
ORD-100938,CUST-2806,03-Aug-2024,MOBILE APP,Crypto,SHIPPED,IN,N/A,
ORD-100939,CUST-2945,06/12/2024,Mobile App,PayPal,Refunded,India,N/A,
ORD-100940,CUST-3437,07/11/2025,Marketplace,PayPal,SHIPPED,Canada,save10,
ORD-100941,CUST-3931,"May 07, 2026",Website,Credit Card,SHIPPED,australia,N/A,
ORD-100942,CUST-1128,2026-07-10,Marketplace,Cash on Delivery,Delivered,RSA,WELCOME2025,
ORD-100943,CUST-1899,24/09/2024,Mobile App,Cash on Delivery,Pending,Bharat,,
ORD-100944,CUST-3250,10/04/2024,Phone Order,credit card,Processing,United States,,
ORD-100945,CUST-3233,"August 18, 2025",Website,Credit Card,Delivered,united states,none,
ORD-100946,CUST-1524,2024-04-06,website,Bank Transfer,Pending,Nigeria,,
ORD-100947,CUST-2510,27-Jun-2025,In-Store,Debit Card,Processing,France,,
ORD-100948,CUST-3617,2024-01-27,website,Cash on Delivery,Pending,AU,SAVE10,
ORD-100949,CUST-1090,28/02/2025,Website,Crypto,Refunded,nigeria,,
ORD-100950,CUST-1561,14-Jul-2026,Mobile App,Crypto,Refunded,France,save10,
ORD-100951,CUST-2952,03/02/2026,website,Crypto,completed,Nigeria,,
ORD-100952,CUST-1309,"November 23, 2025",Marketplace,Cash on Delivery,Cancelled,nigeria,none,
ORD-100953,CUST-2860,2025/08/05,Marketplace,Crypto,completed,South Africa,N/A,
ORD-100954,CUST-3455,2024/09/24,website,Debit Card,Refunded,australia,,
ORD-100955,CUST-1254,2025-08-23,Phone Order,Credit Card,Refunded,BR,save10,
ORD-100956,CUST-1463,"September 21, 2025",Phone Order,credit card,completed,United Kingdom,,
ORD-100957,CUST-1680,31-Aug-2025,In-Store,credit card,Processing,Nigéria,,
ORD-100958,CUST-3413,2025-05-21,Marketplace,Debit Card,Completed,india,N/A,
ORD-100959,CUST-1474,2026-05-23,MOBILE APP,Cash on Delivery,Cancelled,nigeria,,
ORD-100960,CUST-1528,"February 22, 2024",Marketplace,Credit Card,Processing,United Kingdom,N/A,
ORD-100961,CUST-3131,"January 18, 2025",website,Credit Card,Completed,United States of America,N/A,
ORD-100962,CUST-3493,2024-09-10,Mobile App,Crypto,Processing,nigeria,SAVE10,
ORD-100963,CUST-1451,2026/06/01,Website,PayPal,Refunded,australia,none,
ORD-100964,CUST-1642,2026/07/07,In-Store,Bank Transfer,Delivered,Nigéria,SAVE10,
ORD-100965,CUST-2922,2025-05-28,Marketplace,Debit Card,completed,United Kingdom,N/A,
ORD-100966,CUST-3545,"April 27, 2024",Website,Bank Transfer,Refunded,USA,N/A,
ORD-100967,CUST-3201,2024-10-07,Mobile App,Cash on Delivery,Processing,France,save10,
ORD-100968,CUST-1699,"December 25, 2025",Phone Order,Crypto,Pending,Canada,,
ORD-100969,CUST-1965,11/05/2025,Website,credit card,Completed,United Kingdom,N/A,
ORD-100970,CUST-2344,"December 10, 2024",Mobile App,Credit Card,Completed,NG,N/A,
ORD-100971,CUST-3602,"February 24, 2026",Mobile App,Bank Transfer,Delivered,france,save10,
ORD-100972,CUST-1205,"May 05, 2024",Mobile App,Credit Card,Completed,Australia,N/A,
ORD-100973,CUST-2573,"February 24, 2024",MOBILE APP,credit card,Processing,India,SAVE10,
ORD-100974,CUST-2891,2025/06/25,Website,Debit Card,SHIPPED,England,,
ORD-100975,CUST-3509,"April 22, 2025",In-Store,credit card,Cancelled,france,none,
ORD-100976,CUST-3782,03-Apr-2025,Website,PayPal,SHIPPED,CA,N/A,
ORD-100977,CUST-3899,07-Sep-2024,Phone Order,Cash on Delivery,SHIPPED,BR,WELCOME2025,
ORD-100978,CUST-3539,2025/06/19,Website,Bank Transfer,Refunded,United States,,
ORD-100979,CUST-3726,2024-04-04,website,credit card,Processing,Deutschland,save10,
ORD-100980,CUST-2416,"July 27, 2024",In-Store,credit card,Processing,IN,WELCOME2025,
ORD-100981,CUST-2367,2024/01/13,Website,Bank Transfer,Cancelled,England,none,
ORD-100982,CUST-3095,11/02/2025,In-Store,Credit Card,Delivered,Nigéria,N/A,
ORD-100983,CUST-1101,2024/07/08,Marketplace,Crypto,Processing,UK,,
ORD-100984,CUST-1353,22/01/2024,Mobile App,Cash on Delivery,Processing,NG,,
ORD-100985,CUST-3272,06/09/2024,MOBILE APP,credit card,Pending,Bharat,none,
ORD-100986,CUST-2732,"March 02, 2024",website,PayPal,Pending,FR,save10,
ORD-100987,CUST-2414,"June 10, 2026",Mobile App,credit card,Processing,United Kingdom,none,
ORD-100988,CUST-2462,16/02/2026,MOBILE APP,Crypto,Delivered,ZA,N/A,
ORD-100989,CUST-2982,2025-04-01,Phone Order,credit card,Refunded,U.K.,,
ORD-100990,CUST-1945,12/03/2025,In-Store,Bank Transfer,Cancelled,Deutschland,N/A,
ORD-100991,CUST-1040,2025-08-26,Mobile App,credit card,Completed,Bharat,N/A,
ORD-100992,CUST-2997,"May 10, 2025",In-Store,Cash on Delivery,Refunded,India,,
ORD-100993,CUST-3371,"December 03, 2025",Marketplace,credit card,Delivered,Nigéria,save10,
ORD-100994,CUST-3121,01/22/2025,Mobile App,PayPal,Processing,ZA,save10,
ORD-100995,CUST-2940,08-Feb-2025,Website,Crypto,Completed,AU,SAVE10,
ORD-100996,CUST-2524,2024-08-03,Website,Credit Card,Pending,france,,
ORD-100997,CUST-1360,2024-09-28,Phone Order,credit card,SHIPPED,AU,,
ORD-100998,CUST-1789,07/08/2025,website,Credit Card,Refunded,South Africa,N/A,
ORD-100999,CUST-3971,"March 11, 2024",In-Store,credit card,Cancelled,Nigeria,N/A,
ORD-101000,CUST-3609,10-Jul-2026,website,credit card,SHIPPED,Canada,WELCOME2025,
ORD-101001,CUST-2580,09/05/2024,Website,Bank Transfer,Pending,RSA,save10,
ORD-101002,CUST-1921,17/04/2024,Website,PayPal,Completed,IN,,
ORD-101003,CUST-1723,17-Feb-2024,Mobile App,Bank Transfer,Refunded,Nigeria,,
ORD-101004,CUST-3005,02/13/2024,MOBILE APP,Cash on Delivery,Completed,Australia,SAVE10,
ORD-101005,CUST-3151,04-Dec-2025,Phone Order,credit card,Delivered,france,none,
ORD-101006,CUST-1891,2024-06-24,Phone Order,credit card,completed,Nigéria,,
ORD-101007,CUST-3833,13-Aug-2025,In-Store,Bank Transfer,Processing,CA,,
ORD-101008,CUST-2328,01-Jan-2024,Marketplace,Credit Card,SHIPPED,CA,none,
ORD-101009,CUST-3833,02-Jun-2024,MOBILE APP,PayPal,Processing,IN,none,
ORD-101010,CUST-1157,01/12/2026,Mobile App,Debit Card,Completed,Brazil,,
ORD-101011,CUST-1050,28/04/2024,Website,PayPal,Processing,united states,N/A,
ORD-101012,CUST-2105,04/26/2024,website,Bank Transfer,SHIPPED,Britain,SAVE10,
ORD-101013,CUST-3721,2024/10/05,In-Store,Cash on Delivery,Cancelled,Germany,N/A,
ORD-101014,CUST-3459,02/02/2025,Website,Bank Transfer,Completed,FR,,
ORD-101015,CUST-3764,07-Jul-2026,MOBILE APP,Cash on Delivery,Processing,Deutschland,none,
ORD-101016,CUST-1804,12-Sep-2024,Phone Order,Credit Card,completed,BR,SAVE10,
ORD-101017,CUST-3295,10-Aug-2025,Mobile App,Cash on Delivery,Pending,Brazil,,
ORD-101018,CUST-1163,2024/04/13,website,PayPal,Processing,DE,WELCOME2025,
ORD-101019,CUST-1686,09/05/2026,In-Store,Debit Card,completed,Germany,N/A,
ORD-101020,CUST-3396,2026-07-01,Marketplace,Bank Transfer,Cancelled,BR,,
ORD-101021,CUST-3497,"June 19, 2026",MOBILE APP,Bank Transfer,Delivered,France,WELCOME2025,
ORD-101022,CUST-2538,27-Feb-2025,In-Store,Crypto,Completed,CA,,
ORD-101023,CUST-2058,05/24/2024,In-Store,Cash on Delivery,Refunded,,save10,
ORD-101024,CUST-3604,03/06/2025,Mobile App,Debit Card,SHIPPED,Bharat,WELCOME2025,
ORD-101025,CUST-1646,"June 22, 2026",Website,credit card,Cancelled,U.S.A.,SAVE10,
ORD-101026,CUST-2891,2024-04-05,In-Store,Debit Card,Processing,FR,save10,
ORD-101027,CUST-3642,2024-03-26,Mobile App,PayPal,Pending,India,SAVE10,
ORD-101028,CUST-2294,22/04/2026,website,Bank Transfer,Processing,nigeria,save10,
ORD-101029,CUST-3037,05/03/2026,website,credit card,Processing,RSA,none,
ORD-101030,CUST-2591,2025/09/24,Website,Bank Transfer,Refunded,france,SAVE10,
ORD-101031,CUST-2264,12-Jul-2025,Mobile App,Crypto,Refunded,Germany,none,
ORD-101032,CUST-3194,07/12/2024,website,Credit Card,Refunded,U.K.,save10,
ORD-101033,CUST-2272,16-Sep-2025,Website,Cash on Delivery,Delivered,S. Africa,,
ORD-101034,CUST-1662,"October 30, 2025",Marketplace,Bank Transfer,SHIPPED,Brazil,SAVE10,
ORD-101035,CUST-1869,2024-07-22,Marketplace,Cash on Delivery,Cancelled,AU,none,
ORD-101036,CUST-2654,30/11/2025,Phone Order,PayPal,Processing,united states,SAVE10,
ORD-100391,CUST-1572,"October 28, 2025",Mobile App,Debit Card,SHIPPED,France,WELCOME2025,
ORD-101038,CUST-2813,09/20/2025,In-Store,Bank Transfer,Processing,france,SAVE10,
ORD-101039,CUST-2917,"October 12, 2027",Phone Order,Bank Transfer,Pending,U.K.,WELCOME2025,
ORD-101040,CUST-1605,06/04/2025,Phone Order,Cash on Delivery,completed,South Africa,,
ORD-101041,CUST-2683,02-Mar-2024,In-Store,Cash on Delivery,Refunded,CA,SAVE10,
ORD-101042,CUST-3300,2025/02/03,Marketplace,credit card,Completed,United States,SAVE10,
ORD-101043,CUST-2622,10/11/2024,Website,Crypto,Completed,BR,,
ORD-101044,CUST-3564,30-Sep-2024,In-Store,PayPal,completed,South Africa,,
ORD-101045,CUST-1996,02-Jul-2025,website,credit card,Refunded,ZA,N/A,
ORD-101046,CUST-2462,21/10/2025,In-Store,Crypto,SHIPPED,Australia,SAVE10,
ORD-101047,CUST-3991,"April 11, 2025",Marketplace,credit card,SHIPPED,France,,
ORD-101048,CUST-2970,2025/05/29,MOBILE APP,PayPal,Completed,CA,none,
ORD-101049,CUST-3351,2024-09-28,website,PayPal,Pending,australia,SAVE10,
ORD-101050,CUST-3164,04/04/2026,In-Store,credit card,Refunded,U.S.A.,save10,
ORD-101051,CUST-3831,2026-06-06,MOBILE APP,credit card,SHIPPED,S. Africa,,
ORD-101052,CUST-2183,08/02/2025,website,credit card,Cancelled,france,SAVE10,
ORD-101053,CUST-1896,07/05/2026,In-Store,PayPal,Refunded,united states,,
ORD-101054,CUST-2262,2024-05-31,Phone Order,Debit Card,Processing,france,SAVE10,
ORD-101055,CUST-2789,"August 01, 2025",Phone Order,Credit Card,Delivered,Brazil,SAVE10,
ORD-101056,CUST-1727,2024/10/13,Website,PayPal,Completed,FR,none,
ORD-101057,CUST-1195,06/09/2026,Website,Bank Transfer,Pending,U.S.A.,save10,
ORD-101058,CUST-1419,2027-03-24,Marketplace,PayPal,Completed,United Kingdom,,
ORD-101059,CUST-1576,"January 29, 2025",Website,Crypto,Delivered,Deutschland,save10,
ORD-101060,CUST-1789,05/13/2026,MOBILE APP,Bank Transfer,Processing,AU,none,
ORD-101061,CUST-1277,2026-04-17,MOBILE APP,Bank Transfer,Refunded,nigeria,N/A,
ORD-101062,CUST-1362,12/20/2024,website,Credit Card,Pending,Canada,SAVE10,
ORD-101042,CUST-1008,"May 20, 2025",website,Cash on Delivery,completed,canada,none,
ORD-101064,CUST-3106,01/25/2026,Website,Credit Card,SHIPPED,germany,save10,
ORD-101065,CUST-2659,24-Apr-2025,Mobile App,Credit Card,Cancelled,canada,WELCOME2025,
ORD-101066,CUST-1043,17-Aug-2025,Marketplace,Bank Transfer,Pending,RSA,N/A,
ORD-101067,CUST-2926,28/05/2025,Website,Crypto,Processing,US,,
ORD-101068,CUST-1185,2025-12-25,In-Store,PayPal,SHIPPED,canada,,
ORD-101069,CUST-3306,26-Dec-2025,MOBILE APP,Bank Transfer,Pending,France,none,
ORD-101070,CUST-1697,05/10/2024,Mobile App,Debit Card,SHIPPED,India,SAVE10,
ORD-101071,CUST-1602,2026/05/02,MOBILE APP,Cash on Delivery,Processing,ZA,save10,
ORD-101072,CUST-3182,01/02/2025,Mobile App,Credit Card,Cancelled,Germany,SAVE10,
ORD-101073,CUST-1704,12-Feb-2025,website,Debit Card,Delivered,CA,WELCOME2025,
ORD-101074,CUST-1981,04/27/2026,In-Store,Credit Card,Cancelled,FR,N/A,
ORD-101075,CUST-3288,2025/04/01,MOBILE APP,Credit Card,SHIPPED,canada,none,
ORD-101076,CUST-1578,20/07/2026,Marketplace,Bank Transfer,Processing,india,WELCOME2025,
ORD-101077,CUST-1176,27-Feb-2026,Website,Bank Transfer,completed,Nigeria,,
ORD-101078,CUST-2703,2024-03-29,Website,Bank Transfer,SHIPPED,USA,none,
ORD-101079,CUST-3917,10/29/2024,website,Cash on Delivery,completed,Nigéria,,
ORD-101080,CUST-3726,03/09/2025,In-Store,Bank Transfer,Cancelled,CA,,
ORD-101081,CUST-2255,"February 03, 2025",Marketplace,Crypto,Cancelled,Deutschland,,
ORD-101082,CUST-1294,09/29/2024,website,Crypto,Cancelled,germany,SAVE10,
ORD-101083,CUST-2160,2025-11-17,In-Store,Cash on Delivery,SHIPPED,nigeria,WELCOME2025,
ORD-101084,CUST-3370,20-May-2025,Phone Order,Bank Transfer,Cancelled,united states,save10,
ORD-101085,CUST-3981,10/08/2025,website,Debit Card,SHIPPED,CA,save10,
ORD-101086,CUST-1741,26/04/2024,MOBILE APP,PayPal,Processing,NG,N/A,
ORD-101087,CUST-3187,01-Dec-2025,Marketplace,Crypto,Completed,France,save10,
ORD-101088,CUST-2346,06/10/2025,Marketplace,credit card,Processing,South Africa,save10,
ORD-101089,CUST-1710,"April 11, 2024",Phone Order,Bank Transfer,Refunded,Deutschland,,
ORD-101090,CUST-3201,2025-08-27,Phone Order,PayPal,Processing,RSA,,
ORD-101091,CUST-1986,01/29/2025,MOBILE APP,Debit Card,Completed,U.S.A.,none,
ORD-101092,CUST-2756,11/09/2025,MOBILE APP,Credit Card,Processing,Brasil,,
ORD-101093,CUST-2234,04-Dec-2025,In-Store,PayPal,Refunded,germany,none,
ORD-101094,CUST-3795,"March 01, 2025",Website,Crypto,completed,Canada,none,
ORD-101095,CUST-1693,07/04/2024,Phone Order,PayPal,Processing,England,none,
ORD-101096,CUST-1881,14-Oct-2025,Marketplace,Debit Card,completed,ZA,,
ORD-101097,CUST-3007,05/29/2025,In-Store,Debit Card,Delivered,United States of America,save10,
ORD-101098,CUST-1809,06/24/2024,In-Store,Bank Transfer,completed,Brazil,,
ORD-101099,CUST-1481,24/10/2024,Phone Order,Credit Card,Pending,Britain,none,
ORD-101100,CUST-3733,"May 01, 2025",In-Store,Debit Card,Cancelled,France,,
ORD-101101,CUST-1259,22/02/2026,website,Debit Card,Cancelled,france,,
ORD-101003,CUST-1153,2025/02/10,Website,Bank Transfer,Pending,S. Africa,SAVE10,
ORD-100196,CUST-3492,"April 13, 2024",Phone Order,Crypto,completed,U.K.,none,
ORD-101104,CUST-1480,2026/02/14,MOBILE APP,Debit Card,Refunded,India,save10,
ORD-101105,CUST-3200,2025-04-31,In-Store,Credit Card,Completed,United States,,
ORD-101106,CUST-1053,2024/05/26,Website,PayPal,Processing,United States,,
ORD-101107,CUST-2563,28-Apr-2025,Marketplace,Credit Card,Completed,England,N/A,
ORD-101108,CUST-3439,"July 02, 2025",Marketplace,Bank Transfer,Delivered,CA,WELCOME2025,
ORD-101109,CUST-3973,"July 28, 2024",Phone Order,Crypto,Processing,S. Africa,,
ORD-101110,CUST-1539,29/08/2024,In-Store,Bank Transfer,Pending,india,save10,
ORD-101111,CUST-3232,27-Sep-2025,Phone Order,Debit Card,Refunded,Brazil,save10,
ORD-101112,CUST-1421,15-Feb-2024,Website,credit card,Cancelled,S. Africa,WELCOME2025,
ORD-101113,CUST-3602,2026/01/30,Phone Order,Debit Card,completed,England,save10,
ORD-101114,CUST-1773,08/11/2024,Marketplace,Crypto,Pending,France,,
ORD-101115,CUST-3818,2024/07/12,MOBILE APP,Bank Transfer,Cancelled,Brazil,WELCOME2025,
ORD-101116,CUST-1560,2024/09/13,website,Bank Transfer,completed,Australia,none,
ORD-101117,CUST-3428,02/09/2025,MOBILE APP,Credit Card,Delivered,india,,
ORD-101118,CUST-2549,07-Jan-2026,MOBILE APP,credit card,Cancelled,france,none,
ORD-101119,CUST-2518,2025-03-01,Phone Order,Bank Transfer,Processing,US,WELCOME2025,
ORD-101120,CUST-1090,2025/10/16,Mobile App,Cash on Delivery,Completed,United States,,
ORD-101121,CUST-2214,29/10/2024,website,Cash on Delivery,Completed,ZA,,
ORD-101122,CUST-2911,23-Jan-2025,In-Store,Bank Transfer,Refunded,DE,WELCOME2025,
ORD-101123,CUST-3680,2024-09-13,Mobile App,Debit Card,Completed,CA,none,
ORD-101124,CUST-3225,12-Feb-2024,Website,credit card,Refunded,Canada,none,
ORD-101125,CUST-3456,2026/04/19,Phone Order,Crypto,Processing,Bharat,SAVE10,
ORD-101126,CUST-2286,09/01/2025,Phone Order,PayPal,Pending,Bharat,N/A,
ORD-101127,CUST-3160,2025/11/25,In-Store,PayPal,SHIPPED,CA,save10,
ORD-101128,CUST-2748,02/08/2025,website,Debit Card,Completed,UK,N/A,
ORD-101129,CUST-2423,2024-02-17,Website,Debit Card,Cancelled,Brasil,,
ORD-101130,CUST-2218,26/11/2025,website,Debit Card,Cancelled,Australia,,
ORD-101131,CUST-3895,2024-09-10,Marketplace,PayPal,Cancelled,france,none,
ORD-101132,CUST-3681,"December 24, 2024",Marketplace,Cash on Delivery,Processing,Brazil,none,
ORD-101133,CUST-2731,2025-05-25,Mobile App,Bank Transfer,Processing,S. Africa,N/A,
ORD-101134,CUST-3648,25-Jan-2024,Marketplace,Debit Card,Processing,australia,,
ORD-101135,CUST-2676,"July 26, 2024",Phone Order,PayPal,Completed,United Kingdom,,
ORD-101136,CUST-1591,2024/07/05,Mobile App,Debit Card,Processing,U.S.A.,,
ORD-101137,CUST-3872,"March 12, 2024",Phone Order,credit card,completed,RSA,SAVE10,
ORD-101138,CUST-1725,2026/03/08,Website,Debit Card,completed,AU,,
ORD-101139,CUST-2578,"May 20, 2026",Phone Order,credit card,Completed,NG,,
ORD-101140,CUST-1737,2024/10/19,Mobile App,Bank Transfer,SHIPPED,Brazil,save10,
ORD-101141,CUST-2426,2024-11-28,Phone Order,credit card,Cancelled,india,WELCOME2025,
ORD-101142,CUST-3572,05/24/2025,website,Debit Card,Refunded,,save10,
ORD-101143,CUST-3293,14-Feb-2026,Website,Debit Card,Completed,CA,,
ORD-101144,CUST-3234,"May 07, 2026",Website,Crypto,Completed,South Africa,none,
ORD-101145,CUST-3566,2024/02/02,Mobile App,Debit Card,Delivered,canada,none,
ORD-101146,CUST-2797,2025-12-06,website,Bank Transfer,Processing,australia,SAVE10,
ORD-101147,CUST-2507,18/12/2024,Marketplace,PayPal,Delivered,Deutschland,,
ORD-101148,CUST-1650,06/11/2026,Website,PayPal,SHIPPED,nigeria,N/A,
ORD-101149,CUST-2769,2024-03-18,MOBILE APP,PayPal,Cancelled,Nigéria,,
ORD-101150,CUST-2918,15/06/2026,Phone Order,Cash on Delivery,Delivered,IN,WELCOME2025,
ORD-101151,CUST-1624,"April 18, 2026",Marketplace,Bank Transfer,SHIPPED,Nigéria,SAVE10,
ORD-101152,CUST-2908,2026/07/05,MOBILE APP,Debit Card,Refunded,RSA,,
ORD-101153,CUST-2535,2025/03/10,Website,credit card,Processing,S. Africa,none,
ORD-101154,CUST-1543,2026-03-10,Phone Order,credit card,completed,United Kingdom,SAVE10,
ORD-101155,CUST-2474,2026/07/10,Marketplace,Debit Card,Completed,South Africa,save10,
ORD-101156,CUST-2465,2025/11/21,Mobile App,PayPal,Cancelled,CA,N/A,
ORD-101157,CUST-2268,2025/10/11,Mobile App,credit card,Delivered,Deutschland,N/A,
ORD-101158,CUST-1852,"August 22, 2024",Mobile App,Bank Transfer,Cancelled,Nigéria,,
ORD-101159,CUST-3004,24-Jun-2024,In-Store,Bank Transfer,Completed,germany,,
ORD-101160,CUST-1300,26-Feb-2024,Mobile App,credit card,Processing,Germany,save10,
ORD-101161,CUST-1964,"August 15, 2025",Mobile App,PayPal,Completed,RSA,WELCOME2025,
ORD-101162,CUST-1968,03/06/2026,In-Store,Debit Card,Refunded,united states,save10,
ORD-101163,CUST-1092,21-May-2024,Mobile App,Crypto,Cancelled,FR,SAVE10,
ORD-101164,CUST-2089,2024/06/19,Mobile App,Credit Card,completed,NG,N/A,
ORD-101165,CUST-3839,2024-12-24,Mobile App,Cash on Delivery,Processing,South Africa,save10,
ORD-100356,CUST-1052,19-Jun-2026,Mobile App,Credit Card,Delivered,Britain,,
ORD-101167,CUST-2252,2024-10-04,MOBILE APP,Crypto,completed,BR,none,
ORD-101168,CUST-2758,01/19/2024,website,Bank Transfer,Cancelled,canada,N/A,
ORD-101169,CUST-2677,19-Jan-2026,website,Cash on Delivery,Refunded,AU,,
ORD-101170,CUST-3250,21-Jun-2026,Mobile App,Cash on Delivery,Refunded,DE,N/A,
ORD-101171,CUST-3907,2024-04-22,In-Store,Crypto,Delivered,united states,,
ORD-101172,CUST-2437,09/24/2025,Phone Order,PayPal,Completed,Nigeria,save10,
ORD-101173,CUST-3765,"July 18, 2024",Website,Cash on Delivery,Cancelled,IN,,
ORD-101174,CUST-2535,02-Feb-2025,website,Cash on Delivery,completed,Nigeria,WELCOME2025,
ORD-101175,CUST-3361,11/20/2024,In-Store,Credit Card,Cancelled,RSA,none,
ORD-101176,CUST-1332,"January 20, 2025",MOBILE APP,credit card,Completed,India,WELCOME2025,
ORD-101177,CUST-1377,09-Dec-2024,Website,Crypto,SHIPPED,united states,,
ORD-101178,CUST-1172,07/20/2025,Marketplace,Debit Card,Processing,CA,SAVE10,
ORD-101179,CUST-3316,2024/11/07,Mobile App,Bank Transfer,Delivered,Deutschland,,
ORD-101180,CUST-2435,"August 25, 2027",Marketplace,Credit Card,Pending,India,none,
ORD-101181,CUST-3187,"February 06, 2024",In-Store,Bank Transfer,SHIPPED,S. Africa,N/A,
ORD-101182,CUST-1613,2024-05-22,Mobile App,Debit Card,SHIPPED,India,save10,
ORD-101183,CUST-1901,29/06/2024,In-Store,credit card,Completed,Nigeria,,
ORD-101184,CUST-2521,27-Jul-2024,Mobile App,credit card,Completed,Australia,,
ORD-101185,CUST-1322,"May 12, 2025",Phone Order,Bank Transfer,Completed,ZA,SAVE10,
ORD-101186,CUST-1654,29/06/2026,website,Credit Card,completed,South Africa,SAVE10,
ORD-101187,CUST-3110,24-Dec-2025,website,PayPal,completed,United States,,
ORD-101188,CUST-1025,20/05/2024,In-Store,Crypto,Pending,IN,N/A,
ORD-101189,CUST-1505,2026/02/19,In-Store,Debit Card,SHIPPED,France,,
ORD-101190,CUST-1087,2024-01-15,MOBILE APP,Cash on Delivery,completed,nigeria,,
ORD-101191,CUST-2561,06/03/2026,Website,Bank Transfer,Refunded,CA,,
ORD-101192,CUST-2118,03/17/2024,MOBILE APP,PayPal,Pending,united states,WELCOME2025,
ORD-101193,CUST-1708,10-Oct-2025,Phone Order,Cash on Delivery,Cancelled,S. Africa,save10,
ORD-101194,CUST-1825,2025-09-26,In-Store,PayPal,Processing,Germany,,
ORD-101195,CUST-3833,"October 19, 2025",MOBILE APP,PayPal,Pending,Brazil,save10,
ORD-101196,CUST-1606,"August 03, 2025",MOBILE APP,credit card,Delivered,IN,N/A,
ORD-101197,CUST-1414,08/10/2024,MOBILE APP,Cash on Delivery,Processing,germany,N/A,
ORD-101198,CUST-2476,26-May-2025,Marketplace,Cash on Delivery,Processing,United States of America,save10,
ORD-101199,CUST-1814,2026-06-04,Phone Order,Bank Transfer,Refunded,Canada,,
ORD-101200,CUST-3923,05/21/2024,Website,Bank Transfer,Cancelled,France,,
ORD-101201,CUST-1470,03-Nov-2024,In-Store,Cash on Delivery,Cancelled,germany,save10,
ORD-101202,CUST-3601,"November 05, 2024",website,Credit Card,Refunded,USA,save10,
ORD-101203,CUST-2039,"April 01, 2025",website,Bank Transfer,Processing,australia,SAVE10,
ORD-101204,CUST-2021,"October 14, 2025",Mobile App,Cash on Delivery,SHIPPED,ZA,SAVE10,
ORD-100471,CUST-1927,"September 27, 2025",Phone Order,Debit Card,SHIPPED,United Kingdom,WELCOME2025,
ORD-101206,CUST-2990,2025-12-24,MOBILE APP,Bank Transfer,Processing,NG,,
ORD-101207,CUST-2749,11/12/2025,website,Credit Card,Processing,France,N/A,
ORD-101208,CUST-3109,22/08/2024,In-Store,Crypto,SHIPPED,Brasil,WELCOME2025,
ORD-101209,CUST-2530,07/19/2025,Mobile App,Bank Transfer,Processing,U.S.A.,SAVE10,
ORD-101210,CUST-3366,26-Nov-2024,website,Bank Transfer,Processing,germany,,
ORD-101211,CUST-1570,07/02/2026,website,Cash on Delivery,SHIPPED,australia,SAVE10,
ORD-101212,CUST-3464,2025/11/19,MOBILE APP,Crypto,Completed,Brazil,none,
ORD-101213,CUST-3223,10/01/2025,Marketplace,PayPal,Completed,S. Africa,WELCOME2025,
ORD-101214,CUST-1911,01/09/2026,website,credit card,Completed,RSA,none,
ORD-101215,CUST-3629,2024-07-26,Marketplace,Crypto,Refunded,AU,none,
ORD-101216,CUST-3688,2024/08/23,website,Bank Transfer,Pending,Brazil,,
ORD-101217,CUST-1472,06/09/2026,Phone Order,Debit Card,completed,US,,
ORD-101218,CUST-1005,19-Mar-2024,In-Store,Crypto,Refunded,BR,WELCOME2025,
ORD-101219,CUST-2723,2024-06-23,website,Crypto,Delivered,USA,WELCOME2025,
ORD-100471,CUST-2056,04/20/2025,Website,Bank Transfer,Processing,Brasil,SAVE10,
ORD-101221,CUST-3554,07/08/2025,Mobile App,Bank Transfer,Delivered,FR,,
ORD-101222,CUST-3689,05/02/2025,In-Store,credit card,Delivered,S. Africa,SAVE10,
ORD-101223,CUST-1152,10/31/2025,Website,Credit Card,Refunded,ZA,WELCOME2025,
ORD-101224,CUST-1929,03/07/2024,Mobile App,Credit Card,Refunded,India,N/A,
ORD-101225,CUST-1477,03-Mar-2026,Phone Order,Cash on Delivery,Completed,Britain,none,
ORD-101226,CUST-3018,25/11/2024,website,Bank Transfer,Refunded,England,N/A,
ORD-101227,CUST-1192,03/29/2026,website,Cash on Delivery,Completed,Deutschland,none,
ORD-101228,CUST-1899,2024-06-25,website,Crypto,Processing,NG,save10,
ORD-101229,CUST-2719,06-Apr-2025,MOBILE APP,Bank Transfer,Delivered,france,none,
ORD-101230,CUST-2317,06/26/2025,website,credit card,SHIPPED,france,,
ORD-101231,CUST-3459,2025-07-19,In-Store,credit card,Refunded,AU,WELCOME2025,
ORD-101232,CUST-1693,05/28/2025,In-Store,Credit Card,Processing,USA,WELCOME2025,
ORD-101233,CUST-1749,2025/03/25,Website,Credit Card,completed,Britain,save10,
ORD-101234,CUST-3333,18/12/2024,Website,Credit Card,Pending,NG,,
ORD-101235,CUST-1478,10-Mar-2026,Marketplace,Credit Card,SHIPPED,Brazil,SAVE10,
ORD-101236,CUST-2481,2026/03/16,In-Store,PayPal,Processing,US,SAVE10,
ORD-101237,CUST-3940,18/03/2024,In-Store,Credit Card,Pending,Nigeria,,
ORD-101238,CUST-3984,02-Nov-2025,In-Store,Credit Card,Cancelled,U.K.,WELCOME2025,
ORD-101239,CUST-1918,14/07/2025,website,Cash on Delivery,Completed,Nigéria,,
ORD-101240,CUST-2201,12-Jan-2025,Phone Order,Crypto,Processing,BR,WELCOME2025,
ORD-101241,CUST-2627,2025/06/12,Website,Credit Card,Cancelled,ZA,,
ORD-101242,CUST-3317,"March 13, 2026",MOBILE APP,Debit Card,Completed,canada,WELCOME2025,
ORD-101243,CUST-2751,"September 19, 2024",Marketplace,Bank Transfer,SHIPPED,South Africa,N/A,
ORD-101244,CUST-2460,28/09/2024,MOBILE APP,PayPal,Delivered,France,save10,
ORD-101245,CUST-1808,24-Mar-2024,Mobile App,credit card,Pending,United States,N/A,
ORD-101246,CUST-3244,"January 19, 2026",Phone Order,PayPal,Cancelled,Bharat,WELCOME2025,
ORD-101247,CUST-2217,2024/03/30,MOBILE APP,PayPal,Delivered,England,WELCOME2025,
ORD-101248,CUST-2557,2026/02/12,MOBILE APP,Cash on Delivery,Delivered,S. Africa,,
ORD-101249,CUST-1806,24-Jan-2026,Phone Order,Crypto,SHIPPED,Deutschland,SAVE10,
ORD-101250,CUST-3574,02/27/2025,website,Bank Transfer,Refunded,United States,none,
ORD-101251,CUST-1904,2025/01/03,Marketplace,Bank Transfer,Delivered,ZA,WELCOME2025,
ORD-101252,CUST-3731,07/08/2025,website,Bank Transfer,Delivered,Nigéria,none,
ORD-101253,CUST-2454,13-Aug-2025,Mobile App,credit card,Delivered,USA,WELCOME2025,
ORD-101254,CUST-3451,01-Feb-2024,MOBILE APP,Debit Card,Completed,Nigeria,save10,
ORD-101255,CUST-3830,25/02/2024,In-Store,Cash on Delivery,completed,nigeria,N/A,
ORD-101256,CUST-1097,06/14/2026,Marketplace,PayPal,SHIPPED,Germany,,
ORD-101257,CUST-2942,20/12/2024,Marketplace,PayPal,Refunded,Australia,none,
ORD-101258,CUST-1381,"July 11, 2024",Marketplace,Debit Card,Delivered,RSA,N/A,
ORD-101259,CUST-1035,01/09/2025,In-Store,Credit Card,Processing,canada,none,
ORD-101260,CUST-1661,"August 04, 2025",Mobile App,Bank Transfer,Refunded,Brasil,,
ORD-101261,CUST-3235,05/27/2026,MOBILE APP,Bank Transfer,Refunded,United Kingdom,,
ORD-101262,CUST-3717,"April 14, 2026",Website,Cash on Delivery,SHIPPED,United States of America,save10,
ORD-101263,CUST-3280,13-Mar-2026,In-Store,PayPal,Pending,Germany,SAVE10,
ORD-101264,CUST-1373,05-Mar-2026,Mobile App,credit card,completed,United States,none,
ORD-101265,CUST-2390,2025-08-18,MOBILE APP,Cash on Delivery,Delivered,Bharat,WELCOME2025,
ORD-101266,CUST-2682,2025/04/28,MOBILE APP,Debit Card,Refunded,france,WELCOME2025,
ORD-101267,CUST-2394,09/18/2025,Website,Bank Transfer,SHIPPED,India,SAVE10,
ORD-101268,CUST-2076,20/02/2024,In-Store,PayPal,Cancelled,australia,N/A,
ORD-101269,CUST-3664,17-Jul-2026,website,Bank Transfer,SHIPPED,india,none,
ORD-101270,CUST-3618,2025/04/06,Website,PayPal,Completed,germany,,
ORD-101271,CUST-2534,01-Jun-2026,Marketplace,Bank Transfer,Completed,France,none,
ORD-101272,CUST-3422,14-Feb-2026,Mobile App,PayPal,Completed,France,,
ORD-101273,CUST-3456,"May 22, 2024",Marketplace,Debit Card,Cancelled,germany,,
ORD-101274,CUST-1589,2025/12/23,Mobile App,Credit Card,SHIPPED,FR,WELCOME2025,
ORD-101275,CUST-1539,16/04/2025,Website,Debit Card,Delivered,Britain,WELCOME2025,
ORD-101276,CUST-2466,2026-03-14,In-Store,Cash on Delivery,Cancelled,france,save10,
ORD-101277,CUST-3831,"March 21, 2027",Marketplace,Debit Card,completed,Brasil,none,
ORD-101278,CUST-2967,"November 07, 2024",In-Store,Cash on Delivery,Delivered,india,,
ORD-101279,CUST-1105,08/07/2024,In-Store,Crypto,SHIPPED,Nigéria,,
ORD-101280,CUST-1222,02-Mar-2024,Marketplace,PayPal,Refunded,India,,
ORD-101281,CUST-1071,2024/10/14,Website,Cash on Delivery,completed,Canada,save10,
ORD-101282,CUST-1974,16-May-2024,In-Store,Bank Transfer,Delivered,Nigéria,,
ORD-101283,CUST-2070,2026-02-01,Mobile App,Credit Card,Delivered,United States,,
ORD-101284,CUST-2925,01/24/2024,Marketplace,Debit Card,Pending,france,WELCOME2025,
ORD-101285,CUST-3178,08/08/2025,website,Bank Transfer,Processing,BR,WELCOME2025,
ORD-101286,CUST-2749,"January 19, 2024",Marketplace,Debit Card,Completed,Britain,SAVE10,
ORD-101287,CUST-2171,23-Nov-2024,Marketplace,Crypto,SHIPPED,BR,save10,
ORD-101288,CUST-3064,22/02/2025,In-Store,credit card,completed,india,,
ORD-101289,CUST-2714,2025-03-16,website,Cash on Delivery,Completed,FR,,
ORD-101290,CUST-3267,2025-04-31,website,Bank Transfer,completed,India,N/A,
ORD-101291,CUST-2868,10/19/2025,In-Store,Credit Card,Pending,india,,
ORD-101292,CUST-2684,2025/09/10,Website,Debit Card,Pending,IN,WELCOME2025,
ORD-101293,CUST-2173,2025/04/12,In-Store,Crypto,Completed,Germany,none,
ORD-101294,CUST-2060,"October 01, 2024",MOBILE APP,credit card,Refunded,BR,SAVE10,
ORD-101295,CUST-1905,2026-02-27,Website,Bank Transfer,Delivered,Brazil,SAVE10,
ORD-101296,CUST-3343,2025-05-13,website,Cash on Delivery,Delivered,Australia,N/A,
ORD-101297,CUST-2410,22/07/2024,Marketplace,Debit Card,completed,United Kingdom,WELCOME2025,
ORD-101298,CUST-2035,31-Dec-2024,website,Bank Transfer,completed,Britain,,
ORD-101299,CUST-2632,2024/05/24,Mobile App,Credit Card,Pending,,,
ORD-101300,CUST-2697,21-Oct-2025,website,Crypto,Delivered,Nigéria,SAVE10,
ORD-101301,CUST-2307,15/12/2024,MOBILE APP,Crypto,SHIPPED,australia,,
ORD-101302,CUST-2568,"August 26, 2024",website,Cash on Delivery,Cancelled,Britain,,
ORD-101303,CUST-1321,"October 01, 2025",In-Store,Debit Card,Cancelled,Brasil,,
ORD-101304,CUST-1389,01/29/2026,Website,Bank Transfer,SHIPPED,Bharat,SAVE10,
ORD-101305,CUST-2302,03/23/2025,Website,credit card,Cancelled,france,WELCOME2025,
ORD-101306,CUST-2394,03/06/2024,MOBILE APP,Crypto,SHIPPED,ZA,,
ORD-101307,CUST-2330,2025-05-03,Marketplace,PayPal,SHIPPED,Canada,WELCOME2025,
ORD-101308,CUST-2543,28-Aug-2024,Mobile App,PayPal,Refunded,canada,N/A,
ORD-101309,CUST-1988,23/11/2024,MOBILE APP,Credit Card,Delivered,United States,SAVE10,
ORD-101310,CUST-2430,2025/01/15,MOBILE APP,Crypto,Pending,australia,,
ORD-101311,CUST-3437,23/05/2024,Website,Credit Card,completed,RSA,none,
ORD-101312,CUST-1149,17-Jan-2025,MOBILE APP,Crypto,Completed,RSA,,
ORD-101313,CUST-3512,05/08/2024,Marketplace,Cash on Delivery,Processing,CA,WELCOME2025,
ORD-101314,CUST-3535,08/03/2025,In-Store,Bank Transfer,Delivered,South Africa,SAVE10,
ORD-101315,CUST-3210,2026-05-28,Marketplace,Crypto,completed,India,,
ORD-101316,CUST-1150,"January 31, 2026",In-Store,Debit Card,Completed,india,WELCOME2025,
ORD-101317,CUST-2960,"December 02, 2024",Mobile App,Debit Card,Refunded,RSA,,
ORD-101318,CUST-1986,10/17/2025,Mobile App,Cash on Delivery,Completed,CA,WELCOME2025,
ORD-101319,CUST-1521,2024/06/26,Marketplace,credit card,Processing,canada,,
ORD-101320,CUST-1659,11-Nov-2024,In-Store,credit card,completed,france,,
ORD-101321,CUST-3138,14/10/2025,Phone Order,Cash on Delivery,Delivered,USA,,
ORD-101322,CUST-3138,08/20/2024,In-Store,Debit Card,completed,Bharat,save10,
ORD-101323,CUST-3532,06/20/2026,Phone Order,PayPal,Refunded,Britain,,
ORD-101324,CUST-1818,10/05/2024,Marketplace,Credit Card,completed,FR,N/A,
ORD-101325,CUST-3373,15-Feb-2026,Phone Order,Bank Transfer,Delivered,RSA,,
ORD-101326,CUST-2445,12-Mar-2025,Website,Bank Transfer,Delivered,IN,SAVE10,
ORD-101327,CUST-3786,30/05/2026,Marketplace,Bank Transfer,Completed,DE,,
ORD-101328,CUST-3897,2025-06-27,In-Store,credit card,Completed,FR,WELCOME2025,
ORD-101329,CUST-2743,2024/05/15,Marketplace,credit card,Delivered,US,N/A,
ORD-101330,CUST-2601,16/01/2024,MOBILE APP,Cash on Delivery,Delivered,United States of America,SAVE10,
ORD-101331,CUST-3530,"September 15, 2025",Mobile App,Cash on Delivery,completed,UK,,
ORD-101332,CUST-3828,28-Dec-2024,MOBILE APP,credit card,SHIPPED,france,none,
ORD-101333,CUST-3537,2025/12/15,Marketplace,Crypto,completed,United Kingdom,save10,
ORD-101334,CUST-2949,23-Dec-2024,Phone Order,Cash on Delivery,Refunded,England,none,
ORD-101335,CUST-1260,25/02/2025,Website,Debit Card,completed,FR,N/A,
ORD-101336,CUST-3841,18-May-2024,MOBILE APP,Cash on Delivery,Processing,canada,WELCOME2025,
ORD-101337,CUST-3837,03/03/2024,In-Store,Credit Card,Pending,germany,WELCOME2025,
ORD-101338,CUST-1298,2025-01-05,website,Cash on Delivery,Cancelled,germany,WELCOME2025,
ORD-101339,CUST-2033,31/01/2025,Website,Crypto,Pending,australia,WELCOME2025,
ORD-101340,CUST-2854,02/04/2026,In-Store,Cash on Delivery,Cancelled,United States,none,
ORD-101341,CUST-1547,11/11/2025,website,Cash on Delivery,Delivered,Bharat,WELCOME2025,
ORD-101342,CUST-3100,05/04/2026,Marketplace,Debit Card,Completed,France,,
ORD-101343,CUST-2462,2025-08-15,Website,Crypto,completed,Nigeria,none,
ORD-101344,CUST-1566,01/10/2026,Marketplace,Cash on Delivery,Pending,france,,
ORD-101345,CUST-1169,23-Mar-2024,website,Bank Transfer,SHIPPED,AU,N/A,
ORD-101346,CUST-2426,"June 07, 2024",Phone Order,Credit Card,Cancelled,Canada,WELCOME2025,
ORD-101347,CUST-3996,03/05/2026,In-Store,Crypto,SHIPPED,australia,,
ORD-101348,CUST-2132,04/09/2024,MOBILE APP,Cash on Delivery,completed,FR,WELCOME2025,
ORD-101349,CUST-1666,"February 14, 2024",website,Credit Card,SHIPPED,Nigeria,none,
ORD-101350,CUST-2294,26-Jun-2024,Marketplace,Cash on Delivery,completed,NG,save10,
ORD-101351,CUST-3171,24/10/2025,In-Store,Bank Transfer,Completed,United States,,
ORD-101352,CUST-3409,19/08/2025,In-Store,Cash on Delivery,completed,Canada,N/A,
ORD-101353,CUST-1125,26-May-2025,Mobile App,Debit Card,SHIPPED,united states,,
ORD-101354,CUST-2866,29/09/2024,website,Debit Card,Pending,IN,WELCOME2025,
ORD-101355,CUST-1650,05/11/2025,Website,Debit Card,Processing,Nigéria,,
ORD-101356,CUST-3096,2025/04/15,Mobile App,Debit Card,Refunded,france,,
ORD-101357,CUST-1759,17-Sep-2024,MOBILE APP,Credit Card,Processing,BR,N/A,
ORD-101358,CUST-1047,30/03/2024,Mobile App,Cash on Delivery,Delivered,BR,,
ORD-101359,CUST-1179,2024/01/07,In-Store,Cash on Delivery,Pending,BR,save10,
ORD-101360,CUST-1025,25/06/2026,Website,Crypto,Pending,United States,N/A,
ORD-101361,CUST-1183,2025-03-23,Website,Bank Transfer,SHIPPED,South Africa,WELCOME2025,
ORD-101362,CUST-2939,"November 24, 2025",Marketplace,Debit Card,Pending,ZA,,
ORD-101363,CUST-1576,20-Mar-2026,In-Store,credit card,completed,canada,,
ORD-101364,CUST-2527,2026-03-07,Mobile App,credit card,Pending,canada,,
ORD-101365,CUST-2436,2026-05-23,Phone Order,Bank Transfer,Refunded,Britain,save10,
ORD-101366,CUST-3022,"July 17, 2025",Website,Crypto,Completed,UK,SAVE10,
ORD-101367,CUST-3303,2024/09/22,MOBILE APP,Cash on Delivery,Pending,nigeria,WELCOME2025,
ORD-101368,CUST-1697,02/18/2024,MOBILE APP,Cash on Delivery,SHIPPED,South Africa,,
ORD-101369,CUST-3202,05/15/2026,Marketplace,credit card,Refunded,nigeria,SAVE10,
ORD-101370,CUST-3945,01/13/2026,Website,Cash on Delivery,Pending,Germany,save10,
ORD-101371,CUST-2986,2024-12-20,MOBILE APP,PayPal,Delivered,US,save10,
ORD-101372,CUST-3686,2024-11-27,website,PayPal,Completed,Australia,,
ORD-101373,CUST-3357,2024/10/09,Mobile App,PayPal,Cancelled,United States,SAVE10,
ORD-101374,CUST-1506,04/18/2025,Website,Debit Card,SHIPPED,US,save10,
ORD-101375,CUST-1660,04/18/2025,MOBILE APP,PayPal,Processing,Deutschland,,
ORD-101376,CUST-1679,"March 02, 2024",Mobile App,Cash on Delivery,completed,South Africa,,
ORD-101377,CUST-3436,12/09/2025,Mobile App,Crypto,Pending,Nigéria,none,
ORD-101378,CUST-1710,09-May-2025,website,credit card,Processing,AU,save10,
ORD-101379,CUST-2602,01/16/2025,Phone Order,Crypto,SHIPPED,FR,,
ORD-101380,CUST-3732,05-Apr-2025,MOBILE APP,PayPal,Completed,IN,SAVE10,
ORD-101381,CUST-3904,09/07/2024,Website,credit card,Cancelled,IN,WELCOME2025,
ORD-101382,CUST-2941,19-Jan-2025,website,Credit Card,completed,France,none,
ORD-101383,CUST-2385,28-Apr-2026,Website,Credit Card,Refunded,United Kingdom,none,
ORD-101384,CUST-2019,"February 09, 2024",Mobile App,credit card,Delivered,France,N/A,
ORD-101385,CUST-1023,2024-05-14,website,credit card,Completed,U.S.A.,,
ORD-101386,CUST-1784,"March 12, 2026",Mobile App,Cash on Delivery,Completed,AU,save10,
ORD-101387,CUST-2466,24-Mar-2025,website,Cash on Delivery,Delivered,france,N/A,
ORD-100966,CUST-1254,14/06/2025,website,PayPal,Cancelled,germany,,
ORD-101237,CUST-1329,06/06/2024,MOBILE APP,Debit Card,SHIPPED,United States of America,save10,
ORD-101390,CUST-3903,2024/10/07,Phone Order,Bank Transfer,Pending,U.S.A.,SAVE10,
ORD-101391,CUST-3377,2026-04-14,Phone Order,PayPal,Refunded,Britain,,
ORD-101392,CUST-2533,2026/05/01,MOBILE APP,PayPal,SHIPPED,ZA,none,
ORD-101393,CUST-3708,05/13/2025,Website,Debit Card,Completed,india,N/A,
ORD-101394,CUST-3093,"March 17, 2025",Marketplace,credit card,completed,Deutschland,,
ORD-101395,CUST-3377,"August 28, 2025",website,Crypto,Processing,AU,save10,
ORD-101396,CUST-3897,2026-01-19,In-Store,Crypto,completed,FR,SAVE10,
ORD-101397,CUST-3511,28-Feb-2026,Marketplace,Credit Card,SHIPPED,Deutschland,save10,
ORD-101398,CUST-2167,2024/11/13,website,Cash on Delivery,completed,US,,
ORD-101399,CUST-2338,2025-01-10,Website,Cash on Delivery,Pending,England,save10,
ORD-101400,CUST-2214,27/03/2025,In-Store,Crypto,Delivered,united states,N/A,
ORD-101401,CUST-1366,2024/09/13,website,Debit Card,Refunded,Brasil,save10,
ORD-101402,CUST-3740,01/12/2024,Marketplace,PayPal,Processing,BR,,
ORD-101403,CUST-2089,21/11/2024,In-Store,Bank Transfer,completed,australia,,
ORD-101404,CUST-1996,11/08/2024,Marketplace,PayPal,Processing,France,SAVE10,
ORD-101405,CUST-3885,16-Aug-2025,Website,Cash on Delivery,completed,australia,,
ORD-101406,CUST-2738,05/09/2024,Website,Debit Card,Processing,NG,save10,
ORD-101407,CUST-2878,2024/08/28,Website,Debit Card,Refunded,BR,,
ORD-101408,CUST-2361,10-Oct-2025,Marketplace,Cash on Delivery,completed,Brazil,none,
ORD-101409,CUST-2420,"November 11, 2025",Marketplace,Bank Transfer,Delivered,US,none,
ORD-101410,CUST-2732,04-Jun-2024,Mobile App,PayPal,Pending,france,WELCOME2025,
ORD-101411,CUST-1472,"June 05, 2024",MOBILE APP,Credit Card,SHIPPED,CA,,
ORD-101412,CUST-3988,2024/11/04,MOBILE APP,Credit Card,SHIPPED,germany,none,
ORD-101413,CUST-1257,07/08/2025,website,credit card,Pending,Brazil,WELCOME2025,
ORD-101414,CUST-2123,2024/01/08,website,credit card,Completed,india,,
ORD-101415,CUST-3700,06-Jul-2024,Website,Bank Transfer,Refunded,Nigeria,,
ORD-101416,CUST-1192,04/16/2027,Phone Order,Bank Transfer,Refunded,BR,SAVE10,
ORD-101417,CUST-1049,2025/02/28,In-Store,Crypto,SHIPPED,Brazil,,
ORD-101418,CUST-1856,2024/12/16,In-Store,credit card,completed,USA,,
ORD-101419,CUST-3942,2026-04-08,In-Store,PayPal,Processing,Nigeria,none,
ORD-101420,CUST-2361,02/16/2025,Phone Order,Debit Card,Processing,Bharat,SAVE10,
ORD-101421,CUST-1474,14-Feb-2024,Marketplace,Debit Card,Pending,IN,SAVE10,
ORD-101422,CUST-1821,28/01/2025,MOBILE APP,Cash on Delivery,Processing,india,SAVE10,
ORD-101423,CUST-3563,"September 08, 2024",In-Store,Crypto,Pending,U.S.A.,,
ORD-101424,CUST-1931,23-Jul-2024,Marketplace,Crypto,Processing,ZA,N/A,
ORD-101425,CUST-2998,2024-02-02,Mobile App,Bank Transfer,Completed,India,WELCOME2025,
ORD-101426,CUST-1559,25/01/2025,MOBILE APP,Cash on Delivery,Completed,Canada,,
ORD-101427,CUST-1606,"August 01, 2024",Phone Order,Credit Card,Delivered,Nigéria,N/A,
ORD-101428,CUST-3464,2026-01-23,Marketplace,Debit Card,Processing,France,save10,
ORD-101429,CUST-2409,14-Apr-2025,In-Store,Cash on Delivery,Delivered,Bharat,N/A,
ORD-101239,CUST-3818,2025/02/22,In-Store,PayPal,Delivered,Deutschland,,
ORD-101431,CUST-3246,"February 03, 2026",In-Store,credit card,Cancelled,Nigéria,,
ORD-101432,CUST-2956,01/05/2025,Mobile App,PayPal,Completed,united states,N/A,
ORD-101433,CUST-3680,07/08/2024,MOBILE APP,Crypto,SHIPPED,India,WELCOME2025,
ORD-101434,CUST-3478,"January 08, 2026",website,Credit Card,Completed,CA,,
ORD-101435,CUST-2271,24/12/2024,Mobile App,Credit Card,SHIPPED,canada,,
ORD-101436,CUST-2747,2024-05-07,Website,credit card,SHIPPED,Nigeria,SAVE10,
ORD-101437,CUST-1343,27-Nov-2025,Website,Credit Card,Delivered,United States of America,SAVE10,
ORD-101438,CUST-3394,"May 10, 2024",Marketplace,credit card,Cancelled,AU,none,
ORD-101439,CUST-1759,02/22/2026,Marketplace,credit card,Delivered,AU,save10,
ORD-101440,CUST-1810,"December 17, 2025",Phone Order,Bank Transfer,Refunded,Brazil,SAVE10,
ORD-101441,CUST-1677,"July 31, 2024",MOBILE APP,credit card,Processing,australia,SAVE10,
ORD-101442,CUST-1635,06/09/2025,Website,Cash on Delivery,Completed,Deutschland,WELCOME2025,
ORD-101443,CUST-3627,"June 10, 2024",Website,credit card,Processing,India,SAVE10,
ORD-101444,CUST-2699,2026-02-27,Phone Order,Debit Card,Completed,Canada,SAVE10,
ORD-101445,CUST-3515,"September 08, 2024",Website,PayPal,Cancelled,Australia,none,
ORD-101446,CUST-1244,28-Jun-2024,Mobile App,Debit Card,Pending,Nigeria,,
ORD-101447,CUST-1033,2024-04-14,Phone Order,Bank Transfer,Processing,australia,,
ORD-101448,CUST-2881,2024/08/03,Phone Order,Cash on Delivery,Cancelled,Canada,N/A,
ORD-101449,CUST-1114,"November 02, 2025",Phone Order,Crypto,Completed,canada,SAVE10,
ORD-101450,CUST-2415,"September 11, 2025",Website,credit card,Cancelled,NG,WELCOME2025,
ORD-101451,CUST-2160,05/11/2024,Phone Order,Crypto,completed,RSA,,
ORD-101452,CUST-1822,"August 17, 2024",MOBILE APP,credit card,Cancelled,ZA,,
ORD-101453,CUST-1430,24-Feb-2026,Mobile App,Cash on Delivery,Delivered,Brasil,SAVE10,
ORD-101454,CUST-1744,2025/12/10,Mobile App,Credit Card,Processing,CA,,
ORD-101455,CUST-3565,11/08/2024,MOBILE APP,Bank Transfer,Completed,RSA,,
ORD-101456,CUST-1325,21-Apr-2024,Mobile App,Debit Card,Cancelled,CA,WELCOME2025,
ORD-101457,CUST-2223,2024-03-01,MOBILE APP,credit card,Pending,BR,N/A,
ORD-101458,CUST-3553,"January 27, 2026",MOBILE APP,credit card,Delivered,Brasil,,
ORD-101459,CUST-1965,05/08/2026,Phone Order,Credit Card,SHIPPED,Australia,N/A,
ORD-101460,CUST-1431,2024-09-17,Marketplace,credit card,Cancelled,united states,N/A,
ORD-101461,CUST-2705,10-May-2026,website,PayPal,Refunded,Britain,save10,
ORD-101462,CUST-2922,09/25/2024,Phone Order,PayPal,Refunded,AU,none,
ORD-101463,CUST-3666,2024/09/27,Website,Crypto,SHIPPED,S. Africa,N/A,
ORD-101464,CUST-2021,"April 08, 2024",Website,credit card,Delivered,United Kingdom,none,
ORD-101465,CUST-2299,24-Feb-2025,Phone Order,Cash on Delivery,SHIPPED,CA,,
ORD-101466,CUST-3984,2026/05/24,MOBILE APP,Debit Card,completed,Nigéria,,
ORD-101467,CUST-2894,2024/05/27,website,PayPal,Delivered,France,N/A,
ORD-101468,CUST-2004,2024-03-03,Mobile App,PayPal,Delivered,Nigéria,none,
ORD-101469,CUST-1752,30/05/2025,Phone Order,Bank Transfer,Cancelled,Canada,N/A,
ORD-101470,CUST-1344,05/28/2025,website,Credit Card,completed,Australia,,
ORD-101471,CUST-3087,27-Jun-2026,In-Store,Crypto,completed,india,N/A,
ORD-101472,CUST-1996,2025-11-04,Phone Order,Debit Card,SHIPPED,Australia,none,
ORD-101473,CUST-1129,06/20/2025,Marketplace,PayPal,Processing,United States,,
ORD-101474,CUST-2111,07/08/2024,In-Store,Cash on Delivery,SHIPPED,france,N/A,
ORD-101475,CUST-1815,15-Sep-2025,Phone Order,Crypto,Refunded,Nigeria,N/A,
ORD-101476,CUST-2441,04/20/2024,Marketplace,Credit Card,Processing,Nigeria,save10,
ORD-101477,CUST-3479,2025-07-04,Phone Order,Debit Card,Cancelled,Bharat,,
ORD-101478,CUST-1559,"June 11, 2024",Mobile App,Cash on Delivery,Cancelled,canada,N/A,
ORD-101479,CUST-2090,13-Jul-2026,website,PayPal,Refunded,NG,SAVE10,
ORD-101480,CUST-3309,01/25/2024,In-Store,Debit Card,Completed,S. Africa,save10,
ORD-101481,CUST-3419,05-Jul-2026,MOBILE APP,credit card,Pending,United Kingdom,save10,
ORD-101482,CUST-1911,10/29/2025,MOBILE APP,credit card,Completed,ZA,,
ORD-101483,CUST-2424,02-Sep-2025,Mobile App,Debit Card,SHIPPED,france,,
ORD-101484,CUST-1877,02/09/2024,Website,Bank Transfer,Completed,ZA,save10,
ORD-101485,CUST-1663,2025-10-18,Marketplace,PayPal,Processing,IN,N/A,
ORD-101486,CUST-3072,09/27/2024,MOBILE APP,Debit Card,Pending,BR,save10,
ORD-101487,CUST-3903,07/04/2025,website,Crypto,completed,Australia,WELCOME2025,
ORD-101488,CUST-2869,"April 13, 2025",Marketplace,credit card,Pending,France,save10,
ORD-101489,CUST-3176,10/25/2025,Phone Order,credit card,Processing,UK,save10,
ORD-101490,CUST-3968,2024/03/25,Mobile App,Crypto,Pending,England,none,
ORD-101491,CUST-1414,10/28/2024,MOBILE APP,Credit Card,Processing,NG,SAVE10,
ORD-101492,CUST-2118,2026-04-12,In-Store,Cash on Delivery,Delivered,germany,WELCOME2025,
ORD-101493,CUST-3365,2025/11/09,Website,PayPal,Processing,india,N/A,
ORD-101494,CUST-2521,2025-12-01,Website,PayPal,Delivered,ZA,save10,
ORD-100194,CUST-1519,"May 31, 2025",Marketplace,PayPal,Completed,germany,N/A,
ORD-101496,CUST-1291,01/18/2024,Mobile App,credit card,Delivered,United Kingdom,save10,
ORD-101497,CUST-1321,"April 06, 2025",Mobile App,Credit Card,Delivered,United States of America,SAVE10,
ORD-101498,CUST-1185,02/07/2024,Marketplace,Cash on Delivery,SHIPPED,NG,WELCOME2025,
ORD-101499,CUST-3650,2026-03-01,MOBILE APP,Cash on Delivery,Pending,France,SAVE10,
ORD-101500,CUST-1673,09/10/2025,Website,PayPal,Refunded,canada,save10,
ORD-101501,CUST-1526,22/02/2024,In-Store,Debit Card,Pending,UK,save10,
ORD-101502,CUST-2920,04/10/2025,Marketplace,Debit Card,Refunded,South Africa,N/A,
ORD-101503,CUST-3554,05/28/2025,Website,Crypto,Processing,India,SAVE10,
ORD-101504,CUST-2101,2024/11/18,MOBILE APP,Cash on Delivery,Cancelled,FR,N/A,
ORD-101505,CUST-3569,24/05/2026,MOBILE APP,Debit Card,Cancelled,Canada,save10,
ORD-101506,CUST-1010,04-May-2024,,Cash on Delivery,Pending,australia,SAVE10,
ORD-101507,CUST-3548,11-Feb-2026,Phone Order,PayPal,Refunded,Australia,none,
ORD-101508,CUST-3463,30/09/2024,website,Credit Card,Pending,NG,none,
ORD-101509,CUST-3325,03-Jan-2024,Mobile App,PayPal,completed,Canada,N/A,
ORD-101510,CUST-3279,2026/05/18,Mobile App,Bank Transfer,Pending,CA,none,
ORD-101511,CUST-2136,06/10/2026,Website,Credit Card,Pending,France,,
ORD-101512,CUST-1460,2024-07-04,Phone Order,Crypto,Refunded,AU,,
ORD-101513,CUST-2678,"March 31, 2026",In-Store,PayPal,Delivered,canada,,
ORD-101514,CUST-2030,2025/07/14,Website,Bank Transfer,Completed,germany,N/A,
ORD-101515,CUST-3711,08/01/2025,In-Store,Bank Transfer,Completed,Australia,,
ORD-101516,CUST-1961,14/02/2024,In-Store,Credit Card,Cancelled,S. Africa,WELCOME2025,
ORD-101517,CUST-3057,03/04/2025,Website,Cash on Delivery,SHIPPED,AU,,
ORD-101518,CUST-2351,21-May-2024,Mobile App,Credit Card,completed,Britain,save10,
ORD-101519,CUST-3100,2024/01/17,Phone Order,Debit Card,Completed,FR,,
ORD-101520,CUST-2069,15/07/2025,Website,PayPal,Pending,Bharat,,
ORD-101521,CUST-3855,07/02/2026,Phone Order,Bank Transfer,Delivered,AU,,
ORD-101522,CUST-3103,2026/01/05,website,Crypto,Delivered,FR,,
ORD-101523,CUST-2096,"January 19, 2026",MOBILE APP,Cash on Delivery,Completed,Australia,save10,
ORD-101524,CUST-1584,17/06/2024,Website,Crypto,SHIPPED,US,,
ORD-101525,CUST-2733,01-Feb-2026,Phone Order,Crypto,Delivered,germany,none,
ORD-101526,CUST-1483,30/06/2026,Phone Order,credit card,Completed,AU,N/A,
ORD-101527,CUST-3773,20/04/2024,Marketplace,Credit Card,completed,Brazil,save10,
ORD-101528,CUST-1581,12-Dec-2024,Mobile App,Credit Card,Refunded,IN,save10,
ORD-101529,CUST-1324,01/10/2025,MOBILE APP,Debit Card,completed,RSA,SAVE10,
ORD-101530,CUST-3735,"March 03, 2024",In-Store,Cash on Delivery,Processing,germany,save10,
ORD-101531,CUST-1084,10-May-2025,In-Store,Crypto,Pending,Germany,WELCOME2025,
ORD-101532,CUST-2630,06/04/2025,Website,Cash on Delivery,completed,UK,WELCOME2025,
ORD-101533,CUST-3761,"October 18, 2025",website,PayPal,Completed,australia,WELCOME2025,
ORD-101534,CUST-1564,2025/06/20,website,credit card,Processing,South Africa,,
ORD-101535,CUST-1192,18/01/2024,Marketplace,credit card,Completed,Nigéria,WELCOME2025,
ORD-101536,CUST-2676,2024-07-09,website,Cash on Delivery,Delivered,Brasil,WELCOME2025,
ORD-101537,CUST-1500,"June 09, 2025",Mobile App,Crypto,Refunded,france,save10,
ORD-101538,CUST-3076,13/01/2025,website,PayPal,Pending,canada,SAVE10,
ORD-101539,CUST-3436,03/06/2025,Marketplace,credit card,Pending,Deutschland,,
ORD-101540,CUST-3227,11/09/2024,Phone Order,Debit Card,Completed,france,WELCOME2025,
ORD-101541,CUST-3836,23/03/2024,Website,PayPal,Pending,Nigeria,,
ORD-101542,CUST-3341,21-Jan-2025,In-Store,credit card,Processing,U.K.,save10,
ORD-101543,CUST-3441,2024/03/14,Mobile App,Crypto,SHIPPED,canada,WELCOME2025,
ORD-101544,CUST-3370,"December 17, 2025",Website,Credit Card,SHIPPED,BR,save10,
ORD-101545,CUST-1402,2024/02/28,Marketplace,credit card,Pending,canada,,
ORD-101546,CUST-2088,06-Dec-2024,Mobile App,Credit Card,SHIPPED,England,,
ORD-101547,CUST-1756,14-Oct-2025,website,Bank Transfer,Delivered,united states,WELCOME2025,
ORD-101548,CUST-1527,2025/12/26,MOBILE APP,PayPal,completed,Canada,SAVE10,
ORD-101549,CUST-1100,31/05/2025,MOBILE APP,Credit Card,SHIPPED,UK,,
ORD-101550,CUST-2038,10/06/2025,Mobile App,Cash on Delivery,SHIPPED,Brasil,none,
ORD-101551,CUST-3918,16/01/2025,Phone Order,PayPal,Pending,France,N/A,
ORD-101552,CUST-2510,"June 23, 2024",MOBILE APP,Bank Transfer,Cancelled,CA,,
ORD-101553,CUST-3491,2026/06/11,MOBILE APP,Bank Transfer,Refunded,Deutschland,WELCOME2025,
ORD-101554,CUST-2215,23/02/2026,Website,Cash on Delivery,Cancelled,FR,SAVE10,
ORD-101555,CUST-3793,2024/03/31,Marketplace,Crypto,Delivered,germany,save10,
ORD-101556,CUST-1186,2024/04/09,Mobile App,Bank Transfer,SHIPPED,S. Africa,save10,
ORD-101557,CUST-1013,2024/09/24,Phone Order,Bank Transfer,Pending,Brasil,save10,
ORD-101558,CUST-3221,2025-07-06,In-Store,Bank Transfer,Delivered,Australia,N/A,
ORD-101559,CUST-1481,08/02/2026,In-Store,Bank Transfer,Completed,united states,N/A,
ORD-101560,CUST-2344,26/12/2024,Mobile App,Debit Card,completed,France,WELCOME2025,
ORD-101561,CUST-2318,24-Feb-2024,Website,Debit Card,Delivered,Brasil,,
ORD-101562,CUST-2134,2024-05-15,In-Store,Crypto,Delivered,Germany,SAVE10,
ORD-101563,CUST-1551,2026/07/19,In-Store,Cash on Delivery,Processing,United States,WELCOME2025,
ORD-101564,CUST-3183,2026-05-19,website,Bank Transfer,Pending,canada,N/A,
ORD-101565,CUST-2830,19-Feb-2026,MOBILE APP,PayPal,completed,canada,save10,
ORD-101566,CUST-1603,27/02/2025,Mobile App,Bank Transfer,Completed,Deutschland,,
ORD-101567,CUST-3091,"April 10, 2024",Phone Order,credit card,Completed,Deutschland,save10,
ORD-101568,CUST-2968,2024/02/11,MOBILE APP,Crypto,Refunded,india,WELCOME2025,
ORD-101569,CUST-1255,06-Mar-2025,In-Store,Credit Card,Pending,france,save10,
ORD-101570,CUST-3884,2025-04-15,Marketplace,Debit Card,Processing,NG,WELCOME2025,
ORD-101571,CUST-1413,2025/09/07,Marketplace,Debit Card,Refunded,canada,,
ORD-101572,CUST-2903,04-Dec-2027,Marketplace,Crypto,Processing,RSA,,
ORD-101573,CUST-2806,04/06/2026,website,PayPal,Delivered,NG,none,
ORD-101067,CUST-3549,12/22/2025,website,Credit Card,Refunded,Nigéria,none,
ORD-101575,CUST-3314,06/10/2027,In-Store,PayPal,Pending,USA,,
ORD-101576,CUST-3652,25/11/2024,Phone Order,Cash on Delivery,Refunded,Canada,,
ORD-101577,CUST-1787,2024-11-09,Mobile App,Credit Card,Cancelled,Canada,none,
ORD-101578,CUST-2968,11/01/2024,Website,Crypto,completed,IN,SAVE10,
ORD-101579,CUST-3567,"March 04, 2024",Mobile App,Debit Card,Delivered,South Africa,,
ORD-101580,CUST-3692,2024-12-10,MOBILE APP,credit card,completed,Australia,save10,
ORD-101581,CUST-2132,08-Jun-2024,Phone Order,PayPal,Cancelled,Britain,N/A,
ORD-101582,CUST-1370,"May 03, 2026",website,Bank Transfer,Pending,England,save10,
ORD-101583,CUST-2873,17/07/2025,In-Store,PayPal,Pending,FR,none,
ORD-101584,CUST-2414,02/16/2024,website,credit card,completed,Australia,N/A,
ORD-101585,CUST-2983,07-Jul-2025,website,Debit Card,Pending,RSA,SAVE10,
ORD-101586,CUST-3091,09-Apr-2026,Marketplace,Crypto,Processing,UK,SAVE10,
ORD-101587,CUST-1269,26/02/2026,In-Store,Cash on Delivery,Pending,Brazil,,
ORD-101588,CUST-2566,10/13/2025,Phone Order,Cash on Delivery,Completed,Nigéria,,
ORD-101589,CUST-1828,05-Oct-2024,Marketplace,PayPal,Refunded,FR,WELCOME2025,
ORD-101590,CUST-2801,08-Feb-2024,Mobile App,credit card,Cancelled,DE,,
ORD-101591,CUST-3978,2026-03-30,Website,Crypto,Pending,ZA,SAVE10,
ORD-101592,CUST-2478,"December 19, 2024",In-Store,Debit Card,Completed,United States,SAVE10,
ORD-101593,CUST-3387,2025-09-08,In-Store,Credit Card,completed,Nigeria,WELCOME2025,
ORD-101594,CUST-3617,2025-02-23,Phone Order,Debit Card,Delivered,france,WELCOME2025,
ORD-101595,CUST-1486,22/03/2025,Marketplace,credit card,Pending,,WELCOME2025,
ORD-101596,CUST-1205,2025-02-30,Marketplace,Cash on Delivery,Cancelled,DE,WELCOME2025,
ORD-101597,CUST-1434,2026/06/09,Phone Order,Crypto,Delivered,FR,WELCOME2025,
ORD-101598,CUST-1777,2026-01-15,Website,credit card,Pending,canada,,
ORD-101599,CUST-2316,2026-03-03,website,PayPal,Refunded,australia,N/A,
ORD-101600,CUST-2455,20-Nov-2024,Website,Debit Card,SHIPPED,Brasil,,
ORD-101601,CUST-1415,2024/01/09,website,Cash on Delivery,SHIPPED,DE,,
ORD-101602,CUST-1163,10/17/2024,Phone Order,PayPal,Delivered,Brazil,none,
ORD-101603,CUST-3381,29-Jul-2024,Marketplace,Credit Card,Cancelled,CA,none,
ORD-100517,CUST-1510,09-Sep-2024,Website,Cash on Delivery,Processing,germany,save10,
ORD-101605,CUST-2259,06/30/2024,Website,Crypto,Cancelled,DE,,
ORD-101542,CUST-1799,21/03/2025,Marketplace,Credit Card,Pending,AU,WELCOME2025,
ORD-101607,CUST-2330,03/03/2025,Marketplace,Cash on Delivery,completed,Nigeria,save10,
ORD-101608,CUST-3372,03-Apr-2024,MOBILE APP,PayPal,Refunded,Nigéria,none,
ORD-101609,CUST-2931,07/04/2026,website,PayPal,SHIPPED,France,save10,
ORD-101610,CUST-3632,27-Jul-2025,website,PayPal,Cancelled,United Kingdom,,
ORD-101611,CUST-2050,23-Sep-2025,Marketplace,Bank Transfer,Completed,DE,N/A,
ORD-101612,CUST-3397,"January 16, 2025",Mobile App,Cash on Delivery,Completed,ZA,,
ORD-101613,CUST-3821,04-Dec-2025,website,Cash on Delivery,completed,FR,save10,
ORD-101614,CUST-2643,"August 23, 2024",website,credit card,SHIPPED,Australia,none,
ORD-101615,CUST-2137,"February 07, 2024",Website,Bank Transfer,SHIPPED,australia,,
ORD-101616,CUST-1572,2026-06-03,MOBILE APP,PayPal,SHIPPED,South Africa,none,
ORD-101617,CUST-1178,2025-01-21,MOBILE APP,Debit Card,SHIPPED,South Africa,N/A,
ORD-101618,CUST-1547,2024-05-27,Website,credit card,completed,france,save10,
ORD-101619,CUST-1737,2025/02/04,website,Crypto,Completed,australia,none,
ORD-101620,CUST-1256,2025-10-24,In-Store,Cash on Delivery,Pending,Nigeria,,
ORD-101621,CUST-2501,17-Nov-2024,Marketplace,PayPal,Delivered,France,save10,
ORD-101622,CUST-2692,2024/08/27,Website,Bank Transfer,Delivered,IN,SAVE10,
ORD-101623,CUST-3627,08-Jun-2026,Mobile App,Credit Card,Processing,india,,
ORD-101624,CUST-1873,10/10/2027,Mobile App,PayPal,SHIPPED,France,WELCOME2025,
ORD-101625,CUST-3548,2026-01-25,In-Store,credit card,Delivered,Germany,,
ORD-101626,CUST-2931,06/01/2025,Website,Debit Card,completed,Bharat,none,
ORD-101627,CUST-1495,"January 25, 2024",Website,Bank Transfer,Pending,Australia,,
ORD-101628,CUST-3034,"August 04, 2024",website,PayPal,Pending,france,SAVE10,
ORD-101629,CUST-1588,04-Feb-2024,In-Store,credit card,SHIPPED,nigeria,WELCOME2025,
ORD-101630,CUST-2194,"July 01, 2024",Phone Order,Bank Transfer,Completed,Brasil,WELCOME2025,
ORD-101631,CUST-1920,28-Apr-2026,Marketplace,Crypto,Completed,Bharat,N/A,
ORD-101632,CUST-3103,2026/05/12,Phone Order,Crypto,Pending,UK,N/A,
ORD-101633,CUST-3728,2025/04/07,Phone Order,PayPal,Processing,England,WELCOME2025,
ORD-101634,CUST-1164,29-Oct-2025,Mobile App,Debit Card,Pending,Australia,WELCOME2025,
ORD-101635,CUST-2106,05-May-2024,Website,PayPal,Cancelled,U.S.A.,WELCOME2025,
ORD-101636,CUST-1764,12/03/2025,In-Store,Bank Transfer,Delivered,Australia,SAVE10,
ORD-101637,CUST-1903,05/29/2024,Mobile App,Bank Transfer,Completed,australia,SAVE10,
ORD-101638,CUST-1247,2024/12/01,Marketplace,Crypto,Pending,germany,,
ORD-101639,CUST-1842,06/08/2025,Website,PayPal,Completed,South Africa,none,
ORD-101640,CUST-1312,16-Sep-2025,MOBILE APP,Debit Card,Processing,UK,WELCOME2025,
ORD-101641,CUST-1161,2025-09-02,Phone Order,Debit Card,Processing,United States,N/A,
ORD-101642,CUST-3591,04/25/2025,In-Store,Cash on Delivery,Pending,United Kingdom,,
ORD-101643,CUST-1526,"March 19, 2025",In-Store,credit card,Refunded,England,,
ORD-101644,CUST-1767,2026-05-24,Marketplace,PayPal,completed,United Kingdom,,
ORD-101645,CUST-2246,"January 25, 2026",website,Crypto,Cancelled,South Africa,,
ORD-101646,CUST-2513,07/01/2024,website,Credit Card,SHIPPED,UK,SAVE10,
ORD-101647,CUST-2836,2024/09/28,website,Crypto,Pending,BR,none,
ORD-101648,CUST-2651,28/07/2025,Phone Order,PayPal,SHIPPED,canada,WELCOME2025,
ORD-101649,CUST-2391,11/07/2024,MOBILE APP,PayPal,SHIPPED,IN,,
ORD-101650,CUST-1137,24/07/2027,Phone Order,PayPal,Completed,Deutschland,,
ORD-101651,CUST-1802,05/18/2025,Phone Order,Debit Card,SHIPPED,Nigéria,none,
ORD-101652,CUST-1699,"July 12, 2026",website,Debit Card,Cancelled,DE,,
ORD-101653,CUST-2737,08/13/2025,Mobile App,Credit Card,Refunded,England,N/A,
ORD-101654,CUST-2459,2024-11-25,Marketplace,Bank Transfer,Pending,France,save10,
ORD-101655,CUST-2164,2026/03/21,Phone Order,PayPal,Pending,U.S.A.,WELCOME2025,
ORD-101656,CUST-2807,"January 07, 2024",Website,Cash on Delivery,SHIPPED,France,SAVE10,
ORD-101657,CUST-1335,25/03/2024,In-Store,PayPal,Pending,Canada,,
ORD-101658,CUST-1158,23/07/2024,Mobile App,PayPal,SHIPPED,france,N/A,
ORD-101659,CUST-2263,07/18/2025,Mobile App,Debit Card,SHIPPED,IN,save10,
ORD-101660,CUST-3541,2024-02-09,website,Cash on Delivery,Delivered,Germany,WELCOME2025,
ORD-101661,CUST-1457,"April 02, 2025",Website,Debit Card,Refunded,Britain,N/A,
ORD-101662,CUST-3663,2025/07/16,Mobile App,Crypto,Refunded,U.K.,WELCOME2025,
ORD-101663,CUST-1028,"December 02, 2024",website,Bank Transfer,Cancelled,ZA,,
ORD-101664,CUST-1138,"August 22, 2024",MOBILE APP,Debit Card,completed,Germany,none,
ORD-101665,CUST-1568,2026/01/20,website,Debit Card,Refunded,india,save10,
ORD-101666,CUST-3695,07/01/2025,website,Cash on Delivery,Pending,Australia,N/A,
ORD-101667,CUST-1701,12/25/2024,In-Store,Credit Card,Pending,RSA,WELCOME2025,
ORD-101668,CUST-2109,"February 26, 2025",Mobile App,credit card,SHIPPED,nigeria,,
ORD-101669,CUST-2756,08/09/2025,Mobile App,Cash on Delivery,Completed,Bharat,,
ORD-101670,CUST-3450,"May 24, 2026",In-Store,Cash on Delivery,SHIPPED,Canada,,
ORD-101671,CUST-1077,09/10/2024,Mobile App,Crypto,Refunded,IN,save10,
ORD-101672,CUST-3391,2024-06-23,MOBILE APP,Bank Transfer,Delivered,Deutschland,SAVE10,
ORD-101673,CUST-3878,09/25/2024,Marketplace,Cash on Delivery,completed,india,none,
ORD-101674,CUST-3473,"July 18, 2026",MOBILE APP,Crypto,completed,canada,,
ORD-101675,CUST-2633,29-May-2024,Phone Order,Credit Card,Cancelled,RSA,N/A,
ORD-101676,CUST-1681,"September 18, 2025",website,Bank Transfer,completed,Brazil,N/A,
ORD-101677,CUST-2277,2024/10/14,Phone Order,Bank Transfer,Processing,CA,WELCOME2025,
ORD-101678,CUST-2500,2026-01-10,website,Crypto,Processing,India,,
ORD-101679,CUST-3010,"August 25, 2024",website,Bank Transfer,Completed,Nigeria,,
ORD-101680,CUST-1137,04/28/2026,website,Debit Card,Completed,RSA,save10,
ORD-101681,CUST-2330,2026-05-05,MOBILE APP,credit card,Pending,canada,,
ORD-101682,CUST-2587,15/11/2024,Marketplace,credit card,Cancelled,FR,WELCOME2025,
ORD-101683,CUST-1068,02-Mar-2025,MOBILE APP,Crypto,SHIPPED,Nigéria,save10,
ORD-101684,CUST-1430,2026-03-06,Mobile App,credit card,Processing,France,SAVE10,
ORD-101685,CUST-1429,15-Oct-2025,MOBILE APP,Crypto,Delivered,Britain,save10,
ORD-101686,CUST-3716,"January 09, 2026",Website,credit card,Completed,UK,WELCOME2025,
ORD-101687,CUST-1378,10-Nov-2024,website,credit card,SHIPPED,Britain,none,
ORD-101688,CUST-3104,2024/02/21,In-Store,Crypto,Processing,France,SAVE10,
ORD-101689,CUST-1659,14/10/2024,Website,PayPal,Delivered,US,save10,
ORD-101690,CUST-3096,2024-04-16,Phone Order,Bank Transfer,completed,FR,N/A,
ORD-101691,CUST-2696,"June 02, 2026",Website,Credit Card,Processing,CA,SAVE10,
ORD-101692,CUST-1687,"September 28, 2025",Phone Order,Debit Card,Pending,CA,,
ORD-101693,CUST-1871,15/05/2025,Website,PayPal,Pending,NG,none,
ORD-101694,CUST-3965,2025-03-20,MOBILE APP,Bank Transfer,Cancelled,IN,,
ORD-101695,CUST-1130,04/14/2025,Mobile App,Crypto,Delivered,S. Africa,none,
ORD-101696,CUST-2349,2024-03-06,Website,credit card,Pending,U.S.A.,,
ORD-101697,CUST-2836,31/01/2024,In-Store,Cash on Delivery,Refunded,Brasil,,
ORD-101698,CUST-3241,2024/07/02,Marketplace,Crypto,Processing,United States of America,none,
ORD-100304,CUST-1236,24/10/2025,Phone Order,Debit Card,completed,RSA,none,
ORD-101700,CUST-1311,"August 02, 2025",In-Store,credit card,Completed,germany,,
ORD-101701,CUST-2203,2025/10/07,MOBILE APP,Debit Card,Delivered,india,,
ORD-101702,CUST-2678,"May 04, 2024",website,Credit Card,Processing,BR,none,
ORD-101703,CUST-1883,2026-06-22,In-Store,Cash on Delivery,Completed,Britain,SAVE10,
ORD-101704,CUST-2523,06/05/2024,website,Credit Card,Processing,BR,N/A,
ORD-101705,CUST-2721,24/04/2024,MOBILE APP,Debit Card,Completed,France,N/A,
ORD-101706,CUST-1425,2025/04/24,website,Credit Card,completed,Germany,save10,
ORD-101048,CUST-1412,02-Aug-2025,Website,credit card,Processing,BR,N/A,
ORD-101708,CUST-3624,2024/10/13,MOBILE APP,Debit Card,Refunded,Brasil,none,
ORD-101709,CUST-3864,2024/10/18,MOBILE APP,Credit Card,Completed,United States of America,,
ORD-101710,CUST-1028,20/03/2025,In-Store,Debit Card,completed,FR,N/A,
ORD-101711,CUST-2890,"September 23, 2024",Phone Order,Debit Card,Cancelled,Britain,SAVE10,
ORD-101712,CUST-1267,11-May-2025,Website,Crypto,completed,S. Africa,WELCOME2025,
ORD-101713,CUST-1066,2025-11-12,Marketplace,Credit Card,Processing,India,save10,
ORD-101714,CUST-1318,"February 20, 2026",Marketplace,Cash on Delivery,Pending,,N/A,
ORD-101715,CUST-1238,08/06/2026,Phone Order,Cash on Delivery,SHIPPED,France,SAVE10,
ORD-101716,CUST-3200,08/29/2024,Marketplace,Credit Card,Refunded,England,SAVE10,
ORD-101717,CUST-2268,2025/04/04,Marketplace,credit card,Processing,Canada,save10,
ORD-101718,CUST-1557,"February 23, 2025",Marketplace,Credit Card,Cancelled,U.S.A.,none,
ORD-101719,CUST-1810,08-Jul-2026,Phone Order,Bank Transfer,Refunded,ZA,N/A,
ORD-101720,CUST-1385,22-Jun-2025,Website,credit card,Refunded,IN,none,
ORD-101721,CUST-2027,18/04/2024,MOBILE APP,PayPal,Refunded,AU,SAVE10,
ORD-101722,CUST-1518,06/01/2026,website,PayPal,Delivered,ZA,,
ORD-101723,CUST-3439,20-Apr-2026,MOBILE APP,Debit Card,Pending,ZA,none,
ORD-101724,CUST-2075,2025-06-26,MOBILE APP,Bank Transfer,SHIPPED,india,WELCOME2025,
ORD-101725,CUST-1898,"July 17, 2027",MOBILE APP,Debit Card,Refunded,S. Africa,N/A,
ORD-101726,CUST-2985,"April 10, 2025",Phone Order,credit card,Processing,UK,save10,
ORD-101727,CUST-1004,06/13/2024,Website,Cash on Delivery,Pending,Nigéria,WELCOME2025,
ORD-101728,CUST-2128,02/12/2025,MOBILE APP,Crypto,completed,United Kingdom,save10,
ORD-101729,CUST-2568,18-Jul-2026,MOBILE APP,Debit Card,Refunded,RSA,save10,
ORD-101730,CUST-1270,05/25/2025,website,Credit Card,Delivered,Nigeria,WELCOME2025,
ORD-101731,CUST-2218,2024/05/12,MOBILE APP,Debit Card,completed,AU,,
ORD-101732,CUST-1920,12/05/2026,website,Crypto,Pending,france,,
ORD-101733,CUST-2949,05/29/2025,Phone Order,PayPal,Processing,RSA,,
ORD-101734,CUST-1661,2025-06-17,MOBILE APP,credit card,Processing,Australia,,
ORD-101735,CUST-3164,2024/10/12,Phone Order,Cash on Delivery,SHIPPED,South Africa,SAVE10,
ORD-101736,CUST-2964,"July 27, 2024",MOBILE APP,Credit Card,Refunded,NG,SAVE10,
ORD-101737,CUST-3969,30-Sep-2024,MOBILE APP,credit card,Processing,Brazil,none,
ORD-101738,CUST-2645,08/16/2024,In-Store,Credit Card,SHIPPED,australia,,
ORD-101739,CUST-2402,14-Jan-2026,website,Credit Card,Pending,india,,
ORD-101740,CUST-2931,2024/06/14,Phone Order,Cash on Delivery,SHIPPED,Australia,save10,
ORD-101741,CUST-3019,10/04/2024,Marketplace,PayPal,Pending,U.K.,,
ORD-101742,CUST-2325,07-Jan-2025,In-Store,Bank Transfer,Refunded,canada,N/A,
ORD-101743,CUST-3432,2024-04-30,In-Store,Debit Card,completed,IN,N/A,
ORD-101744,CUST-3329,19/09/2024,In-Store,Crypto,Refunded,Bharat,,
ORD-101745,CUST-3490,2026-02-26,Website,Debit Card,Refunded,CA,save10,
ORD-101746,CUST-3220,01/19/2026,Mobile App,Bank Transfer,completed,UK,,
ORD-101747,CUST-3228,"September 24, 2024",website,Bank Transfer,Pending,germany,SAVE10,
ORD-101748,CUST-1414,24/07/2024,Mobile App,Credit Card,Delivered,CA,,
ORD-101749,CUST-1414,"June 28, 2026",Marketplace,Cash on Delivery,Refunded,AU,,
ORD-101750,CUST-2009,04-Jan-2026,Website,Debit Card,Completed,U.K.,,
ORD-101751,CUST-2983,2025-06-23,website,credit card,Refunded,Canada,N/A,
ORD-101752,CUST-3501,03/06/2025,Phone Order,Bank Transfer,Processing,India,none,
ORD-101753,CUST-2715,10/06/2024,Phone Order,credit card,completed,Bharat,WELCOME2025,
ORD-101754,CUST-1540,15-Sep-2024,MOBILE APP,Cash on Delivery,Completed,S. Africa,SAVE10,
ORD-101755,CUST-2059,2024-02-14,Marketplace,Bank Transfer,SHIPPED,DE,,
ORD-101756,CUST-1817,2026/04/27,website,Crypto,Completed,Australia,,
ORD-101757,CUST-3552,07/12/2025,Phone Order,Debit Card,Completed,canada,none,
ORD-101758,CUST-2191,03/05/2026,Website,PayPal,Completed,NG,SAVE10,
ORD-101759,CUST-2904,03-Feb-2026,MOBILE APP,Bank Transfer,Refunded,USA,SAVE10,
ORD-101760,CUST-1642,"July 15, 2025",In-Store,credit card,SHIPPED,DE,SAVE10,
ORD-101761,CUST-2139,"November 04, 2024",MOBILE APP,Bank Transfer,completed,canada,none,
ORD-101762,CUST-2096,"December 20, 2024",website,Crypto,Refunded,australia,WELCOME2025,
ORD-101763,CUST-2749,12-Jan-2024,Phone Order,credit card,SHIPPED,S. Africa,WELCOME2025,
ORD-101764,CUST-3625,26/01/2026,MOBILE APP,PayPal,Cancelled,FR,SAVE10,
ORD-101765,CUST-1947,02/04/2026,Website,credit card,Refunded,CA,SAVE10,
ORD-101766,CUST-3152,05-Nov-2024,In-Store,Crypto,Refunded,Brasil,N/A,
ORD-101767,CUST-1067,16/05/2025,In-Store,Credit Card,Completed,nigeria,,
ORD-101768,CUST-2337,07/12/2026,Phone Order,Debit Card,Delivered,S. Africa,,
ORD-101769,CUST-2833,2025/09/04,Mobile App,Crypto,completed,U.K.,SAVE10,
ORD-101770,CUST-2137,2025-02-21,Phone Order,Debit Card,SHIPPED,france,SAVE10,
ORD-101771,CUST-2381,30-Nov-2025,Marketplace,Debit Card,Processing,France,SAVE10,
ORD-101772,CUST-2033,2026/06/08,website,Credit Card,Delivered,Germany,SAVE10,
ORD-101773,CUST-2341,10/02/2025,In-Store,Credit Card,Cancelled,Germany,WELCOME2025,
ORD-101774,CUST-1233,28-Mar-2024,In-Store,Cash on Delivery,Delivered,France,,
ORD-101775,CUST-3709,24-May-2025,Marketplace,PayPal,Pending,Brazil,,
ORD-101776,CUST-3062,2027/03/28,Website,credit card,SHIPPED,Canada,,
ORD-101777,CUST-3678,15-Dec-2024,In-Store,Cash on Delivery,Pending,CA,,
ORD-101778,CUST-3792,"April 04, 2026",Mobile App,Cash on Delivery,Delivered,france,WELCOME2025,
ORD-101779,CUST-3093,2025/06/09,Mobile App,Bank Transfer,Delivered,Deutschland,N/A,
ORD-101780,CUST-2799,09/11/2024,Website,PayPal,Processing,india,none,
ORD-101781,CUST-1612,2026/05/26,Mobile App,Crypto,Processing,United Kingdom,save10,
ORD-101782,CUST-1518,08/24/2025,In-Store,Credit Card,Delivered,CA,,
ORD-101133,CUST-3894,2026/05/13,Marketplace,Credit Card,Processing,nigeria,,
ORD-101784,CUST-1070,"April 15, 2024",Website,Crypto,Pending,RSA,N/A,
ORD-101785,CUST-2635,2024/10/10,Website,credit card,Completed,AU,,
ORD-101786,CUST-1815,16/12/2025,Website,Crypto,Cancelled,germany,WELCOME2025,
ORD-101787,CUST-2717,25-Apr-2026,Website,Debit Card,Refunded,S. Africa,,
ORD-101788,CUST-2290,"January 04, 2026",website,Cash on Delivery,Delivered,IN,WELCOME2025,
ORD-101789,CUST-1956,2025-09-06,In-Store,Credit Card,completed,Brasil,SAVE10,
ORD-101790,CUST-2421,"June 04, 2024",website,credit card,completed,united states,,
ORD-101791,CUST-1550,18/08/2024,Website,Cash on Delivery,Pending,U.S.A.,SAVE10,
ORD-101792,CUST-2497,2025-08-13,Phone Order,Crypto,completed,Nigéria,none,
ORD-101793,CUST-2592,01/11/2025,Website,PayPal,Delivered,England,,
ORD-101794,CUST-3342,02/25/2025,Website,Bank Transfer,Processing,South Africa,,
ORD-101795,CUST-1396,2024/12/01,Mobile App,PayPal,Processing,Bharat,none,
ORD-101796,CUST-2550,2024-09-12,In-Store,PayPal,Delivered,Deutschland,SAVE10,
ORD-101797,CUST-1059,29-Jan-2026,In-Store,credit card,SHIPPED,Brasil,WELCOME2025,
ORD-101798,CUST-2694,04/06/2024,Marketplace,PayPal,Completed,Germany,none,
ORD-101799,CUST-1322,2024-08-13,Phone Order,Crypto,Completed,Australia,SAVE10,
ORD-101800,CUST-2834,2025/02/21,In-Store,Credit Card,completed,France,,
ORD-101801,CUST-1461,02/09/2024,MOBILE APP,Debit Card,completed,Deutschland,none,
ORD-101802,CUST-3413,02/07/2025,Mobile App,Credit Card,Delivered,United States,SAVE10,
ORD-101803,CUST-1027,2024-07-11,MOBILE APP,Bank Transfer,Refunded,U.K.,none,
ORD-101804,CUST-2090,01/13/2024,In-Store,Crypto,Processing,Brasil,,
ORD-101805,CUST-1324,2024-06-05,Mobile App,Cash on Delivery,Processing,United Kingdom,,
ORD-101806,CUST-1840,"December 22, 2025",Mobile App,Credit Card,SHIPPED,FR,WELCOME2025,
ORD-101807,CUST-2906,2025/08/01,website,Crypto,completed,Canada,save10,
ORD-101808,CUST-3360,05-Nov-2025,Marketplace,credit card,Delivered,canada,SAVE10,
ORD-101809,CUST-1433,2025/08/20,MOBILE APP,Cash on Delivery,Completed,U.S.A.,SAVE10,
ORD-101810,CUST-2322,13-May-2024,Phone Order,Debit Card,Cancelled,France,,
ORD-101811,CUST-2273,27-Oct-2024,Website,PayPal,Cancelled,Canada,WELCOME2025,
ORD-101812,CUST-2520,09-Oct-2024,MOBILE APP,Crypto,Pending,South Africa,SAVE10,
ORD-101813,CUST-3916,2025/08/01,website,credit card,Processing,AU,,
ORD-101814,CUST-1830,11/04/2026,MOBILE APP,credit card,Refunded,canada,N/A,
ORD-101815,CUST-1217,05/02/2026,website,PayPal,Processing,France,none,
ORD-101816,CUST-3783,2024/07/05,In-Store,Debit Card,Processing,BR,save10,
ORD-101817,CUST-1096,2024/08/14,Website,PayPal,Pending,United States,WELCOME2025,
ORD-101818,CUST-2682,"August 22, 2025",Phone Order,PayPal,Cancelled,Canada,none,
ORD-101819,CUST-2034,"January 28, 2025",Phone Order,Crypto,completed,nigeria,WELCOME2025,
ORD-101820,CUST-2454,09/26/2025,website,Bank Transfer,Refunded,NG,,
ORD-101821,CUST-3485,08/25/2024,Website,Credit Card,completed,canada,N/A,
ORD-101822,CUST-3494,14-Aug-2025,MOBILE APP,Crypto,SHIPPED,United States,,
ORD-101823,CUST-2608,2026-01-22,Mobile App,Debit Card,SHIPPED,US,,
ORD-101824,CUST-2441,2024/03/22,website,Credit Card,Processing,ZA,save10,
ORD-101825,CUST-1732,18-Dec-2025,Website,Cash on Delivery,Cancelled,Brasil,none,
ORD-101826,CUST-1713,20-Jul-2026,In-Store,Debit Card,Refunded,india,SAVE10,
ORD-101827,CUST-2320,15-Jun-2026,MOBILE APP,Credit Card,Delivered,RSA,,
ORD-101828,CUST-1135,2026-01-17,website,Crypto,Cancelled,france,,
ORD-101829,CUST-3770,2025/10/07,Marketplace,Crypto,Refunded,BR,save10,
ORD-101830,CUST-2149,11/05/2026,MOBILE APP,credit card,Refunded,Brazil,SAVE10,
ORD-101831,CUST-3373,2025/12/27,Website,PayPal,Pending,AU,,
ORD-101832,CUST-3699,22/10/2024,Mobile App,Credit Card,Processing,Canada,N/A,
ORD-101833,CUST-3052,28-Aug-2024,Mobile App,credit card,Completed,U.K.,WELCOME2025,
ORD-101834,CUST-2519,"June 13, 2026",Marketplace,Bank Transfer,Processing,FR,N/A,
ORD-101835,CUST-1525,04/02/2025,Phone Order,Debit Card,Completed,India,save10,
ORD-101836,CUST-1112,2024-03-15,Website,Debit Card,Cancelled,FR,,
ORD-101837,CUST-1223,13/06/2025,In-Store,PayPal,Processing,United Kingdom,none,
ORD-101838,CUST-3131,"February 26, 2026",In-Store,PayPal,Cancelled,FR,WELCOME2025,
ORD-101839,CUST-1443,12/02/2027,Phone Order,Credit Card,completed,ZA,SAVE10,
ORD-101840,CUST-1022,03/26/2026,Marketplace,Crypto,SHIPPED,RSA,none,
ORD-101841,CUST-3132,28-Dec-2025,MOBILE APP,Debit Card,SHIPPED,England,none,
ORD-101842,CUST-3580,"June 22, 2024",Marketplace,credit card,Delivered,UK,save10,
ORD-101843,CUST-2109,01/22/2024,Mobile App,credit card,Refunded,Brazil,,
ORD-101844,CUST-1385,2024-10-07,Website,Cash on Delivery,Completed,Nigeria,SAVE10,
ORD-101845,CUST-3097,12/04/2024,In-Store,Credit Card,Completed,France,none,
ORD-101846,CUST-1117,"April 05, 2025",Website,Cash on Delivery,Cancelled,Britain,SAVE10,
ORD-101847,CUST-1705,2025-02-04,Mobile App,Cash on Delivery,Completed,India,WELCOME2025,
ORD-101848,CUST-2117,12/12/2024,MOBILE APP,Cash on Delivery,Delivered,canada,none,
ORD-101849,CUST-2233,10/02/2024,Mobile App,Credit Card,Completed,CA,none,
ORD-101850,CUST-3670,2024-01-27,Phone Order,Debit Card,Pending,RSA,WELCOME2025,
ORD-101851,CUST-2562,20/03/2025,MOBILE APP,Bank Transfer,completed,Britain,save10,
ORD-101852,CUST-3690,30-Jun-2026,Mobile App,Debit Card,SHIPPED,nigeria,save10,
ORD-101853,CUST-3781,"September 10, 2024",Phone Order,Credit Card,Processing,Brasil,,
ORD-101854,CUST-2531,18/02/2024,Website,Crypto,Refunded,DE,save10,
ORD-101855,CUST-1907,24-Jan-2024,Marketplace,PayPal,Processing,U.K.,N/A,
ORD-101856,CUST-3986,2026/02/18,website,Bank Transfer,completed,nigeria,WELCOME2025,
ORD-101857,CUST-2983,2024/05/28,In-Store,Credit Card,Delivered,Germany,N/A,
ORD-101858,CUST-3173,2024-08-08,Marketplace,Crypto,Pending,United States of America,N/A,
ORD-101859,CUST-2673,2024-08-29,MOBILE APP,credit card,Delivered,BR,none,
ORD-101860,CUST-1472,"January 08, 2026",Phone Order,Crypto,SHIPPED,ZA,none,
ORD-101861,CUST-3844,"January 03, 2025",In-Store,PayPal,Refunded,UK,N/A,
ORD-101862,CUST-1855,2025-07-11,In-Store,Credit Card,Refunded,UK,none,
ORD-101863,CUST-3196,"December 09, 2025",website,Debit Card,Completed,USA,,
ORD-101864,CUST-2503,"December 19, 2024",MOBILE APP,PayPal,Pending,NG,WELCOME2025,
ORD-101865,CUST-1563,11/04/2026,MOBILE APP,Credit Card,Delivered,Bharat,none,
ORD-101866,CUST-2554,2026-02-21,MOBILE APP,Debit Card,Refunded,South Africa,,
ORD-101867,CUST-3719,07-Jan-2026,MOBILE APP,Crypto,Delivered,France,SAVE10,
ORD-101868,CUST-1683,2026/03/23,Phone Order,PayPal,Refunded,Deutschland,none,
ORD-101869,CUST-2616,09/20/2024,Marketplace,Debit Card,Processing,Deutschland,save10,
ORD-101870,CUST-3307,10/06/2026,website,Credit Card,Processing,United States,,
ORD-101871,CUST-3395,01-Jun-2025,In-Store,Credit Card,Completed,U.S.A.,save10,
ORD-101872,CUST-3154,2024/04/30,Marketplace,Cash on Delivery,Completed,RSA,none,
ORD-101873,CUST-1612,"April 28, 2026",MOBILE APP,Crypto,Cancelled,AU,SAVE10,
ORD-101874,CUST-2975,2026-07-20,Website,credit card,Refunded,Australia,SAVE10,
ORD-101875,CUST-2379,2025-04-03,MOBILE APP,Bank Transfer,Processing,U.K.,WELCOME2025,
ORD-101876,CUST-3801,08/11/2024,Phone Order,Debit Card,SHIPPED,ZA,,
ORD-101877,CUST-3715,07/16/2025,In-Store,Cash on Delivery,completed,india,SAVE10,
ORD-101878,CUST-2049,09/13/2025,Mobile App,Cash on Delivery,Cancelled,france,N/A,
ORD-101879,CUST-2069,"June 22, 2024",Phone Order,credit card,Delivered,united states,save10,
ORD-101880,CUST-2104,"December 14, 2025",MOBILE APP,PayPal,SHIPPED,Deutschland,,
ORD-101881,CUST-3011,29-May-2024,Phone Order,Crypto,Refunded,BR,WELCOME2025,
ORD-101882,CUST-1614,2024-04-07,MOBILE APP,credit card,SHIPPED,Australia,SAVE10,
ORD-101883,CUST-1394,2024-08-15,website,Debit Card,Pending,ZA,,
ORD-101884,CUST-1804,13-Nov-2025,In-Store,Bank Transfer,Processing,ZA,WELCOME2025,
ORD-101885,CUST-3324,2026-05-04,Website,Bank Transfer,Cancelled,Germany,SAVE10,
ORD-101886,CUST-2172,09-Jul-2024,website,Debit Card,Processing,FR,none,
ORD-101887,CUST-2437,2026-05-27,In-Store,Credit Card,Processing,Canada,none,
ORD-101888,CUST-1007,12/01/2025,website,Credit Card,Refunded,UK,WELCOME2025,
ORD-101889,CUST-1048,10/20/2025,Marketplace,Bank Transfer,Completed,canada,SAVE10,
ORD-101890,CUST-1331,"October 17, 2024",In-Store,PayPal,Cancelled,USA,SAVE10,
ORD-101891,CUST-2454,21/07/2025,Phone Order,Bank Transfer,SHIPPED,AU,,
ORD-101892,CUST-1576,28-Mar-2025,Website,credit card,Completed,FR,save10,
ORD-101893,CUST-2043,"April 23, 2026",In-Store,Bank Transfer,completed,Nigéria,N/A,
ORD-101894,CUST-3724,2026-03-29,MOBILE APP,Bank Transfer,Pending,FR,,
ORD-101895,CUST-1716,25/05/2025,In-Store,Debit Card,Pending,Nigéria,none,
ORD-101896,CUST-3966,06-Feb-2025,website,Credit Card,Refunded,france,SAVE10,
ORD-101897,CUST-3906,2025-06-05,Mobile App,PayPal,Delivered,CA,none,
ORD-101898,CUST-3901,20-May-2025,MOBILE APP,Credit Card,Processing,Brazil,,
ORD-101899,CUST-1960,01/20/2026,Website,Debit Card,Delivered,U.K.,WELCOME2025,
ORD-101900,CUST-1060,24-May-2026,Mobile App,PayPal,Processing,india,SAVE10,
ORD-101901,CUST-2425,01/26/2024,Phone Order,Credit Card,Refunded,Britain,SAVE10,
ORD-101902,CUST-3436,2025/03/04,Marketplace,credit card,SHIPPED,india,SAVE10,
ORD-101903,CUST-1009,2025-01-03,website,Cash on Delivery,Completed,Britain,SAVE10,
ORD-101904,CUST-1654,"June 03, 2026",Website,Cash on Delivery,Delivered,BR,SAVE10,
ORD-101905,CUST-2252,"March 12, 2026",Website,Debit Card,completed,RSA,save10,
ORD-101906,CUST-2721,2025/05/24,Phone Order,Cash on Delivery,Refunded,Nigeria,save10,
ORD-101907,CUST-1768,2025-10-26,Phone Order,Debit Card,Pending,india,SAVE10,
ORD-101908,CUST-3381,2025-03-28,Website,Credit Card,completed,England,none,
ORD-101909,CUST-1270,2026-05-16,Mobile App,PayPal,Processing,Nigéria,none,
ORD-101910,CUST-1375,"January 21, 2025",Website,Cash on Delivery,Refunded,BR,N/A,
ORD-101911,CUST-1002,"January 02, 2026",MOBILE APP,PayPal,Pending,Nigéria,N/A,
ORD-101912,CUST-2611,2025/11/28,Phone Order,Credit Card,Completed,Brasil,save10,
ORD-101913,CUST-1148,09-Feb-2024,Phone Order,Cash on Delivery,Completed,United Kingdom,WELCOME2025,
ORD-101914,CUST-2736,"May 05, 2025",Phone Order,credit card,Processing,AU,N/A,
ORD-101915,CUST-2296,03/04/2026,Mobile App,Credit Card,SHIPPED,Germany,,
ORD-101916,CUST-2460,2024/11/16,In-Store,Bank Transfer,Refunded,CA,SAVE10,
ORD-101917,CUST-2174,2024/02/06,In-Store,Bank Transfer,Refunded,FR,SAVE10,
ORD-101918,CUST-2115,"May 11, 2025",MOBILE APP,PayPal,completed,USA,none,
ORD-101919,CUST-1521,22/02/2025,MOBILE APP,credit card,Cancelled,USA,WELCOME2025,
ORD-101920,CUST-3657,22/08/2025,In-Store,Crypto,Cancelled,Brazil,SAVE10,
ORD-101921,CUST-1167,2026-01-31,Phone Order,Credit Card,Refunded,canada,save10,
ORD-101922,CUST-2957,2026-01-03,MOBILE APP,Debit Card,SHIPPED,S. Africa,N/A,
ORD-101923,CUST-2962,26/09/2024,Marketplace,credit card,Processing,australia,none,
ORD-101924,CUST-3636,10/31/2024,MOBILE APP,Crypto,SHIPPED,Canada,save10,
ORD-101925,CUST-3957,25/09/2024,Mobile App,Debit Card,completed,france,,
ORD-101926,CUST-3692,26/07/2024,Phone Order,Crypto,Delivered,ZA,N/A,
ORD-101927,CUST-3750,01/05/2024,Marketplace,Bank Transfer,Delivered,france,save10,
ORD-101928,CUST-2503,07/11/2024,Mobile App,Debit Card,Processing,Nigeria,none,
ORD-101929,CUST-1628,2025-04-06,Marketplace,Cash on Delivery,Refunded,US,save10,
ORD-101930,CUST-1539,"April 14, 2024",MOBILE APP,Bank Transfer,Cancelled,UK,save10,
ORD-101931,CUST-2135,06/27/2025,Website,credit card,Processing,BR,save10,
ORD-101932,CUST-1489,2025-12-24,MOBILE APP,Debit Card,Completed,United States,N/A,
ORD-101933,CUST-2785,16-Jun-2024,MOBILE APP,Cash on Delivery,Cancelled,Nigeria,WELCOME2025,
ORD-101934,CUST-3908,01/08/2025,Phone Order,PayPal,Refunded,United States,N/A,
ORD-101935,CUST-1613,2024/10/27,In-Store,PayPal,SHIPPED,india,none,
ORD-101936,CUST-2855,"July 23, 2025",In-Store,Bank Transfer,Refunded,Canada,WELCOME2025,
ORD-101937,CUST-1489,"January 08, 2025",website,credit card,Pending,Brasil,save10,
ORD-101938,CUST-2376,05/03/2024,Mobile App,PayPal,Cancelled,Canada,N/A,
ORD-101939,CUST-2628,01/29/2026,In-Store,Credit Card,Delivered,UK,,
ORD-101940,CUST-1962,01/05/2026,Mobile App,Debit Card,Pending,Bharat,N/A,
ORD-101941,CUST-2486,05-Jul-2025,MOBILE APP,Crypto,Completed,UK,,
ORD-101942,CUST-1798,"May 25, 2026",MOBILE APP,Credit Card,SHIPPED,Brazil,,
ORD-101943,CUST-2392,01/17/2025,MOBILE APP,Cash on Delivery,SHIPPED,FR,SAVE10,
ORD-101944,CUST-1498,03-Feb-2024,Marketplace,Debit Card,Refunded,FR,none,
ORD-101945,CUST-1046,"July 26, 2024",Phone Order,Bank Transfer,Cancelled,NG,none,
ORD-101946,CUST-2605,"March 03, 2024",Marketplace,Credit Card,SHIPPED,IN,N/A,
ORD-101947,CUST-3436,01/09/2027,Mobile App,Crypto,Pending,Britain,WELCOME2025,
ORD-101274,CUST-1456,2024/10/30,Marketplace,Crypto,SHIPPED,NG,N/A,
ORD-101949,CUST-2182,06/02/2026,In-Store,Crypto,SHIPPED,U.S.A.,,
ORD-101950,CUST-1543,2025/04/04,Mobile App,credit card,Completed,Bharat,,
ORD-101951,CUST-2842,2024-10-12,In-Store,Debit Card,Pending,CA,,
ORD-101952,CUST-2586,05-Nov-2024,Marketplace,Bank Transfer,SHIPPED,France,,
ORD-101953,CUST-2133,2024-01-30,In-Store,Credit Card,completed,United States of America,SAVE10,
ORD-101954,CUST-3117,"February 15, 2026",Website,credit card,Cancelled,canada,save10,
ORD-101955,CUST-1470,2025/04/19,Website,Credit Card,Refunded,Australia,save10,
ORD-101956,CUST-3522,09/05/2024,website,Debit Card,completed,CA,,
ORD-101957,CUST-3857,06/08/2026,MOBILE APP,Cash on Delivery,Delivered,Bharat,SAVE10,
ORD-101958,CUST-2074,04/09/2026,Website,Crypto,Cancelled,U.K.,,
ORD-101959,CUST-3416,06/25/2024,MOBILE APP,credit card,Processing,BR,WELCOME2025,
ORD-101960,CUST-2511,2025/01/19,MOBILE APP,Credit Card,Processing,S. Africa,SAVE10,
ORD-101961,CUST-2420,"May 08, 2025",Phone Order,Bank Transfer,Cancelled,UK,,
ORD-101962,CUST-3173,23-Jun-2027,Mobile App,credit card,Processing,Nigéria,,
ORD-101963,CUST-1244,04/14/2026,Website,Bank Transfer,SHIPPED,france,N/A,
ORD-101964,CUST-2232,2024/04/29,Mobile App,credit card,Delivered,NG,none,
ORD-101965,CUST-1361,12/19/2027,In-Store,Credit Card,SHIPPED,FR,save10,
ORD-101966,CUST-2709,2024/06/29,Mobile App,PayPal,Delivered,UK,save10,
ORD-101967,CUST-2118,"November 15, 2025",website,PayPal,Refunded,canada,,
ORD-101968,CUST-3479,"May 13, 2024",Website,PayPal,completed,canada,,
ORD-101969,CUST-2688,"July 13, 2025",Website,Cash on Delivery,Delivered,US,SAVE10,
ORD-101970,CUST-3245,26-Apr-2025,Website,Debit Card,SHIPPED,Canada,,
ORD-101971,CUST-3996,18-Jul-2025,website,Credit Card,Delivered,NG,WELCOME2025,
ORD-101972,CUST-2319,2024-05-21,Phone Order,Crypto,Processing,United States,WELCOME2025,
ORD-101973,CUST-3979,"March 15, 2026",In-Store,Credit Card,Cancelled,UK,,
ORD-101974,CUST-2006,2025/10/14,MOBILE APP,Debit Card,Pending,DE,,
ORD-101975,CUST-3697,27/09/2024,Website,Credit Card,Completed,Australia,none,
ORD-101976,CUST-3717,11/26/2024,website,Credit Card,completed,BR,SAVE10,
ORD-101977,CUST-3824,20-Nov-2024,Phone Order,Crypto,SHIPPED,FR,,
ORD-101978,CUST-3004,16-Dec-2025,website,Crypto,Pending,Nigéria,SAVE10,
ORD-101979,CUST-2378,24-Feb-2026,website,Cash on Delivery,Processing,Nigéria,save10,
ORD-101980,CUST-1136,2025-12-10,Marketplace,Debit Card,completed,canada,WELCOME2025,
ORD-100089,CUST-2394,20-Sep-2024,MOBILE APP,PayPal,Delivered,Nigéria,,
ORD-101982,CUST-3320,2025/01/29,website,Crypto,Refunded,india,SAVE10,
ORD-101983,CUST-1176,03/03/2026,Marketplace,credit card,completed,germany,,
ORD-100633,CUST-2733,"March 11, 2024",Mobile App,credit card,completed,FR,none,
ORD-101985,CUST-1152,03/15/2026,MOBILE APP,Credit Card,Delivered,australia,WELCOME2025,
ORD-101986,CUST-1377,06/04/2024,MOBILE APP,PayPal,Refunded,USA,SAVE10,
ORD-101987,CUST-2856,"August 11, 2024",MOBILE APP,Crypto,Cancelled,united states,,
ORD-101988,CUST-3810,15-Feb-2025,Website,Credit Card,Refunded,france,WELCOME2025,
ORD-101989,CUST-1242,06/21/2026,MOBILE APP,PayPal,Pending,united states,WELCOME2025,
ORD-101990,CUST-3519,10/08/2025,In-Store,Credit Card,Completed,France,WELCOME2025,
ORD-101991,CUST-2439,10/07/2024,website,Crypto,Pending,nigeria,,
ORD-101992,CUST-3743,16/09/2024,In-Store,Bank Transfer,Refunded,india,none,
ORD-101993,CUST-3416,01/23/2025,MOBILE APP,Cash on Delivery,completed,nigeria,,
ORD-101994,CUST-1437,01-Feb-2025,Mobile App,Cash on Delivery,Processing,RSA,WELCOME2025,
ORD-101995,CUST-1385,12/11/2024,In-Store,Debit Card,Completed,Britain,none,
ORD-101996,CUST-3361,"January 31, 2026",Mobile App,Credit Card,Cancelled,United Kingdom,none,
ORD-101997,CUST-1827,"December 25, 2024",Mobile App,Debit Card,Processing,United States,WELCOME2025,
ORD-101998,CUST-3622,2025-03-09,Website,Crypto,Delivered,Brazil,N/A,
ORD-101999,CUST-2125,09/28/2025,MOBILE APP,Debit Card,Refunded,AU,none,
ORD-102000,CUST-3912,03/08/2025,Marketplace,PayPal,Pending,united states,save10,
ORD-102001,CUST-1133,15-Aug-2024,Phone Order,PayPal,completed,Nigeria,SAVE10,
ORD-102002,CUST-1073,2025/07/05,Phone Order,Debit Card,Processing,Nigéria,,
ORD-102003,CUST-3303,2025/05/15,Website,Credit Card,Delivered,canada,save10,
ORD-102004,CUST-2763,15-Apr-2025,website,credit card,Pending,Nigeria,N/A,
ORD-102005,CUST-2140,2026-01-22,Mobile App,Bank Transfer,Cancelled,india,WELCOME2025,
ORD-102006,CUST-3218,12/25/2024,Phone Order,Cash on Delivery,Delivered,Australia,save10,
ORD-102007,CUST-2207,23/10/2025,Phone Order,Debit Card,Completed,Brasil,,
ORD-102008,CUST-1689,"March 03, 2025",Website,Cash on Delivery,completed,RSA,none,
ORD-102009,CUST-2981,2024/01/01,In-Store,credit card,completed,USA,N/A,
ORD-102010,CUST-1591,00/00/2025,website,Debit Card,completed,FR,,
ORD-102011,CUST-2824,22/12/2025,Website,Cash on Delivery,Delivered,Nigeria,,
ORD-102012,CUST-3313,2024-07-28,In-Store,credit card,Pending,canada,,
ORD-102013,CUST-2040,2025/07/27,Website,Cash on Delivery,Cancelled,DE,,
ORD-102014,CUST-2418,20/05/2026,Mobile App,Bank Transfer,Processing,RSA,none,
ORD-102015,CUST-3633,11/01/2025,Mobile App,PayPal,completed,australia,none,
ORD-102016,CUST-1993,08/12/2025,Mobile App,credit card,Refunded,Germany,WELCOME2025,
ORD-102017,CUST-3217,2025/07/24,Website,credit card,completed,AU,save10,
ORD-102018,CUST-2615,03/15/2025,MOBILE APP,Cash on Delivery,Refunded,United Kingdom,N/A,
ORD-102019,CUST-1656,20/01/2025,Website,PayPal,Cancelled,India,save10,
ORD-102020,CUST-2435,2025/02/10,Marketplace,PayPal,Pending,united states,N/A,
ORD-102021,CUST-1759,11-May-2024,Website,Credit Card,Completed,United Kingdom,,
ORD-102022,CUST-3922,23/04/2024,Website,Debit Card,Cancelled,FR,,
ORD-102023,CUST-2306,08/14/2024,Marketplace,Cash on Delivery,Pending,Brasil,WELCOME2025,
ORD-102024,CUST-2736,03/20/2025,Mobile App,Bank Transfer,Refunded,germany,SAVE10,
ORD-102025,CUST-3527,"May 05, 2026",In-Store,Debit Card,Completed,Australia,save10,
ORD-102026,CUST-2384,"February 02, 2024",Mobile App,Crypto,Refunded,Deutschland,,
ORD-102027,CUST-1771,23-Apr-2024,Phone Order,Credit Card,completed,France,save10,
ORD-102028,CUST-3175,2024-01-12,Website,Debit Card,completed,United States,none,
ORD-102029,CUST-2617,2026-06-26,In-Store,Bank Transfer,Completed,France,save10,
ORD-102030,CUST-2577,"March 16, 2024",website,Cash on Delivery,Processing,DE,N/A,
ORD-102031,CUST-3187,"January 06, 2027",Phone Order,credit card,Cancelled,England,,
ORD-102032,CUST-2558,24-May-2024,website,Cash on Delivery,Processing,India,save10,
ORD-102033,CUST-1375,2025-07-23,website,Credit Card,Cancelled,australia,save10,
ORD-102034,CUST-3034,2025-05-31,Website,credit card,Refunded,RSA,SAVE10,
ORD-102035,CUST-1065,2025-05-22,MOBILE APP,Crypto,Pending,Deutschland,save10,
ORD-102036,CUST-3792,21-Sep-2024,Phone Order,Credit Card,SHIPPED,united states,save10,
ORD-102037,CUST-1413,10/30/2025,MOBILE APP,Debit Card,Processing,Brasil,N/A,
ORD-102038,CUST-3396,28/01/2024,website,Debit Card,Refunded,India,save10,
ORD-102039,CUST-3102,2026/04/12,MOBILE APP,Bank Transfer,Refunded,BR,WELCOME2025,
ORD-102040,CUST-1103,"May 02, 2025",MOBILE APP,Crypto,Refunded,nigeria,none,
ORD-102041,CUST-3994,2026/05/19,Website,Bank Transfer,SHIPPED,BR,,
ORD-102042,CUST-1332,14-Jan-2026,Mobile App,Crypto,Cancelled,france,,
ORD-102043,CUST-3966,2025-10-01,Website,PayPal,Refunded,DE,,
ORD-102044,CUST-2001,2024-05-26,MOBILE APP,credit card,Pending,AU,,
ORD-102045,CUST-3568,21/11/2024,In-Store,Bank Transfer,completed,Britain,,
ORD-102046,CUST-1570,16-Jul-2025,Mobile App,Credit Card,Processing,germany,save10,
ORD-102047,CUST-1576,"September 13, 2025",Website,PayPal,Completed,nigeria,,
ORD-102048,CUST-3080,2024-02-19,Marketplace,Crypto,Refunded,NG,,
ORD-102049,CUST-3701,15/03/2025,Phone Order,credit card,SHIPPED,USA,save10,
ORD-102050,CUST-3677,2025/11/16,website,Debit Card,Pending,IN,none,
ORD-102051,CUST-1485,2025-13-05,Mobile App,credit card,Delivered,australia,WELCOME2025,
ORD-102052,CUST-1333,"June 28, 2027",Mobile App,PayPal,Pending,Germany,save10,
ORD-102053,CUST-3732,17/06/2026,MOBILE APP,Cash on Delivery,Pending,DE,,
ORD-102054,CUST-3990,2024/08/27,website,Crypto,Cancelled,CA,,
ORD-102055,CUST-2467,2025/09/09,In-Store,Debit Card,Completed,US,,
ORD-102056,CUST-1844,07-Mar-2024,MOBILE APP,credit card,Refunded,NG,save10,
ORD-102057,CUST-2817,19-Apr-2025,Website,Bank Transfer,Cancelled,United Kingdom,,
ORD-102058,CUST-3745,11/24/2024,Website,Credit Card,Pending,Canada,SAVE10,
ORD-102059,CUST-1955,2024-04-22,Mobile App,PayPal,Refunded,CA,save10,
ORD-102060,CUST-2413,2024/08/29,Marketplace,Credit Card,Cancelled,United States of America,none,
ORD-102061,CUST-1591,2024/10/08,website,Bank Transfer,completed,India,none,
ORD-102062,CUST-2471,"January 17, 2025",website,Bank Transfer,Refunded,Canada,,
ORD-102063,CUST-2106,2026-03-25,Website,Credit Card,Refunded,France,save10,
ORD-102064,CUST-3122,2025/01/13,Mobile App,Cash on Delivery,Completed,NG,WELCOME2025,
ORD-102065,CUST-3130,2025/07/05,Website,Cash on Delivery,Pending,FR,WELCOME2025,
ORD-102066,CUST-2644,2025/06/10,Website,Credit Card,Pending,United States,none,
ORD-102067,CUST-1051,2024/11/20,website,Crypto,SHIPPED,australia,N/A,
ORD-102068,CUST-2206,"April 12, 2025",Mobile App,Credit Card,Pending,Deutschland,SAVE10,
ORD-102069,CUST-1015,2024/02/02,Mobile App,Cash on Delivery,Cancelled,Deutschland,none,
ORD-102070,CUST-2102,2024-06-08,Phone Order,Crypto,Cancelled,France,N/A,
ORD-102071,CUST-3922,01/16/2026,Mobile App,PayPal,Refunded,Brasil,,
ORD-102072,CUST-1255,06/13/2024,Website,PayPal,Completed,germany,N/A,
ORD-102073,CUST-1407,"February 11, 2025",website,Credit Card,SHIPPED,Brazil,WELCOME2025,
ORD-102074,CUST-2402,2025/02/25,Marketplace,Crypto,Cancelled,CA,N/A,
ORD-102075,CUST-1752,2024-11-20,Website,Debit Card,Cancelled,Nigéria,WELCOME2025,
ORD-102076,CUST-3960,05/09/2026,Marketplace,PayPal,Refunded,U.S.A.,none,
ORD-102077,CUST-3967,2024-12-04,Phone Order,Credit Card,Delivered,AU,save10,
ORD-102078,CUST-1463,29/06/2026,Marketplace,Cash on Delivery,Cancelled,South Africa,WELCOME2025,
ORD-102079,CUST-3030,2025-04-29,MOBILE APP,PayPal,Pending,india,,
ORD-102080,CUST-3529,05/20/2024,Mobile App,Cash on Delivery,Pending,Nigeria,WELCOME2025,
ORD-102081,CUST-3138,10/06/2024,website,Bank Transfer,Completed,France,,
ORD-102082,CUST-3874,28-Feb-2026,Phone Order,Credit Card,SHIPPED,Brasil,none,
ORD-102083,CUST-1991,05-Jul-2026,Mobile App,Cash on Delivery,Pending,CA,N/A,
ORD-102084,CUST-1799,23/01/2024,website,PayPal,Completed,US,save10,
ORD-102085,CUST-1469,24/12/2025,Phone Order,Debit Card,Pending,france,SAVE10,
ORD-102086,CUST-1955,15-Nov-2025,In-Store,Debit Card,completed,UK,SAVE10,
ORD-102087,CUST-3299,06/13/2025,Phone Order,PayPal,Refunded,Canada,none,
ORD-102088,CUST-3018,05/11/2026,Marketplace,PayPal,Pending,Brazil,N/A,
ORD-102089,CUST-2957,2026/06/08,Mobile App,credit card,SHIPPED,india,,
ORD-102090,CUST-1914,2025-11-20,Website,Cash on Delivery,SHIPPED,germany,SAVE10,
ORD-102091,CUST-1992,2025/08/22,website,Debit Card,Pending,Brasil,none,
ORD-102092,CUST-1438,"December 27, 2025",website,Bank Transfer,Delivered,Brasil,,
ORD-102093,CUST-3615,04/23/2024,MOBILE APP,Bank Transfer,Cancelled,Bharat,WELCOME2025,
ORD-102094,CUST-3969,07/07/2026,Website,credit card,Processing,france,none,
ORD-102095,CUST-2265,12/28/2025,Marketplace,PayPal,completed,France,,
ORD-102096,CUST-3811,"November 06, 2025",MOBILE APP,PayPal,Processing,IN,none,
ORD-102097,CUST-3354,05/06/2025,Marketplace,Crypto,Processing,RSA,none,
ORD-102098,CUST-3593,2026-02-12,website,Bank Transfer,Pending,India,SAVE10,
ORD-102099,CUST-2041,2026/02/14,In-Store,Cash on Delivery,Refunded,germany,,
ORD-102100,CUST-3431,02/15/2026,website,Crypto,Pending,Brazil,,
ORD-102101,CUST-1046,11/23/2024,website,Cash on Delivery,Processing,germany,N/A,
ORD-102102,CUST-2350,04/05/2025,Website,Cash on Delivery,Delivered,FR,,
ORD-102103,CUST-1016,2025-08-15,Mobile App,PayPal,Pending,AU,save10,
ORD-102104,CUST-2703,07/02/2026,Website,Debit Card,Pending,germany,WELCOME2025,
ORD-102105,CUST-3070,"August 15, 2024",Website,Credit Card,completed,germany,WELCOME2025,
ORD-102106,CUST-2855,"May 26, 2026",In-Store,Bank Transfer,Cancelled,nigeria,SAVE10,
ORD-102107,CUST-1334,"January 19, 2026",Phone Order,Bank Transfer,Completed,united states,save10,
ORD-102108,CUST-3193,20/11/2025,Marketplace,Credit Card,Refunded,Nigeria,,
ORD-102109,CUST-3546,2024-05-20,website,Bank Transfer,Processing,Nigéria,,
ORD-102110,CUST-1087,"July 30, 2024",Marketplace,Crypto,SHIPPED,AU,none,
ORD-102111,CUST-3419,09/08/2025,Phone Order,credit card,SHIPPED,CA,SAVE10,
ORD-102112,CUST-3354,13-Oct-2025,Mobile App,PayPal,Processing,Canada,,
ORD-102113,CUST-2059,11/11/2025,Website,Debit Card,Cancelled,U.S.A.,,
ORD-102114,CUST-1210,18-Jun-2026,Marketplace,PayPal,Completed,France,WELCOME2025,
ORD-102115,CUST-1869,07/10/2026,Marketplace,Credit Card,SHIPPED,Bharat,save10,
ORD-102116,CUST-1420,15/06/2026,Mobile App,Cash on Delivery,Delivered,Australia,none,
ORD-102117,CUST-1468,31-May-2024,Marketplace,Crypto,completed,France,N/A,
ORD-102118,CUST-1679,02/09/2024,Mobile App,credit card,completed,US,N/A,
ORD-102119,CUST-1136,12/16/2024,MOBILE APP,Bank Transfer,Delivered,FR,save10,
ORD-102120,CUST-3317,2024-11-22,website,PayPal,Cancelled,Bharat,SAVE10,
ORD-102121,CUST-2024,2025-12-09,In-Store,PayPal,Pending,france,,
ORD-102122,CUST-3618,05/06/2024,Phone Order,Debit Card,Completed,germany,save10,
ORD-102123,CUST-1959,2024-01-06,website,credit card,SHIPPED,IN,save10,
ORD-102124,CUST-2424,12/19/2025,Website,Debit Card,SHIPPED,Deutschland,N/A,
ORD-102125,CUST-1623,05/21/2026,Marketplace,PayPal,Refunded,England,N/A,
ORD-102126,CUST-3122,2024/03/09,Mobile App,credit card,Refunded,Bharat,,
ORD-102127,CUST-1553,24/12/2024,Website,Debit Card,Delivered,Nigéria,SAVE10,
ORD-102128,CUST-2292,2024-01-19,Marketplace,Cash on Delivery,Completed,S. Africa,N/A,
ORD-102129,CUST-1890,2025-04-01,website,Bank Transfer,completed,india,,
ORD-102130,CUST-2712,"February 26, 2024",Website,Credit Card,SHIPPED,Brasil,none,
ORD-102131,CUST-2790,2025/01/15,Website,Credit Card,Processing,united states,N/A,
ORD-102132,CUST-1314,2026-03-21,Marketplace,Bank Transfer,completed,England,none,
ORD-102133,CUST-3681,2024-09-04,Mobile App,Cash on Delivery,completed,france,save10,
ORD-102134,CUST-1471,"March 21, 2025",In-Store,Crypto,Processing,FR,SAVE10,
ORD-102135,CUST-3601,2025-06-11,MOBILE APP,PayPal,completed,AU,N/A,
ORD-102136,CUST-1180,2024-08-31,In-Store,Cash on Delivery,Pending,Deutschland,none,
ORD-102137,CUST-3583,"March 12, 2025",Marketplace,Credit Card,Cancelled,Britain,,
ORD-102138,CUST-2682,23-Jan-2024,Website,credit card,Cancelled,England,none,
ORD-102139,CUST-3822,24/11/2024,MOBILE APP,Crypto,SHIPPED,india,WELCOME2025,
ORD-102140,CUST-3585,"May 07, 2025",Marketplace,Cash on Delivery,Delivered,australia,save10,
ORD-102141,CUST-3686,05/10/2024,Mobile App,PayPal,Delivered,UK,SAVE10,
ORD-102142,CUST-3931,04/07/2026,Phone Order,Debit Card,Delivered,canada,save10,
ORD-102143,CUST-3699,17/01/2026,website,credit card,Delivered,united states,,
ORD-102144,CUST-2523,"November 07, 2024",website,PayPal,Pending,Canada,WELCOME2025,
ORD-102145,CUST-1982,"January 08, 2025",Mobile App,PayPal,Completed,FR,,
ORD-102146,CUST-1115,16-Feb-2026,Mobile App,Debit Card,Completed,CA,,
ORD-102147,CUST-3338,2024/10/03,Website,Debit Card,completed,Australia,save10,
ORD-102148,CUST-1018,29/09/2025,MOBILE APP,Crypto,Pending,ZA,,
ORD-102149,CUST-2283,2024-02-12,Marketplace,Cash on Delivery,Refunded,South Africa,,
ORD-102150,CUST-1965,"April 08, 2025",Mobile App,Debit Card,Delivered,England,none,
ORD-102151,CUST-1783,2024-04-16,In-Store,Crypto,Delivered,DE,save10,
ORD-102152,CUST-3168,15/03/2025,In-Store,credit card,Delivered,Australia,WELCOME2025,
ORD-102153,CUST-1723,"June 17, 2025",MOBILE APP,Crypto,Cancelled,Canada,,
ORD-102154,CUST-1629,2024-12-17,MOBILE APP,PayPal,Completed,IN,,
ORD-102155,CUST-3435,24-Feb-2024,MOBILE APP,Cash on Delivery,Processing,france,,
ORD-102156,CUST-3391,"June 05, 2024",Website,Crypto,Refunded,nigeria,,
ORD-102157,CUST-1873,"May 31, 2024",Phone Order,Crypto,Cancelled,nigeria,save10,
ORD-102158,CUST-3299,07/11/2026,Mobile App,Cash on Delivery,Pending,Australia,N/A,
ORD-102159,CUST-2076,06/18/2026,website,PayPal,SHIPPED,FR,,
ORD-102160,CUST-3597,"May 03, 2024",Website,Credit Card,Cancelled,Germany,none,
ORD-102161,CUST-2987,21/11/2024,website,Crypto,Delivered,ZA,,
ORD-102162,CUST-2364,22/01/2024,Marketplace,Crypto,Delivered,South Africa,save10,
ORD-102163,CUST-2861,10/12/2024,Phone Order,Credit Card,Cancelled,canada,none,
ORD-102164,CUST-2563,"April 18, 2024",Marketplace,Cash on Delivery,SHIPPED,S. Africa,WELCOME2025,
ORD-102165,CUST-3903,2025-02-07,website,Credit Card,Processing,S. Africa,N/A,
ORD-102166,CUST-3256,24-Feb-2025,In-Store,Bank Transfer,Delivered,France,,
ORD-102167,CUST-2537,"February 14, 2025",Marketplace,Cash on Delivery,SHIPPED,RSA,,
ORD-102168,CUST-1631,08-Nov-2025,In-Store,Crypto,Cancelled,Australia,N/A,
ORD-102169,CUST-2558,2025/02/02,MOBILE APP,Credit Card,Refunded,UK,SAVE10,
ORD-102170,CUST-3588,2026/03/22,website,Debit Card,Processing,Germany,save10,
ORD-102171,CUST-3230,01/12/2026,Website,Cash on Delivery,completed,IN,,
ORD-102172,CUST-2859,23/06/2026,In-Store,PayPal,Cancelled,France,,
ORD-102173,CUST-2938,2024/06/27,MOBILE APP,credit card,Completed,FR,,
ORD-102174,CUST-1535,04-Mar-2025,Mobile App,credit card,Cancelled,Germany,none,
ORD-102175,CUST-2160,08/07/2025,Marketplace,credit card,Delivered,U.S.A.,WELCOME2025,
ORD-102176,CUST-3946,31/08/2024,Website,PayPal,SHIPPED,S. Africa,none,
ORD-102177,CUST-1233,"June 19, 2026",Website,Crypto,completed,U.S.A.,,
ORD-102178,CUST-3536,2024-07-10,MOBILE APP,credit card,Processing,india,,
ORD-102179,CUST-2920,2024/05/25,Phone Order,credit card,Processing,canada,SAVE10,
ORD-102180,CUST-1622,09/05/2026,website,Crypto,completed,canada,SAVE10,
ORD-102181,CUST-3049,25/07/2024,website,Cash on Delivery,Delivered,Britain,WELCOME2025,
ORD-102182,CUST-3300,31-Oct-2024,Marketplace,Cash on Delivery,Cancelled,United Kingdom,none,
ORD-102183,CUST-1598,11-Aug-2024,MOBILE APP,Crypto,Processing,Germany,N/A,
ORD-102184,CUST-2035,25/06/2025,Marketplace,credit card,Delivered,Bharat,SAVE10,
ORD-102185,CUST-2965,2024-11-06,website,Credit Card,Delivered,United Kingdom,,
ORD-102186,CUST-1629,03-Dec-2025,Website,Crypto,Cancelled,BR,SAVE10,
ORD-102187,CUST-3636,03/23/2026,Phone Order,Cash on Delivery,Cancelled,Nigeria,save10,
ORD-102188,CUST-2012,2026-05-26,In-Store,Bank Transfer,Completed,Canada,,
ORD-102189,CUST-1448,13-Mar-2024,Marketplace,Cash on Delivery,Processing,South Africa,,
ORD-102190,CUST-3930,28-Dec-2025,Phone Order,Credit Card,SHIPPED,Australia,N/A,
ORD-102191,CUST-3191,12-Apr-2026,Marketplace,Cash on Delivery,Delivered,AU,,
ORD-102192,CUST-2993,03-Oct-2024,In-Store,Cash on Delivery,Pending,France,none,
ORD-102193,CUST-2767,27-Aug-2025,Website,Bank Transfer,Completed,U.K.,,
ORD-102194,CUST-2513,"January 29, 2024",MOBILE APP,Bank Transfer,SHIPPED,ZA,N/A,
ORD-102195,CUST-1561,07-Jun-2025,Marketplace,PayPal,SHIPPED,RSA,save10,
ORD-102196,CUST-3703,13/11/2024,Phone Order,PayPal,SHIPPED,IN,N/A,
ORD-102197,CUST-2531,23/04/2025,MOBILE APP,Crypto,Processing,united states,,
ORD-102198,CUST-2322,2024/04/28,MOBILE APP,Credit Card,Pending,India,WELCOME2025,
ORD-102155,CUST-3552,"March 06, 2024",website,Cash on Delivery,Processing,India,SAVE10,
ORD-102200,CUST-2792,2024-05-05,In-Store,Credit Card,SHIPPED,united states,N/A,
ORD-102201,CUST-1873,2025/09/10,website,PayPal,SHIPPED,Nigeria,save10,
ORD-102202,CUST-2053,2024/07/25,Website,Debit Card,Delivered,NG,N/A,
ORD-102203,CUST-3898,16/12/2027,MOBILE APP,credit card,SHIPPED,CA,save10,
ORD-102204,CUST-1297,2025/03/22,Website,Bank Transfer,Cancelled,CA,none,
ORD-102205,CUST-1104,"October 31, 2024",In-Store,Credit Card,Refunded,Australia,SAVE10,
ORD-102206,CUST-2885,"January 15, 2025",website,Crypto,Refunded,South Africa,SAVE10,
ORD-102207,CUST-2550,2024/09/10,In-Store,Cash on Delivery,Pending,ZA,,
ORD-102208,CUST-1970,"December 08, 2025",Phone Order,Cash on Delivery,completed,AU,,
ORD-102209,CUST-2647,22-Oct-2024,In-Store,Debit Card,Refunded,United States of America,,
ORD-102210,CUST-3227,"April 09, 2026",Phone Order,Crypto,Refunded,NG,,
ORD-102211,CUST-1237,08-Aug-2024,Website,Debit Card,Completed,canada,WELCOME2025,
ORD-102212,CUST-3697,"October 18, 2025",In-Store,Debit Card,Delivered,France,none,
ORD-102213,CUST-2863,07/12/2024,Marketplace,Credit Card,Pending,Canada,save10,
ORD-102214,CUST-1261,2025/01/16,website,PayPal,SHIPPED,Germany,,
ORD-102215,CUST-3334,2025/01/18,MOBILE APP,credit card,Completed,Germany,WELCOME2025,
ORD-102216,CUST-1592,2026/01/21,Marketplace,PayPal,Cancelled,India,save10,
ORD-102217,CUST-2646,14-Feb-2026,Marketplace,PayPal,Cancelled,FR,,
ORD-102218,CUST-1361,2024-03-10,In-Store,Cash on Delivery,Completed,canada,save10,
ORD-102219,CUST-3402,04/08/2025,website,Cash on Delivery,Completed,UK,SAVE10,
ORD-102220,CUST-1805,2025/03/03,Marketplace,Cash on Delivery,Processing,united states,,
ORD-102221,CUST-3200,03/15/2024,Marketplace,PayPal,SHIPPED,Brazil,N/A,
ORD-102222,CUST-3521,2026/02/06,Website,credit card,Delivered,NG,SAVE10,
ORD-102223,CUST-3921,2025/07/26,website,Debit Card,Processing,australia,,
ORD-102224,CUST-1968,"December 06, 2025",Marketplace,Crypto,completed,DE,N/A,
ORD-102225,CUST-1992,09/01/2026,In-Store,credit card,Refunded,AU,SAVE10,
ORD-102226,CUST-2859,2025-05-20,Website,Crypto,Completed,South Africa,save10,
ORD-102227,CUST-1244,2024/01/22,Phone Order,Credit Card,completed,India,N/A,
ORD-102228,CUST-2138,"February 10, 2026",Website,credit card,Cancelled,Australia,save10,
ORD-102229,CUST-3957,18/03/2026,MOBILE APP,Cash on Delivery,SHIPPED,RSA,,
ORD-102230,CUST-3421,2026/07/18,Phone Order,Debit Card,Completed,Britain,N/A,
ORD-102231,CUST-1019,2026/03/24,website,PayPal,Processing,United States of America,,
ORD-102232,CUST-2716,2025/09/19,Marketplace,Crypto,Cancelled,IN,save10,
ORD-102233,CUST-1677,2025/03/29,Website,credit card,completed,Australia,WELCOME2025,
ORD-102234,CUST-2985,14-Aug-2025,Website,PayPal,SHIPPED,Canada,SAVE10,
ORD-102235,CUST-1918,"August 03, 2025",Phone Order,Credit Card,SHIPPED,nigeria,save10,
ORD-102236,CUST-1432,2025/04/30,Phone Order,Crypto,Delivered,germany,save10,
ORD-102237,CUST-2249,2024-05-28,Website,Bank Transfer,Processing,RSA,save10,
ORD-102238,CUST-3698,"October 14, 2024",Mobile App,Bank Transfer,SHIPPED,US,N/A,
ORD-102239,CUST-1102,"June 30, 2026",Marketplace,Debit Card,SHIPPED,FR,SAVE10,
ORD-102240,CUST-3887,11/12/2024,Website,Crypto,completed,india,WELCOME2025,
ORD-102241,CUST-2084,02/21/2024,MOBILE APP,Crypto,SHIPPED,Brasil,,
ORD-102242,CUST-1507,07/28/2024,Website,PayPal,SHIPPED,DE,N/A,
ORD-102243,CUST-1375,03/05/2026,Website,Debit Card,Completed,Nigeria,SAVE10,
ORD-102244,CUST-2754,"June 03, 2024",Phone Order,PayPal,Refunded,AU,none,
ORD-102245,CUST-2097,"July 29, 2025",Marketplace,Bank Transfer,Cancelled,IN,,
ORD-102246,CUST-2276,05/03/2024,Marketplace,Debit Card,SHIPPED,United Kingdom,,
ORD-102247,CUST-3537,11/06/2024,Phone Order,Debit Card,Cancelled,UK,SAVE10,
ORD-102248,CUST-3397,04/19/2026,Website,Debit Card,Pending,FR,WELCOME2025,
ORD-102249,CUST-3294,19/09/2025,Website,PayPal,Refunded,FR,none,
ORD-102250,CUST-2469,04/05/2024,website,Crypto,Completed,S. Africa,,
ORD-102251,CUST-2231,2026-04-28,website,credit card,Refunded,india,,
ORD-102252,CUST-2047,2024-11-21,website,Cash on Delivery,Refunded,Britain,SAVE10,
ORD-102253,CUST-3170,07/15/2024,Mobile App,Bank Transfer,Completed,U.S.A.,SAVE10,
ORD-102254,CUST-2736,2024/10/01,Website,Credit Card,Processing,BR,WELCOME2025,
ORD-102255,CUST-2329,24-Jan-2025,MOBILE APP,PayPal,Completed,S. Africa,,
ORD-102256,CUST-2830,04/30/2026,Phone Order,credit card,Pending,Brazil,none,
ORD-102257,CUST-1705,10/03/2026,Marketplace,Credit Card,completed,Germany,,
ORD-102258,CUST-3617,2026-04-30,In-Store,Cash on Delivery,Completed,France,,
ORD-102259,CUST-3448,08-Aug-2025,MOBILE APP,credit card,completed,FR,,
ORD-102260,CUST-3444,00/00/2025,Phone Order,Bank Transfer,Pending,AU,,
ORD-102261,CUST-2245,12/17/2025,Website,Cash on Delivery,Cancelled,Nigeria,WELCOME2025,
ORD-102262,CUST-1532,14/06/2026,website,Debit Card,Cancelled,Nigéria,,
ORD-102263,CUST-1315,2026/06/16,Marketplace,Bank Transfer,Cancelled,United Kingdom,,
ORD-102264,CUST-2019,11/20/2024,In-Store,Credit Card,Pending,ZA,,
ORD-102265,CUST-1419,11/06/2024,In-Store,credit card,SHIPPED,ZA,,
ORD-102266,CUST-3925,2026/01/02,Mobile App,PayPal,Processing,united states,WELCOME2025,
ORD-102267,CUST-2905,09-Jul-2025,Website,Bank Transfer,Processing,DE,SAVE10,
ORD-102268,CUST-3155,2026-04-05,Mobile App,Cash on Delivery,completed,Bharat,save10,
ORD-102269,CUST-2289,"November 13, 2025",Website,Crypto,Delivered,Germany,SAVE10,
ORD-102270,CUST-1547,"April 12, 2026",Phone Order,Bank Transfer,Processing,S. Africa,,
ORD-102271,CUST-3184,01-Aug-2024,Phone Order,Bank Transfer,completed,Nigeria,N/A,
ORD-102272,CUST-1785,11-Feb-2024,Website,Credit Card,Completed,canada,save10,
ORD-102273,CUST-3538,00/00/2025,Marketplace,PayPal,Cancelled,UK,SAVE10,
ORD-102274,CUST-1611,21-Apr-2026,Mobile App,Debit Card,Pending,Nigéria,SAVE10,
ORD-102275,CUST-2577,06/13/2024,Marketplace,Debit Card,Delivered,NG,,
ORD-102276,CUST-3553,"January 13, 2024",Website,PayPal,Processing,RSA,,
ORD-102277,CUST-1581,08-Jul-2024,Website,credit card,SHIPPED,india,save10,
ORD-102278,CUST-1540,06/11/2025,website,PayPal,Cancelled,England,N/A,
ORD-102279,CUST-2888,10-Aug-2025,Phone Order,Cash on Delivery,Refunded,FR,none,
ORD-102280,CUST-2481,2025-09-01,MOBILE APP,Credit Card,Delivered,france,WELCOME2025,
ORD-102281,CUST-2833,06/18/2026,MOBILE APP,PayPal,Processing,united states,N/A,
ORD-102282,CUST-1993,10-Feb-2026,website,Crypto,Completed,DE,,
ORD-102283,CUST-3616,"January 12, 2024",MOBILE APP,Credit Card,SHIPPED,United Kingdom,WELCOME2025,
ORD-102284,CUST-1894,01/10/2024,website,Cash on Delivery,Cancelled,france,N/A,
ORD-102285,CUST-3779,04-Mar-2026,Mobile App,Cash on Delivery,Pending,nigeria,SAVE10,
ORD-102286,CUST-3469,"October 28, 2025",In-Store,Debit Card,Completed,BR,,
ORD-102287,CUST-2876,04/30/2024,In-Store,Credit Card,Completed,IN,WELCOME2025,
ORD-102288,CUST-2102,13/12/2025,Phone Order,Debit Card,Pending,Germany,SAVE10,
ORD-102289,CUST-2316,10/25/2025,website,credit card,Refunded,india,,
ORD-102290,CUST-3046,"January 20, 2026",In-Store,Bank Transfer,SHIPPED,U.S.A.,,
ORD-102291,CUST-3692,04-Mar-2026,Mobile App,Debit Card,SHIPPED,FR,N/A,
ORD-102292,CUST-2088,2025-04-22,Phone Order,Debit Card,Refunded,NG,N/A,
ORD-102293,CUST-1210,22-Apr-2026,Website,credit card,SHIPPED,nigeria,,
ORD-102294,CUST-3586,29/12/2024,MOBILE APP,Debit Card,Completed,United States of America,WELCOME2025,
ORD-102295,CUST-2698,2026/02/01,In-Store,Bank Transfer,Cancelled,DE,save10,
ORD-102296,CUST-1460,2024/08/06,Phone Order,Cash on Delivery,Processing,Britain,SAVE10,
ORD-102297,CUST-2167,03-Sep-2025,Phone Order,Cash on Delivery,Cancelled,DE,save10,
ORD-102298,CUST-3187,"November 20, 2024",Phone Order,Bank Transfer,Pending,ZA,WELCOME2025,
ORD-102299,CUST-1146,2025/03/12,Marketplace,Bank Transfer,Cancelled,Australia,WELCOME2025,
ORD-102300,CUST-2740,2024-03-21,In-Store,Debit Card,Completed,NG,SAVE10,
ORD-102301,CUST-3720,01/03/2026,Website,Credit Card,Completed,Germany,,
ORD-102302,CUST-2935,26/12/2024,Marketplace,PayPal,Cancelled,South Africa,,
ORD-102303,CUST-3221,06/06/2024,Website,Crypto,Cancelled,South Africa,,
ORD-102304,CUST-3497,2024-04-16,Website,Cash on Delivery,completed,Britain,N/A,
ORD-102305,CUST-3914,05/28/2025,Mobile App,credit card,Pending,RSA,WELCOME2025,
ORD-102306,CUST-2942,14/10/2024,MOBILE APP,Cash on Delivery,Cancelled,Deutschland,SAVE10,
ORD-102307,CUST-2953,"November 02, 2025",Phone Order,Credit Card,SHIPPED,FR,none,
ORD-102308,CUST-2510,03/12/2026,MOBILE APP,Cash on Delivery,completed,S. Africa,none,
ORD-102309,CUST-3761,00/00/2025,Mobile App,credit card,Completed,DE,save10,
ORD-102310,CUST-1374,25/03/2025,website,Cash on Delivery,Pending,Brasil,WELCOME2025,
ORD-102311,CUST-3195,03/12/2024,Website,Cash on Delivery,Processing,Australia,none,
ORD-102312,CUST-1686,"January 27, 2025",website,Debit Card,Completed,germany,SAVE10,
ORD-102313,CUST-1452,"May 06, 2026",In-Store,Credit Card,Processing,nigeria,,
ORD-102314,CUST-1075,22-Jan-2025,Phone Order,Cash on Delivery,completed,Australia,none,
ORD-102315,CUST-3745,"March 03, 2025",MOBILE APP,Credit Card,Processing,France,,
ORD-102316,CUST-2742,"February 13, 2024",Phone Order,PayPal,Completed,germany,N/A,
ORD-102317,CUST-1117,2024-10-05,Website,Crypto,Pending,U.S.A.,N/A,
ORD-102318,CUST-1824,"March 04, 2026",Phone Order,PayPal,Pending,germany,save10,
ORD-102319,CUST-3731,2026/01/03,Website,Debit Card,SHIPPED,India,SAVE10,
ORD-102320,CUST-2037,01/07/2024,website,credit card,Completed,Brazil,N/A,
ORD-102321,CUST-1560,06/20/2024,Marketplace,Cash on Delivery,Cancelled,united states,,
ORD-102322,CUST-1836,06-Jul-2025,Marketplace,Credit Card,Delivered,germany,save10,
ORD-102323,CUST-2132,"April 24, 2025",Phone Order,Credit Card,Completed,USA,save10,
ORD-102324,CUST-3478,04/16/2025,website,Crypto,Cancelled,Brasil,WELCOME2025,
ORD-102325,CUST-2482,2024-11-17,Mobile App,credit card,Processing,IN,,
ORD-102326,CUST-1117,11/24/2025,website,Debit Card,Processing,RSA,none,
ORD-102327,CUST-3980,03-Apr-2024,Mobile App,credit card,Cancelled,U.K.,N/A,
ORD-102328,CUST-3215,2024-07-28,Marketplace,Credit Card,Processing,United Kingdom,none,
ORD-102329,CUST-2798,2026/06/15,website,Crypto,Processing,canada,N/A,
ORD-102330,CUST-3634,11/28/2025,Mobile App,Crypto,Pending,BR,,
ORD-102331,CUST-1216,15-Sep-2025,Phone Order,Credit Card,Pending,United Kingdom,,
ORD-102332,CUST-2129,2024-03-03,website,Credit Card,Cancelled,australia,,
ORD-102333,CUST-2930,2024-04-16,Marketplace,Crypto,Pending,australia,,
ORD-102334,CUST-2842,01/02/2026,Website,credit card,Pending,India,WELCOME2025,
ORD-102335,CUST-1774,02/22/2024,website,Credit Card,Processing,australia,WELCOME2025,
ORD-102336,CUST-3555,17-Aug-2024,Marketplace,credit card,Delivered,BR,none,
ORD-102337,CUST-2098,09/05/2026,Mobile App,Debit Card,Completed,Bharat,,
ORD-102338,CUST-2726,2026-04-09,website,PayPal,Completed,France,none,
ORD-102339,CUST-2647,"December 24, 2024",In-Store,Credit Card,completed,Britain,none,
ORD-102340,CUST-2605,18-Apr-2026,In-Store,Bank Transfer,Completed,Britain,none,
ORD-102341,CUST-1263,23-Apr-2026,In-Store,credit card,Cancelled,U.S.A.,,
ORD-102342,CUST-2872,21-Mar-2025,In-Store,credit card,Completed,germany,none,
ORD-102343,CUST-1485,"February 16, 2026",MOBILE APP,Cash on Delivery,Pending,ZA,save10,
ORD-102344,CUST-1382,2024/01/21,Website,Crypto,Processing,France,SAVE10,
ORD-102345,CUST-3330,2024/11/24,In-Store,Bank Transfer,Refunded,U.S.A.,N/A,
ORD-102346,CUST-2841,06/12/2024,website,Debit Card,Delivered,Brasil,,
ORD-102347,CUST-1679,"December 27, 2025",MOBILE APP,Credit Card,Cancelled,Brasil,WELCOME2025,
ORD-102348,CUST-3960,"May 04, 2026",In-Store,Bank Transfer,Cancelled,AU,WELCOME2025,
ORD-102349,CUST-1607,2026/02/25,Phone Order,Crypto,Completed,Nigeria,none,
ORD-102350,CUST-1592,2025-02-25,In-Store,PayPal,Processing,Germany,SAVE10,
ORD-102351,CUST-1699,01/11/2025,Phone Order,PayPal,Pending,france,none,
ORD-102352,CUST-2280,11-Oct-2025,MOBILE APP,PayPal,completed,canada,,
ORD-102353,CUST-3476,29-Mar-2024,MOBILE APP,PayPal,Completed,FR,save10,
ORD-102354,CUST-1304,2026/04/05,Phone Order,Cash on Delivery,Cancelled,FR,,
ORD-102355,CUST-1592,"September 14, 2024",In-Store,Credit Card,Refunded,united states,SAVE10,
ORD-102356,CUST-3029,2025-07-29,Phone Order,Debit Card,Refunded,ZA,SAVE10,
ORD-102357,CUST-3786,16-Mar-2024,Marketplace,Credit Card,completed,UK,none,
ORD-102358,CUST-1432,21-Dec-2025,In-Store,Bank Transfer,Cancelled,germany,save10,
ORD-102359,CUST-3363,2024/01/15,Website,credit card,Delivered,Nigéria,WELCOME2025,
ORD-100770,CUST-2501,"December 21, 2024",In-Store,credit card,completed,USA,,
ORD-100537,CUST-2464,2026-06-16,Mobile App,Bank Transfer,Cancelled,England,save10,
ORD-102362,CUST-2876,"March 09, 2024",website,PayPal,SHIPPED,France,none,
ORD-102363,CUST-1102,2026/05/09,Phone Order,Cash on Delivery,Completed,AU,save10,
ORD-102364,CUST-3669,01/06/2024,Website,Bank Transfer,Processing,BR,,
ORD-102365,CUST-3845,09/23/2024,website,Crypto,Processing,USA,save10,
ORD-102366,CUST-3257,"July 08, 2026",MOBILE APP,credit card,Refunded,canada,WELCOME2025,
ORD-102367,CUST-2688,2025-10-06,Website,Crypto,SHIPPED,canada,WELCOME2025,
ORD-102368,CUST-2802,01/25/2026,Mobile App,credit card,Pending,Bharat,none,
ORD-102369,CUST-3921,09/20/2025,Mobile App,credit card,Completed,Bharat,,
ORD-102370,CUST-3443,2024/06/28,Website,credit card,Completed,australia,none,
ORD-102371,CUST-2239,2025/08/11,website,Credit Card,Refunded,Brasil,save10,
ORD-102372,CUST-1506,"May 27, 2026",In-Store,Cash on Delivery,Pending,Britain,SAVE10,
ORD-102373,CUST-1973,2025/05/10,Phone Order,Crypto,Processing,England,,
ORD-102374,CUST-1219,2026-05-09,Phone Order,Crypto,Delivered,S. Africa,,
ORD-102375,CUST-2065,2025-01-24,Website,Debit Card,Refunded,United States of America,none,
ORD-102376,CUST-3375,2025/03/16,Website,Credit Card,Delivered,Brasil,,
ORD-102377,CUST-1349,08/14/2025,website,Debit Card,Pending,Nigeria,SAVE10,
ORD-102378,CUST-3393,2026/01/21,In-Store,Credit Card,Cancelled,india,none,
ORD-102379,CUST-2302,"December 19, 2024",In-Store,Debit Card,Delivered,Nigeria,,
ORD-102380,CUST-1681,11-Mar-2024,Marketplace,Credit Card,Delivered,Brasil,WELCOME2025,
ORD-102381,CUST-3909,10/30/2024,Mobile App,PayPal,SHIPPED,BR,none,
ORD-102382,CUST-2768,16-May-2024,Phone Order,Debit Card,Delivered,BR,N/A,
ORD-102383,CUST-3052,08/30/2024,website,credit card,Cancelled,india,SAVE10,
ORD-102384,CUST-3207,"December 23, 2025",Mobile App,credit card,SHIPPED,germany,,
ORD-102385,CUST-3204,05/19/2024,Phone Order,Crypto,Completed,Deutschland,save10,
ORD-102386,CUST-1585,2024-03-06,Mobile App,Credit Card,Refunded,S. Africa,,
ORD-102387,CUST-3297,2024/04/04,In-Store,Bank Transfer,Pending,Deutschland,N/A,
ORD-102388,CUST-1789,2026/05/08,Mobile App,Cash on Delivery,Refunded,CA,save10,
ORD-102389,CUST-1410,2025/03/09,Mobile App,Cash on Delivery,Pending,Nigéria,save10,
ORD-102390,CUST-3737,07/22/2025,website,Crypto,completed,United Kingdom,,
ORD-102391,CUST-2921,31-Jan-2025,website,credit card,Cancelled,united states,save10,
ORD-102392,CUST-1120,20/06/2026,MOBILE APP,PayPal,Cancelled,BR,SAVE10,
ORD-102393,CUST-3488,30/09/2025,website,PayPal,Processing,CA,,
ORD-102394,CUST-3971,2026-02-03,MOBILE APP,Credit Card,Processing,Australia,N/A,
ORD-102395,CUST-1309,2026-07-13,,PayPal,Delivered,CA,N/A,
ORD-102396,CUST-2690,2024/05/14,website,Debit Card,Cancelled,BR,,
ORD-102397,CUST-3918,2024-04-24,Phone Order,PayPal,Pending,BR,none,
ORD-102398,CUST-1608,21-Sep-2025,Marketplace,Credit Card,Pending,Brazil,,
ORD-102399,CUST-3093,"August 27, 2024",In-Store,Credit Card,SHIPPED,Nigéria,none,
ORD-102400,CUST-2428,2026-01-23,MOBILE APP,Debit Card,Pending,Australia,SAVE10,
ORD-102401,CUST-2481,"July 04, 2024",MOBILE APP,Debit Card,Refunded,CA,,
ORD-102374,CUST-2022,12-Mar-2025,Marketplace,Debit Card,Processing,United States of America,save10,
ORD-102403,CUST-1016,25/11/2025,Website,Debit Card,completed,United States,none,
ORD-102404,CUST-2497,07/22/2025,website,credit card,Pending,UK,none,
ORD-102405,CUST-3858,01/10/2025,In-Store,credit card,Processing,U.K.,SAVE10,
ORD-102406,CUST-1764,2026-04-25,website,Cash on Delivery,Processing,RSA,save10,
ORD-102407,CUST-3955,2025-09-17,Marketplace,Debit Card,Completed,BR,N/A,
ORD-102408,CUST-3720,2025-06-09,website,Cash on Delivery,Processing,United Kingdom,WELCOME2025,
ORD-102409,CUST-3741,"September 09, 2025",MOBILE APP,Bank Transfer,SHIPPED,australia,,
ORD-102410,CUST-1841,03/15/2025,Phone Order,Credit Card,Pending,australia,none,
ORD-102411,CUST-3242,2025-04-20,Mobile App,Debit Card,Delivered,australia,save10,
ORD-102412,CUST-1054,12/07/2026,Website,Credit Card,Pending,india,,
ORD-102413,CUST-3817,05-Apr-2025,Website,Bank Transfer,SHIPPED,IN,save10,
ORD-102414,CUST-3575,2024-08-27,MOBILE APP,Cash on Delivery,completed,UK,WELCOME2025,
ORD-102415,CUST-2345,18-Feb-2026,Marketplace,credit card,Pending,U.K.,,
ORD-102416,CUST-3390,18-May-2024,Mobile App,Debit Card,Processing,US,save10,
ORD-102417,CUST-2904,2024/06/20,MOBILE APP,credit card,completed,Britain,,
ORD-102418,CUST-1461,2025-06-06,MOBILE APP,Cash on Delivery,Pending,Germany,,
ORD-102419,CUST-1649,"October 31, 2024",Phone Order,Bank Transfer,completed,DE,none,
ORD-102420,CUST-1733,02/01/2025,website,Credit Card,Delivered,Nigeria,save10,
ORD-102421,CUST-2243,2025-01-06,Phone Order,credit card,Delivered,united states,save10,
ORD-102422,CUST-1999,2026/05/15,Marketplace,PayPal,Pending,Australia,save10,
ORD-102423,CUST-3014,09/01/2026,website,Crypto,Cancelled,Bharat,none,
ORD-102424,CUST-3329,"August 04, 2024",Website,Credit Card,Pending,South Africa,save10,
ORD-102425,CUST-2734,05-Jun-2025,MOBILE APP,credit card,SHIPPED,South Africa,,
ORD-102426,CUST-2634,05-Jan-2025,In-Store,Crypto,Processing,South Africa,N/A,
ORD-102427,CUST-1175,03-Jul-2026,Phone Order,Bank Transfer,Processing,Canada,none,
ORD-102428,CUST-2110,"March 09, 2024",Phone Order,Credit Card,completed,UK,save10,
ORD-102429,CUST-3730,11-Feb-2024,website,Debit Card,completed,FR,WELCOME2025,
ORD-102430,CUST-1582,14-Aug-2024,Website,Debit Card,Processing,AU,none,
ORD-102431,CUST-3235,2024-12-31,In-Store,Debit Card,Completed,Deutschland,N/A,
ORD-102432,CUST-2855,2024/12/01,Phone Order,credit card,Delivered,france,none,
ORD-102433,CUST-2974,20-May-2025,Phone Order,Credit Card,SHIPPED,Brasil,,
ORD-102434,CUST-2918,08/12/2025,Mobile App,Bank Transfer,Pending,India,WELCOME2025,
ORD-102435,CUST-1072,2025-05-05,Mobile App,Credit Card,completed,France,WELCOME2025,
ORD-102436,CUST-1584,19-Oct-2025,MOBILE APP,PayPal,Pending,Australia,N/A,
ORD-102437,CUST-1089,"March 25, 2026",MOBILE APP,credit card,Pending,AU,SAVE10,
ORD-102438,CUST-3664,17/11/2024,Website,Bank Transfer,Pending,nigeria,none,
ORD-100225,CUST-2272,01-Apr-2024,website,Debit Card,Cancelled,FR,SAVE10,
ORD-102440,CUST-1358,2026-01-31,Website,Bank Transfer,Delivered,france,SAVE10,
ORD-102441,CUST-1105,2025/07/18,website,Cash on Delivery,Cancelled,ZA,WELCOME2025,
ORD-102442,CUST-2775,2026/05/18,In-Store,Bank Transfer,SHIPPED,germany,,
ORD-102443,CUST-3210,29-Sep-2025,MOBILE APP,Cash on Delivery,Cancelled,NG,,
ORD-102444,CUST-3088,05/27/2024,Mobile App,Credit Card,SHIPPED,France,,
ORD-102445,CUST-3219,18-Feb-2025,website,Cash on Delivery,SHIPPED,germany,none,
ORD-102446,CUST-2071,2024/06/09,In-Store,PayPal,Completed,USA,save10,
ORD-102447,CUST-2215,2024-09-05,Mobile App,Credit Card,Pending,Australia,,
ORD-102448,CUST-3602,18/05/2025,Marketplace,credit card,SHIPPED,S. Africa,save10,
ORD-102449,CUST-1401,2024/10/22,MOBILE APP,Bank Transfer,Delivered,nigeria,WELCOME2025,
ORD-102450,CUST-2827,"April 28, 2025",Phone Order,Credit Card,completed,nigeria,save10,
ORD-102451,CUST-3233,"April 21, 2025",In-Store,PayPal,Refunded,France,N/A,
ORD-102452,CUST-3374,08/11/2025,MOBILE APP,credit card,Refunded,India,save10,
ORD-102453,CUST-3476,2024-01-02,Mobile App,Credit Card,Processing,FR,WELCOME2025,
ORD-102454,CUST-3643,2024/07/04,Website,credit card,Completed,Germany,,
ORD-102455,CUST-1051,2025-04-29,Phone Order,Bank Transfer,Cancelled,RSA,save10,
ORD-102456,CUST-1519,2026-03-30,website,Bank Transfer,Completed,Canada,,
ORD-102457,CUST-1751,03-Mar-2025,website,Credit Card,Delivered,france,save10,
ORD-102458,CUST-1006,01/08/2025,MOBILE APP,Crypto,SHIPPED,USA,,
ORD-102459,CUST-3484,11-Oct-2024,MOBILE APP,Credit Card,Delivered,united states,save10,
ORD-102460,CUST-2293,12-Oct-2024,website,Bank Transfer,SHIPPED,United States,WELCOME2025,
ORD-102461,CUST-1893,"September 16, 2024",website,PayPal,SHIPPED,india,SAVE10,
ORD-102462,CUST-2692,2024/08/06,Mobile App,Crypto,Delivered,germany,,
ORD-102463,CUST-2908,"June 23, 2026",MOBILE APP,PayPal,Refunded,Bharat,WELCOME2025,
ORD-102464,CUST-1409,2026/03/09,Marketplace,Bank Transfer,Processing,india,save10,
ORD-102465,CUST-1414,24/05/2024,Website,Credit Card,completed,Australia,SAVE10,
ORD-102466,CUST-3057,12/09/2025,Marketplace,Cash on Delivery,SHIPPED,Britain,,
ORD-102467,CUST-3073,03/06/2026,Mobile App,Credit Card,Refunded,NG,,
ORD-102468,CUST-1925,26-Sep-2025,Marketplace,credit card,Refunded,BR,,
ORD-102469,CUST-2178,14-Mar-2024,Website,PayPal,SHIPPED,nigeria,WELCOME2025,
ORD-102470,CUST-3569,04/10/2025,In-Store,Cash on Delivery,Pending,England,WELCOME2025,
ORD-102471,CUST-1877,09-Feb-2025,Website,Bank Transfer,Completed,England,SAVE10,
ORD-102472,CUST-2440,17-Mar-2024,MOBILE APP,Cash on Delivery,Processing,Bharat,,
ORD-102473,CUST-3549,02/07/2026,Mobile App,Bank Transfer,Delivered,Deutschland,,
ORD-102474,CUST-1153,2024-01-19,Website,Bank Transfer,Refunded,Germany,,
ORD-102475,CUST-2556,08/20/2025,In-Store,Debit Card,Cancelled,ZA,,
ORD-102476,CUST-3004,18/09/2024,Mobile App,credit card,Completed,india,none,
ORD-102477,CUST-3986,19-May-2025,website,credit card,Refunded,United Kingdom,SAVE10,
ORD-101370,CUST-1925,2027-07-09,Marketplace,credit card,SHIPPED,England,,
ORD-102479,CUST-3164,2025-05-31,website,Debit Card,SHIPPED,canada,,
ORD-102480,CUST-1173,12/24/2024,Marketplace,Crypto,Pending,Canada,,
ORD-102481,CUST-1060,2026/02/11,Website,Cash on Delivery,SHIPPED,India,WELCOME2025,
ORD-102482,CUST-1243,02/09/2025,Phone Order,Bank Transfer,SHIPPED,Canada,save10,
ORD-102483,CUST-2484,08-Apr-2025,Phone Order,Bank Transfer,Completed,Germany,,
ORD-102484,CUST-2445,05/25/2026,Mobile App,Bank Transfer,Completed,Britain,,
ORD-102485,CUST-2981,24-Jun-2026,Mobile App,credit card,completed,BR,N/A,
ORD-102486,CUST-3280,08/02/2025,Mobile App,credit card,Pending,S. Africa,,
ORD-102487,CUST-2037,"December 30, 2025",Website,Debit Card,Processing,Brasil,,
ORD-102488,CUST-2898,06/17/2024,Phone Order,Crypto,Delivered,US,SAVE10,
ORD-102489,CUST-2436,05-Jan-2025,website,PayPal,SHIPPED,Canada,,
ORD-102490,CUST-3105,09/06/2024,MOBILE APP,Bank Transfer,Processing,ZA,save10,
ORD-102491,CUST-3436,17/01/2024,Marketplace,credit card,Processing,ZA,,
ORD-102492,CUST-1820,2025/09/22,website,Bank Transfer,Refunded,Brasil,,
ORD-102493,CUST-3414,2026/02/07,website,PayPal,SHIPPED,germany,none,
ORD-102494,CUST-1928,10/03/2025,MOBILE APP,Cash on Delivery,Cancelled,australia,SAVE10,
ORD-102495,CUST-1500,2025-02-30,MOBILE APP,credit card,Delivered,germany,SAVE10,
ORD-102496,CUST-3535,04-Jan-2024,Phone Order,PayPal,Processing,france,SAVE10,
ORD-102497,CUST-2936,17/04/2024,Phone Order,Crypto,Delivered,United States of America,none,
ORD-102498,CUST-1118,"October 05, 2025",Website,Credit Card,Refunded,France,N/A,
ORD-102499,CUST-3774,02-Aug-2024,MOBILE APP,Cash on Delivery,completed,NG,none,
ORD-102500,CUST-3566,"November 13, 2025",Marketplace,Bank Transfer,Cancelled,Brasil,,
ORD-102501,CUST-2479,04-Jul-2026,Mobile App,PayPal,Delivered,UK,,
ORD-102502,CUST-2903,08/14/2024,Mobile App,PayPal,Pending,Canada,,
ORD-102503,CUST-2645,"January 16, 2024",Website,Cash on Delivery,Delivered,india,,
ORD-102504,CUST-1778,24/01/2025,Marketplace,credit card,Completed,France,,
ORD-102505,CUST-2916,2024/07/11,website,PayPal,Processing,Brasil,none,
ORD-102506,CUST-1245,02-Aug-2025,Mobile App,Crypto,Pending,NG,WELCOME2025,
ORD-102507,CUST-3981,19/05/2025,MOBILE APP,Bank Transfer,Cancelled,canada,save10,
ORD-102508,CUST-3455,2024-04-24,Marketplace,credit card,SHIPPED,Bharat,,
ORD-102509,CUST-2501,06/12/2024,Mobile App,Credit Card,Refunded,South Africa,,
ORD-102510,CUST-3435,02/11/2025,Phone Order,Cash on Delivery,Processing,Australia,WELCOME2025,
ORD-102511,CUST-2909,2025-11-09,Marketplace,credit card,Delivered,IN,,
ORD-102512,CUST-2269,2025-13-05,Mobile App,Cash on Delivery,Cancelled,BR,,
ORD-102513,CUST-3034,16-Sep-2025,website,Credit Card,completed,FR,WELCOME2025,
ORD-102514,CUST-3782,2024-06-24,In-Store,Bank Transfer,completed,Britain,save10,
ORD-102515,CUST-2945,2024-09-02,Mobile App,Credit Card,Refunded,AU,WELCOME2025,
ORD-102516,CUST-1101,2024/03/22,Phone Order,Debit Card,Cancelled,Australia,none,
ORD-102517,CUST-2183,2024-11-11,Website,Debit Card,completed,Brasil,,
ORD-102518,CUST-3825,28-Feb-2025,website,credit card,SHIPPED,RSA,WELCOME2025,
ORD-102519,CUST-1260,04/04/2024,Website,Debit Card,completed,FR,save10,
ORD-102520,CUST-2213,"May 24, 2025",MOBILE APP,Debit Card,Delivered,U.S.A.,,
ORD-102521,CUST-3733,25/02/2026,Mobile App,Credit Card,Completed,AU,,
ORD-102522,CUST-1538,2025/04/12,website,credit card,Delivered,Australia,N/A,
ORD-102523,CUST-3226,2026-03-23,Website,PayPal,Delivered,UK,,
ORD-102524,CUST-3449,10-Jul-2025,website,Debit Card,Processing,S. Africa,WELCOME2025,
ORD-102525,CUST-3177,"September 10, 2025",Marketplace,Debit Card,Cancelled,BR,WELCOME2025,
ORD-102526,CUST-2492,17-May-2026,website,Crypto,Cancelled,England,SAVE10,
ORD-102527,CUST-3229,30/07/2025,website,Debit Card,Completed,Brazil,,
ORD-101432,CUST-2434,2024-05-28,Website,Cash on Delivery,Refunded,Germany,none,
ORD-102529,CUST-1326,2025-10-29,Website,Credit Card,Refunded,france,none,
ORD-102530,CUST-1119,2025/09/08,Mobile App,Bank Transfer,Cancelled,Nigeria,,
ORD-102531,CUST-1991,2024/02/16,MOBILE APP,Credit Card,Cancelled,UK,,
ORD-102532,CUST-1339,11/11/2025,Mobile App,PayPal,completed,AU,,
ORD-102533,CUST-1829,2027/01/18,website,PayPal,Refunded,United States of America,none,
ORD-102534,CUST-3503,"December 18, 2025",Mobile App,Bank Transfer,Refunded,Brasil,SAVE10,
ORD-102535,CUST-3280,"November 17, 2024",MOBILE APP,PayPal,Pending,United States of America,SAVE10,
ORD-102536,CUST-2163,13/10/2024,,Cash on Delivery,SHIPPED,France,none,
ORD-102537,CUST-3417,"November 10, 2024",Mobile App,credit card,Refunded,Brazil,none,
ORD-102538,CUST-3913,26/03/2024,Marketplace,Cash on Delivery,Processing,Nigeria,,
ORD-102539,CUST-2562,17-Mar-2026,In-Store,Credit Card,Refunded,Germany,,
ORD-102540,CUST-2788,01/19/2025,Phone Order,Cash on Delivery,Pending,Bharat,WELCOME2025,
ORD-102541,CUST-2862,04/10/2025,MOBILE APP,PayPal,Delivered,AU,WELCOME2025,
ORD-102542,CUST-3575,"September 06, 2024",Phone Order,Cash on Delivery,Processing,DE,none,
ORD-102543,CUST-1304,03/01/2026,Phone Order,Bank Transfer,Processing,france,N/A,
ORD-102544,CUST-2493,09/01/2024,In-Store,credit card,Cancelled,USA,WELCOME2025,
ORD-102545,CUST-3750,11-Oct-2025,Phone Order,Debit Card,Pending,NG,save10,
ORD-102546,CUST-2687,22/04/2025,website,Credit Card,completed,Nigeria,,
ORD-102547,CUST-2230,07/01/2025,In-Store,credit card,completed,S. Africa,,
ORD-102548,CUST-2765,"December 02, 2024",Website,Credit Card,Refunded,Germany,none,
ORD-102549,CUST-2748,"March 17, 2026",Website,PayPal,Cancelled,Brasil,none,
ORD-102550,CUST-3244,2024-06-03,MOBILE APP,PayPal,Processing,Deutschland,N/A,
ORD-102551,CUST-3719,2024/06/28,Marketplace,Credit Card,Delivered,France,,
ORD-102552,CUST-3208,2025/01/29,Mobile App,Bank Transfer,Completed,CA,,
ORD-102553,CUST-3569,2024/10/05,Mobile App,Cash on Delivery,Delivered,U.K.,save10,
ORD-102554,CUST-3625,24/06/2025,Marketplace,credit card,Processing,BR,,
ORD-102555,CUST-2632,2026-04-06,Marketplace,Credit Card,Pending,canada,SAVE10,
ORD-102556,CUST-3828,"August 11, 2024",Marketplace,Crypto,Processing,S. Africa,,
ORD-102557,CUST-2542,05-Mar-2026,Marketplace,Credit Card,Processing,australia,WELCOME2025,
ORD-102558,CUST-1614,2025/06/14,Marketplace,Crypto,Pending,india,none,
ORD-102559,CUST-1818,2025/02/12,MOBILE APP,PayPal,Cancelled,BR,WELCOME2025,
ORD-102560,CUST-2446,16/07/2026,Phone Order,Credit Card,Processing,Nigeria,save10,
ORD-102561,CUST-1810,2024/07/17,MOBILE APP,PayPal,Processing,india,N/A,
ORD-102562,CUST-3951,01/09/2026,Mobile App,Credit Card,SHIPPED,IN,WELCOME2025,
ORD-102563,CUST-1051,"July 04, 2025",Marketplace,credit card,completed,ZA,,
ORD-102564,CUST-2093,02/01/2024,MOBILE APP,Bank Transfer,Cancelled,AU,SAVE10,
ORD-102565,CUST-3593,2026-04-12,MOBILE APP,Debit Card,Cancelled,Brazil,N/A,
ORD-102566,CUST-3376,2025-10-15,MOBILE APP,PayPal,Completed,Bharat,save10,
ORD-102567,CUST-1826,2024/01/09,MOBILE APP,Debit Card,Cancelled,Brasil,WELCOME2025,
ORD-102568,CUST-1162,06/27/2024,Mobile App,PayPal,completed,South Africa,SAVE10,
ORD-102569,CUST-1644,2025-09-17,Website,Debit Card,Refunded,IN,N/A,
ORD-102570,CUST-3990,2025/09/29,Marketplace,credit card,SHIPPED,FR,SAVE10,
ORD-102571,CUST-1830,2025/09/20,MOBILE APP,credit card,Cancelled,Britain,none,
ORD-102572,CUST-2774,04/07/2024,Phone Order,credit card,Refunded,India,N/A,
ORD-102573,CUST-3212,20-Sep-2024,Mobile App,credit card,Delivered,CA,N/A,
ORD-102574,CUST-1810,2024/05/18,Phone Order,Cash on Delivery,Processing,FR,,
ORD-102575,CUST-1235,2025-06-03,Mobile App,PayPal,Processing,Nigeria,none,
ORD-102576,CUST-3500,2025/01/20,Marketplace,Credit Card,Cancelled,CA,save10,
ORD-102577,CUST-1961,13-Jan-2026,website,Crypto,Processing,AU,,
ORD-102578,CUST-3727,10-Sep-2024,website,Credit Card,SHIPPED,DE,save10,
ORD-102579,CUST-1240,"January 29, 2026",MOBILE APP,Credit Card,Cancelled,United Kingdom,,
ORD-102580,CUST-2753,11/25/2024,Mobile App,Bank Transfer,Refunded,U.S.A.,save10,
ORD-102581,CUST-2642,23-Nov-2024,Marketplace,Cash on Delivery,completed,NG,none,
ORD-102582,CUST-3507,2025-05-28,Website,Debit Card,Pending,BR,save10,
ORD-102583,CUST-2004,"August 16, 2025",website,Crypto,Cancelled,australia,none,
ORD-102584,CUST-2395,2025/08/31,In-Store,PayPal,Processing,france,WELCOME2025,
ORD-102585,CUST-2446,2026-02-09,Marketplace,Cash on Delivery,Delivered,Britain,WELCOME2025,
ORD-102586,CUST-3073,2026/04/26,Phone Order,Bank Transfer,Completed,AU,,
ORD-102587,CUST-3514,02/18/2026,Website,PayPal,Cancelled,US,WELCOME2025,
ORD-102588,CUST-3930,05/07/2025,Marketplace,Cash on Delivery,completed,ZA,,
ORD-102589,CUST-1929,21/01/2026,Phone Order,credit card,Delivered,BR,WELCOME2025,
ORD-102590,CUST-3416,"September 22, 2025",,Bank Transfer,Pending,United Kingdom,,
ORD-102591,CUST-1754,"June 02, 2025",MOBILE APP,PayPal,SHIPPED,UK,,
ORD-102592,CUST-3547,26/09/2024,Marketplace,Credit Card,Processing,canada,,
ORD-102593,CUST-1593,24/12/2024,In-Store,Debit Card,Refunded,Nigeria,,
ORD-102594,CUST-2183,2025-04-08,MOBILE APP,credit card,Pending,Australia,,
ORD-102595,CUST-1039,"October 05, 2025",MOBILE APP,PayPal,Refunded,IN,,
ORD-102596,CUST-3196,18-Aug-2024,Website,Bank Transfer,Refunded,Nigeria,,
ORD-102597,CUST-1914,12/05/2025,Phone Order,PayPal,completed,france,SAVE10,
ORD-102598,CUST-3100,2024/11/02,Mobile App,Cash on Delivery,SHIPPED,united states,,
ORD-102599,CUST-3884,"June 30, 2025",website,credit card,Completed,USA,none,
ORD-102600,CUST-1182,19/04/2026,Website,credit card,Processing,Nigéria,none,
ORD-102601,CUST-3166,2024-03-03,Phone Order,credit card,Completed,Nigéria,N/A,
ORD-102602,CUST-3795,15/08/2027,MOBILE APP,PayPal,Processing,Bharat,SAVE10,
ORD-102603,CUST-1814,14-Oct-2025,Mobile App,Bank Transfer,SHIPPED,United States of America,,
ORD-102604,CUST-3999,"November 05, 2024",Phone Order,credit card,Processing,united states,N/A,
ORD-102605,CUST-3519,2024/03/16,In-Store,Cash on Delivery,Refunded,Nigeria,none,
ORD-102606,CUST-3960,2025-07-31,website,Debit Card,Processing,FR,SAVE10,
ORD-102607,CUST-1174,19-Nov-2025,Marketplace,Bank Transfer,Processing,Bharat,WELCOME2025,
ORD-102608,CUST-2713,31-Dec-2025,In-Store,Bank Transfer,Refunded,Australia,none,
ORD-102609,CUST-1917,05-Feb-2025,website,credit card,Pending,USA,,
ORD-102610,CUST-2171,"March 24, 2024",website,Credit Card,Refunded,AU,N/A,
ORD-102611,CUST-2856,03/30/2025,MOBILE APP,Crypto,Cancelled,canada,N/A,
ORD-102612,CUST-1665,21/04/2025,Phone Order,Debit Card,Cancelled,AU,N/A,
ORD-102613,CUST-1402,18/01/2026,MOBILE APP,Cash on Delivery,Refunded,Brazil,WELCOME2025,
ORD-102614,CUST-2406,"January 13, 2024",In-Store,credit card,Completed,IN,save10,
ORD-102615,CUST-1718,06/04/2024,Website,Credit Card,Cancelled,AU,none,
ORD-102616,CUST-3976,"January 15, 2025",Mobile App,Bank Transfer,completed,S. Africa,,
ORD-102617,CUST-1513,11/02/2024,In-Store,credit card,Refunded,,N/A,
ORD-102618,CUST-1813,03/29/2025,Mobile App,Debit Card,SHIPPED,canada,,
ORD-102619,CUST-2749,22/02/2025,In-Store,Bank Transfer,Completed,FR,WELCOME2025,
ORD-102620,CUST-3735,"February 29, 2024",MOBILE APP,credit card,Delivered,Brasil,WELCOME2025,
ORD-102621,CUST-3203,"May 07, 2025",Phone Order,Bank Transfer,Processing,UK,WELCOME2025,
ORD-102622,CUST-3111,2026-07-16,Phone Order,Debit Card,Cancelled,United States of America,,
ORD-102623,CUST-3802,02/06/2024,Phone Order,Credit Card,Completed,France,none,
ORD-102624,CUST-2257,2025/03/20,Phone Order,Credit Card,Completed,Canada,,
ORD-102625,CUST-2553,2026/02/19,Marketplace,Credit Card,Completed,Nigeria,WELCOME2025,
ORD-102626,CUST-3483,22/04/2026,Mobile App,Bank Transfer,completed,Australia,SAVE10,
ORD-102627,CUST-2603,25-Jan-2026,In-Store,Credit Card,SHIPPED,Nigeria,,
ORD-102628,CUST-2428,2024-09-11,Website,Debit Card,completed,ZA,WELCOME2025,
ORD-102629,CUST-2561,2025-03-03,Phone Order,Bank Transfer,Processing,FR,,
ORD-102630,CUST-2629,2024/04/23,Mobile App,Crypto,Refunded,Brasil,,
ORD-102631,CUST-1330,01/06/2026,In-Store,Cash on Delivery,Delivered,BR,,
ORD-102632,CUST-1236,24/10/2025,website,Credit Card,Delivered,South Africa,WELCOME2025,
ORD-102633,CUST-1249,13-Aug-2024,website,Credit Card,Refunded,united states,WELCOME2025,
ORD-102634,CUST-3441,03-Jun-2025,website,PayPal,Processing,South Africa,,
ORD-102635,CUST-1634,04/12/2024,Website,credit card,Refunded,IN,SAVE10,
ORD-102636,CUST-2674,17-Oct-2025,In-Store,Debit Card,Pending,germany,save10,
ORD-102637,CUST-1271,04/12/2024,website,Debit Card,Delivered,united states,SAVE10,
ORD-102638,CUST-1318,08-Nov-2025,MOBILE APP,Crypto,SHIPPED,australia,save10,
ORD-102639,CUST-2136,09-Jan-2025,Mobile App,Bank Transfer,Delivered,RSA,none,
ORD-102640,CUST-1742,2024/09/25,Phone Order,Debit Card,Delivered,Canada,WELCOME2025,
ORD-102641,CUST-1490,2024-03-07,Website,Cash on Delivery,Refunded,india,,
ORD-102642,CUST-3142,2024-08-17,website,PayPal,Delivered,India,SAVE10,
ORD-102643,CUST-1701,2026/05/18,website,Debit Card,Pending,US,none,
ORD-102644,CUST-2858,12/12/2025,Phone Order,Cash on Delivery,SHIPPED,ZA,WELCOME2025,
ORD-102645,CUST-1613,2025-06-17,In-Store,Cash on Delivery,Pending,U.K.,N/A,
ORD-102646,CUST-2789,07/01/2026,Website,credit card,Pending,CA,SAVE10,
ORD-102647,CUST-2564,04/28/2024,Phone Order,Crypto,Pending,France,save10,
ORD-102648,CUST-3668,2024-07-14,website,Crypto,Processing,AU,SAVE10,
ORD-102649,CUST-2327,08/30/2024,Mobile App,credit card,Refunded,S. Africa,N/A,
ORD-102650,CUST-1871,05/01/2025,Mobile App,Crypto,Refunded,Brazil,none,
ORD-102651,CUST-2444,"September 30, 2025",MOBILE APP,Debit Card,SHIPPED,United Kingdom,SAVE10,
ORD-102652,CUST-3365,2025/06/15,Mobile App,credit card,completed,canada,N/A,
ORD-102653,CUST-2745,2026-05-17,Marketplace,Bank Transfer,Cancelled,NG,,
ORD-102654,CUST-3419,04/12/2026,In-Store,Credit Card,completed,Nigéria,none,
ORD-102655,CUST-2831,2024/06/01,website,Debit Card,Cancelled,United Kingdom,SAVE10,
ORD-102656,CUST-1842,09-Dec-2025,Mobile App,PayPal,Refunded,Bharat,,
ORD-102657,CUST-1813,"March 20, 2025",Mobile App,Credit Card,Delivered,germany,save10,
ORD-102658,CUST-3167,13/09/2025,Phone Order,credit card,Delivered,australia,N/A,
ORD-102659,CUST-3225,2024/10/17,MOBILE APP,credit card,Pending,UK,save10,
ORD-102660,CUST-2890,2026-03-18,Website,PayPal,Cancelled,germany,N/A,
ORD-102661,CUST-2124,27-Dec-2024,MOBILE APP,Bank Transfer,SHIPPED,S. Africa,N/A,
ORD-102662,CUST-3483,03/03/2024,Mobile App,Bank Transfer,Delivered,Brasil,N/A,
ORD-102663,CUST-3291,04/08/2024,Mobile App,Bank Transfer,Pending,Brasil,,
ORD-102664,CUST-1452,2024-01-30,Mobile App,PayPal,completed,Brazil,WELCOME2025,
ORD-102665,CUST-3979,05/23/2025,Marketplace,credit card,Delivered,australia,none,
ORD-102666,CUST-2966,22/08/2024,Marketplace,credit card,Cancelled,India,none,
ORD-102667,CUST-1020,2024/06/13,Mobile App,Cash on Delivery,Completed,Brazil,none,
ORD-102668,CUST-3902,07/09/2024,Website,Cash on Delivery,Cancelled,Britain,none,
ORD-100468,CUST-3744,2025-02-08,Website,Crypto,Completed,france,,
ORD-102670,CUST-2413,05/07/2025,In-Store,credit card,Completed,USA,SAVE10,
ORD-102671,CUST-1615,2026/04/25,Marketplace,Bank Transfer,SHIPPED,IN,,
ORD-102672,CUST-1414,22-Apr-2024,MOBILE APP,credit card,Cancelled,United Kingdom,none,
ORD-102673,CUST-1355,2024/01/24,Website,Crypto,completed,Canada,,
ORD-102674,CUST-2295,2026-06-08,Marketplace,Cash on Delivery,Refunded,United States of America,,
ORD-102675,CUST-3313,"September 01, 2024",MOBILE APP,Debit Card,Delivered,ZA,N/A,
ORD-102676,CUST-3001,03-May-2026,Mobile App,Cash on Delivery,Completed,australia,,
ORD-102677,CUST-3097,"May 04, 2026",website,credit card,SHIPPED,UK,N/A,
ORD-102678,CUST-2758,25/03/2024,Mobile App,Cash on Delivery,SHIPPED,DE,none,
ORD-102679,CUST-2801,2024/05/06,website,Bank Transfer,Processing,France,SAVE10,
ORD-102680,CUST-3323,07/04/2026,In-Store,Debit Card,Completed,NG,save10,
ORD-102681,CUST-1777,"August 09, 2025",In-Store,Credit Card,Processing,United States of America,WELCOME2025,
ORD-102682,CUST-1304,12/07/2025,website,Credit Card,Completed,USA,N/A,
ORD-102683,CUST-2369,02-Jun-2024,website,Crypto,Processing,France,,
ORD-102684,CUST-1526,2024/06/19,Marketplace,Cash on Delivery,Processing,UK,,
ORD-102685,CUST-1806,18-Sep-2024,Mobile App,Crypto,Completed,Brazil,N/A,
ORD-102686,CUST-3143,"October 29, 2024",Mobile App,Cash on Delivery,Processing,NG,save10,
ORD-102687,CUST-2421,12/18/2025,MOBILE APP,Crypto,Delivered,Nigéria,none,
ORD-102688,CUST-1424,12-Jul-2026,In-Store,Credit Card,Cancelled,canada,,
ORD-102689,CUST-2030,01/04/2024,MOBILE APP,Bank Transfer,completed,france,,
ORD-102690,CUST-2050,04/02/2025,MOBILE APP,Crypto,Refunded,france,SAVE10,
ORD-102691,CUST-3687,2024-08-14,MOBILE APP,Debit Card,completed,IN,N/A,
ORD-102692,CUST-3705,07/27/2024,Mobile App,Cash on Delivery,Delivered,RSA,SAVE10,
ORD-102693,CUST-2858,29-Feb-2024,Marketplace,Debit Card,Pending,United States of America,,
ORD-102694,CUST-1379,2024-08-26,Marketplace,Crypto,Completed,France,WELCOME2025,
ORD-102695,CUST-2170,28-Feb-2027,Phone Order,credit card,SHIPPED,BR,N/A,
ORD-102696,CUST-3300,2024-04-14,Mobile App,Crypto,Delivered,NG,SAVE10,
ORD-102697,CUST-1201,"August 20, 2025",MOBILE APP,Crypto,completed,RSA,none,
ORD-102698,CUST-2837,22-Nov-2025,In-Store,credit card,Delivered,Nigéria,save10,
ORD-102699,CUST-2025,"October 15, 2024",In-Store,Credit Card,Processing,France,N/A,
ORD-102700,CUST-3214,19-Aug-2024,Website,credit card,Cancelled,Brasil,SAVE10,
ORD-102701,CUST-3084,2025/11/19,Mobile App,PayPal,Completed,IN,,
ORD-102702,CUST-2899,28-Mar-2024,In-Store,Credit Card,Completed,NG,N/A,
ORD-102703,CUST-3271,01/06/2025,Website,Credit Card,Processing,DE,,
ORD-102704,CUST-2814,04/02/2026,MOBILE APP,Debit Card,Refunded,South Africa,,
ORD-102705,CUST-1374,02/10/2024,Phone Order,credit card,Completed,India,N/A,
ORD-102706,CUST-2079,2026/07/14,Marketplace,PayPal,Cancelled,Nigéria,,
ORD-102707,CUST-1501,2025/03/10,In-Store,Credit Card,Completed,RSA,,
ORD-102708,CUST-2414,2025/06/03,Mobile App,Cash on Delivery,Pending,United States,save10,
ORD-102709,CUST-1576,23-Mar-2024,Marketplace,Bank Transfer,Completed,france,save10,
ORD-102710,CUST-3110,04/13/2026,Marketplace,Cash on Delivery,SHIPPED,Canada,none,
ORD-102711,CUST-1342,26-Aug-2024,Phone Order,Bank Transfer,Completed,USA,,
ORD-102712,CUST-1862,2025-12-24,Marketplace,Credit Card,Delivered,AU,,
ORD-102713,CUST-2608,2024/08/26,website,Crypto,Refunded,France,none,
ORD-102714,CUST-3117,"February 27, 2026",website,Crypto,Pending,germany,save10,
ORD-102715,CUST-1474,2025-06-10,website,Bank Transfer,completed,India,SAVE10,
ORD-102716,CUST-2853,2024-06-28,MOBILE APP,credit card,Completed,Nigeria,save10,
ORD-102717,CUST-2220,21/04/2024,Website,credit card,Delivered,U.K.,SAVE10,
ORD-102718,CUST-1701,2025-02-08,Phone Order,Crypto,completed,Brazil,none,
ORD-102719,CUST-3310,08-Sep-2025,website,Debit Card,Pending,S. Africa,,
ORD-102720,CUST-3455,19/05/2025,website,PayPal,Cancelled,South Africa,save10,
ORD-102721,CUST-3380,2025-09-29,Website,Crypto,SHIPPED,S. Africa,,
ORD-102722,CUST-3503,"August 10, 2025",MOBILE APP,Cash on Delivery,Delivered,Deutschland,WELCOME2025,
ORD-102723,CUST-1584,2025-05-26,MOBILE APP,Crypto,Delivered,South Africa,WELCOME2025,
ORD-102724,CUST-1903,2025-09-03,MOBILE APP,credit card,Pending,Australia,N/A,
ORD-102725,CUST-3845,2024/08/23,Phone Order,credit card,Delivered,AU,SAVE10,
ORD-102726,CUST-1170,2024/08/31,In-Store,PayPal,Completed,united states,save10,
ORD-102727,CUST-2417,2025-10-01,Phone Order,Credit Card,Refunded,FR,none,
ORD-102728,CUST-3356,23/02/2024,Marketplace,credit card,Processing,Australia,WELCOME2025,
ORD-102729,CUST-1618,23/12/2024,Mobile App,Credit Card,Completed,germany,,
ORD-102730,CUST-1176,17/06/2026,website,Credit Card,SHIPPED,Deutschland,,
ORD-102731,CUST-3983,24-Jun-2026,Mobile App,Cash on Delivery,SHIPPED,CA,,
ORD-102732,CUST-1591,"November 17, 2025",website,Bank Transfer,Refunded,United Kingdom,save10,
ORD-102733,CUST-3612,29-Dec-2025,Marketplace,PayPal,SHIPPED,NG,,
ORD-102734,CUST-1983,2026-04-19,Website,Bank Transfer,Delivered,FR,none,
ORD-102735,CUST-3803,2025/03/29,Phone Order,Debit Card,Pending,Canada,SAVE10,
ORD-102736,CUST-3727,17/06/2025,Phone Order,Cash on Delivery,Processing,S. Africa,save10,
ORD-102737,CUST-3422,"August 04, 2025",Marketplace,Credit Card,Completed,Nigéria,save10,
ORD-102738,CUST-1797,07/25/2025,Website,Credit Card,Refunded,Brazil,SAVE10,
ORD-102739,CUST-2562,05/15/2026,website,Debit Card,Pending,Nigeria,SAVE10,
ORD-102740,CUST-3713,10/15/2025,Website,Debit Card,Pending,Canada,WELCOME2025,
ORD-102741,CUST-2227,2026/02/02,Marketplace,credit card,completed,USA,N/A,
ORD-102742,CUST-3063,23/05/2026,Marketplace,Bank Transfer,Refunded,RSA,save10,
ORD-102743,CUST-1502,2026-02-24,website,Credit Card,Cancelled,Australia,,
ORD-102744,CUST-1731,28-Jun-2025,Website,Credit Card,SHIPPED,FR,,
ORD-102745,CUST-3107,23/03/2025,Marketplace,Bank Transfer,Delivered,DE,save10,
ORD-102746,CUST-3517,"September 30, 2025",In-Store,Cash on Delivery,completed,CA,WELCOME2025,
ORD-102747,CUST-1243,18/07/2024,website,Bank Transfer,Refunded,BR,N/A,
ORD-102748,CUST-2267,2025/11/27,Website,credit card,SHIPPED,france,WELCOME2025,
ORD-102749,CUST-2614,09/16/2025,Website,credit card,Processing,Deutschland,SAVE10,
ORD-102750,CUST-2869,2024-03-22,website,credit card,Refunded,U.K.,N/A,
ORD-102751,CUST-1236,"April 12, 2024",MOBILE APP,Cash on Delivery,Completed,CA,save10,
ORD-102752,CUST-2594,04/03/2026,Mobile App,credit card,Cancelled,india,,
ORD-102753,CUST-1844,"June 30, 2026",Website,PayPal,Processing,Nigéria,save10,
ORD-102754,CUST-2217,11/08/2025,Mobile App,credit card,SHIPPED,FR,none,
ORD-102755,CUST-2730,2024-10-07,MOBILE APP,Bank Transfer,Completed,USA,,
ORD-102756,CUST-1561,"May 12, 2026",Phone Order,Crypto,completed,IN,save10,
ORD-102757,CUST-3683,2025/08/07,MOBILE APP,Debit Card,Processing,CA,,
ORD-102758,CUST-1975,2026/02/03,In-Store,Bank Transfer,completed,CA,WELCOME2025,
ORD-100980,CUST-1652,2025-02-22,Phone Order,Crypto,Refunded,CA,WELCOME2025,
ORD-102760,CUST-3356,2024-04-04,Website,credit card,completed,Brasil,,
ORD-102761,CUST-3288,2025/01/29,Marketplace,PayPal,Cancelled,France,N/A,
ORD-102762,CUST-3459,2025-11-08,Mobile App,Crypto,Processing,india,WELCOME2025,
ORD-102763,CUST-1286,2025-02-19,Mobile App,PayPal,Cancelled,france,WELCOME2025,
ORD-102764,CUST-2019,06/08/2026,Phone Order,Bank Transfer,Pending,australia,N/A,
ORD-102765,CUST-3389,04/16/2025,MOBILE APP,Crypto,Pending,Australia,none,
ORD-102766,CUST-2478,2024/05/29,MOBILE APP,Debit Card,Delivered,united states,,
ORD-102767,CUST-1352,2025-08-11,In-Store,Bank Transfer,SHIPPED,US,,
ORD-102768,CUST-1864,"January 18, 2026",Website,Bank Transfer,Cancelled,canada,none,
ORD-102769,CUST-1350,"August 03, 2025",website,Debit Card,Refunded,Bharat,,
ORD-102770,CUST-2826,"April 28, 2024",Website,Debit Card,Delivered,australia,,
ORD-102771,CUST-1437,20/08/2024,Mobile App,Cash on Delivery,Cancelled,Brazil,WELCOME2025,
ORD-100231,CUST-2381,2025/01/08,Mobile App,credit card,Completed,India,WELCOME2025,
ORD-102773,CUST-3581,01/21/2026,website,PayPal,Cancelled,Nigéria,SAVE10,
ORD-102774,CUST-2188,30/12/2025,MOBILE APP,credit card,Cancelled,ZA,save10,
ORD-102775,CUST-2091,01/13/2024,Mobile App,PayPal,Cancelled,germany,,
ORD-102776,CUST-2070,2025/10/24,website,Cash on Delivery,Cancelled,United States of America,save10,
ORD-102777,CUST-2173,2025/02/28,In-Store,Bank Transfer,Delivered,NG,N/A,
ORD-102778,CUST-1668,2026/04/16,MOBILE APP,PayPal,Refunded,RSA,,
ORD-102779,CUST-2812,2027-10-12,MOBILE APP,Debit Card,Processing,Deutschland,SAVE10,
ORD-102780,CUST-2876,2024-07-23,Website,Crypto,Pending,canada,N/A,
ORD-102781,CUST-1691,"October 01, 2025",Marketplace,Crypto,completed,Britain,,
ORD-102782,CUST-1693,2024-05-07,Website,Credit Card,Delivered,BR,none,
ORD-102783,CUST-3257,28-May-2024,In-Store,Cash on Delivery,Refunded,DE,SAVE10,
ORD-102784,CUST-2705,"January 05, 2024",Mobile App,Cash on Delivery,Cancelled,FR,SAVE10,
ORD-102785,CUST-3583,04/05/2024,Website,Crypto,SHIPPED,Nigéria,save10,
ORD-102786,CUST-2358,16-Mar-2025,Phone Order,credit card,Cancelled,Deutschland,,
ORD-102787,CUST-3139,"September 25, 2024",In-Store,PayPal,SHIPPED,US,save10,
ORD-102788,CUST-2840,2026-04-23,Website,Credit Card,SHIPPED,canada,,
ORD-102789,CUST-1920,2024-11-07,Phone Order,Credit Card,completed,South Africa,WELCOME2025,
ORD-102790,CUST-3426,03/29/2024,MOBILE APP,Bank Transfer,completed,BR,none,
ORD-102791,CUST-1443,"February 23, 2025",Mobile App,Cash on Delivery,completed,india,none,
ORD-102792,CUST-2355,19-Mar-2025,Website,Debit Card,Refunded,germany,SAVE10,
ORD-102793,CUST-1273,2024-12-21,In-Store,Debit Card,Delivered,UK,,
ORD-102794,CUST-2080,06/22/2024,MOBILE APP,Bank Transfer,completed,united states,WELCOME2025,
ORD-102795,CUST-2114,2025/05/04,Marketplace,Bank Transfer,Pending,nigeria,none,
ORD-102796,CUST-2819,02-Feb-2024,Phone Order,Bank Transfer,Processing,United States of America,SAVE10,
ORD-102797,CUST-1522,2025/01/01,website,Cash on Delivery,Completed,nigeria,WELCOME2025,
ORD-102798,CUST-1491,2024-10-21,Mobile App,Cash on Delivery,Completed,AU,none,
ORD-102799,CUST-1367,12-Jan-2026,Phone Order,PayPal,Processing,U.S.A.,WELCOME2025,
ORD-102800,CUST-2811,2026/01/27,Mobile App,credit card,Refunded,DE,save10,
ORD-102801,CUST-3979,01/03/2026,Phone Order,Crypto,SHIPPED,Bharat,,
ORD-102802,CUST-1295,04-Jul-2026,In-Store,Bank Transfer,Completed,United States,,
ORD-102803,CUST-3590,30-Apr-2026,Website,Cash on Delivery,Pending,canada,,
ORD-102804,CUST-2538,2024/09/22,Mobile App,Cash on Delivery,Completed,South Africa,save10,
ORD-102805,CUST-3767,07/10/2024,Phone Order,credit card,Refunded,CA,,
ORD-102806,CUST-3382,"April 01, 2025",Website,Crypto,Pending,Brasil,N/A,
ORD-102807,CUST-2493,2024-02-21,In-Store,Cash on Delivery,Pending,australia,,
ORD-102808,CUST-2772,12/06/2025,Phone Order,Crypto,SHIPPED,germany,none,
ORD-102809,CUST-3819,28/04/2025,website,PayPal,Completed,australia,,
ORD-102810,CUST-2123,05/27/2026,In-Store,Debit Card,SHIPPED,Brazil,,
ORD-102811,CUST-2403,09/24/2024,,Crypto,Refunded,BR,SAVE10,
ORD-102812,CUST-1349,2025/03/02,website,credit card,Completed,IN,WELCOME2025,
ORD-102813,CUST-2194,"November 03, 2024",Marketplace,credit card,Completed,France,WELCOME2025,
ORD-102814,CUST-1171,02/01/2025,Phone Order,Bank Transfer,Completed,Deutschland,save10,
ORD-102815,CUST-2236,"August 28, 2024",In-Store,PayPal,SHIPPED,India,save10,
ORD-102816,CUST-2661,2024-07-27,website,PayPal,completed,BR,save10,
ORD-102817,CUST-3873,2026-05-03,Marketplace,Bank Transfer,Completed,AU,save10,
ORD-102818,CUST-3100,"December 22, 2024",Marketplace,Bank Transfer,Delivered,RSA,,
ORD-102819,CUST-1145,"July 18, 2025",In-Store,PayPal,Pending,U.K.,SAVE10,
ORD-102820,CUST-2660,2025-02-07,Mobile App,Crypto,SHIPPED,Brasil,none,
ORD-102821,CUST-2597,03-Mar-2024,Website,Debit Card,Completed,Australia,,
ORD-102822,CUST-1439,20-Sep-2024,Mobile App,Crypto,Refunded,United Kingdom,WELCOME2025,
ORD-102823,CUST-2139,26-Oct-2024,In-Store,PayPal,Processing,canada,,
ORD-102824,CUST-2381,17/04/2026,MOBILE APP,Crypto,Processing,australia,save10,
ORD-102825,CUST-2353,2026-01-27,Website,Crypto,Pending,BR,save10,
ORD-102826,CUST-3472,"October 29, 2024",Website,Credit Card,Completed,france,none,
ORD-102827,CUST-3983,2024/04/20,website,credit card,completed,canada,SAVE10,
ORD-102828,CUST-1031,15/05/2026,MOBILE APP,Credit Card,Processing,Deutschland,,
ORD-102829,CUST-2555,2025-12-23,Mobile App,Credit Card,SHIPPED,US,N/A,
ORD-102830,CUST-1035,07/07/2024,In-Store,Bank Transfer,Pending,U.K.,save10,
ORD-102831,CUST-3505,28/10/2024,In-Store,credit card,completed,NG,SAVE10,
ORD-102832,CUST-1386,16-Apr-2026,In-Store,credit card,completed,australia,,
ORD-102833,CUST-2479,"July 20, 2025",In-Store,Crypto,Cancelled,Brazil,,
ORD-102834,CUST-3202,"November 23, 2024",Marketplace,credit card,SHIPPED,canada,SAVE10,
ORD-102835,CUST-1013,2027-02-27,Mobile App,Bank Transfer,Refunded,Nigéria,,
ORD-102836,CUST-3918,2024-09-21,MOBILE APP,PayPal,SHIPPED,india,,
ORD-102837,CUST-2826,"January 25, 2024",Marketplace,Bank Transfer,Pending,U.S.A.,none,
ORD-102838,CUST-2700,10/25/2025,Website,PayPal,Pending,DE,,
ORD-102839,CUST-3392,08/18/2024,website,Crypto,completed,canada,WELCOME2025,
ORD-101941,CUST-3099,2025/12/10,Marketplace,Crypto,Completed,France,SAVE10,
ORD-102841,CUST-3128,2025/06/27,Website,Cash on Delivery,Cancelled,DE,,
ORD-102842,CUST-3243,07/07/2025,Website,Cash on Delivery,completed,DE,SAVE10,
ORD-102843,CUST-3021,04-May-2026,Website,Credit Card,completed,South Africa,none,
ORD-102844,CUST-2927,"May 04, 2024",In-Store,Credit Card,SHIPPED,australia,N/A,
ORD-102845,CUST-1650,2025/11/27,Mobile App,Cash on Delivery,SHIPPED,Australia,none,
ORD-102846,CUST-2229,24/01/2026,website,PayPal,Delivered,india,none,
ORD-102847,CUST-2262,18-Feb-2026,website,Crypto,Cancelled,S. Africa,WELCOME2025,
ORD-102848,CUST-3234,12/10/2024,website,Debit Card,Processing,canada,WELCOME2025,
ORD-102849,CUST-3489,2024/12/03,Marketplace,credit card,Completed,canada,,
ORD-102850,CUST-3372,"August 23, 2025",Marketplace,PayPal,completed,france,SAVE10,
ORD-102851,CUST-1829,2024-12-10,Marketplace,Bank Transfer,completed,australia,,
ORD-102852,CUST-2375,"December 18, 2024",In-Store,Cash on Delivery,Completed,Australia,,
ORD-102853,CUST-3734,2027/12/12,In-Store,credit card,Completed,germany,none,
ORD-102854,CUST-3652,2024/12/27,Phone Order,Cash on Delivery,Cancelled,BR,WELCOME2025,
ORD-102855,CUST-2505,2026-01-30,website,Crypto,Refunded,ZA,SAVE10,
ORD-102856,CUST-1393,02/03/2025,website,Cash on Delivery,Delivered,india,,
ORD-102857,CUST-2472,"November 30, 2024",Marketplace,Debit Card,Processing,Britain,,
ORD-102858,CUST-2954,"February 21, 2024",MOBILE APP,Debit Card,completed,Canada,N/A,
ORD-102859,CUST-1909,21-Jan-2024,Mobile App,Cash on Delivery,Completed,AU,none,
ORD-102860,CUST-2601,2025/11/06,website,Bank Transfer,Pending,Germany,WELCOME2025,
ORD-102861,CUST-1227,2025-06-28,Marketplace,Bank Transfer,Cancelled,South Africa,N/A,
ORD-102862,CUST-2207,01/21/2025,Mobile App,Bank Transfer,Cancelled,AU,,
ORD-102863,CUST-2196,2026-06-22,MOBILE APP,Bank Transfer,Pending,nigeria,,
ORD-102864,CUST-3566,"December 06, 2024",Website,Cash on Delivery,completed,australia,,
ORD-102865,CUST-2363,2024-06-06,Website,Bank Transfer,Processing,India,,
ORD-102866,CUST-2608,2025-01-31,website,Crypto,Processing,DE,WELCOME2025,
ORD-102867,CUST-3037,2025-07-28,website,Debit Card,Refunded,United Kingdom,SAVE10,
ORD-102868,CUST-2880,"March 05, 2026",Marketplace,Bank Transfer,Pending,Deutschland,none,
ORD-102869,CUST-1008,2024/08/25,website,Credit Card,completed,FR,save10,
ORD-102870,CUST-2196,"March 10, 2024",In-Store,Bank Transfer,Delivered,united states,save10,
ORD-102871,CUST-2263,"April 01, 2026",Mobile App,credit card,Pending,Nigeria,SAVE10,
ORD-102872,CUST-2787,24/03/2025,In-Store,credit card,Pending,australia,,
ORD-102873,CUST-1402,22-Aug-2025,MOBILE APP,Credit Card,Cancelled,France,none,
ORD-102874,CUST-1127,06/21/2026,MOBILE APP,credit card,Completed,DE,WELCOME2025,
ORD-102875,CUST-2703,"August 07, 2025",MOBILE APP,Crypto,Pending,france,SAVE10,
ORD-102876,CUST-1110,2026-04-25,MOBILE APP,Crypto,Cancelled,Canada,save10,
ORD-102877,CUST-1427,14/01/2026,Phone Order,PayPal,SHIPPED,England,,
ORD-102878,CUST-2767,03/12/2024,MOBILE APP,Cash on Delivery,SHIPPED,AU,none,
ORD-102879,CUST-2588,11-Nov-2027,website,Cash on Delivery,SHIPPED,Germany,,
ORD-102880,CUST-3886,2024/01/24,Mobile App,PayPal,Refunded,DE,SAVE10,
ORD-102881,CUST-2762,2024-11-23,website,PayPal,completed,BR,SAVE10,
ORD-102882,CUST-3408,15/01/2025,Mobile App,Cash on Delivery,Cancelled,Brasil,,
ORD-102883,CUST-2984,30-Oct-2024,Phone Order,Bank Transfer,Refunded,france,none,
ORD-102884,CUST-3208,14-Jul-2025,Phone Order,Crypto,Completed,UK,,
ORD-102885,CUST-2418,23/10/2024,Mobile App,Debit Card,Completed,Canada,,
ORD-102886,CUST-2612,08/19/2025,Marketplace,Debit Card,Delivered,australia,save10,
ORD-102887,CUST-3740,2026-01-08,Mobile App,PayPal,Processing,IN,N/A,
ORD-102888,CUST-1227,2025-03-24,MOBILE APP,credit card,Delivered,canada,SAVE10,
ORD-102889,CUST-1222,01/02/2024,In-Store,credit card,Cancelled,NG,,
ORD-102890,CUST-3337,02-Jun-2025,Marketplace,Cash on Delivery,completed,United Kingdom,SAVE10,
ORD-102891,CUST-1966,08/04/2025,Website,Cash on Delivery,Refunded,IN,N/A,
ORD-102892,CUST-3541,01/14/2025,MOBILE APP,Cash on Delivery,Cancelled,United States of America,WELCOME2025,
ORD-102893,CUST-3577,11-Sep-2025,Marketplace,credit card,Completed,U.K.,N/A,
ORD-102894,CUST-1904,2025-09-09,Marketplace,credit card,Delivered,United States of America,,
ORD-102895,CUST-2001,11-Sep-2024,Website,Credit Card,completed,AU,none,
ORD-102896,CUST-2128,06/26/2026,In-Store,PayPal,SHIPPED,Australia,none,
ORD-102897,CUST-3454,10/30/2025,Phone Order,Debit Card,SHIPPED,AU,N/A,
ORD-102898,CUST-2506,12-Feb-2026,Phone Order,credit card,Pending,France,none,
ORD-102899,CUST-2324,2026-07-09,Phone Order,credit card,Completed,India,N/A,
ORD-102900,CUST-2251,2024/08/18,Website,Credit Card,Processing,U.K.,none,
ORD-102901,CUST-1319,17-Sep-2024,Mobile App,Credit Card,Delivered,Brasil,SAVE10,
ORD-102902,CUST-2985,"September 14, 2025",Mobile App,credit card,completed,Brazil,N/A,
ORD-102903,CUST-3884,08/04/2024,MOBILE APP,Cash on Delivery,Refunded,germany,,
ORD-102904,CUST-3995,02/15/2025,website,credit card,SHIPPED,france,SAVE10,
ORD-102905,CUST-2131,05/22/2026,Marketplace,PayPal,completed,germany,,
ORD-101862,CUST-2949,2026-04-04,Phone Order,credit card,Processing,U.K.,SAVE10,
ORD-102907,CUST-2208,"July 06, 2024",In-Store,Debit Card,Refunded,united states,save10,
ORD-102908,CUST-2062,25-Apr-2025,website,Crypto,Refunded,Germany,none,
ORD-102909,CUST-3832,09-Jan-2026,Website,Cash on Delivery,Completed,CA,none,
ORD-102910,CUST-3412,2025-10-25,Mobile App,credit card,completed,Britain,,
ORD-102911,CUST-2410,"August 11, 2024",Phone Order,PayPal,Refunded,Australia,none,
ORD-102912,CUST-2729,2027-04-03,Marketplace,Crypto,SHIPPED,Britain,N/A,
ORD-102913,CUST-1114,2025/07/20,Marketplace,Credit Card,Delivered,USA,,
ORD-102914,CUST-2879,07/08/2024,Marketplace,PayPal,Pending,Britain,,
ORD-102915,CUST-2976,10/26/2024,website,Crypto,Processing,Germany,SAVE10,
ORD-102916,CUST-1572,"April 23, 2026",Marketplace,Bank Transfer,Processing,Britain,N/A,
ORD-102917,CUST-2432,2024-06-17,website,credit card,Refunded,AU,WELCOME2025,
ORD-102918,CUST-1154,30-May-2026,Website,Debit Card,completed,france,N/A,
ORD-102919,CUST-3922,25-Jan-2024,Mobile App,credit card,Refunded,Nigéria,SAVE10,
ORD-102920,CUST-3887,25/01/2025,MOBILE APP,PayPal,Delivered,BR,,
ORD-102921,CUST-1496,01/20/2026,Phone Order,credit card,Pending,FR,SAVE10,
ORD-102922,CUST-3550,23/07/2024,In-Store,Bank Transfer,Cancelled,nigeria,WELCOME2025,
ORD-102923,CUST-1225,01/04/2026,In-Store,Bank Transfer,Completed,South Africa,N/A,
ORD-102924,CUST-3917,2024/03/09,Phone Order,Credit Card,Refunded,United States,none,
ORD-102925,CUST-3386,2024-05-14,MOBILE APP,Bank Transfer,completed,South Africa,none,
ORD-102926,CUST-3451,08/10/2025,In-Store,credit card,Processing,australia,,
ORD-102927,CUST-1075,2026-07-16,In-Store,Bank Transfer,Delivered,Australia,save10,
ORD-102928,CUST-1546,2026-07-11,Mobile App,Cash on Delivery,SHIPPED,canada,,
ORD-102929,CUST-3407,16-Apr-2025,Marketplace,Credit Card,Pending,united states,SAVE10,
ORD-102930,CUST-2358,17/04/2025,Phone Order,Crypto,Completed,nigeria,SAVE10,
ORD-102931,CUST-1317,2024-12-17,website,credit card,Completed,NG,,
ORD-102932,CUST-1564,2024-02-29,website,Cash on Delivery,Delivered,Australia,N/A,
ORD-102933,CUST-3051,2026/04/18,MOBILE APP,Bank Transfer,Completed,Bharat,none,
ORD-101768,CUST-3296,2025/09/18,MOBILE APP,Cash on Delivery,Delivered,Canada,save10,
ORD-102935,CUST-1306,15-Dec-2024,Phone Order,PayPal,completed,france,none,
ORD-102936,CUST-3277,12-Sep-2025,Mobile App,PayPal,SHIPPED,Australia,none,
ORD-102937,CUST-2247,01/05/2024,Phone Order,credit card,SHIPPED,DE,WELCOME2025,
ORD-102938,CUST-3489,23/09/2024,Marketplace,Cash on Delivery,Refunded,canada,,
ORD-102939,CUST-1116,05/10/2025,Mobile App,credit card,Processing,South Africa,,
ORD-102940,CUST-1454,"January 17, 2024",MOBILE APP,Bank Transfer,Pending,United Kingdom,save10,
ORD-102941,CUST-2375,"September 05, 2024",In-Store,credit card,completed,Australia,save10,
ORD-102942,CUST-3545,26/06/2024,In-Store,Credit Card,completed,Nigeria,N/A,
ORD-102943,CUST-2452,23-Jun-2026,Marketplace,credit card,Pending,South Africa,save10,
ORD-102944,CUST-3473,19/01/2024,website,credit card,SHIPPED,RSA,,
ORD-102945,CUST-2532,01-Apr-2026,Phone Order,Crypto,Refunded,India,,
ORD-102946,CUST-3321,2025-04-31,Mobile App,PayPal,SHIPPED,united states,N/A,
ORD-102947,CUST-2826,2025/08/26,Website,credit card,Refunded,England,none,
ORD-102948,CUST-3119,2026-06-04,Marketplace,Crypto,Delivered,Nigéria,WELCOME2025,
ORD-102949,CUST-3892,15/06/2025,website,Bank Transfer,SHIPPED,australia,WELCOME2025,
ORD-102950,CUST-3349,02/03/2025,Website,Credit Card,Cancelled,Nigéria,,
ORD-102951,CUST-1340,2024/11/29,Mobile App,PayPal,Pending,Brasil,N/A,
ORD-102952,CUST-3528,2025/12/02,Phone Order,Cash on Delivery,Pending,United Kingdom,,
ORD-102953,CUST-2685,2025/07/24,Website,Credit Card,Completed,Brasil,N/A,
ORD-102954,CUST-3570,2026-07-05,website,Cash on Delivery,Delivered,UK,,
ORD-102955,CUST-2734,2025-01-29,Website,Cash on Delivery,Delivered,England,none,
ORD-102956,CUST-1527,19-Oct-2025,website,Cash on Delivery,Refunded,ZA,,
ORD-102957,CUST-1216,2026-01-11,Phone Order,credit card,Processing,USA,,
ORD-102958,CUST-2903,08/11/2024,Phone Order,Bank Transfer,Delivered,australia,,
ORD-102959,CUST-2173,2025-02-12,In-Store,Debit Card,Pending,australia,,
ORD-102960,CUST-1924,2026-01-24,website,Crypto,Delivered,Deutschland,,
ORD-102526,CUST-2328,"July 01, 2026",MOBILE APP,Credit Card,Delivered,United States,,
ORD-102962,CUST-1047,04/26/2026,Mobile App,credit card,Pending,FR,none,
ORD-102963,CUST-1692,2025-09-03,Website,credit card,Delivered,France,,
ORD-102964,CUST-1050,2025/09/16,Phone Order,Credit Card,SHIPPED,DE,save10,
ORD-102965,CUST-3273,"April 29, 2026",website,credit card,completed,ZA,none,
ORD-102966,CUST-2986,27-Mar-2024,In-Store,Debit Card,Processing,RSA,save10,
ORD-102967,CUST-3918,2024/01/14,In-Store,Bank Transfer,Completed,india,save10,
ORD-102968,CUST-3802,2026/05/28,Website,Credit Card,Refunded,NG,N/A,
ORD-102969,CUST-1074,2025-08-23,In-Store,Bank Transfer,Pending,ZA,,
ORD-102970,CUST-3324,29/03/2025,Website,Crypto,Processing,IN,none,
ORD-102971,CUST-1037,08/07/2025,In-Store,credit card,completed,U.K.,SAVE10,
ORD-102972,CUST-2524,"March 25, 2024",Mobile App,Crypto,Completed,Canada,,
ORD-102973,CUST-2727,01-Aug-2025,In-Store,Debit Card,Refunded,FR,N/A,
ORD-102974,CUST-1671,10/30/2024,Mobile App,Cash on Delivery,Pending,RSA,N/A,
ORD-102975,CUST-2440,2024-05-21,In-Store,Bank Transfer,Processing,united states,SAVE10,
ORD-102976,CUST-1755,07-Sep-2024,Website,credit card,Completed,Nigéria,save10,
ORD-102977,CUST-2849,09-Apr-2024,Website,PayPal,Cancelled,England,none,
ORD-102978,CUST-3442,2026/05/21,Website,Crypto,Delivered,nigeria,,
ORD-102979,CUST-3912,04/12/2026,website,Bank Transfer,Pending,australia,save10,
ORD-102980,CUST-2653,2024-06-24,Marketplace,Bank Transfer,completed,Germany,SAVE10,
ORD-102981,CUST-3692,2024-02-01,MOBILE APP,Credit Card,Pending,FR,N/A,
ORD-102982,CUST-2262,02/05/2025,Mobile App,Crypto,Processing,FR,,
ORD-102983,CUST-3314,06/22/2025,Mobile App,Crypto,Pending,united states,save10,
ORD-102984,CUST-3194,2024/01/03,MOBILE APP,Bank Transfer,Refunded,England,,
ORD-102985,CUST-1100,2025/04/20,MOBILE APP,Crypto,completed,united states,none,
ORD-102986,CUST-3232,2025-10-06,website,Crypto,Refunded,FR,none,
ORD-102987,CUST-1076,2025-01-06,Website,Credit Card,Pending,CA,N/A,
ORD-102988,CUST-2127,29-Feb-2024,Website,PayPal,Delivered,DE,none,
ORD-102989,CUST-3942,"April 13, 2026",Marketplace,PayPal,SHIPPED,S. Africa,WELCOME2025,
ORD-102990,CUST-3301,"November 08, 2025",Marketplace,Crypto,Cancelled,canada,save10,
ORD-102991,CUST-2542,18-Sep-2025,Marketplace,PayPal,SHIPPED,India,,
ORD-102992,CUST-3916,2026/01/22,website,Credit Card,Completed,india,none,
ORD-102993,CUST-1129,2024-03-24,MOBILE APP,Crypto,Pending,BR,none,
ORD-102994,CUST-2980,04/05/2025,Website,credit card,completed,IN,save10,
ORD-102995,CUST-1826,2024/02/19,Website,Credit Card,completed,UK,N/A,
ORD-102996,CUST-3510,18/04/2025,Website,Credit Card,Delivered,France,SAVE10,
ORD-102997,CUST-3374,03/15/2024,Website,PayPal,Processing,france,,
ORD-102998,CUST-3587,16/12/2025,MOBILE APP,Cash on Delivery,completed,Britain,WELCOME2025,
ORD-102999,CUST-1634,2025/03/18,MOBILE APP,PayPal,Refunded,Nigéria,,
ORD-103000,CUST-1838,31-Aug-2025,website,Credit Card,Completed,canada,WELCOME2025,
ORD-103001,CUST-3590,08/30/2025,Marketplace,Cash on Delivery,Cancelled,RSA,N/A,
ORD-103002,CUST-2848,2026-05-21,Phone Order,PayPal,Refunded,Nigeria,none,
ORD-103003,CUST-2783,"September 20, 2025",Marketplace,Debit Card,Completed,Germany,N/A,
ORD-103004,CUST-3810,2026/07/08,website,credit card,Delivered,Australia,SAVE10,
ORD-103005,CUST-3151,25-Nov-2025,MOBILE APP,credit card,Completed,South Africa,,
ORD-102941,CUST-1277,25/02/2025,website,Bank Transfer,completed,United States,WELCOME2025,
ORD-103007,CUST-1970,"June 17, 2025",Phone Order,Debit Card,Cancelled,france,,
ORD-103008,CUST-3160,"July 11, 2026",Phone Order,PayPal,SHIPPED,UK,WELCOME2025,
ORD-103009,CUST-1915,02-Apr-2024,Mobile App,Credit Card,completed,Canada,N/A,
ORD-103010,CUST-1816,14-Jul-2025,Mobile App,PayPal,Refunded,canada,SAVE10,
ORD-103011,CUST-2247,2026/06/03,In-Store,Bank Transfer,Refunded,AU,N/A,
ORD-103012,CUST-3765,2024-10-23,Marketplace,PayPal,Completed,Germany,,
ORD-103013,CUST-1277,01/06/2025,Phone Order,PayPal,Delivered,US,none,
ORD-103014,CUST-3133,11/28/2024,Marketplace,Debit Card,Completed,germany,N/A,
ORD-103015,CUST-3079,12/23/2025,website,credit card,SHIPPED,DE,N/A,
ORD-103016,CUST-1005,2025/05/30,Phone Order,Crypto,Cancelled,Canada,SAVE10,
ORD-103017,CUST-1323,"November 04, 2024",In-Store,Credit Card,Delivered,Bharat,WELCOME2025,
ORD-103018,CUST-2037,28/03/2024,MOBILE APP,Debit Card,Cancelled,US,save10,
ORD-103019,CUST-1517,18-Feb-2025,Website,credit card,Processing,FR,save10,
ORD-103020,CUST-2163,03/02/2025,Phone Order,credit card,Pending,Deutschland,WELCOME2025,
ORD-103021,CUST-1043,2024/03/03,In-Store,credit card,Pending,Bharat,SAVE10,
ORD-103022,CUST-2258,2025-11-05,Mobile App,Cash on Delivery,Pending,Nigéria,SAVE10,
ORD-103023,CUST-2521,03/13/2025,Website,Cash on Delivery,Delivered,U.K.,save10,
ORD-103024,CUST-2923,20-Dec-2024,Mobile App,Credit Card,Processing,Deutschland,,
ORD-103025,CUST-1687,2024/08/26,In-Store,Crypto,Processing,india,WELCOME2025,
ORD-103026,CUST-2132,2025-06-17,website,Credit Card,SHIPPED,Nigeria,save10,
ORD-103027,CUST-1304,2026-07-16,Mobile App,Crypto,Processing,US,WELCOME2025,
ORD-103028,CUST-1977,2024-02-19,Phone Order,PayPal,SHIPPED,United States of America,save10,
ORD-103029,CUST-1507,2025/09/13,MOBILE APP,Crypto,Refunded,Brasil,,
ORD-103030,CUST-1219,09/05/2024,In-Store,Crypto,Cancelled,S. Africa,,
ORD-103031,CUST-3014,04/06/2026,Website,credit card,Processing,nigeria,N/A,
ORD-103032,CUST-3283,2025-10-19,website,Debit Card,Pending,India,SAVE10,
ORD-103033,CUST-1231,2024-03-29,Marketplace,Crypto,Completed,Nigéria,,
ORD-103034,CUST-2949,06/16/2026,Marketplace,Bank Transfer,Pending,australia,,
ORD-103035,CUST-2211,2025/07/23,Phone Order,Credit Card,Refunded,nigeria,SAVE10,
ORD-103036,CUST-3014,05/07/2026,website,Bank Transfer,Refunded,UK,WELCOME2025,
ORD-103037,CUST-3370,10-Apr-2025,Phone Order,credit card,Refunded,france,,
ORD-103038,CUST-1861,04-Jan-2024,Phone Order,Cash on Delivery,Cancelled,AU,,
ORD-103039,CUST-3814,"October 07, 2025",Website,Crypto,completed,CA,N/A,
ORD-103040,CUST-3201,15-May-2026,Phone Order,Crypto,Refunded,NG,,
ORD-103041,CUST-1346,20/05/2025,Website,Crypto,Processing,CA,N/A,
ORD-103042,CUST-3071,10/09/2024,Phone Order,Crypto,Pending,FR,,
ORD-103043,CUST-3105,18-Jun-2026,Marketplace,Cash on Delivery,Completed,IN,none,
ORD-103044,CUST-2540,28-Jun-2026,website,Bank Transfer,Delivered,BR,,
ORD-103045,CUST-1930,09-Sep-2024,In-Store,Debit Card,Delivered,AU,,
ORD-103046,CUST-2817,"November 02, 2024",MOBILE APP,Cash on Delivery,Pending,ZA,N/A,
ORD-103047,CUST-3860,02/22/2026,Website,credit card,completed,United Kingdom,,
ORD-103048,CUST-3083,2024/01/09,MOBILE APP,credit card,Pending,india,save10,
ORD-103049,CUST-2948,06/07/2025,Marketplace,Debit Card,Completed,Germany,none,
ORD-103050,CUST-2707,2024/12/30,In-Store,credit card,Processing,Canada,save10,
ORD-103051,CUST-1423,05-Apr-2025,website,Debit Card,Cancelled,India,save10,
ORD-103052,CUST-3617,12-Jan-2025,website,Cash on Delivery,Processing,United States,N/A,
ORD-103053,CUST-2825,"November 28, 2024",MOBILE APP,credit card,completed,canada,,
ORD-103054,CUST-3018,23/05/2024,website,credit card,Refunded,AU,WELCOME2025,
ORD-103055,CUST-1132,"January 29, 2026",Mobile App,credit card,Cancelled,NG,SAVE10,
ORD-103056,CUST-3235,"July 31, 2025",MOBILE APP,Crypto,Pending,CA,,
ORD-103057,CUST-2681,06-Jun-2024,Website,Debit Card,Cancelled,France,none,
ORD-103058,CUST-1731,"April 11, 2026",Mobile App,Crypto,SHIPPED,Brazil,save10,
ORD-103059,CUST-2421,09/13/2025,website,credit card,Processing,United States,WELCOME2025,
ORD-102464,CUST-3060,2026/02/02,Phone Order,Crypto,Completed,Bharat,save10,
ORD-103061,CUST-1044,29/10/2025,In-Store,credit card,Cancelled,Brazil,none,
ORD-103062,CUST-1876,2025-12-05,MOBILE APP,Cash on Delivery,Cancelled,CA,WELCOME2025,
ORD-103063,CUST-3975,2024-07-04,Mobile App,Cash on Delivery,Delivered,UK,save10,
ORD-103064,CUST-1356,28-May-2025,Website,Bank Transfer,Refunded,Bharat,SAVE10,
ORD-103065,CUST-1706,2026/06/06,Mobile App,Crypto,Refunded,US,SAVE10,
ORD-103066,CUST-2579,29/12/2025,MOBILE APP,Debit Card,completed,Brasil,save10,
ORD-103067,CUST-2156,02/03/2026,website,Crypto,Pending,DE,,
ORD-103068,CUST-1869,2025/10/07,Marketplace,Debit Card,Pending,Australia,save10,
ORD-103069,CUST-1049,"October 02, 2024",Marketplace,Bank Transfer,Pending,S. Africa,,
ORD-103070,CUST-3452,10/28/2024,website,Debit Card,SHIPPED,BR,none,
ORD-103071,CUST-2369,"November 20, 2025",Mobile App,Crypto,Processing,australia,,
ORD-103072,CUST-1149,2025-04-24,Website,Cash on Delivery,Delivered,Nigéria,N/A,
ORD-103073,CUST-3888,12-Jan-2024,website,Bank Transfer,SHIPPED,United States,,
ORD-103074,CUST-2826,06/11/2024,website,credit card,completed,canada,N/A,
ORD-103075,CUST-2550,2025/08/26,Phone Order,Credit Card,Refunded,nigeria,N/A,
ORD-103076,CUST-2852,2025/10/04,In-Store,Crypto,Processing,Nigéria,,
ORD-103077,CUST-1597,03/05/2026,Website,PayPal,Cancelled,United States,N/A,
ORD-103078,CUST-1103,01/27/2025,MOBILE APP,Bank Transfer,Pending,Bharat,SAVE10,
ORD-103079,CUST-2379,20/07/2025,MOBILE APP,Debit Card,completed,South Africa,save10,
ORD-101724,CUST-1631,2024/08/04,Marketplace,PayPal,Refunded,UK,save10,
ORD-103081,CUST-2714,01-Sep-2025,website,Debit Card,Refunded,nigeria,WELCOME2025,
ORD-103082,CUST-3305,07/03/2024,MOBILE APP,PayPal,Pending,South Africa,none,
ORD-103083,CUST-2596,"September 09, 2025",MOBILE APP,Bank Transfer,Completed,UK,save10,
ORD-103084,CUST-3638,2024-03-20,In-Store,Crypto,SHIPPED,BR,,
ORD-102074,CUST-3308,2025-04-20,Website,Debit Card,completed,France,none,
ORD-103086,CUST-1330,28/03/2026,Phone Order,PayPal,Processing,australia,,
ORD-103087,CUST-2446,02/16/2025,Website,Credit Card,Refunded,CA,WELCOME2025,
ORD-103088,CUST-2522,2024-01-29,Mobile App,Crypto,Processing,france,,
ORD-103089,CUST-3162,08/17/2024,Phone Order,Cash on Delivery,Cancelled,US,SAVE10,
ORD-100761,CUST-2751,29-Mar-2025,Marketplace,credit card,SHIPPED,nigeria,WELCOME2025,
ORD-103091,CUST-1804,05/03/2024,Phone Order,Credit Card,Pending,Nigeria,N/A,
ORD-103092,CUST-1145,2024-05-08,In-Store,Credit Card,Cancelled,india,N/A,
ORD-103093,CUST-3092,08/11/2025,Phone Order,PayPal,Delivered,RSA,none,
ORD-103094,CUST-1834,2025/08/27,MOBILE APP,Debit Card,Cancelled,Canada,save10,
ORD-103095,CUST-1004,02/15/2027,MOBILE APP,Cash on Delivery,Cancelled,United Kingdom,save10,
ORD-103096,CUST-3173,12-Sep-2025,Mobile App,PayPal,Delivered,AU,N/A,
ORD-103097,CUST-3345,"June 02, 2027",Mobile App,Credit Card,SHIPPED,Brasil,save10,
ORD-103098,CUST-2045,2026-02-11,website,Bank Transfer,completed,Brasil,WELCOME2025,
ORD-103099,CUST-2461,24-Oct-2025,Marketplace,Cash on Delivery,Delivered,DE,none,
ORD-103100,CUST-1608,"February 25, 2025",Phone Order,PayPal,Pending,DE,N/A,
ORD-103101,CUST-1792,30-Jan-2024,Marketplace,Cash on Delivery,Cancelled,AU,none,
ORD-103102,CUST-1991,2026/04/07,website,PayPal,Processing,germany,SAVE10,
ORD-103103,CUST-2069,2024/09/14,MOBILE APP,credit card,Pending,ZA,none,
ORD-103104,CUST-2389,2024-01-15,Phone Order,Debit Card,Completed,AU,WELCOME2025,
ORD-103105,CUST-1619,06/03/2025,Marketplace,Crypto,Processing,DE,save10,
ORD-103106,CUST-1345,2024/03/23,website,Credit Card,Processing,nigeria,,
ORD-103107,CUST-3960,28-Nov-2024,Mobile App,Crypto,Refunded,RSA,save10,
ORD-103108,CUST-3914,"November 24, 2025",Phone Order,PayPal,completed,India,,
ORD-103109,CUST-2612,10/17/2025,Phone Order,Crypto,completed,Deutschland,SAVE10,
ORD-103110,CUST-1119,01-Jul-2024,Mobile App,Cash on Delivery,Pending,France,none,
ORD-103111,CUST-2440,11/09/2024,Phone Order,Cash on Delivery,SHIPPED,Nigéria,WELCOME2025,
ORD-103112,CUST-1896,26-Oct-2025,MOBILE APP,Bank Transfer,Processing,france,save10,
ORD-103113,CUST-3039,2024/06/09,website,Cash on Delivery,Refunded,US,none,
ORD-103114,CUST-3759,25/02/2024,Phone Order,credit card,SHIPPED,United Kingdom,WELCOME2025,
ORD-103115,CUST-2230,"October 15, 2025",website,Debit Card,Cancelled,France,SAVE10,
ORD-103116,CUST-3925,16/01/2026,In-Store,Credit Card,Processing,ZA,N/A,
ORD-103117,CUST-3711,14/05/2026,In-Store,PayPal,Pending,DE,N/A,
ORD-101912,CUST-2925,2024/08/28,MOBILE APP,Debit Card,Cancelled,australia,WELCOME2025,
ORD-103119,CUST-3233,11-Jun-2024,website,Cash on Delivery,Processing,Brasil,,
ORD-103120,CUST-3319,05/07/2024,Phone Order,Cash on Delivery,Pending,Brasil,,
ORD-103121,CUST-3503,"October 04, 2025",MOBILE APP,Credit Card,completed,US,save10,
ORD-103122,CUST-1236,2024/04/25,MOBILE APP,Bank Transfer,Cancelled,AU,N/A,
ORD-103123,CUST-3726,25/01/2025,In-Store,credit card,completed,Brazil,N/A,
ORD-103124,CUST-1964,26/04/2025,Website,credit card,completed,AU,,
ORD-103125,CUST-3556,22-Oct-2025,In-Store,Bank Transfer,Completed,Nigéria,save10,
ORD-103126,CUST-3107,06/18/2025,website,Debit Card,completed,US,,
ORD-103127,CUST-3782,"July 10, 2026",In-Store,Credit Card,completed,Britain,,
ORD-103128,CUST-3301,2025/11/21,Mobile App,PayPal,Refunded,FR,none,
ORD-103129,CUST-3058,30/11/2024,Phone Order,PayPal,Completed,United Kingdom,,
ORD-103130,CUST-3718,08/03/2025,Marketplace,Credit Card,SHIPPED,Bharat,,
ORD-103131,CUST-1835,2026/01/21,Phone Order,PayPal,Processing,France,save10,
ORD-103132,CUST-1196,2027/08/07,Marketplace,Bank Transfer,SHIPPED,England,,
ORD-103133,CUST-2164,2025-04-13,Mobile App,Bank Transfer,SHIPPED,australia,save10,
ORD-103134,CUST-3728,02/24/2026,Marketplace,PayPal,Cancelled,United Kingdom,none,
ORD-103135,CUST-3216,2024-08-22,Phone Order,Cash on Delivery,Processing,australia,,
ORD-103136,CUST-2172,12/24/2025,Website,credit card,Cancelled,france,,
ORD-103137,CUST-3329,09/11/2025,Website,Crypto,Refunded,NG,save10,
ORD-103138,CUST-1757,08-Mar-2026,Marketplace,Cash on Delivery,Processing,DE,save10,
ORD-103139,CUST-1014,26/10/2025,Mobile App,Cash on Delivery,Refunded,CA,SAVE10,
ORD-103140,CUST-2594,16-Mar-2024,In-Store,credit card,Refunded,United States of America,N/A,
ORD-103141,CUST-2131,01/29/2025,Mobile App,Crypto,Pending,Britain,WELCOME2025,
ORD-103142,CUST-2561,02/21/2026,MOBILE APP,PayPal,completed,nigeria,SAVE10,
ORD-103143,CUST-3747,"June 23, 2024",Marketplace,Cash on Delivery,SHIPPED,Canada,N/A,
ORD-103144,CUST-1719,"October 18, 2024",Mobile App,Bank Transfer,Completed,Australia,save10,
ORD-103145,CUST-2102,"August 20, 2024",Marketplace,credit card,Completed,germany,,
ORD-103146,CUST-1447,2024-01-21,In-Store,Crypto,completed,DE,SAVE10,
ORD-103147,CUST-3150,07-Jul-2026,Marketplace,Bank Transfer,Completed,USA,save10,
ORD-103148,CUST-3536,16-Dec-2025,Website,Debit Card,SHIPPED,india,WELCOME2025,
ORD-103149,CUST-1352,15/06/2025,Phone Order,Credit Card,Processing,NG,,
ORD-103150,CUST-3594,05/14/2024,In-Store,Cash on Delivery,Pending,UK,,
ORD-103151,CUST-3474,09/12/2024,In-Store,Crypto,SHIPPED,nigeria,SAVE10,
ORD-103152,CUST-2115,2026/05/15,website,PayPal,SHIPPED,CA,WELCOME2025,
ORD-103153,CUST-1001,12-Jul-2024,website,Crypto,Cancelled,australia,SAVE10,
ORD-103154,CUST-2663,17/03/2026,Marketplace,credit card,Processing,germany,SAVE10,
ORD-103155,CUST-2436,02/04/2026,MOBILE APP,Debit Card,Delivered,Bharat,WELCOME2025,
ORD-103156,CUST-3882,24/11/2025,In-Store,Cash on Delivery,Cancelled,BR,none,
ORD-103157,CUST-3456,"September 13, 2025",Marketplace,Crypto,Pending,Brazil,none,
ORD-103158,CUST-3250,23/03/2026,website,credit card,Processing,India,,
ORD-103159,CUST-1059,27-Feb-2026,Website,credit card,Cancelled,Australia,none,
ORD-103160,CUST-2173,2024-05-27,Phone Order,Credit Card,SHIPPED,FR,N/A,
ORD-103161,CUST-1112,2024/10/24,Phone Order,Credit Card,Refunded,BR,SAVE10,
ORD-103162,CUST-2505,01/31/2024,Mobile App,credit card,completed,United States of America,save10,
ORD-103163,CUST-3531,2024-10-09,website,Credit Card,Cancelled,BR,save10,
ORD-103164,CUST-2292,07/01/2026,Phone Order,Bank Transfer,Refunded,England,N/A,
ORD-101803,CUST-3840,01/06/2026,Website,credit card,completed,Brazil,WELCOME2025,
ORD-103166,CUST-3037,2024-01-10,website,Cash on Delivery,SHIPPED,Australia,save10,
ORD-103167,CUST-2397,2025-08-08,In-Store,Credit Card,Delivered,BR,WELCOME2025,
ORD-103168,CUST-3027,09/08/2024,Website,PayPal,Pending,India,SAVE10,
ORD-103169,CUST-1149,14-Jun-2025,In-Store,Bank Transfer,completed,United Kingdom,SAVE10,
ORD-103170,CUST-2884,04/19/2024,Marketplace,Cash on Delivery,Cancelled,germany,save10,
ORD-103171,CUST-1956,28-Oct-2024,Marketplace,Credit Card,Refunded,Germany,WELCOME2025,
ORD-103172,CUST-3248,2025/01/08,Marketplace,Crypto,Pending,United States,,
ORD-103173,CUST-1711,2026/03/12,In-Store,Cash on Delivery,completed,DE,,
ORD-103174,CUST-3412,2025/04/12,Mobile App,Cash on Delivery,SHIPPED,DE,N/A,
ORD-103175,CUST-1476,"January 17, 2024",Website,credit card,Refunded,Nigéria,save10,
ORD-103176,CUST-3932,"May 16, 2026",Marketplace,Crypto,Pending,United States of America,N/A,
ORD-103177,CUST-3160,10-Jul-2025,In-Store,Bank Transfer,SHIPPED,Bharat,SAVE10,
ORD-103178,CUST-3387,20/01/2026,,Crypto,Completed,United States of America,none,
ORD-103179,CUST-2403,04/22/2026,Marketplace,Credit Card,completed,Germany,WELCOME2025,
ORD-103180,CUST-2984,"May 12, 2025",Phone Order,Bank Transfer,Completed,FR,save10,
ORD-103181,CUST-1822,2026-07-01,Mobile App,Credit Card,Delivered,Nigéria,WELCOME2025,
ORD-103182,CUST-3643,19-Apr-2024,Mobile App,credit card,Completed,UK,save10,
ORD-103183,CUST-3553,"November 15, 2024",Phone Order,Cash on Delivery,Processing,U.K.,,
ORD-103184,CUST-2487,2025/03/03,Website,Bank Transfer,Processing,DE,SAVE10,
ORD-103185,CUST-1951,02-Apr-2026,Website,Crypto,Processing,canada,N/A,
ORD-103186,CUST-1152,2024/05/22,MOBILE APP,Cash on Delivery,Completed,DE,,
ORD-103187,CUST-2148,"June 27, 2025",Mobile App,credit card,Refunded,France,SAVE10,
ORD-103188,CUST-3706,02/27/2024,Marketplace,PayPal,Delivered,NG,save10,
ORD-103189,CUST-2976,01/20/2026,Mobile App,Debit Card,Delivered,Brazil,,
ORD-103190,CUST-2294,2025/07/21,website,Cash on Delivery,Processing,US,none,
ORD-103191,CUST-1820,2024/04/07,Marketplace,Credit Card,Cancelled,Deutschland,N/A,
ORD-103192,CUST-2100,12/12/2024,MOBILE APP,Debit Card,Processing,FR,N/A,
ORD-103193,CUST-3148,02/12/2025,Phone Order,Bank Transfer,Processing,United Kingdom,N/A,
ORD-103194,CUST-3963,2024-02-17,Website,Credit Card,Completed,france,,
ORD-103195,CUST-3780,"July 07, 2025",Marketplace,Cash on Delivery,completed,ZA,,
ORD-103196,CUST-1257,18/04/2024,website,Crypto,Refunded,CA,save10,
ORD-103197,CUST-1968,"February 16, 2025",In-Store,Crypto,completed,france,save10,
ORD-103198,CUST-3122,2026-06-02,MOBILE APP,Credit Card,Completed,S. Africa,save10,
ORD-103199,CUST-3787,26-Jan-2025,Website,Crypto,Pending,BR,,
ORD-103200,CUST-2474,27-Oct-2025,Mobile App,Crypto,Completed,Brasil,,
ORD-103201,CUST-1160,2025-12-14,Mobile App,Cash on Delivery,Processing,France,none,
ORD-103202,CUST-3968,2025-03-08,Marketplace,Credit Card,Completed,germany,save10,
ORD-103203,CUST-1305,19-Mar-2024,In-Store,Crypto,Delivered,FR,WELCOME2025,
ORD-103204,CUST-1895,09/20/2024,In-Store,Bank Transfer,SHIPPED,IN,save10,
ORD-103205,CUST-2879,02/28/2027,Mobile App,Debit Card,completed,Canada,,
ORD-103206,CUST-2565,18/01/2026,website,Debit Card,completed,England,none,
ORD-103207,CUST-2721,2025/05/26,website,Cash on Delivery,Completed,Britain,none,
ORD-103208,CUST-1685,07/17/2024,website,Cash on Delivery,completed,RSA,,
ORD-103209,CUST-2328,03/05/2025,website,PayPal,Pending,france,WELCOME2025,
ORD-100815,CUST-1696,03/26/2025,In-Store,Credit Card,completed,Australia,none,
ORD-103211,CUST-3342,12/16/2024,In-Store,Crypto,Cancelled,AU,WELCOME2025,
ORD-103212,CUST-1707,2024-06-17,In-Store,Crypto,Cancelled,Brazil,none,
ORD-103213,CUST-3561,2026-05-17,Mobile App,Cash on Delivery,Completed,U.S.A.,WELCOME2025,
ORD-103214,CUST-1040,01/23/2024,website,PayPal,Completed,france,WELCOME2025,
ORD-103215,CUST-3122,2024-06-05,website,Debit Card,Processing,BR,SAVE10,
ORD-103216,CUST-1683,2025-10-28,Mobile App,Cash on Delivery,SHIPPED,U.K.,,
ORD-103217,CUST-1502,30-Apr-2026,Marketplace,Cash on Delivery,Pending,Australia,SAVE10,
ORD-103218,CUST-3996,08/28/2025,MOBILE APP,Credit Card,Pending,france,save10,
ORD-103219,CUST-2809,2025-12-23,MOBILE APP,Credit Card,Cancelled,U.K.,,
ORD-103220,CUST-2957,"April 07, 2025",Phone Order,PayPal,Cancelled,Australia,none,
ORD-103221,CUST-2679,07/06/2026,Phone Order,PayPal,Delivered,Deutschland,,
ORD-103222,CUST-3861,2026/02/26,website,Cash on Delivery,Pending,BR,N/A,
ORD-103223,CUST-1073,2026/06/07,Phone Order,PayPal,SHIPPED,france,none,
ORD-103224,CUST-3007,2026/06/28,Website,Cash on Delivery,Pending,BR,SAVE10,
ORD-103225,CUST-3171,"March 16, 2025",In-Store,Cash on Delivery,Processing,India,,
ORD-103226,CUST-3269,28/09/2025,Phone Order,Crypto,Refunded,United States of America,SAVE10,
ORD-103227,CUST-2692,"July 11, 2026",MOBILE APP,Credit Card,completed,US,N/A,
ORD-103228,CUST-1939,31-May-2025,Marketplace,PayPal,Processing,France,,
ORD-103229,CUST-2065,2027-08-27,MOBILE APP,Bank Transfer,Completed,U.S.A.,,
ORD-103230,CUST-2749,2025-04-31,Mobile App,Credit Card,Delivered,CA,none,
ORD-103231,CUST-3554,2024-12-27,Website,Crypto,Pending,germany,none,
ORD-103232,CUST-3468,06/25/2025,Marketplace,Cash on Delivery,completed,Brazil,SAVE10,
ORD-103233,CUST-3733,20/05/2024,Phone Order,Credit Card,Cancelled,Brasil,,
ORD-103234,CUST-1101,"October 19, 2025",MOBILE APP,credit card,Pending,England,SAVE10,
ORD-103235,CUST-3499,29-Apr-2025,Mobile App,Credit Card,Cancelled,S. Africa,N/A,
ORD-103236,CUST-3195,2025-05-08,Website,Debit Card,Delivered,Canada,WELCOME2025,
ORD-103237,CUST-2888,10/11/2024,Phone Order,Crypto,Processing,Brasil,none,
ORD-103238,CUST-1602,2024/05/12,Marketplace,Crypto,SHIPPED,United States,WELCOME2025,
ORD-103239,CUST-1861,21/08/2025,Mobile App,Debit Card,Delivered,nigeria,WELCOME2025,
ORD-103240,CUST-3320,"March 25, 2025",Website,Debit Card,Refunded,united states,,
ORD-103241,CUST-1072,"December 08, 2025",In-Store,credit card,Processing,Canada,,
ORD-103242,CUST-3021,"April 26, 2025",Marketplace,Credit Card,Processing,france,save10,
ORD-103243,CUST-3113,07/07/2025,Marketplace,credit card,Completed,Brasil,,
ORD-103244,CUST-2029,2025/05/08,Phone Order,Crypto,SHIPPED,United States of America,,
ORD-103245,CUST-3873,04/16/2026,In-Store,credit card,Cancelled,ZA,,
ORD-103246,CUST-1816,02/21/2024,Mobile App,Crypto,Cancelled,Britain,,
ORD-103247,CUST-3080,19/02/2026,MOBILE APP,credit card,Cancelled,India,none,
ORD-103248,CUST-2311,2024-12-09,Website,PayPal,Cancelled,BR,none,
ORD-103249,CUST-1643,26/08/2024,Marketplace,PayPal,Pending,RSA,save10,
ORD-103250,CUST-2011,2025-10-28,In-Store,Credit Card,completed,australia,WELCOME2025,
ORD-103251,CUST-3625,2024-04-14,Phone Order,Bank Transfer,Cancelled,Brazil,save10,
ORD-103252,CUST-1097,31-Oct-2025,Marketplace,Crypto,Processing,France,save10,
ORD-103253,CUST-1159,2024-09-07,In-Store,Credit Card,completed,Nigeria,save10,
ORD-103254,CUST-2217,10/06/2025,MOBILE APP,Credit Card,Completed,BR,,
ORD-103255,CUST-2403,12-Jun-2026,MOBILE APP,Bank Transfer,Refunded,England,,
ORD-103256,CUST-3179,2024-01-17,MOBILE APP,Cash on Delivery,Delivered,DE,none,
ORD-103257,CUST-1668,10-Feb-2025,Mobile App,Bank Transfer,Processing,Brazil,,
ORD-103258,CUST-3876,17-Mar-2024,website,Cash on Delivery,Processing,South Africa,none,
ORD-103259,CUST-1698,2024/08/25,website,credit card,Cancelled,US,,
ORD-103260,CUST-1760,2025-03-19,Website,Cash on Delivery,Cancelled,france,,
ORD-103261,CUST-1301,08/09/2025,MOBILE APP,Credit Card,Pending,india,save10,
ORD-103262,CUST-3909,30/10/2024,website,Bank Transfer,completed,france,WELCOME2025,
ORD-103263,CUST-3860,"July 07, 2024",Phone Order,Debit Card,Cancelled,UK,save10,
ORD-103264,CUST-1264,11/29/2024,MOBILE APP,Bank Transfer,Cancelled,U.S.A.,none,
ORD-103265,CUST-3572,2024-09-19,Marketplace,PayPal,Pending,Deutschland,WELCOME2025,
ORD-103266,CUST-3039,01-Jul-2026,In-Store,PayPal,completed,germany,,
ORD-103267,CUST-1449,2025/09/08,MOBILE APP,Debit Card,completed,france,SAVE10,
ORD-103268,CUST-1399,12/07/2025,Marketplace,Crypto,Delivered,CA,,
ORD-103269,CUST-3709,"February 01, 2025",Marketplace,Cash on Delivery,Refunded,germany,none,
ORD-103270,CUST-2174,"May 22, 2024",Mobile App,Crypto,Processing,Deutschland,WELCOME2025,
ORD-103271,CUST-3144,29/01/2024,MOBILE APP,Debit Card,Processing,Brasil,WELCOME2025,
ORD-103272,CUST-2503,08/03/2025,Website,credit card,Completed,Bharat,SAVE10,
ORD-103273,CUST-1204,10/09/2024,In-Store,credit card,SHIPPED,South Africa,save10,
ORD-103274,CUST-2714,2024-01-12,Mobile App,Debit Card,Completed,Canada,N/A,
ORD-103275,CUST-1221,2026-05-02,Mobile App,Bank Transfer,Cancelled,Nigeria,WELCOME2025,
ORD-103276,CUST-2712,01/22/2024,MOBILE APP,Debit Card,Pending,BR,WELCOME2025,
ORD-103277,CUST-3750,22/08/2024,MOBILE APP,Credit Card,Delivered,canada,SAVE10,
ORD-103278,CUST-1632,01/01/2026,Mobile App,PayPal,Cancelled,BR,SAVE10,
ORD-103279,CUST-3955,2025-13-05,Marketplace,Credit Card,Delivered,ZA,WELCOME2025,
ORD-103280,CUST-1874,"June 11, 2026",MOBILE APP,Cash on Delivery,Delivered,France,SAVE10,
ORD-103281,CUST-3821,03-Jan-2026,Phone Order,credit card,Pending,CA,none,
ORD-103282,CUST-3206,"April 01, 2025",Website,Bank Transfer,Cancelled,France,save10,
ORD-103283,CUST-1914,"April 03, 2026",website,Bank Transfer,Cancelled,France,save10,
ORD-103284,CUST-2979,2026-07-05,MOBILE APP,PayPal,completed,RSA,save10,
ORD-103285,CUST-1120,"February 07, 2026",MOBILE APP,Crypto,Refunded,RSA,,
ORD-103286,CUST-3988,22-May-2026,Website,PayPal,SHIPPED,DE,none,
ORD-103287,CUST-3126,25-Apr-2024,Website,Debit Card,Cancelled,india,save10,
ORD-103288,CUST-1132,2024-12-08,In-Store,credit card,Cancelled,UK,none,
ORD-103289,CUST-3464,2025/06/03,website,credit card,Completed,United States,WELCOME2025,
ORD-103290,CUST-1027,13/08/2024,website,Cash on Delivery,Refunded,US,,
ORD-103291,CUST-2724,"June 26, 2026",MOBILE APP,credit card,completed,germany,WELCOME2025,
ORD-103292,CUST-1278,05-Dec-2024,website,credit card,completed,India,none,
ORD-103293,CUST-3881,05/08/2024,Phone Order,Cash on Delivery,Refunded,Canada,N/A,
ORD-103294,CUST-1026,02/10/2024,In-Store,Credit Card,Refunded,DE,none,
ORD-103295,CUST-2015,"March 26, 2024",Mobile App,Credit Card,completed,USA,,
ORD-103296,CUST-1472,20-Feb-2024,In-Store,Crypto,Completed,australia,none,
ORD-103297,CUST-3506,"November 17, 2025",Website,Cash on Delivery,SHIPPED,Brasil,,
ORD-103298,CUST-1672,2024/08/31,website,Crypto,Processing,BR,save10,
ORD-103299,CUST-1342,2024/03/26,MOBILE APP,Debit Card,Processing,CA,N/A,
ORD-103300,CUST-3852,06/23/2024,website,credit card,Pending,India,,
ORD-103301,CUST-1544,2025-08-12,Phone Order,Crypto,SHIPPED,germany,save10,
ORD-103302,CUST-1434,22-Feb-2026,Marketplace,Bank Transfer,completed,AU,save10,
ORD-103303,CUST-2538,"June 05, 2026",Phone Order,PayPal,Cancelled,CA,SAVE10,
ORD-103304,CUST-1815,"June 08, 2024",Website,Bank Transfer,SHIPPED,ZA,none,
ORD-101795,CUST-3995,28-Dec-2024,Website,PayPal,Processing,canada,save10,
ORD-103306,CUST-1637,"March 13, 2026",MOBILE APP,credit card,Completed,AU,WELCOME2025,
ORD-103307,CUST-2086,"July 14, 2024",Website,Bank Transfer,Delivered,US,SAVE10,
ORD-103308,CUST-2449,08-May-2024,In-Store,PayPal,Cancelled,USA,WELCOME2025,
ORD-100412,CUST-2487,30-Jun-2024,website,Debit Card,Cancelled,Britain,none,
ORD-103310,CUST-2835,2026-02-20,Mobile App,credit card,Delivered,India,N/A,
ORD-103311,CUST-3940,04/20/2026,MOBILE APP,Bank Transfer,Processing,nigeria,N/A,
ORD-103312,CUST-3103,01/07/2025,Website,credit card,Delivered,Brasil,N/A,
ORD-103313,CUST-2502,08/10/2025,Phone Order,credit card,Cancelled,canada,,
ORD-103314,CUST-3104,18-Jul-2025,In-Store,Cash on Delivery,Cancelled,france,WELCOME2025,
ORD-103315,CUST-2386,2024-02-03,Website,PayPal,Completed,Australia,,
ORD-103316,CUST-1453,05-May-2026,MOBILE APP,PayPal,SHIPPED,CA,none,
ORD-103317,CUST-2211,11/27/2024,website,Crypto,completed,Brasil,none,
ORD-103318,CUST-1875,"March 14, 2025",website,PayPal,Processing,Britain,none,
ORD-103319,CUST-2758,03/03/2025,Marketplace,PayPal,Completed,Australia,,
ORD-103320,CUST-3808,25/03/2026,In-Store,Credit Card,Delivered,australia,,
ORD-103321,CUST-3917,2026-02-04,Website,Bank Transfer,Processing,South Africa,,
ORD-103322,CUST-1387,2024/01/08,website,Debit Card,Pending,Deutschland,none,
ORD-103323,CUST-1318,12-Mar-2024,website,PayPal,Pending,India,WELCOME2025,
ORD-103324,CUST-1344,01/03/2025,website,Crypto,completed,france,WELCOME2025,
ORD-103325,CUST-2235,09-Jun-2025,MOBILE APP,Credit Card,SHIPPED,United Kingdom,,
ORD-103326,CUST-2962,03/04/2025,In-Store,Debit Card,Pending,australia,N/A,
ORD-103327,CUST-3183,"September 10, 2024",Mobile App,PayPal,Completed,Brasil,WELCOME2025,
ORD-103328,CUST-1565,2024-11-29,MOBILE APP,,Processing,CA,N/A,
ORD-103329,CUST-3883,2024/01/05,In-Store,PayPal,Processing,Brazil,none,
ORD-103330,CUST-1968,25/09/2024,Phone Order,PayPal,Pending,Canada,,
ORD-103331,CUST-3383,2024/04/03,Phone Order,Debit Card,Processing,Brasil,save10,
ORD-103332,CUST-1108,07/12/2025,MOBILE APP,Bank Transfer,SHIPPED,india,SAVE10,
ORD-103333,CUST-3472,"October 04, 2025",website,Crypto,Processing,germany,WELCOME2025,
ORD-103334,CUST-2426,2026-05-31,Phone Order,Cash on Delivery,completed,BR,none,
ORD-103335,CUST-3777,17/01/2026,Website,Bank Transfer,Pending,Nigeria,none,
ORD-103336,CUST-1425,"September 08, 2025",Website,Crypto,Completed,canada,N/A,
ORD-103337,CUST-3929,2024-05-21,In-Store,Credit Card,Cancelled,NG,N/A,
ORD-103338,CUST-1039,08-Dec-2024,Mobile App,Crypto,Cancelled,BR,,
ORD-103339,CUST-1771,03/13/2024,Marketplace,Bank Transfer,Refunded,Deutschland,,
ORD-103340,CUST-3470,10/10/2025,Mobile App,credit card,Refunded,FR,save10,
ORD-103341,CUST-1893,18-Jul-2025,MOBILE APP,Crypto,Delivered,US,,
ORD-103342,CUST-3214,11/23/2025,Marketplace,Credit Card,Processing,france,,
ORD-103343,CUST-3741,2024/11/20,website,Crypto,completed,ZA,WELCOME2025,
ORD-103344,CUST-3592,"April 29, 2026",website,Credit Card,Cancelled,france,,
ORD-103345,CUST-1441,02/27/2024,website,Debit Card,completed,South Africa,SAVE10,
ORD-103346,CUST-1857,03-Jan-2025,Website,PayPal,Refunded,Nigeria,,
ORD-103347,CUST-1116,09/22/2024,Marketplace,Debit Card,completed,Brasil,save10,
ORD-103348,CUST-2961,2025/07/09,Phone Order,Debit Card,Processing,South Africa,save10,
ORD-103349,CUST-3462,2024/07/26,Mobile App,Debit Card,Completed,Britain,SAVE10,
ORD-103350,CUST-1004,23-Feb-2024,Mobile App,Bank Transfer,Pending,Australia,save10,
ORD-103351,CUST-2475,02/02/2025,website,credit card,Cancelled,FR,save10,
ORD-103352,CUST-1943,16-Aug-2025,Mobile App,Cash on Delivery,completed,BR,,
ORD-103353,CUST-3756,2025-02-22,Website,PayPal,SHIPPED,France,N/A,
ORD-103354,CUST-3763,28-Mar-2024,Phone Order,Credit Card,Pending,RSA,WELCOME2025,
ORD-103355,CUST-2521,2026/05/20,In-Store,Cash on Delivery,Pending,Germany,none,
ORD-103356,CUST-2728,2024-06-30,website,Debit Card,Refunded,france,N/A,
ORD-103357,CUST-3507,05/24/2026,Phone Order,credit card,Refunded,AU,save10,
ORD-103358,CUST-2823,08/10/2025,Mobile App,Cash on Delivery,Cancelled,Nigéria,save10,
ORD-103359,CUST-3201,2026/04/26,Website,Debit Card,Pending,BR,none,
ORD-103360,CUST-2979,"August 22, 2024",Website,Cash on Delivery,completed,U.K.,N/A,
ORD-103361,CUST-3002,2025-06-14,Phone Order,PayPal,Cancelled,DE,,
ORD-103362,CUST-3606,11-Mar-2024,Phone Order,Crypto,completed,South Africa,,
ORD-103363,CUST-1490,05/06/2026,Phone Order,Debit Card,SHIPPED,Brasil,WELCOME2025,
ORD-103364,CUST-1923,16-Dec-2025,Website,PayPal,Completed,FR,SAVE10,
ORD-103365,CUST-1701,2026/02/13,Marketplace,Crypto,Delivered,BR,,
ORD-103366,CUST-1495,03/26/2026,Website,Debit Card,SHIPPED,Canada,SAVE10,
ORD-103367,CUST-2152,2024/06/09,Phone Order,Debit Card,Processing,CA,save10,
ORD-103368,CUST-1705,08/03/2026,Phone Order,Cash on Delivery,Pending,IN,save10,
ORD-103369,CUST-2838,2025-02-27,Phone Order,Cash on Delivery,Cancelled,U.S.A.,save10,
ORD-103370,CUST-2020,13-Oct-2024,Website,Credit Card,Pending,Nigéria,save10,
ORD-103371,CUST-2741,2025/04/28,Phone Order,credit card,SHIPPED,DE,WELCOME2025,
ORD-103372,CUST-2653,"April 08, 2026",MOBILE APP,Credit Card,Refunded,South Africa,,
ORD-103373,CUST-3252,2024-07-08,MOBILE APP,PayPal,SHIPPED,Nigéria,WELCOME2025,
ORD-103374,CUST-2210,2025/02/03,In-Store,Debit Card,Completed,South Africa,save10,
ORD-103375,CUST-1205,"March 09, 2025",Mobile App,Bank Transfer,completed,Bharat,none,
ORD-103376,CUST-1959,2024/05/23,website,Credit Card,Refunded,Nigéria,save10,
ORD-103377,CUST-2135,10/09/2025,Marketplace,Debit Card,Completed,DE,WELCOME2025,
ORD-103378,CUST-2483,"May 19, 2024",Marketplace,PayPal,Cancelled,india,N/A,
ORD-103379,CUST-3079,09/11/2024,Mobile App,credit card,Completed,Australia,WELCOME2025,
ORD-103380,CUST-3043,11/19/2025,Mobile App,Crypto,Completed,Nigeria,save10,
ORD-103381,CUST-1549,2025-13-05,Mobile App,credit card,Delivered,AU,save10,
ORD-103382,CUST-2877,09/01/2025,In-Store,Debit Card,Processing,Bharat,WELCOME2025,
ORD-103383,CUST-1682,2026/03/02,MOBILE APP,Cash on Delivery,SHIPPED,France,N/A,
ORD-103384,CUST-1512,2025/10/16,website,Credit Card,completed,france,,
ORD-103385,CUST-1090,23/02/2024,Phone Order,Bank Transfer,Cancelled,united states,SAVE10,
ORD-103386,CUST-1006,10/31/2025,website,credit card,Pending,AU,none,
ORD-103387,CUST-2163,2025/06/15,Mobile App,PayPal,Cancelled,Canada,none,
ORD-103388,CUST-1458,24-Aug-2024,Phone Order,PayPal,Pending,NG,N/A,
ORD-103389,CUST-3510,"January 04, 2026",Website,Cash on Delivery,Refunded,Bharat,save10,
ORD-103390,CUST-1200,05/11/2024,website,Credit Card,Processing,India,SAVE10,
ORD-103391,CUST-1850,"June 25, 2025",Mobile App,credit card,Refunded,Brazil,,
ORD-103392,CUST-3960,2024/06/24,Website,PayPal,Delivered,Canada,save10,
ORD-103393,CUST-2346,2026-07-19,Phone Order,Bank Transfer,Refunded,Nigéria,SAVE10,
ORD-103394,CUST-2699,05/08/2024,Website,credit card,Delivered,australia,save10,
ORD-103395,CUST-2823,03/12/2026,Marketplace,PayPal,Delivered,australia,WELCOME2025,
ORD-103396,CUST-3583,"February 16, 2024",MOBILE APP,PayPal,Delivered,Australia,none,
ORD-103397,CUST-1977,02/27/2025,MOBILE APP,Credit Card,Refunded,canada,,
ORD-103398,CUST-3220,2025-06-02,Phone Order,Crypto,Processing,FR,none,
ORD-103399,CUST-3563,22/02/2026,In-Store,Bank Transfer,completed,canada,N/A,
ORD-103400,CUST-2281,25-Dec-2025,Phone Order,credit card,Cancelled,RSA,SAVE10,
ORD-103401,CUST-1082,06/12/2024,Phone Order,Credit Card,Delivered,BR,save10,
ORD-103402,CUST-3303,22/03/2027,In-Store,PayPal,SHIPPED,Australia,SAVE10,
ORD-103403,CUST-2319,2026/02/22,In-Store,PayPal,completed,U.K.,SAVE10,
ORD-103404,CUST-1694,2025-02-30,Phone Order,PayPal,Refunded,U.S.A.,WELCOME2025,
ORD-103405,CUST-3012,20/11/2025,Phone Order,PayPal,Refunded,BR,none,
ORD-103406,CUST-1258,02/12/2026,Website,Crypto,Completed,india,SAVE10,
ORD-103407,CUST-1117,01/22/2025,website,Crypto,Refunded,canada,N/A,
ORD-103408,CUST-1535,23-Apr-2025,Marketplace,Debit Card,SHIPPED,US,WELCOME2025,
ORD-103409,CUST-1135,03/15/2025,Marketplace,Bank Transfer,Pending,South Africa,WELCOME2025,
ORD-103410,CUST-3634,07/05/2024,In-Store,Credit Card,completed,Britain,SAVE10,
ORD-103411,CUST-3944,2024-09-28,MOBILE APP,Bank Transfer,Processing,france,N/A,
ORD-103412,CUST-2591,"April 29, 2024",In-Store,Debit Card,Cancelled,RSA,none,
ORD-103413,CUST-2974,07-Dec-2025,Mobile App,Credit Card,Pending,canada,SAVE10,
ORD-103414,CUST-3569,12/10/2025,Website,Crypto,Cancelled,BR,none,
ORD-103415,CUST-1562,"August 01, 2024",Marketplace,Credit Card,completed,BR,save10,
ORD-103416,CUST-1964,01/04/2024,MOBILE APP,Crypto,Processing,Australia,SAVE10,
ORD-103417,CUST-3881,21-Nov-2025,MOBILE APP,Crypto,Processing,australia,,
ORD-103418,CUST-3877,2024-03-08,website,Bank Transfer,SHIPPED,australia,none,
ORD-103419,CUST-3434,"January 03, 2024",MOBILE APP,credit card,Processing,South Africa,,
ORD-103420,CUST-1833,03-Apr-2026,In-Store,PayPal,SHIPPED,US,N/A,
ORD-103421,CUST-3150,2024/09/22,Mobile App,Credit Card,Refunded,france,,
ORD-103422,CUST-3348,06-May-2024,Mobile App,credit card,Refunded,S. Africa,WELCOME2025,
ORD-103423,CUST-2278,05-Jun-2026,Phone Order,PayPal,Processing,india,save10,
ORD-103424,CUST-3270,"March 02, 2026",Mobile App,Crypto,Processing,Nigeria,,
ORD-103425,CUST-3789,28/03/2025,In-Store,PayPal,Cancelled,France,,
ORD-103426,CUST-1323,2024/10/04,Mobile App,Debit Card,Completed,DE,,
ORD-103427,CUST-3700,2025/03/16,Marketplace,Credit Card,Processing,S. Africa,none,
ORD-103428,CUST-1997,2024-09-24,website,Crypto,Pending,USA,WELCOME2025,
ORD-103429,CUST-1848,"March 19, 2025",website,PayPal,completed,nigeria,SAVE10,
ORD-103430,CUST-1851,14/03/2025,Website,credit card,Refunded,NG,,
ORD-103431,CUST-3026,2026/06/24,Marketplace,credit card,Cancelled,australia,,
ORD-103432,CUST-3037,2025/12/20,Phone Order,Crypto,Pending,Germany,N/A,
ORD-103433,CUST-2160,2026/04/09,website,Credit Card,Processing,AU,save10,
ORD-103434,CUST-1385,10/01/2024,In-Store,Cash on Delivery,Processing,RSA,SAVE10,
ORD-103435,CUST-3549,10/04/2025,website,Crypto,SHIPPED,germany,save10,
ORD-103436,CUST-3865,"April 25, 2024",Marketplace,Debit Card,SHIPPED,CA,WELCOME2025,
ORD-103437,CUST-3337,2024-11-07,In-Store,Credit Card,Delivered,canada,N/A,
ORD-103438,CUST-3985,2024-03-29,website,Crypto,Refunded,france,none,
ORD-103439,CUST-2192,14/09/2024,website,Credit Card,completed,NG,N/A,
ORD-103440,CUST-1812,07/29/2025,Mobile App,credit card,Delivered,Britain,,
ORD-103441,CUST-1583,2024/08/14,In-Store,Bank Transfer,Cancelled,England,SAVE10,
ORD-103442,CUST-3634,2025-03-18,Mobile App,Bank Transfer,Delivered,France,N/A,
ORD-103443,CUST-2663,02/06/2024,Marketplace,credit card,Refunded,UK,,
ORD-103444,CUST-3173,"April 21, 2026",website,credit card,completed,Brazil,SAVE10,
ORD-103445,CUST-3208,2024-11-16,Mobile App,credit card,completed,UK,SAVE10,
ORD-103446,CUST-1210,2024-09-28,Marketplace,PayPal,Refunded,Brazil,save10,
ORD-103447,CUST-2546,02/17/2024,Mobile App,credit card,Cancelled,India,save10,
ORD-103448,CUST-1446,2026/05/18,Phone Order,Bank Transfer,Delivered,US,none,
ORD-103449,CUST-2467,"February 13, 2026",Marketplace,Credit Card,Completed,Brasil,none,
ORD-103450,CUST-1847,2024-12-04,Website,Bank Transfer,Cancelled,U.S.A.,SAVE10,
ORD-103451,CUST-2600,2024-07-08,Website,Crypto,Refunded,united states,,
ORD-103452,CUST-2801,2025/09/19,MOBILE APP,Credit Card,SHIPPED,united states,,
ORD-103453,CUST-3414,19-Mar-2024,Website,credit card,Completed,united states,N/A,
ORD-103454,CUST-1786,06/13/2025,MOBILE APP,Cash on Delivery,Cancelled,germany,none,
ORD-103455,CUST-3669,09/23/2025,Phone Order,Cash on Delivery,completed,Canada,WELCOME2025,
ORD-103456,CUST-3573,2026-07-20,Website,credit card,Delivered,Nigeria,,
ORD-103457,CUST-2992,10/03/2025,Marketplace,PayPal,Delivered,australia,WELCOME2025,
ORD-103458,CUST-2014,2024/07/28,Phone Order,Crypto,Completed,france,,
ORD-103459,CUST-2415,11/02/2025,Website,Debit Card,SHIPPED,Germany,,
ORD-103460,CUST-1761,10/12/2025,Marketplace,Cash on Delivery,Processing,IN,N/A,
ORD-103461,CUST-2183,2025/03/22,In-Store,Credit Card,Refunded,Nigeria,WELCOME2025,
ORD-103462,CUST-3054,2025/06/03,MOBILE APP,credit card,completed,S. Africa,,
ORD-103463,CUST-1313,2024-01-08,Website,Bank Transfer,SHIPPED,UK,N/A,
ORD-103464,CUST-2132,01-Aug-2025,MOBILE APP,Cash on Delivery,Delivered,australia,none,
ORD-103465,CUST-1456,2024/01/16,In-Store,Debit Card,Pending,S. Africa,none,
ORD-103466,CUST-3076,2025/01/28,Website,Credit Card,completed,canada,SAVE10,
ORD-103467,CUST-3264,2025-06-05,Website,Debit Card,SHIPPED,BR,,
ORD-103468,CUST-2533,30-Dec-2024,Phone Order,Bank Transfer,Pending,S. Africa,N/A,
ORD-103469,CUST-1653,"March 20, 2025",Marketplace,Crypto,SHIPPED,germany,SAVE10,
ORD-103470,CUST-1851,2024-08-05,In-Store,Debit Card,Refunded,CA,,
ORD-103471,CUST-2219,12/06/2025,MOBILE APP,Crypto,SHIPPED,Germany,N/A,
ORD-103472,CUST-1043,"September 08, 2025",website,Cash on Delivery,Refunded,RSA,WELCOME2025,
ORD-103473,CUST-1052,2025-12-07,Mobile App,Crypto,Completed,germany,save10,
ORD-103474,CUST-1651,10/13/2025,Mobile App,Crypto,Completed,RSA,N/A,
ORD-103475,CUST-3765,23/08/2024,MOBILE APP,Debit Card,Completed,france,,
ORD-103476,CUST-1006,14-Aug-2024,Mobile App,credit card,completed,IN,,
ORD-103477,CUST-3742,2026/05/19,website,PayPal,SHIPPED,CA,N/A,
ORD-103478,CUST-2124,2025/03/20,Marketplace,Credit Card,Refunded,Nigeria,save10,
ORD-103479,CUST-3265,08/19/2027,Marketplace,Debit Card,SHIPPED,Brasil,save10,
ORD-103480,CUST-1315,2024-02-20,Website,Debit Card,Cancelled,Brazil,,
ORD-103481,CUST-2306,2025/05/13,MOBILE APP,Debit Card,Processing,canada,N/A,
ORD-103482,CUST-2483,"March 22, 2025",website,credit card,Refunded,germany,none,
ORD-103483,CUST-1453,2025/02/11,Mobile App,credit card,Cancelled,United States of America,none,
ORD-103484,CUST-1296,03/04/2025,Mobile App,Bank Transfer,Pending,United States,save10,
ORD-103485,CUST-2463,01/14/2025,MOBILE APP,Credit Card,Completed,australia,none,
ORD-103486,CUST-3968,2024-04-29,Marketplace,PayPal,Processing,India,save10,
ORD-103487,CUST-1197,"May 12, 2026",Mobile App,Cash on Delivery,SHIPPED,AU,N/A,
ORD-103488,CUST-3373,11-Jan-2026,MOBILE APP,PayPal,Delivered,nigeria,,
ORD-103489,CUST-3057,15/08/2025,MOBILE APP,PayPal,Refunded,France,WELCOME2025,
ORD-103490,CUST-2869,25-Aug-2024,website,Debit Card,SHIPPED,AU,,
ORD-103491,CUST-3527,23/09/2024,Phone Order,Debit Card,SHIPPED,NG,save10,
ORD-103492,CUST-2447,09/22/2024,Mobile App,Bank Transfer,Refunded,india,save10,
ORD-103493,CUST-2795,2024-09-08,MOBILE APP,Debit Card,Processing,S. Africa,N/A,
ORD-103494,CUST-2770,2024-08-24,Mobile App,Crypto,SHIPPED,Australia,SAVE10,
ORD-103495,CUST-3002,02/21/2025,MOBILE APP,Cash on Delivery,Refunded,ZA,,
ORD-103496,CUST-2549,2025/07/19,Mobile App,Bank Transfer,Pending,FR,,
ORD-103497,CUST-2440,03-Apr-2026,Marketplace,Debit Card,Completed,U.K.,,
ORD-103498,CUST-1963,2026-04-09,Marketplace,Crypto,completed,ZA,none,
ORD-103499,CUST-1684,2026/01/27,Website,Crypto,Refunded,ZA,WELCOME2025,
ORD-103500,CUST-3939,"April 13, 2026",Website,Credit Card,Pending,South Africa,WELCOME2025,
ORD-103501,CUST-2588,07-Aug-2024,website,Credit Card,SHIPPED,Brazil,,
ORD-103502,CUST-2098,18/07/2026,Phone Order,Debit Card,Cancelled,Bharat,,
ORD-103503,CUST-2610,09/27/2024,website,Bank Transfer,SHIPPED,Brazil,,
ORD-103504,CUST-3030,08/05/2024,Mobile App,credit card,Cancelled,india,WELCOME2025,
ORD-103505,CUST-2668,03/21/2024,Phone Order,PayPal,Refunded,Bharat,,
ORD-103506,CUST-3993,05/05/2026,website,PayPal,Cancelled,Canada,,
ORD-103507,CUST-3379,2025/01/10,Website,Bank Transfer,Cancelled,South Africa,WELCOME2025,
ORD-103508,CUST-3601,11-Apr-2024,Marketplace,Debit Card,Cancelled,australia,,
ORD-103509,CUST-3881,14-Feb-2024,In-Store,Bank Transfer,SHIPPED,Brazil,N/A,
ORD-103510,CUST-1637,04/22/2026,Mobile App,Credit Card,Pending,England,none,
ORD-103511,CUST-3384,"December 30, 2025",website,PayPal,Delivered,India,SAVE10,
ORD-103512,CUST-3978,02/21/2025,Marketplace,PayPal,Delivered,Nigeria,,
ORD-103513,CUST-2611,2024-10-24,In-Store,Cash on Delivery,Pending,Brasil,,
ORD-103514,CUST-2611,02/27/2024,Website,Bank Transfer,SHIPPED,IN,,
ORD-103515,CUST-3904,"March 28, 2026",Phone Order,Bank Transfer,Pending,Germany,,
ORD-103516,CUST-1273,15-Mar-2025,Marketplace,Debit Card,Refunded,Germany,SAVE10,
ORD-103517,CUST-3483,2025/11/18,website,Credit Card,completed,USA,,
ORD-103518,CUST-2274,2026/06/05,website,Debit Card,completed,England,N/A,
ORD-103519,CUST-1125,03-Jun-2025,Marketplace,credit card,Completed,Nigeria,,
ORD-103520,CUST-2670,18-Feb-2025,website,Cash on Delivery,Processing,RSA,,
ORD-103521,CUST-1706,10/06/2025,Website,Cash on Delivery,SHIPPED,USA,SAVE10,
ORD-103522,CUST-1023,01/12/2025,Website,Debit Card,Processing,U.S.A.,SAVE10,
ORD-103523,CUST-2376,09-Dec-2025,In-Store,Debit Card,Refunded,IN,none,
ORD-103524,CUST-3740,19/08/2025,Website,Debit Card,Completed,Brasil,N/A,
ORD-103525,CUST-2393,05/07/2024,website,Cash on Delivery,Cancelled,Nigeria,save10,
ORD-103526,CUST-1697,21/06/2025,In-Store,Credit Card,Delivered,DE,,
ORD-103527,CUST-1848,03/08/2025,Marketplace,Crypto,Completed,Brasil,SAVE10,
ORD-103528,CUST-2615,01-Jun-2024,Phone Order,Debit Card,Refunded,germany,none,
ORD-103529,CUST-1554,17-Jul-2024,website,Debit Card,completed,Australia,,
ORD-103530,CUST-2635,2024-06-01,Phone Order,PayPal,Completed,nigeria,N/A,
ORD-103531,CUST-2361,09/22/2024,Phone Order,Crypto,completed,France,,
ORD-103532,CUST-1838,2025/02/09,Website,credit card,Processing,Australia,save10,
ORD-103533,CUST-1736,2026-01-25,Mobile App,Debit Card,Processing,DE,N/A,
ORD-103534,CUST-3890,05-Feb-2025,MOBILE APP,Bank Transfer,completed,australia,,
ORD-103535,CUST-2016,"April 05, 2024",Marketplace,Credit Card,Pending,DE,SAVE10,
ORD-103536,CUST-1278,2026/02/21,Mobile App,credit card,Processing,IN,,
ORD-103537,CUST-2185,2024/02/25,Website,Cash on Delivery,Cancelled,United Kingdom,WELCOME2025,
ORD-103538,CUST-3173,"October 13, 2024",website,Bank Transfer,Delivered,France,none,
ORD-103539,CUST-1858,02-Apr-2025,In-Store,credit card,Pending,Australia,WELCOME2025,
ORD-103540,CUST-3838,08-Jan-2025,MOBILE APP,Bank Transfer,Refunded,ZA,,
ORD-103541,CUST-2469,12-Jan-2025,website,Crypto,SHIPPED,U.K.,SAVE10,
ORD-103542,CUST-1251,2026/03/03,MOBILE APP,Cash on Delivery,Cancelled,Australia,,
ORD-103543,CUST-1192,2026/07/19,Phone Order,PayPal,SHIPPED,united states,SAVE10,
ORD-103544,CUST-2198,2026/05/26,In-Store,Crypto,Delivered,DE,,
ORD-103545,CUST-2726,01/09/2025,website,Debit Card,completed,Britain,none,
ORD-103546,CUST-2204,2025/03/21,Phone Order,Cash on Delivery,completed,India,WELCOME2025,
ORD-103547,CUST-3383,22-Aug-2025,Website,Crypto,Cancelled,Brazil,WELCOME2025,
ORD-103548,CUST-2059,27/08/2025,In-Store,Cash on Delivery,Pending,nigeria,SAVE10,
ORD-103549,CUST-3456,"July 29, 2025",Website,Debit Card,Processing,germany,none,
ORD-103550,CUST-3687,09/06/2024,Phone Order,Crypto,Delivered,RSA,,
ORD-103551,CUST-1654,01/06/2025,Mobile App,credit card,Delivered,Canada,none,
ORD-103552,CUST-2689,20-May-2024,MOBILE APP,Crypto,completed,Brazil,none,
ORD-103553,CUST-2834,01/08/2024,MOBILE APP,PayPal,Cancelled,United States of America,WELCOME2025,
ORD-103554,CUST-3617,"December 25, 2025",Website,Bank Transfer,SHIPPED,RSA,SAVE10,
ORD-103555,CUST-2030,28/07/2024,Website,PayPal,Delivered,U.K.,,
ORD-103556,CUST-2799,2025/09/16,MOBILE APP,Cash on Delivery,SHIPPED,Germany,,
ORD-103557,CUST-2556,2026-06-16,MOBILE APP,Crypto,SHIPPED,india,none,
ORD-103558,CUST-3240,17/09/2024,website,PayPal,SHIPPED,Australia,,
ORD-103559,CUST-1395,"March 01, 2025",In-Store,Credit Card,Refunded,RSA,save10,
ORD-103560,CUST-1855,04/28/2024,Marketplace,Cash on Delivery,Refunded,NG,none,
ORD-103561,CUST-1054,"November 18, 2025",Phone Order,credit card,completed,united states,,
ORD-103562,CUST-1096,05/24/2025,In-Store,Debit Card,Completed,nigeria,N/A,
ORD-103563,CUST-2289,2024/04/17,website,credit card,completed,France,N/A,
ORD-103564,CUST-2293,15/05/2024,Website,Credit Card,Completed,IN,none,
ORD-103565,CUST-1758,2025/06/14,Phone Order,PayPal,Pending,Britain,,
ORD-103566,CUST-1277,05/18/2025,In-Store,Credit Card,Pending,germany,none,
ORD-103567,CUST-2558,22-Jan-2026,Website,Cash on Delivery,Cancelled,india,,
ORD-103568,CUST-1038,2026-01-28,Marketplace,credit card,Cancelled,England,SAVE10,
ORD-103569,CUST-3960,11/22/2024,Mobile App,PayPal,Refunded,france,none,
ORD-103570,CUST-2934,03/13/2026,website,Credit Card,Refunded,ZA,WELCOME2025,
ORD-103571,CUST-1325,26-Jan-2024,MOBILE APP,credit card,Pending,Brasil,WELCOME2025,
ORD-103572,CUST-2966,02/27/2026,Phone Order,Cash on Delivery,Processing,ZA,SAVE10,
ORD-103573,CUST-3076,"November 09, 2024",MOBILE APP,Credit Card,SHIPPED,France,,
ORD-103574,CUST-3851,2026/06/30,Phone Order,Crypto,Processing,US,WELCOME2025,
ORD-103575,CUST-3974,2024-01-12,In-Store,PayPal,Cancelled,ZA,none,
ORD-103576,CUST-2278,05/14/2024,Mobile App,Credit Card,completed,Canada,none,
ORD-103577,CUST-2694,18/03/2024,In-Store,Bank Transfer,Pending,England,WELCOME2025,
ORD-103578,CUST-2609,27-Apr-2024,website,Crypto,Processing,South Africa,N/A,
ORD-103579,CUST-1543,09/01/2025,Marketplace,Debit Card,completed,Nigeria,SAVE10,
ORD-103580,CUST-1573,08/04/2025,MOBILE APP,Cash on Delivery,Pending,Brazil,,
ORD-103581,CUST-1681,27/06/2026,Mobile App,credit card,Processing,france,,
ORD-103582,CUST-3743,26/03/2024,Mobile App,Debit Card,Pending,france,WELCOME2025,
ORD-103583,CUST-2546,2024/10/09,Mobile App,PayPal,Completed,Australia,,
ORD-103584,CUST-3210,07/08/2024,MOBILE APP,Credit Card,Refunded,Britain,,
ORD-103585,CUST-3541,10/17/2025,In-Store,Credit Card,SHIPPED,United States of America,SAVE10,
ORD-103586,CUST-2056,2025-11-23,Phone Order,Bank Transfer,SHIPPED,Bharat,,
ORD-100205,CUST-2332,22-Feb-2026,Marketplace,PayPal,Refunded,France,SAVE10,
ORD-103588,CUST-2043,"March 08, 2026",Website,PayPal,Processing,CA,SAVE10,
ORD-103589,CUST-3182,06/27/2026,MOBILE APP,PayPal,Completed,NG,,
ORD-103590,CUST-2517,2024-04-29,MOBILE APP,Credit Card,Delivered,England,N/A,
ORD-103591,CUST-3782,2025-05-15,In-Store,Debit Card,Cancelled,NG,,
ORD-103592,CUST-1008,01/09/2025,Marketplace,PayPal,Pending,South Africa,save10,
ORD-103593,CUST-2157,"January 29, 2025",website,Debit Card,completed,ZA,save10,
ORD-103594,CUST-3805,2025-08-08,MOBILE APP,credit card,Delivered,FR,SAVE10,
ORD-103595,CUST-1747,2024-12-10,Phone Order,credit card,Completed,United States,WELCOME2025,
ORD-103596,CUST-1937,09/25/2027,Phone Order,Debit Card,SHIPPED,france,N/A,
ORD-103597,CUST-2370,23-Nov-2024,Marketplace,Cash on Delivery,Processing,Deutschland,WELCOME2025,
ORD-103598,CUST-3482,2024-12-12,In-Store,Crypto,Completed,Nigeria,N/A,
ORD-103599,CUST-2992,2025-10-20,In-Store,credit card,Processing,RSA,N/A,
ORD-103600,CUST-2494,2026-06-22,Mobile App,Credit Card,Processing,australia,,
ORD-103601,CUST-3749,"April 23, 2025",Mobile App,credit card,Refunded,united states,save10,
ORD-103602,CUST-3721,03/08/2024,Marketplace,Cash on Delivery,completed,Nigéria,SAVE10,
ORD-103603,CUST-1027,"September 08, 2025",In-Store,Credit Card,Processing,nigeria,,
ORD-103604,CUST-3169,2025-04-11,MOBILE APP,Cash on Delivery,Delivered,india,,
ORD-103605,CUST-2748,02-Jul-2026,website,,Pending,Nigéria,SAVE10,
ORD-103606,CUST-3888,09/22/2024,Website,Credit Card,Completed,France,,
ORD-103607,CUST-3596,20/04/2026,Website,Credit Card,Refunded,USA,none,
ORD-103608,CUST-3837,"December 27, 2025",MOBILE APP,credit card,Pending,Brasil,,
ORD-103609,CUST-1734,01-Mar-2026,MOBILE APP,credit card,Refunded,Bharat,N/A,
ORD-103610,CUST-2827,2026-06-09,MOBILE APP,Credit Card,Processing,DE,,
ORD-103611,CUST-1017,03/27/2025,Phone Order,PayPal,Processing,germany,none,
ORD-103612,CUST-3519,08/27/2024,Phone Order,Credit Card,Delivered,BR,,
ORD-103613,CUST-1064,2024-08-28,Phone Order,credit card,Pending,Canada,save10,
ORD-103614,CUST-3019,15-May-2024,Marketplace,Bank Transfer,SHIPPED,US,save10,
ORD-103615,CUST-3392,2025-09-10,MOBILE APP,Debit Card,Refunded,Brazil,N/A,
ORD-103616,CUST-3488,07/04/2026,Mobile App,PayPal,Cancelled,England,SAVE10,
ORD-103617,CUST-3104,09/21/2025,Website,credit card,Processing,Australia,none,
ORD-103618,CUST-3596,"April 03, 2026",Phone Order,Bank Transfer,completed,Brasil,,
ORD-103619,CUST-3505,"June 20, 2025",In-Store,PayPal,completed,S. Africa,,
ORD-103620,CUST-3209,2026/03/19,Phone Order,Crypto,Cancelled,IN,,
ORD-103621,CUST-1930,02/11/2026,Phone Order,Crypto,Refunded,Nigéria,WELCOME2025,
ORD-103622,CUST-2602,07/25/2024,In-Store,PayPal,completed,USA,SAVE10,
ORD-103623,CUST-1643,18-May-2025,Website,PayPal,Refunded,australia,,
ORD-103624,CUST-2552,02/07/2024,Marketplace,Credit Card,Cancelled,india,N/A,
ORD-103625,CUST-2158,04-Aug-2024,Phone Order,Crypto,completed,AU,none,
ORD-103626,CUST-1853,"August 11, 2024",website,Bank Transfer,completed,England,save10,
ORD-103627,CUST-3790,2025/02/18,MOBILE APP,Debit Card,Pending,RSA,none,
ORD-103628,CUST-1681,2024-07-03,Phone Order,PayPal,Cancelled,AU,WELCOME2025,
ORD-103629,CUST-2567,05/09/2025,Marketplace,Debit Card,Cancelled,germany,save10,
ORD-103630,CUST-3737,06/06/2024,Website,Bank Transfer,Delivered,CA,none,
ORD-103631,CUST-3420,12-Sep-2025,Mobile App,credit card,Completed,india,save10,
ORD-103632,CUST-1374,18/03/2025,website,credit card,Refunded,CA,none,
ORD-103633,CUST-2507,2024/11/23,website,Debit Card,Processing,India,SAVE10,
ORD-103634,CUST-2429,04-Aug-2025,Marketplace,Bank Transfer,completed,Canada,N/A,
ORD-103635,CUST-1715,03/08/2024,Marketplace,PayPal,Cancelled,nigeria,none,
ORD-103636,CUST-2238,2025/06/08,Website,Credit Card,Cancelled,FR,N/A,
ORD-103637,CUST-2775,05/15/2026,Marketplace,Cash on Delivery,Pending,UK,,
ORD-103638,CUST-3345,2026/03/28,Phone Order,Bank Transfer,Pending,France,,
ORD-103639,CUST-2678,2026-01-08,Website,credit card,Refunded,CA,,
ORD-103640,CUST-1460,2025/07/31,Mobile App,Debit Card,completed,Nigéria,,
ORD-103641,CUST-2593,29-Aug-2025,Mobile App,Credit Card,SHIPPED,AU,WELCOME2025,
ORD-103642,CUST-1132,2024/11/10,Website,Credit Card,Refunded,france,,
ORD-103643,CUST-2476,2026/05/08,In-Store,credit card,SHIPPED,France,save10,
ORD-103644,CUST-1754,29/05/2024,Website,Bank Transfer,Delivered,US,,
ORD-103645,CUST-3464,"June 12, 2025",Mobile App,credit card,SHIPPED,Nigeria,WELCOME2025,
ORD-103646,CUST-2241,2025/01/27,website,PayPal,Completed,canada,,
ORD-103647,CUST-1374,2025/10/26,website,PayPal,Delivered,IN,N/A,
ORD-103648,CUST-1355,13/02/2024,Marketplace,Debit Card,Pending,USA,WELCOME2025,
ORD-103649,CUST-2486,2026/07/07,Marketplace,Cash on Delivery,Processing,Canada,save10,
ORD-103650,CUST-1216,04/25/2025,Mobile App,credit card,Refunded,france,none,
ORD-103651,CUST-1434,"July 06, 2024",In-Store,Bank Transfer,Pending,Germany,save10,
ORD-103652,CUST-3877,2026/06/03,MOBILE APP,Credit Card,Processing,Germany,,
ORD-103653,CUST-1885,"June 09, 2026",Phone Order,Bank Transfer,completed,Brasil,,
ORD-103654,CUST-3073,2024/12/17,Website,Bank Transfer,Pending,Britain,N/A,
ORD-103655,CUST-1613,01/17/2025,In-Store,Bank Transfer,completed,France,,
ORD-103656,CUST-1500,2024-07-20,Marketplace,credit card,SHIPPED,Bharat,N/A,
ORD-103657,CUST-1724,"May 01, 2026",Marketplace,credit card,SHIPPED,S. Africa,SAVE10,
ORD-103658,CUST-3718,2024-04-22,MOBILE APP,Cash on Delivery,Refunded,canada,,
ORD-103659,CUST-1103,10-May-2025,MOBILE APP,Debit Card,Pending,England,N/A,
ORD-103660,CUST-3170,06/29/2025,website,credit card,Processing,CA,N/A,
ORD-103661,CUST-3278,2026-07-09,Phone Order,Debit Card,Completed,United Kingdom,,
ORD-103662,CUST-2047,24-Sep-2024,Phone Order,Credit Card,SHIPPED,United Kingdom,,
ORD-103663,CUST-1666,02-Jan-2026,Marketplace,credit card,Cancelled,australia,save10,
ORD-103664,CUST-1781,"February 11, 2025",MOBILE APP,Bank Transfer,Delivered,france,,
ORD-103665,CUST-3598,"April 16, 2026",Phone Order,Credit Card,Processing,nigeria,WELCOME2025,
ORD-103666,CUST-2158,01/01/2024,Marketplace,Credit Card,Processing,Deutschland,none,
ORD-103667,CUST-3633,2026-07-14,MOBILE APP,Cash on Delivery,Cancelled,India,WELCOME2025,
ORD-103668,CUST-2107,2025-02-10,Marketplace,Cash on Delivery,completed,AU,,
ORD-103669,CUST-2534,"April 01, 2024",Marketplace,PayPal,Refunded,England,WELCOME2025,
ORD-103670,CUST-3917,2026-01-10,Website,Credit Card,Delivered,FR,save10,
ORD-103671,CUST-1144,2026/06/15,MOBILE APP,credit card,Refunded,australia,save10,
ORD-103672,CUST-2683,17-May-2025,website,Credit Card,SHIPPED,Brazil,save10,
ORD-103673,CUST-2513,11/01/2025,Marketplace,Credit Card,completed,United States of America,save10,
ORD-103674,CUST-1959,03-Apr-2026,website,Cash on Delivery,Cancelled,india,save10,
ORD-103675,CUST-1690,05-May-2026,Mobile App,PayPal,completed,U.S.A.,,
ORD-103676,CUST-2866,04/05/2025,Marketplace,Cash on Delivery,Cancelled,france,none,
ORD-103677,CUST-2527,08/14/2025,website,Bank Transfer,Refunded,BR,save10,
ORD-103678,CUST-3150,01-May-2024,Website,Cash on Delivery,Cancelled,nigeria,save10,
ORD-103679,CUST-1288,08-Dec-2024,In-Store,Debit Card,Delivered,Bharat,WELCOME2025,
ORD-103680,CUST-1492,02/12/2024,Mobile App,Crypto,Delivered,BR,N/A,
ORD-103681,CUST-3486,2025/10/25,Website,Cash on Delivery,Completed,S. Africa,,
ORD-101343,CUST-3737,2024/03/08,Mobile App,credit card,Refunded,AU,,
ORD-103683,CUST-2923,2024-08-19,Phone Order,Bank Transfer,Cancelled,ZA,none,
ORD-103684,CUST-1346,"May 23, 2025",Marketplace,Crypto,Pending,Nigéria,,
ORD-103685,CUST-3209,"April 07, 2026",Marketplace,Debit Card,SHIPPED,South Africa,save10,
ORD-103686,CUST-1340,07/26/2025,Phone Order,Debit Card,SHIPPED,Australia,,
ORD-103687,CUST-3202,18-Jun-2024,In-Store,credit card,Cancelled,canada,WELCOME2025,
ORD-103688,CUST-2543,10/16/2024,Website,Debit Card,Processing,Nigéria,save10,
ORD-103689,CUST-2409,"January 10, 2026",Marketplace,Crypto,completed,france,WELCOME2025,
ORD-103690,CUST-2581,"March 15, 2025",Marketplace,Credit Card,Pending,united states,N/A,
ORD-103691,CUST-2005,25/04/2024,Website,Credit Card,Completed,South Africa,SAVE10,
ORD-103692,CUST-3690,25/01/2025,Website,Cash on Delivery,Processing,australia,WELCOME2025,
ORD-103693,CUST-1997,05-Sep-2024,website,credit card,Delivered,AU,WELCOME2025,
ORD-103694,CUST-3133,03/20/2025,Mobile App,Credit Card,Cancelled,U.S.A.,save10,
ORD-103695,CUST-2117,19/03/2024,MOBILE APP,credit card,Pending,Brasil,N/A,
ORD-103696,CUST-1862,2024-05-25,Phone Order,Crypto,completed,Nigéria,,
ORD-103697,CUST-3315,"April 15, 2025",Phone Order,PayPal,Processing,U.S.A.,N/A,
ORD-103698,CUST-3908,21-Nov-2025,website,Credit Card,Cancelled,Canada,,
ORD-103699,CUST-2976,13-Oct-2024,Marketplace,Credit Card,completed,germany,,
ORD-103700,CUST-2317,12/10/2025,Website,PayPal,Pending,united states,,
ORD-103701,CUST-2728,04/02/2025,In-Store,Debit Card,completed,United States,none,
ORD-103702,CUST-1111,19-Dec-2027,MOBILE APP,Crypto,Pending,NG,N/A,
ORD-103703,CUST-1118,2024-09-27,website,Cash on Delivery,Processing,AU,none,
ORD-103704,CUST-1009,22-Jun-2026,Phone Order,Bank Transfer,Processing,U.S.A.,,
ORD-103705,CUST-2985,08/16/2024,Phone Order,Crypto,Delivered,FR,,
ORD-103706,CUST-3649,2025/11/15,Phone Order,Credit Card,Refunded,FR,none,
ORD-103707,CUST-2978,2026/01/10,Marketplace,Crypto,SHIPPED,U.K.,N/A,
ORD-103708,CUST-2506,"January 09, 2025",Marketplace,PayPal,Cancelled,Brazil,none,
ORD-103709,CUST-3328,05/03/2024,Mobile App,Credit Card,completed,Germany,N/A,
ORD-103710,CUST-2716,"January 09, 2025",Website,credit card,Delivered,S. Africa,SAVE10,
ORD-103711,CUST-1879,01/27/2026,Phone Order,Debit Card,Cancelled,US,,
ORD-103712,CUST-1339,2025/10/10,In-Store,credit card,Cancelled,U.S.A.,save10,
ORD-103713,CUST-3056,01-Jun-2025,Mobile App,Credit Card,SHIPPED,S. Africa,N/A,
ORD-103714,CUST-2781,"June 18, 2024",MOBILE APP,credit card,SHIPPED,Britain,,
ORD-103715,CUST-2971,2024/01/15,MOBILE APP,Cash on Delivery,Cancelled,France,none,
ORD-103716,CUST-2648,2024/04/18,Website,Bank Transfer,Pending,India,,
ORD-103717,CUST-3985,24-Jul-2024,Mobile App,Credit Card,Completed,canada,none,
ORD-103718,CUST-2474,05-May-2025,Mobile App,PayPal,Pending,nigeria,,
ORD-103719,CUST-2778,2024-07-26,website,Bank Transfer,Pending,australia,,
ORD-103720,CUST-3345,2025/01/11,In-Store,Bank Transfer,SHIPPED,England,N/A,
ORD-103721,CUST-2454,2024/11/07,Phone Order,Bank Transfer,Completed,India,WELCOME2025,
ORD-103722,CUST-3857,19/10/2025,Marketplace,credit card,Cancelled,nigeria,N/A,
ORD-103723,CUST-3848,29-Sep-2024,MOBILE APP,Debit Card,SHIPPED,Nigeria,save10,
ORD-103724,CUST-3177,"October 28, 2025",MOBILE APP,PayPal,Delivered,England,N/A,
ORD-103725,CUST-2097,2025-04-01,In-Store,credit card,Processing,Australia,none,
ORD-103726,CUST-1258,31/05/2025,Website,PayPal,Cancelled,Brasil,,
ORD-103727,CUST-1460,2025-06-20,Phone Order,credit card,completed,Bharat,N/A,
ORD-103728,CUST-2306,2025/04/10,Mobile App,Crypto,Completed,France,SAVE10,
ORD-103729,CUST-3550,05/09/2025,MOBILE APP,Bank Transfer,Completed,United Kingdom,WELCOME2025,
ORD-103730,CUST-1864,04-Jun-2024,MOBILE APP,Bank Transfer,Processing,canada,SAVE10,
ORD-103731,CUST-3659,2025-10-17,Mobile App,Crypto,completed,Brazil,N/A,
ORD-103732,CUST-3166,2024-03-04,Marketplace,Crypto,Delivered,RSA,WELCOME2025,
ORD-103733,CUST-3533,2024-02-22,Website,Crypto,completed,South Africa,none,
ORD-103734,CUST-1138,06/01/2024,Mobile App,PayPal,Pending,BR,SAVE10,
ORD-103735,CUST-3043,12-Jan-2026,Phone Order,Crypto,Refunded,France,SAVE10,
ORD-103736,CUST-1349,04-Feb-2024,MOBILE APP,PayPal,Pending,FR,,
ORD-103737,CUST-3501,2025/11/10,Mobile App,Crypto,Processing,nigeria,save10,
ORD-103738,CUST-1157,2025/04/27,Phone Order,Cash on Delivery,Delivered,FR,WELCOME2025,
ORD-103739,CUST-1838,19/02/2026,Website,Crypto,SHIPPED,united states,,
ORD-103740,CUST-2345,2024-03-27,Mobile App,credit card,Delivered,india,,
ORD-103741,CUST-2682,02/11/2025,MOBILE APP,credit card,Pending,IN,SAVE10,
ORD-103742,CUST-3590,2025/05/23,Marketplace,Cash on Delivery,completed,U.S.A.,,
ORD-103743,CUST-1115,2026/07/08,Website,PayPal,completed,Bharat,save10,
ORD-103744,CUST-3163,12/29/2025,In-Store,Cash on Delivery,Delivered,Bharat,WELCOME2025,
ORD-103745,CUST-1490,06/01/2026,Website,credit card,Processing,france,WELCOME2025,
ORD-103746,CUST-2103,08-Mar-2026,Mobile App,Cash on Delivery,Processing,U.K.,none,
ORD-103747,CUST-1468,23/09/2024,Website,Crypto,Delivered,Canada,WELCOME2025,
ORD-103748,CUST-3296,09-Nov-2024,In-Store,Cash on Delivery,completed,NG,save10,
ORD-103749,CUST-3885,04/07/2024,In-Store,Bank Transfer,Refunded,RSA,none,
ORD-103750,CUST-1755,2024-07-25,Marketplace,Bank Transfer,completed,AU,save10,
ORD-103751,CUST-1089,2025-04-27,MOBILE APP,PayPal,Processing,FR,N/A,
ORD-103752,CUST-3814,11/09/2024,website,Bank Transfer,SHIPPED,Nigeria,,
ORD-103753,CUST-3695,11/27/2025,Website,Bank Transfer,Pending,DE,WELCOME2025,
ORD-103754,CUST-2134,30-Jul-2024,Phone Order,PayPal,completed,canada,SAVE10,
ORD-103755,CUST-2853,2026-06-04,Mobile App,PayPal,Pending,United States,SAVE10,
ORD-103756,CUST-1435,25-Oct-2025,Website,Bank Transfer,completed,AU,N/A,
ORD-103757,CUST-1550,"November 22, 2024",website,Crypto,Cancelled,nigeria,WELCOME2025,
ORD-103758,CUST-2164,"April 29, 2025",MOBILE APP,Cash on Delivery,Cancelled,RSA,N/A,
ORD-103759,CUST-3443,2026-05-27,Phone Order,Credit Card,Processing,Nigeria,,
ORD-103760,CUST-3301,"December 18, 2025",MOBILE APP,credit card,Completed,Brazil,none,
ORD-103761,CUST-1453,2024/01/11,In-Store,Debit Card,Pending,France,save10,
ORD-103762,CUST-1989,09/18/2025,Mobile App,Credit Card,Pending,DE,save10,
ORD-103763,CUST-2373,25-May-2025,MOBILE APP,Debit Card,Cancelled,canada,WELCOME2025,
ORD-103764,CUST-1406,04/28/2025,In-Store,credit card,Processing,United States of America,SAVE10,
ORD-103765,CUST-1977,2025-04-08,In-Store,PayPal,Refunded,australia,none,
ORD-103766,CUST-3273,25/11/2024,MOBILE APP,Debit Card,Cancelled,England,N/A,
ORD-103767,CUST-1992,02/26/2025,Mobile App,Debit Card,Processing,Brazil,,
ORD-103768,CUST-2348,08-Nov-2024,MOBILE APP,Cash on Delivery,completed,S. Africa,save10,
ORD-103769,CUST-3663,26/01/2025,MOBILE APP,Bank Transfer,Pending,Nigéria,none,
ORD-103770,CUST-2294,2024-11-16,Mobile App,Bank Transfer,Completed,united states,SAVE10,
ORD-103771,CUST-1309,07/04/2026,Phone Order,Cash on Delivery,Pending,nigeria,,
ORD-103772,CUST-3920,03-Apr-2026,Phone Order,Debit Card,Pending,ZA,WELCOME2025,
ORD-103773,CUST-3332,2025-09-18,MOBILE APP,Credit Card,Pending,Australia,,
ORD-103730,CUST-2600,14/12/2024,Phone Order,Crypto,Processing,france,SAVE10,
ORD-103775,CUST-3896,04/03/2024,Marketplace,Crypto,Pending,France,,
ORD-103776,CUST-2869,"July 03, 2025",Phone Order,Credit Card,SHIPPED,AU,none,
ORD-103777,CUST-1495,30/12/2025,Mobile App,Cash on Delivery,SHIPPED,Nigeria,SAVE10,
ORD-103778,CUST-1290,07/17/2026,website,Bank Transfer,Delivered,canada,save10,
ORD-103779,CUST-2969,12/02/2025,Mobile App,credit card,Completed,germany,save10,
ORD-103780,CUST-2271,"February 06, 2026",Mobile App,credit card,Completed,Canada,,
ORD-103781,CUST-3912,01/07/2026,Marketplace,Bank Transfer,Refunded,DE,save10,
ORD-103782,CUST-2756,2025/10/09,website,Debit Card,completed,Deutschland,,
ORD-103783,CUST-2088,2024/08/03,website,Crypto,Processing,nigeria,none,
ORD-103784,CUST-2796,11-Jan-2024,Phone Order,Bank Transfer,Cancelled,U.S.A.,WELCOME2025,
ORD-103785,CUST-1352,2025/09/01,In-Store,Debit Card,Completed,germany,WELCOME2025,
ORD-103786,CUST-3024,07/18/2024,MOBILE APP,Bank Transfer,Processing,canada,none,
ORD-103787,CUST-1860,2024/01/17,website,Crypto,SHIPPED,Deutschland,SAVE10,
ORD-103788,CUST-1638,07/26/2025,Phone Order,Crypto,Pending,Deutschland,,
ORD-103789,CUST-1057,2024-02-08,Marketplace,Debit Card,SHIPPED,FR,none,
ORD-103790,CUST-3136,06/18/2026,Website,PayPal,Completed,IN,N/A,
ORD-103791,CUST-2080,07/02/2026,Phone Order,Bank Transfer,SHIPPED,United States of America,SAVE10,
ORD-103792,CUST-2506,2025-03-26,Mobile App,Crypto,Refunded,CA,N/A,
ORD-103793,CUST-1890,"January 02, 2025",Marketplace,PayPal,Completed,U.S.A.,none,
ORD-103794,CUST-3240,23-Sep-2025,Mobile App,Debit Card,Refunded,France,N/A,
ORD-103795,CUST-3581,2024-12-16,website,Debit Card,Pending,United Kingdom,save10,
ORD-103796,CUST-1961,07/18/2025,Phone Order,credit card,completed,England,none,
ORD-103797,CUST-2658,2026/03/08,In-Store,credit card,Cancelled,Deutschland,,
ORD-103798,CUST-3443,2025-02-17,Phone Order,Credit Card,Processing,England,N/A,
ORD-103799,CUST-3772,2025-05-13,website,Debit Card,Completed,BR,WELCOME2025,
ORD-103800,CUST-2468,2024/05/13,In-Store,Credit Card,completed,india,,
ORD-103801,CUST-1181,06-Jul-2025,Website,Credit Card,Processing,india,,
ORD-103802,CUST-2758,30/07/2024,MOBILE APP,PayPal,Completed,United States of America,SAVE10,
ORD-103803,CUST-1339,"December 22, 2025",website,Debit Card,Delivered,U.K.,none,
ORD-103804,CUST-1765,2025-12-11,In-Store,credit card,Processing,Nigéria,WELCOME2025,
ORD-103805,CUST-2618,2027-09-25,In-Store,Cash on Delivery,Refunded,france,,
ORD-103806,CUST-3530,07/02/2025,Phone Order,Cash on Delivery,Delivered,USA,,
ORD-103807,CUST-1576,10/16/2025,website,Bank Transfer,SHIPPED,DE,none,
ORD-103808,CUST-3210,"April 04, 2026",Mobile App,credit card,Delivered,germany,save10,
ORD-103809,CUST-1468,06/16/2024,Website,Debit Card,SHIPPED,FR,save10,
ORD-103810,CUST-2855,2024/03/10,In-Store,Crypto,Completed,Germany,save10,
ORD-103811,CUST-2388,09/02/2024,Mobile App,Credit Card,Cancelled,france,,
ORD-103812,CUST-3849,14-Jul-2026,Phone Order,Credit Card,Delivered,germany,WELCOME2025,
ORD-103813,CUST-2091,10/23/2024,Mobile App,Crypto,Processing,Bharat,save10,
ORD-103814,CUST-1228,2026-01-23,MOBILE APP,credit card,Cancelled,RSA,WELCOME2025,
ORD-103815,CUST-3393,14-Jan-2025,Mobile App,Cash on Delivery,Processing,United States of America,,
ORD-103816,CUST-3323,19-Jul-2026,Marketplace,Debit Card,Cancelled,BR,none,
ORD-103817,CUST-1119,2025/07/26,website,PayPal,Processing,nigeria,SAVE10,
ORD-103818,CUST-1386,2024/12/02,Mobile App,Credit Card,Cancelled,Britain,save10,
ORD-103819,CUST-2430,02/04/2026,MOBILE APP,Credit Card,Cancelled,Nigeria,none,
ORD-103820,CUST-1972,02/05/2024,Website,Cash on Delivery,Cancelled,Nigeria,SAVE10,
ORD-103821,CUST-3756,2026/01/02,In-Store,Credit Card,completed,United States of America,,
ORD-103822,CUST-1690,"May 31, 2026",Marketplace,Bank Transfer,SHIPPED,united states,N/A,
ORD-103823,CUST-1088,2025/01/28,website,Cash on Delivery,Completed,france,WELCOME2025,
ORD-103824,CUST-2780,2026-01-10,In-Store,Crypto,Processing,Germany,,
ORD-103825,CUST-2176,01/15/2024,In-Store,Credit Card,Refunded,AU,SAVE10,
ORD-103324,CUST-1117,01/03/2026,Website,Debit Card,Completed,Australia,SAVE10,
ORD-103827,CUST-3122,25-May-2025,website,credit card,Cancelled,NG,save10,
ORD-103828,CUST-1972,01/20/2026,MOBILE APP,Debit Card,Pending,Brasil,,
ORD-103829,CUST-2726,2024/03/15,website,Crypto,Processing,united states,SAVE10,
ORD-103830,CUST-1004,09/07/2026,website,PayPal,Pending,BR,none,
ORD-103831,CUST-3666,"July 21, 2025",Marketplace,PayPal,Pending,RSA,SAVE10,
ORD-103832,CUST-1490,2024/03/17,Mobile App,PayPal,Pending,ZA,none,
ORD-103833,CUST-2125,2024/02/25,Marketplace,Crypto,Completed,BR,,
ORD-103834,CUST-1732,17/04/2026,Mobile App,PayPal,Completed,Brazil,,
ORD-103835,CUST-2009,2025-01-21,Marketplace,Cash on Delivery,Cancelled,AU,save10,
ORD-103836,CUST-2355,28-Mar-2024,In-Store,Crypto,Completed,nigeria,,
ORD-103837,CUST-3381,09/07/2025,Marketplace,PayPal,Refunded,Australia,SAVE10,
ORD-103838,CUST-1429,"March 27, 2026",In-Store,PayPal,completed,ZA,WELCOME2025,
ORD-103839,CUST-1355,"August 23, 2024",website,credit card,Completed,Nigéria,SAVE10,
ORD-103840,CUST-1459,06/09/2024,Marketplace,credit card,completed,india,save10,
ORD-103841,CUST-3210,05-Jun-2026,Website,Bank Transfer,Delivered,nigeria,N/A,
ORD-103842,CUST-3673,21/05/2026,In-Store,Bank Transfer,Pending,US,WELCOME2025,
ORD-103843,CUST-3252,"March 22, 2024",Marketplace,credit card,Cancelled,BR,none,
ORD-103844,CUST-2652,"February 18, 2026",Phone Order,Cash on Delivery,Pending,australia,N/A,
ORD-103845,CUST-1524,18/03/2025,Marketplace,Bank Transfer,Cancelled,united states,N/A,
ORD-103846,CUST-3057,07/03/2025,In-Store,PayPal,Completed,U.S.A.,save10,
ORD-103847,CUST-3818,01/09/2025,Mobile App,PayPal,Cancelled,united states,none,
ORD-103848,CUST-3475,28-Jun-2024,Website,Bank Transfer,completed,NG,SAVE10,
ORD-103849,CUST-2737,10/02/2024,Marketplace,Bank Transfer,Delivered,S. Africa,N/A,
ORD-103850,CUST-2612,"November 10, 2025",Phone Order,Bank Transfer,Refunded,IN,,
ORD-103851,CUST-1834,08/04/2026,Website,Credit Card,Delivered,Brasil,,
ORD-103852,CUST-2676,2025/08/29,In-Store,Debit Card,Cancelled,FR,SAVE10,
ORD-103853,CUST-3068,"March 28, 2025",Website,credit card,SHIPPED,US,N/A,
ORD-103854,CUST-1463,03-Oct-2027,Website,PayPal,Refunded,india,WELCOME2025,
ORD-103855,CUST-1474,2025/08/21,In-Store,PayPal,Refunded,Deutschland,,
ORD-103856,CUST-2085,2025-03-06,website,credit card,Processing,ZA,WELCOME2025,
ORD-103857,CUST-3923,"June 18, 2026",Website,Debit Card,Delivered,FR,N/A,
ORD-103858,CUST-3966,31-Oct-2025,In-Store,PayPal,Completed,U.S.A.,,
ORD-103859,CUST-4000,2024-07-18,MOBILE APP,Crypto,Refunded,Brasil,N/A,
ORD-103860,CUST-3976,2024-01-19,Phone Order,credit card,Pending,United Kingdom,none,
ORD-103861,CUST-1556,2025-02-30,Mobile App,Bank Transfer,Pending,United Kingdom,N/A,
ORD-103862,CUST-1299,03/31/2024,In-Store,Crypto,Refunded,Bharat,WELCOME2025,
ORD-103863,CUST-3217,2024-07-29,Phone Order,Crypto,SHIPPED,England,,
ORD-103864,CUST-3883,"May 12, 2026",Marketplace,Bank Transfer,Processing,United Kingdom,none,
ORD-103865,CUST-2996,20/10/2024,Mobile App,Credit Card,SHIPPED,Nigéria,WELCOME2025,
ORD-103866,CUST-2452,06/15/2025,website,Bank Transfer,SHIPPED,U.S.A.,none,
ORD-103867,CUST-3857,2024/11/29,Marketplace,Cash on Delivery,SHIPPED,india,none,
ORD-103868,CUST-3176,08/10/2024,MOBILE APP,credit card,Delivered,india,WELCOME2025,
ORD-103869,CUST-3538,17/12/2025,Website,Credit Card,SHIPPED,IN,,
ORD-103870,CUST-3345,04/04/2024,Phone Order,credit card,Processing,Canada,,
ORD-103871,CUST-3625,2024/05/04,In-Store,Debit Card,completed,BR,N/A,
ORD-103872,CUST-1528,09/04/2025,In-Store,PayPal,completed,FR,none,
ORD-103873,CUST-1132,11/21/2024,MOBILE APP,Credit Card,Pending,germany,,
ORD-103874,CUST-3255,2026/06/19,Marketplace,Bank Transfer,Refunded,BR,none,
ORD-102698,CUST-1821,05/13/2024,In-Store,credit card,Cancelled,India,,
ORD-103876,CUST-1912,08/04/2024,In-Store,Credit Card,Pending,NG,,
ORD-103877,CUST-2982,2024/11/12,Marketplace,Cash on Delivery,Pending,nigeria,none,
ORD-103878,CUST-1100,2024/01/29,Phone Order,credit card,Cancelled,France,WELCOME2025,
ORD-103879,CUST-2424,16/09/2024,Marketplace,Credit Card,completed,germany,WELCOME2025,
ORD-103880,CUST-2862,2024/04/20,Mobile App,Bank Transfer,Pending,NG,save10,
ORD-103881,CUST-3569,2024-09-29,Marketplace,Bank Transfer,SHIPPED,NG,WELCOME2025,
ORD-103882,CUST-2334,25/04/2024,MOBILE APP,PayPal,SHIPPED,Brazil,N/A,
ORD-103883,CUST-1393,05/09/2024,Phone Order,Cash on Delivery,completed,England,SAVE10,
ORD-103884,CUST-1167,11/01/2025,Marketplace,Credit Card,Processing,nigeria,save10,
ORD-103885,CUST-2128,"August 19, 2024",website,Credit Card,Completed,United States of America,save10,
ORD-103886,CUST-1425,04-Apr-2026,Marketplace,credit card,Processing,Nigéria,N/A,
ORD-103887,CUST-2656,2025-04-31,Mobile App,Crypto,Pending,India,WELCOME2025,
ORD-103888,CUST-1325,08/12/2025,Marketplace,PayPal,completed,france,none,
ORD-103889,CUST-3804,31/05/2024,MOBILE APP,PayPal,SHIPPED,Germany,N/A,
ORD-103890,CUST-3599,04/12/2025,Website,Cash on Delivery,Completed,South Africa,none,
ORD-103891,CUST-2254,19-Feb-2026,Mobile App,Crypto,Delivered,United States,save10,
ORD-103892,CUST-1992,2024-11-19,Website,PayPal,Processing,South Africa,,
ORD-103893,CUST-2665,2024/11/07,Website,Crypto,completed,Nigéria,WELCOME2025,
ORD-103894,CUST-2620,05-Jan-2025,In-Store,Debit Card,Cancelled,united states,,
ORD-103895,CUST-2137,"December 19, 2027",Phone Order,credit card,Refunded,AU,SAVE10,
ORD-103896,CUST-3730,2024/09/16,website,PayPal,Completed,Brasil,N/A,
ORD-103897,CUST-2047,06/01/2026,Marketplace,credit card,Completed,india,WELCOME2025,
ORD-103898,CUST-1376,"July 08, 2025",Phone Order,credit card,SHIPPED,Brazil,,
ORD-103899,CUST-1663,08/02/2025,MOBILE APP,Bank Transfer,Completed,AU,,
ORD-103900,CUST-3063,10/02/2024,Mobile App,Credit Card,completed,U.S.A.,,
ORD-103901,CUST-2126,26/01/2025,website,Credit Card,Completed,India,,
ORD-103902,CUST-1699,2024-06-09,Phone Order,Cash on Delivery,Pending,Brasil,none,
ORD-103903,CUST-3750,27/02/2024,Phone Order,PayPal,Delivered,AU,none,
ORD-103904,CUST-2377,31-Oct-2025,Website,Credit Card,SHIPPED,Canada,,
ORD-103905,CUST-3466,17/02/2024,website,Debit Card,Refunded,Canada,,
ORD-103906,CUST-2194,2026-02-07,Marketplace,Crypto,Processing,canada,,
ORD-103907,CUST-3024,17-Feb-2024,website,Crypto,SHIPPED,United Kingdom,SAVE10,
ORD-103811,CUST-1074,01/10/2024,MOBILE APP,Credit Card,Refunded,Nigeria,WELCOME2025,
ORD-103909,CUST-2721,25/11/2025,Website,Debit Card,Pending,AU,SAVE10,
ORD-103910,CUST-2018,11/03/2025,Phone Order,Cash on Delivery,Cancelled,Brazil,SAVE10,
ORD-103911,CUST-1039,2026/05/02,In-Store,PayPal,Refunded,India,SAVE10,
ORD-103912,CUST-3902,"October 26, 2025",Website,Debit Card,Processing,Nigeria,N/A,
ORD-103913,CUST-2557,09-Jun-2025,Phone Order,credit card,Processing,nigeria,,
ORD-103914,CUST-3230,"May 31, 2024",Mobile App,Debit Card,completed,United Kingdom,WELCOME2025,
ORD-103915,CUST-1455,"April 07, 2024",Phone Order,Debit Card,Processing,Germany,none,
ORD-103916,CUST-3899,28-Apr-2024,Mobile App,Cash on Delivery,SHIPPED,germany,N/A,
ORD-103917,CUST-2078,2026-02-05,In-Store,PayPal,Completed,France,save10,
ORD-103918,CUST-1225,2026-04-24,Website,Debit Card,completed,U.K.,none,
ORD-103919,CUST-1346,2024/11/07,Phone Order,Crypto,SHIPPED,Deutschland,none,
ORD-103920,CUST-1755,2025-03-01,Phone Order,Bank Transfer,Processing,canada,save10,
ORD-103921,CUST-3344,"September 21, 2025",MOBILE APP,PayPal,completed,france,none,
ORD-103922,CUST-3471,2025/08/23,Marketplace,Crypto,Completed,CA,save10,
ORD-103923,CUST-3662,12-Dec-2025,Mobile App,Bank Transfer,Refunded,canada,,
ORD-103924,CUST-2446,21-Feb-2025,In-Store,Cash on Delivery,Completed,USA,none,
ORD-103925,CUST-3958,13-Nov-2024,Mobile App,Bank Transfer,Refunded,DE,save10,
ORD-103926,CUST-2189,31/08/2025,MOBILE APP,Debit Card,completed,Australia,N/A,
ORD-103927,CUST-2309,09/09/2025,MOBILE APP,Cash on Delivery,SHIPPED,US,N/A,
ORD-103928,CUST-1763,2025/07/25,Phone Order,Bank Transfer,Refunded,RSA,WELCOME2025,
ORD-103929,CUST-2901,04/26/2024,MOBILE APP,Crypto,Delivered,S. Africa,SAVE10,
ORD-103930,CUST-3966,2024-10-25,Phone Order,credit card,completed,India,,
ORD-103931,CUST-2513,2024/04/17,Marketplace,Crypto,Completed,Brasil,WELCOME2025,
ORD-103932,CUST-3452,08/02/2024,In-Store,Bank Transfer,Cancelled,UK,SAVE10,
ORD-103933,CUST-3691,01/14/2026,Website,Debit Card,Delivered,United States,save10,
ORD-103934,CUST-1180,11/01/2025,Mobile App,credit card,Cancelled,Australia,N/A,
ORD-103935,CUST-1174,05/21/2026,MOBILE APP,Debit Card,Processing,france,,
ORD-103936,CUST-2039,07/20/2025,Marketplace,credit card,completed,Nigéria,none,
ORD-103937,CUST-1923,13/02/2025,Phone Order,credit card,SHIPPED,S. Africa,,
ORD-103938,CUST-2837,11/29/2025,website,Debit Card,Processing,ZA,none,
ORD-103939,CUST-1526,26/12/2024,In-Store,credit card,SHIPPED,France,,
ORD-103940,CUST-2897,2026-05-08,Website,Bank Transfer,Processing,canada,SAVE10,
ORD-103941,CUST-2975,29/02/2024,Phone Order,Credit Card,Refunded,AU,,
ORD-103942,CUST-3446,"March 01, 2026",Website,Crypto,Delivered,france,SAVE10,
ORD-103943,CUST-1174,2024/08/26,Mobile App,Cash on Delivery,Completed,England,,
ORD-103944,CUST-3260,2026/06/24,Mobile App,Credit Card,Refunded,US,none,
ORD-103945,CUST-3229,05/19/2025,Website,Debit Card,Completed,germany,WELCOME2025,
ORD-103946,CUST-2820,2026/07/18,In-Store,Crypto,Processing,Australia,,
ORD-103947,CUST-1067,2024-12-06,Website,credit card,Cancelled,Canada,none,
ORD-103948,CUST-1023,2024/09/03,Phone Order,Bank Transfer,Delivered,USA,,
ORD-103949,CUST-3363,2025-04-26,website,credit card,Cancelled,australia,none,
ORD-103950,CUST-3115,"December 18, 2024",Mobile App,PayPal,Pending,FR,WELCOME2025,
ORD-103951,CUST-1507,12-Jun-2026,Phone Order,Bank Transfer,Processing,Britain,N/A,
ORD-103952,CUST-2456,30/08/2024,Phone Order,PayPal,Processing,U.K.,,
ORD-103953,CUST-1763,"May 09, 2025",website,Bank Transfer,completed,ZA,SAVE10,
ORD-103954,CUST-3635,2026-03-03,Website,PayPal,SHIPPED,Germany,N/A,
ORD-103955,CUST-2580,30/05/2025,website,Debit Card,Refunded,india,none,
ORD-103956,CUST-1232,26-Nov-2025,In-Store,Credit Card,Pending,Nigeria,SAVE10,
ORD-103957,CUST-2605,2024/12/10,website,Cash on Delivery,SHIPPED,United States of America,WELCOME2025,
ORD-103958,CUST-1018,"May 04, 2024",website,PayPal,Processing,United States of America,,
ORD-103959,CUST-1963,"March 02, 2026",In-Store,Bank Transfer,Delivered,US,WELCOME2025,
ORD-103960,CUST-3220,"April 10, 2024",Phone Order,PayPal,Delivered,UK,none,
ORD-103961,CUST-3404,2024-01-04,MOBILE APP,Debit Card,Processing,Nigéria,SAVE10,
ORD-103962,CUST-3337,24-Apr-2025,Website,Crypto,Delivered,Brasil,N/A,
ORD-103963,CUST-2638,2024-10-26,Phone Order,Crypto,Pending,AU,N/A,
ORD-103964,CUST-3703,2025-10-22,Phone Order,PayPal,completed,ZA,,
ORD-103965,CUST-1811,"May 19, 2026",In-Store,Bank Transfer,Refunded,RSA,,
ORD-103966,CUST-3280,26-Apr-2025,website,Credit Card,Delivered,Brazil,WELCOME2025,
ORD-103967,CUST-2876,06-Feb-2026,website,Cash on Delivery,completed,Bharat,SAVE10,
ORD-103968,CUST-3476,"January 30, 2024",Mobile App,Debit Card,Pending,S. Africa,SAVE10,
ORD-103969,CUST-1675,"August 15, 2024",Phone Order,Credit Card,Completed,france,WELCOME2025,
ORD-103970,CUST-1140,2026-06-05,MOBILE APP,Crypto,completed,Australia,save10,
ORD-103971,CUST-9789,23/02/2025,In-Store,PayPal,Cancelled,Britain,WELCOME2025,
ORD-103972,CUST-2546,"May 04, 2026",website,Crypto,Processing,FR,,
ORD-103973,CUST-3472,03/31/2026,Website,Credit Card,Processing,germany,N/A,
ORD-103974,CUST-2871,20/05/2026,MOBILE APP,Bank Transfer,Processing,BR,SAVE10,
ORD-103975,CUST-3768,02/04/2024,Phone Order,Cash on Delivery,Processing,AU,save10,
ORD-103976,CUST-2591,"April 15, 2025",In-Store,Cash on Delivery,Completed,United Kingdom,SAVE10,
ORD-103977,CUST-2793,"June 10, 2025",In-Store,Bank Transfer,Delivered,france,N/A,
ORD-101615,CUST-3619,12/03/2024,Marketplace,Bank Transfer,Pending,CA,none,
ORD-103979,CUST-3907,21/02/2026,Website,Cash on Delivery,Completed,IN,,
ORD-103980,CUST-1744,07/21/2025,Website,Debit Card,Processing,Brazil,save10,
ORD-103981,CUST-2869,2025/06/12,Marketplace,PayPal,SHIPPED,ZA,WELCOME2025,
ORD-103982,CUST-3665,"October 04, 2024",Marketplace,Cash on Delivery,SHIPPED,NG,none,
ORD-103983,CUST-1476,06/08/2024,In-Store,Crypto,completed,united states,N/A,
ORD-103984,CUST-1891,2025-03-12,Marketplace,credit card,Delivered,United States,N/A,
ORD-103985,CUST-2997,01/01/2025,Website,PayPal,Cancelled,South Africa,WELCOME2025,
ORD-103986,CUST-1498,"April 06, 2025",Phone Order,credit card,Cancelled,CA,WELCOME2025,
ORD-103987,CUST-2797,19-Jun-2026,Website,Crypto,Processing,canada,none,
ORD-103988,CUST-1436,2024/12/29,Marketplace,Cash on Delivery,Processing,australia,N/A,
ORD-103989,CUST-3821,"September 05, 2025",In-Store,Bank Transfer,SHIPPED,CA,,
ORD-103990,CUST-3020,"March 17, 2026",Website,Debit Card,SHIPPED,South Africa,SAVE10,
ORD-103991,CUST-3978,2025/08/12,Phone Order,Crypto,completed,Deutschland,,
ORD-103992,CUST-1041,01/07/2025,MOBILE APP,Debit Card,Processing,Nigéria,,
ORD-103993,CUST-2854,06-Jan-2025,Phone Order,credit card,completed,U.K.,WELCOME2025,
ORD-103994,CUST-2033,24/04/2026,MOBILE APP,Bank Transfer,Completed,Brasil,,
ORD-103995,CUST-1869,"January 15, 2025",In-Store,Credit Card,Completed,USA,N/A,
ORD-103996,CUST-2484,"June 10, 2024",Website,Cash on Delivery,Delivered,USA,,
ORD-103997,CUST-2891,10-Feb-2024,Phone Order,Crypto,Delivered,Bharat,WELCOME2025,
ORD-103998,CUST-3694,2025-12-06,MOBILE APP,Debit Card,SHIPPED,U.K.,N/A,
ORD-103999,CUST-1362,19-Apr-2025,Phone Order,Cash on Delivery,Completed,Bharat,N/A,
ORD-104000,CUST-3305,2024/01/28,Marketplace,credit card,Refunded,CA,save10,
ORD-104001,CUST-3436,15-Jun-2025,Phone Order,Cash on Delivery,Pending,S. Africa,SAVE10,
ORD-104002,CUST-3923,2024-05-31,Mobile App,Cash on Delivery,Refunded,AU,,
ORD-104003,CUST-3852,2024/08/12,Website,Debit Card,completed,Germany,SAVE10,
ORD-104004,CUST-2027,2026-02-13,MOBILE APP,Crypto,completed,United States,,
ORD-104005,CUST-2770,2024/03/09,MOBILE APP,credit card,Pending,NG,none,
ORD-104006,CUST-1479,06/06/2026,Mobile App,credit card,Delivered,Canada,N/A,
ORD-104007,CUST-3027,"March 07, 2026",Website,Cash on Delivery,Processing,AU,WELCOME2025,
ORD-104008,CUST-3543,2024-09-13,website,Crypto,completed,Brazil,SAVE10,
ORD-104009,CUST-2257,2024-03-23,website,Bank Transfer,Pending,Germany,,
ORD-104010,CUST-1348,"February 03, 2025",website,Crypto,Processing,ZA,,
ORD-104011,CUST-3881,15-Jul-2024,In-Store,Cash on Delivery,SHIPPED,ZA,N/A,
ORD-104012,CUST-2095,2024/02/16,website,Crypto,completed,USA,,
ORD-104013,CUST-2289,08/14/2024,Mobile App,PayPal,SHIPPED,United Kingdom,SAVE10,
ORD-104014,CUST-1509,2024-01-16,Mobile App,Credit Card,completed,canada,N/A,
ORD-104015,CUST-1300,2025/03/24,Website,Bank Transfer,Delivered,Australia,,
ORD-104016,CUST-1795,2025/07/17,MOBILE APP,Crypto,Refunded,U.K.,SAVE10,
ORD-104017,CUST-1912,27-Jun-2024,website,Cash on Delivery,Cancelled,germany,SAVE10,
ORD-104018,CUST-2561,2025-04-12,website,Credit Card,SHIPPED,Brazil,,
ORD-104019,CUST-2272,2025/05/12,Mobile App,PayPal,Delivered,Brazil,save10,
ORD-104020,CUST-1882,09-Nov-2024,In-Store,Bank Transfer,SHIPPED,U.K.,SAVE10,
ORD-104021,CUST-1715,14/09/2024,In-Store,PayPal,Pending,US,,
ORD-104022,CUST-2211,14-Jun-2024,Mobile App,credit card,Delivered,ZA,,
ORD-104023,CUST-3706,2026/03/29,website,Crypto,Delivered,Germany,,
ORD-104024,CUST-2164,09/03/2024,Mobile App,PayPal,Completed,Deutschland,none,
ORD-104025,CUST-1070,22-Jun-2025,Phone Order,Bank Transfer,Pending,S. Africa,,
ORD-104026,CUST-1005,02/21/2025,Website,Cash on Delivery,Refunded,ZA,WELCOME2025,
ORD-104027,CUST-1356,"May 18, 2026",website,Credit Card,Cancelled,RSA,N/A,
ORD-104028,CUST-3943,"January 27, 2025",In-Store,Bank Transfer,completed,nigeria,WELCOME2025,
ORD-104029,CUST-1545,2025-03-16,In-Store,Cash on Delivery,Refunded,france,,
ORD-104030,CUST-1691,2024/11/05,Website,Debit Card,Cancelled,BR,,
ORD-104031,CUST-1461,2025/09/29,Phone Order,Credit Card,Cancelled,france,SAVE10,
ORD-104032,CUST-1324,15-Jun-2024,Website,Debit Card,Delivered,Canada,N/A,
ORD-104033,CUST-1758,2026/01/11,Phone Order,Credit Card,Cancelled,Nigeria,N/A,
ORD-104034,CUST-2368,09/20/2025,MOBILE APP,Cash on Delivery,completed,FR,N/A,
ORD-104035,CUST-1457,2025/11/03,website,Cash on Delivery,Cancelled,AU,,
ORD-104036,CUST-3558,29-Feb-2024,Phone Order,Bank Transfer,Processing,AU,none,
ORD-104037,CUST-1516,2024/09/28,Website,Bank Transfer,Delivered,UK,,
ORD-104038,CUST-2585,"November 15, 2024",Marketplace,Debit Card,Pending,Bharat,,
ORD-104039,CUST-1402,20/02/2026,Mobile App,credit card,completed,France,SAVE10,
ORD-104040,CUST-2093,03/03/2025,MOBILE APP,Bank Transfer,Processing,UK,WELCOME2025,
ORD-104041,CUST-2070,11/07/2026,MOBILE APP,Bank Transfer,SHIPPED,AU,N/A,
ORD-104042,CUST-2605,20-Apr-2026,Website,Credit Card,Cancelled,germany,WELCOME2025,
ORD-104043,CUST-1393,"March 23, 2025",Marketplace,PayPal,Refunded,ZA,WELCOME2025,
ORD-104044,CUST-3839,2024-02-21,Website,Bank Transfer,completed,ZA,,
ORD-104045,CUST-3458,2026/02/01,Website,PayPal,completed,CA,N/A,
ORD-104046,CUST-2904,10/11/2025,Mobile App,Debit Card,SHIPPED,United States,none,
ORD-104047,CUST-3893,2024/11/26,In-Store,PayPal,Cancelled,United Kingdom,save10,
ORD-104048,CUST-3190,2025/11/19,In-Store,Credit Card,Processing,England,none,
ORD-104049,CUST-2252,"April 29, 2024",Website,Bank Transfer,Cancelled,RSA,,
ORD-104050,CUST-1341,14/08/2024,Website,Credit Card,Refunded,FR,,
ORD-104051,CUST-3651,"November 07, 2024",Phone Order,Debit Card,SHIPPED,United States of America,save10,
ORD-104052,CUST-1943,06-Apr-2025,Marketplace,Bank Transfer,SHIPPED,ZA,N/A,
ORD-104053,CUST-2533,02-Mar-2025,website,credit card,completed,U.S.A.,N/A,
ORD-104054,CUST-3804,2026/01/19,Marketplace,Crypto,Completed,South Africa,save10,
ORD-104055,CUST-1221,"March 07, 2024",Marketplace,Crypto,Cancelled,U.K.,,
ORD-104056,CUST-1091,"June 17, 2024",In-Store,Crypto,SHIPPED,Nigéria,,
ORD-104057,CUST-2272,2024/03/05,Website,Crypto,Processing,BR,,
ORD-104058,CUST-1397,2024/02/04,Website,Cash on Delivery,Pending,Brazil,save10,
ORD-104059,CUST-1430,2024-12-15,Phone Order,Crypto,Delivered,FR,,
ORD-104060,CUST-3815,2025/11/11,MOBILE APP,Bank Transfer,Refunded,FR,none,
ORD-104061,CUST-2400,27/05/2024,Website,Crypto,Completed,France,none,
ORD-104062,CUST-2224,2027-09-27,In-Store,PayPal,SHIPPED,South Africa,save10,
ORD-104063,CUST-1799,2025-03-07,In-Store,Crypto,Processing,Nigéria,SAVE10,
ORD-104064,CUST-1629,2025/01/03,Marketplace,credit card,Refunded,United States of America,,
ORD-104065,CUST-1252,2025/10/23,Mobile App,Cash on Delivery,Refunded,Brasil,N/A,
ORD-104066,CUST-3688,2026-02-16,MOBILE APP,PayPal,Pending,FR,save10,
ORD-104067,CUST-1544,19/11/2024,In-Store,Crypto,SHIPPED,AU,N/A,
ORD-104068,CUST-3972,04/04/2025,Marketplace,Debit Card,SHIPPED,USA,WELCOME2025,
ORD-104069,CUST-3601,06/09/2025,MOBILE APP,credit card,Pending,canada,N/A,
ORD-104070,CUST-2135,10/05/2024,Phone Order,PayPal,Refunded,AU,SAVE10,
ORD-104071,CUST-3973,"September 14, 2025",In-Store,Debit Card,completed,germany,N/A,
ORD-104072,CUST-2676,07/11/2024,Mobile App,Credit Card,Completed,australia,save10,
ORD-104073,CUST-1410,"April 20, 2024",MOBILE APP,Crypto,completed,NG,none,
ORD-104074,CUST-2915,"October 18, 2024",Mobile App,Cash on Delivery,Refunded,Australia,,
ORD-104075,CUST-2628,01/01/2026,Marketplace,PayPal,Completed,FR,SAVE10,
ORD-104076,CUST-3894,03/01/2025,Website,Bank Transfer,completed,Canada,,
ORD-104077,CUST-1612,2025/10/20,Phone Order,Cash on Delivery,Pending,Nigeria,N/A,
ORD-104078,CUST-1390,17-Jul-2025,Marketplace,Credit Card,Refunded,Brazil,none,
ORD-104079,CUST-1159,13-Apr-2024,Phone Order,Credit Card,Refunded,DE,,
ORD-104080,CUST-2786,20/09/2024,Marketplace,Cash on Delivery,completed,UK,save10,
ORD-104081,CUST-1710,18-May-2025,Website,Crypto,completed,U.S.A.,N/A,
ORD-104082,CUST-1909,06/12/2025,website,Crypto,Delivered,CA,,
ORD-104083,CUST-2177,01-Jun-2026,MOBILE APP,Bank Transfer,Cancelled,U.K.,,
ORD-104084,CUST-1349,04/11/2024,Marketplace,Debit Card,Cancelled,CA,N/A,
ORD-104085,CUST-2897,2025/07/17,In-Store,Debit Card,Processing,DE,,
ORD-104086,CUST-3199,11/01/2025,Phone Order,Crypto,completed,france,WELCOME2025,
ORD-104087,CUST-3930,20-Feb-2024,Phone Order,Cash on Delivery,Refunded,Nigéria,SAVE10,
ORD-104088,CUST-1314,03/02/2024,Mobile App,Cash on Delivery,Completed,Brazil,WELCOME2025,
ORD-104089,CUST-1509,2025-01-31,Phone Order,PayPal,Pending,Nigeria,save10,
ORD-104090,CUST-2462,2025/12/30,Phone Order,Crypto,Completed,AU,,
ORD-104091,CUST-2851,05/23/2024,Website,Credit Card,Cancelled,Canada,save10,
ORD-104092,CUST-1544,05/11/2024,Website,Crypto,Completed,Deutschland,,
ORD-104093,CUST-1198,2024/04/25,Website,Cash on Delivery,Delivered,United Kingdom,,
ORD-104094,CUST-2741,"July 03, 2026",Phone Order,Cash on Delivery,Processing,Canada,SAVE10,
ORD-104095,CUST-3141,03/17/2024,Mobile App,credit card,completed,India,WELCOME2025,
ORD-104096,CUST-3430,01-Feb-2024,Mobile App,Bank Transfer,Pending,nigeria,N/A,
ORD-104097,CUST-2962,2024-12-24,MOBILE APP,Crypto,completed,australia,N/A,
ORD-104098,CUST-2824,25/01/2025,Marketplace,Bank Transfer,Delivered,Brazil,,
ORD-104099,CUST-2283,2025-07-16,Website,Credit Card,completed,South Africa,N/A,
ORD-104100,CUST-2117,08/11/2025,Phone Order,credit card,SHIPPED,United States of America,WELCOME2025,
ORD-104101,CUST-3553,28-Sep-2025,Marketplace,Debit Card,SHIPPED,australia,SAVE10,
ORD-104102,CUST-1798,2024/01/12,Website,Cash on Delivery,Delivered,FR,N/A,
ORD-104103,CUST-1377,29-Jul-2024,In-Store,Bank Transfer,Cancelled,RSA,none,
ORD-104104,CUST-3970,2025-06-05,Website,Cash on Delivery,Cancelled,United Kingdom,N/A,
ORD-104105,CUST-2429,07/03/2025,MOBILE APP,PayPal,SHIPPED,USA,,
ORD-104106,CUST-3393,04/26/2025,Phone Order,Debit Card,Delivered,CA,,
ORD-104107,CUST-3893,18/04/2025,Marketplace,Bank Transfer,SHIPPED,Australia,none,
ORD-104108,CUST-3529,01/29/2024,Mobile App,Debit Card,Processing,france,,
ORD-104109,CUST-3539,12/07/2025,Marketplace,credit card,Cancelled,germany,none,
ORD-104110,CUST-1350,10/10/2025,Website,Debit Card,completed,Australia,,
ORD-104111,CUST-2861,14/01/2025,website,Crypto,Refunded,Brasil,SAVE10,
ORD-104112,CUST-2496,"September 15, 2025",MOBILE APP,PayPal,Delivered,India,,
ORD-104113,CUST-1657,06/28/2025,Phone Order,Credit Card,Pending,Brasil,,
ORD-104114,CUST-3039,05/01/2025,Marketplace,Credit Card,SHIPPED,England,WELCOME2025,
ORD-104115,CUST-3538,2025/04/24,website,PayPal,Completed,Nigéria,,
ORD-104116,CUST-2774,06/27/2026,website,Cash on Delivery,Completed,NG,,
ORD-104117,CUST-2134,2025-05-08,MOBILE APP,Cash on Delivery,Processing,BR,,
ORD-104118,CUST-3435,08/14/2024,MOBILE APP,PayPal,completed,Brazil,SAVE10,
ORD-104119,CUST-2829,05/01/2025,Website,PayPal,Processing,Brasil,N/A,
ORD-104120,CUST-3216,24/05/2025,website,credit card,completed,US,SAVE10,
ORD-104121,CUST-2186,2027-02-20,In-Store,Crypto,SHIPPED,nigeria,WELCOME2025,
ORD-104122,CUST-1847,03-Jun-2026,In-Store,Cash on Delivery,Refunded,FR,WELCOME2025,
ORD-104123,CUST-1943,2024-04-18,Phone Order,PayPal,Delivered,ZA,save10,
ORD-104124,CUST-2462,2024/03/10,Marketplace,Credit Card,Cancelled,BR,save10,
ORD-104125,CUST-2151,2024-07-07,MOBILE APP,Cash on Delivery,Processing,nigeria,WELCOME2025,
ORD-104126,CUST-1139,06/05/2026,Phone Order,Debit Card,completed,Bharat,N/A,
ORD-104127,CUST-1861,"July 17, 2024",Marketplace,Debit Card,Pending,USA,SAVE10,
ORD-104128,CUST-3283,"October 02, 2024",Mobile App,Bank Transfer,SHIPPED,USA,,
ORD-104129,CUST-3134,28/09/2024,Mobile App,PayPal,Refunded,AU,N/A,
ORD-104130,CUST-3080,21/05/2024,Website,PayPal,Cancelled,nigeria,WELCOME2025,
ORD-104131,CUST-3666,2025-02-27,Mobile App,PayPal,Completed,BR,SAVE10,
ORD-104132,CUST-1789,"May 02, 2026",Website,Crypto,Pending,france,,
ORD-104133,CUST-2038,2024/04/21,Mobile App,Cash on Delivery,Processing,England,SAVE10,
ORD-104134,CUST-2176,"February 25, 2026",Phone Order,PayPal,Processing,US,save10,
ORD-104135,CUST-2120,03/02/2025,Phone Order,Cash on Delivery,completed,DE,SAVE10,
ORD-104136,CUST-1027,02/04/2024,Website,Crypto,Cancelled,S. Africa,N/A,
ORD-104137,CUST-2293,02-Jan-2026,website,PayPal,Processing,S. Africa,,
ORD-104138,CUST-3728,"December 31, 2024",Mobile App,credit card,Completed,BR,SAVE10,
ORD-104139,CUST-1864,"June 18, 2025",In-Store,Bank Transfer,SHIPPED,US,,
ORD-104140,CUST-3001,2024/03/19,Website,Credit Card,Refunded,nigeria,N/A,
ORD-104141,CUST-2091,2025/12/01,Marketplace,Crypto,Cancelled,United States of America,N/A,
ORD-104142,CUST-1506,09/23/2024,website,credit card,Processing,france,,
ORD-104143,CUST-1626,06/03/2024,MOBILE APP,Crypto,Cancelled,CA,,
ORD-104144,CUST-3514,00/00/2025,Phone Order,Credit Card,Pending,Germany,WELCOME2025,
ORD-104145,CUST-3571,10/30/2025,MOBILE APP,Cash on Delivery,completed,India,SAVE10,
ORD-104146,CUST-3514,01-Jul-2025,Website,Bank Transfer,Completed,United Kingdom,WELCOME2025,
ORD-104147,CUST-3931,12-Jan-2026,website,PayPal,completed,Australia,SAVE10,
ORD-104148,CUST-3096,"April 23, 2025",Phone Order,Debit Card,Pending,England,save10,
ORD-104149,CUST-1954,"September 04, 2025",Phone Order,Cash on Delivery,SHIPPED,RSA,SAVE10,
ORD-104150,CUST-2546,05/28/2024,website,Credit Card,Cancelled,RSA,N/A,
ORD-104151,CUST-3054,2024-02-11,MOBILE APP,Bank Transfer,Processing,canada,save10,
ORD-104152,CUST-3427,2024/12/22,Marketplace,Cash on Delivery,Completed,Brazil,none,
ORD-104153,CUST-1711,31-Jul-2024,website,credit card,completed,AU,save10,
ORD-104154,CUST-1552,"November 05, 2024",In-Store,Cash on Delivery,Pending,nigeria,none,
ORD-104155,CUST-1607,25/10/2024,In-Store,Debit Card,completed,UK,,
ORD-104156,CUST-3354,"June 12, 2025",In-Store,Cash on Delivery,Cancelled,india,WELCOME2025,
ORD-104157,CUST-3381,2026-02-21,Phone Order,Debit Card,completed,South Africa,none,
ORD-104158,CUST-2021,"March 19, 2026",MOBILE APP,Crypto,Pending,U.S.A.,SAVE10,
ORD-104159,CUST-2355,27-Jun-2025,Mobile App,PayPal,completed,india,SAVE10,
ORD-104160,CUST-1912,2024/06/06,In-Store,Bank Transfer,Delivered,U.S.A.,,
ORD-104161,CUST-3384,2027-04-23,website,Credit Card,completed,NG,save10,
ORD-104162,CUST-1272,"April 01, 2025",website,Credit Card,Cancelled,DE,save10,
ORD-104163,CUST-2126,01/03/2026,Website,PayPal,SHIPPED,BR,SAVE10,
ORD-104164,CUST-1901,01/06/2026,Marketplace,Cash on Delivery,SHIPPED,nigeria,SAVE10,
ORD-104165,CUST-1851,12-Apr-2025,Phone Order,Cash on Delivery,Completed,india,none,
ORD-104166,CUST-1487,12/16/2025,Mobile App,Crypto,Processing,CA,WELCOME2025,
ORD-104167,CUST-2028,2024/09/06,MOBILE APP,Cash on Delivery,Refunded,Australia,,
ORD-104168,CUST-2035,14-Jul-2026,Mobile App,Credit Card,completed,australia,,
ORD-104169,CUST-2650,2025/08/27,website,PayPal,Completed,Canada,,
ORD-104170,CUST-1362,17/04/2026,website,Bank Transfer,completed,Bharat,SAVE10,
ORD-104171,CUST-1561,"July 20, 2024",Marketplace,Credit Card,Refunded,canada,WELCOME2025,
ORD-104172,CUST-3330,05/12/2024,MOBILE APP,Credit Card,completed,australia,N/A,
ORD-104173,CUST-2687,28/03/2025,In-Store,Bank Transfer,Delivered,U.S.A.,none,
ORD-104174,CUST-1801,2024/04/17,In-Store,Crypto,Pending,CA,N/A,
ORD-104175,CUST-2719,2025-01-29,Website,Bank Transfer,completed,Britain,N/A,
ORD-104176,CUST-3996,16/06/2026,website,Debit Card,completed,S. Africa,none,
ORD-104177,CUST-3363,"September 10, 2024",Phone Order,PayPal,completed,united states,none,
ORD-104178,CUST-1074,"March 10, 2026",Mobile App,credit card,SHIPPED,United States,,
ORD-104179,CUST-3062,08-Jan-2026,Mobile App,PayPal,Cancelled,AU,,
ORD-104180,CUST-3524,2025/11/13,Marketplace,Cash on Delivery,Completed,AU,save10,
ORD-104181,CUST-1725,"March 28, 2024",Mobile App,Cash on Delivery,Completed,United States,none,
ORD-104182,CUST-1438,04/22/2025,Phone Order,Cash on Delivery,SHIPPED,Brasil,WELCOME2025,
ORD-104183,CUST-2950,"July 29, 2025",Phone Order,Debit Card,Pending,France,WELCOME2025,
ORD-104184,CUST-2505,04-Dec-2024,Mobile App,Bank Transfer,Cancelled,USA,N/A,
ORD-104185,CUST-1716,"July 15, 2025",Marketplace,Crypto,Processing,france,WELCOME2025,
ORD-104186,CUST-1473,09-Jun-2024,MOBILE APP,PayPal,Processing,Britain,N/A,
ORD-104187,CUST-1796,17/03/2026,Mobile App,Bank Transfer,Delivered,BR,,
ORD-104188,CUST-2865,"October 16, 2024",website,Cash on Delivery,Processing,IN,,
ORD-104189,CUST-1966,11-Nov-2024,In-Store,Credit Card,Completed,australia,,
ORD-104190,CUST-3449,13/08/2024,Marketplace,Credit Card,Completed,Germany,,
ORD-104191,CUST-2227,2024-09-07,Marketplace,credit card,Completed,USA,N/A,
ORD-104192,CUST-3603,23-Mar-2025,Website,Credit Card,Pending,CA,,
ORD-104193,CUST-2412,2025-09-21,Marketplace,PayPal,SHIPPED,DE,save10,
ORD-104194,CUST-3204,26/05/2025,Marketplace,credit card,completed,CA,SAVE10,
ORD-104195,CUST-3700,"May 05, 2025",Marketplace,Cash on Delivery,Pending,Deutschland,N/A,
ORD-104196,CUST-1829,09-Jun-2024,Mobile App,Bank Transfer,Delivered,United Kingdom,WELCOME2025,
ORD-104197,CUST-2312,04/04/2026,Mobile App,Cash on Delivery,Delivered,UK,save10,
ORD-104198,CUST-1380,06/07/2025,Mobile App,Cash on Delivery,Pending,RSA,save10,
ORD-104199,CUST-3128,31-Jan-2025,In-Store,Bank Transfer,SHIPPED,Brazil,,
ORD-104200,CUST-3975,2024/11/18,Website,Crypto,Cancelled,U.S.A.,SAVE10,
ORD-104201,CUST-3097,2024-02-12,Website,Debit Card,completed,Nigéria,SAVE10,
ORD-104202,CUST-1002,22-May-2024,Website,Cash on Delivery,Processing,ZA,SAVE10,
ORD-104203,CUST-2809,06/09/2024,Mobile App,PayPal,SHIPPED,NG,WELCOME2025,
ORD-104204,CUST-2991,2026-04-24,Marketplace,Crypto,Completed,australia,save10,
ORD-104205,CUST-1869,17/10/2025,Mobile App,Crypto,Pending,india,WELCOME2025,
ORD-104206,CUST-1976,01/01/2025,Website,Crypto,SHIPPED,Deutschland,SAVE10,
ORD-104207,CUST-3384,2025-13-05,Mobile App,Debit Card,SHIPPED,Brasil,none,
ORD-104208,CUST-2778,2025-03-25,website,credit card,Pending,Canada,none,
ORD-104209,CUST-2245,07-Dec-2024,Marketplace,Bank Transfer,Cancelled,France,,
ORD-104210,CUST-1450,2026/07/10,Marketplace,Debit Card,completed,DE,SAVE10,
ORD-104211,CUST-3158,2024/10/05,Mobile App,credit card,SHIPPED,Australia,save10,
ORD-104212,CUST-3191,11/03/2025,Phone Order,Bank Transfer,Refunded,United States,none,
ORD-104213,CUST-1780,"January 11, 2024",website,Credit Card,Processing,canada,save10,
ORD-104214,CUST-3252,12/08/2027,Phone Order,credit card,completed,Nigeria,,
ORD-104215,CUST-3871,10/05/2024,Marketplace,Debit Card,Refunded,Canada,SAVE10,
ORD-104216,CUST-3294,2024-05-05,Phone Order,Debit Card,Pending,IN,,
ORD-104217,CUST-3935,"December 17, 2025",MOBILE APP,Bank Transfer,Completed,india,SAVE10,
ORD-104218,CUST-1200,14/06/2025,Marketplace,Cash on Delivery,completed,USA,WELCOME2025,
ORD-104219,CUST-2624,2026/02/02,MOBILE APP,Bank Transfer,Delivered,United Kingdom,none,
ORD-104220,CUST-1644,"February 22, 2026",website,Debit Card,Completed,canada,save10,
ORD-104221,CUST-3614,21-Nov-2025,In-Store,Cash on Delivery,Cancelled,USA,,
ORD-104222,CUST-1492,27-Jan-2025,website,PayPal,completed,Nigeria,,
ORD-104223,CUST-3961,24/01/2024,Mobile App,Credit Card,Pending,U.K.,WELCOME2025,
ORD-104224,CUST-3042,2024-10-07,Phone Order,Cash on Delivery,Refunded,canada,SAVE10,
ORD-104225,CUST-1821,03/04/2027,Marketplace,credit card,Completed,France,,
ORD-104226,CUST-3557,2025-11-06,Mobile App,Cash on Delivery,completed,Bharat,,
ORD-104227,CUST-1760,24-Apr-2026,In-Store,Bank Transfer,Cancelled,CA,,
ORD-104228,CUST-2663,10/18/2025,Marketplace,Bank Transfer,Pending,Brazil,,
ORD-104229,CUST-1837,12/30/2024,website,PayPal,Delivered,Brasil,SAVE10,
ORD-104230,CUST-1528,08-Jun-2025,In-Store,Debit Card,Cancelled,india,,
ORD-104231,CUST-1458,26/11/2024,Phone Order,Bank Transfer,completed,india,save10,
ORD-104232,CUST-2040,12/18/2024,Marketplace,Debit Card,SHIPPED,Canada,,
ORD-104233,CUST-1048,2025-11-03,Phone Order,Cash on Delivery,SHIPPED,UK,,
ORD-104234,CUST-3702,2024/07/25,Phone Order,PayPal,Completed,ZA,SAVE10,
ORD-104235,CUST-3699,"December 28, 2024",Phone Order,Crypto,Pending,France,none,
ORD-104236,CUST-3164,01/12/2025,Marketplace,Debit Card,Delivered,germany,none,
ORD-104237,CUST-3578,05-Feb-2024,MOBILE APP,Bank Transfer,Delivered,England,WELCOME2025,
ORD-104238,CUST-3955,2024/04/27,website,Bank Transfer,Completed,UK,none,
ORD-104239,CUST-3100,2027-12-17,Phone Order,credit card,Delivered,England,SAVE10,
ORD-104240,CUST-1609,06/07/2024,Mobile App,Cash on Delivery,Pending,BR,,
ORD-104241,CUST-2543,09-Mar-2026,MOBILE APP,Credit Card,Completed,United States of America,N/A,
ORD-104242,CUST-1110,10/27/2025,MOBILE APP,Cash on Delivery,Refunded,Deutschland,N/A,
ORD-104243,CUST-3590,04/09/2026,Marketplace,Cash on Delivery,Delivered,AU,save10,
ORD-104244,CUST-3208,23-Apr-2026,In-Store,Bank Transfer,Refunded,India,SAVE10,
ORD-100166,CUST-1628,27/12/2025,Website,Bank Transfer,Completed,IN,,
ORD-104246,CUST-3828,"January 31, 2026",Mobile App,Crypto,Cancelled,US,SAVE10,
ORD-104247,CUST-2150,"June 01, 2025",website,credit card,SHIPPED,nigeria,SAVE10,
ORD-104248,CUST-3383,01/25/2025,Phone Order,Cash on Delivery,Completed,BR,save10,
ORD-104249,CUST-1402,18/03/2026,Mobile App,Bank Transfer,SHIPPED,RSA,,
ORD-104250,CUST-2745,11/05/2026,Phone Order,Credit Card,SHIPPED,Australia,WELCOME2025,
ORD-104251,CUST-3545,"February 03, 2025",Marketplace,credit card,Completed,Germany,SAVE10,
ORD-104252,CUST-2146,04/15/2025,Phone Order,Bank Transfer,Processing,Nigeria,N/A,
ORD-104253,CUST-3665,2025/07/18,Marketplace,Bank Transfer,Refunded,AU,,
ORD-104254,CUST-1852,2025/04/21,MOBILE APP,Bank Transfer,Pending,U.K.,,
ORD-104255,CUST-3355,"June 25, 2024",website,Bank Transfer,SHIPPED,South Africa,save10,
ORD-104256,CUST-1592,02/02/2025,MOBILE APP,Cash on Delivery,Cancelled,Nigeria,N/A,
ORD-104257,CUST-3757,06/12/2024,MOBILE APP,Credit Card,Pending,U.K.,SAVE10,
ORD-104258,CUST-2394,17/05/2026,Mobile App,Crypto,Cancelled,United States,SAVE10,
ORD-104259,CUST-3072,2024/02/15,Website,Credit Card,Refunded,FR,none,
ORD-104260,CUST-3861,2024-04-30,MOBILE APP,Credit Card,completed,Nigeria,,
ORD-104261,CUST-3905,15/02/2026,website,credit card,Delivered,Bharat,,
ORD-104262,CUST-2483,2025-04-06,Marketplace,Bank Transfer,Refunded,united states,save10,
ORD-104263,CUST-1813,2026-03-17,Website,Cash on Delivery,SHIPPED,Brasil,WELCOME2025,
ORD-104264,CUST-1539,2024-09-08,Phone Order,Credit Card,Pending,Britain,N/A,
ORD-104265,CUST-3579,"June 16, 2024",Website,Bank Transfer,Delivered,Nigeria,save10,
ORD-104266,CUST-2292,2026/05/09,Marketplace,Bank Transfer,Cancelled,Britain,save10,
ORD-104267,CUST-1795,2025/06/04,Website,Credit Card,Cancelled,United States,,
ORD-104268,CUST-3481,2025-07-02,Website,credit card,SHIPPED,Deutschland,,
ORD-104269,CUST-2426,"February 04, 2024",website,Bank Transfer,Cancelled,UK,,
ORD-104270,CUST-2477,"November 02, 2024",In-Store,Bank Transfer,Processing,Brazil,WELCOME2025,
ORD-104271,CUST-1094,2024-08-03,Mobile App,Crypto,Refunded,CA,SAVE10,
ORD-104272,CUST-1943,2024/07/17,MOBILE APP,Credit Card,Delivered,germany,save10,
ORD-104273,CUST-3818,2025-04-09,Marketplace,credit card,Delivered,india,N/A,
ORD-104274,CUST-3238,31-Jul-2024,website,Cash on Delivery,completed,Brazil,save10,
ORD-104275,CUST-3422,2024-04-07,MOBILE APP,Credit Card,Refunded,United States of America,,
ORD-104276,CUST-3320,27-Sep-2024,website,Crypto,Delivered,Australia,WELCOME2025,
ORD-104277,CUST-1288,"August 05, 2024",In-Store,Crypto,SHIPPED,ZA,,
ORD-104278,CUST-2905,09-Jul-2026,Phone Order,Cash on Delivery,Refunded,United States,,
ORD-104279,CUST-3653,2025-11-29,website,Debit Card,Completed,canada,none,
ORD-104280,CUST-2355,2024-02-27,In-Store,credit card,Pending,Britain,WELCOME2025,
ORD-104281,CUST-3971,"January 03, 2025",Website,Crypto,Pending,S. Africa,SAVE10,
ORD-104282,CUST-1557,04/30/2025,MOBILE APP,PayPal,SHIPPED,United States of America,SAVE10,
ORD-104283,CUST-3752,2024/04/26,website,credit card,Pending,nigeria,,
ORD-102548,CUST-1557,2024/09/11,MOBILE APP,Debit Card,Delivered,AU,,
ORD-104285,CUST-2376,19-Jan-2024,Phone Order,PayPal,Refunded,Bharat,N/A,
ORD-104286,CUST-3355,07/14/2026,In-Store,credit card,SHIPPED,S. Africa,SAVE10,
ORD-104287,CUST-3487,07/02/2025,Mobile App,Debit Card,Refunded,germany,WELCOME2025,
ORD-100556,CUST-1032,"January 04, 2024",Marketplace,PayPal,SHIPPED,Canada,,
ORD-104289,CUST-1023,2024/06/12,Marketplace,Crypto,Cancelled,nigeria,none,
ORD-104290,CUST-1660,"March 06, 2025",In-Store,Crypto,Cancelled,Australia,,
ORD-104291,CUST-2311,03-Feb-2024,Mobile App,Crypto,SHIPPED,Nigéria,SAVE10,
ORD-104292,CUST-2513,"November 09, 2024",Phone Order,PayPal,Processing,nigeria,N/A,
ORD-104293,CUST-2938,22/05/2026,Phone Order,Crypto,completed,RSA,N/A,
ORD-104294,CUST-1609,28-Nov-2025,In-Store,Bank Transfer,Cancelled,DE,N/A,
ORD-104295,CUST-2007,04/13/2024,Website,credit card,completed,United States,none,
ORD-104296,CUST-2730,22/06/2026,Mobile App,Debit Card,Delivered,AU,,
ORD-104297,CUST-3944,2024-07-26,In-Store,credit card,Cancelled,Brazil,none,
ORD-104298,CUST-1797,2025-05-27,Website,PayPal,Completed,Nigéria,N/A,
ORD-104299,CUST-2213,2024/07/12,Website,Credit Card,Processing,DE,none,
ORD-104300,CUST-2279,27/05/2026,MOBILE APP,credit card,SHIPPED,nigeria,,
ORD-104301,CUST-3120,2024-09-20,website,credit card,Completed,Bharat,WELCOME2025,
ORD-104302,CUST-1008,08/09/2024,Mobile App,credit card,SHIPPED,Nigéria,SAVE10,
ORD-104303,CUST-1924,22/05/2026,Marketplace,PayPal,Pending,australia,,
ORD-104304,CUST-3613,04/06/2025,Phone Order,Credit Card,Pending,Bharat,SAVE10,
ORD-104305,CUST-2770,2024-07-29,Marketplace,Crypto,Completed,South Africa,N/A,
ORD-104306,CUST-2103,30-Jun-2025,Phone Order,PayPal,Pending,Germany,,
ORD-104307,CUST-3016,"March 23, 2026",Mobile App,Crypto,SHIPPED,nigeria,WELCOME2025,
ORD-104308,CUST-2949,2026/04/08,Phone Order,Debit Card,SHIPPED,Britain,save10,
ORD-104309,CUST-1763,2026-03-26,Marketplace,Bank Transfer,SHIPPED,AU,N/A,
ORD-104310,CUST-3930,"April 01, 2026",MOBILE APP,Crypto,Delivered,ZA,,
ORD-104311,CUST-3729,2025-04-21,In-Store,Crypto,Pending,Brazil,none,
ORD-104312,CUST-3202,2024/08/01,website,Bank Transfer,Cancelled,Canada,N/A,
ORD-104313,CUST-2146,10-Feb-2026,Website,Debit Card,completed,AU,SAVE10,
ORD-104314,CUST-3608,22/08/2025,MOBILE APP,Bank Transfer,Refunded,U.S.A.,N/A,
ORD-104315,CUST-1998,2024/12/20,Mobile App,Cash on Delivery,Refunded,Germany,SAVE10,
ORD-104316,CUST-1508,2026-07-14,Marketplace,credit card,Processing,ZA,SAVE10,
ORD-104317,CUST-1072,07/24/2025,Marketplace,Cash on Delivery,Completed,United States of America,,
ORD-104318,CUST-2736,25-Mar-2024,MOBILE APP,Crypto,Processing,germany,N/A,
ORD-104319,CUST-1654,2026/05/04,In-Store,Debit Card,Processing,S. Africa,,
ORD-104320,CUST-3692,2025-02-09,Phone Order,Crypto,Completed,United Kingdom,SAVE10,
ORD-104321,CUST-3858,09/01/2025,website,Crypto,Refunded,IN,SAVE10,
ORD-104322,CUST-1304,18/07/2025,Mobile App,PayPal,Completed,AU,N/A,
ORD-104323,CUST-2144,07-Jul-2026,Marketplace,Cash on Delivery,Cancelled,australia,SAVE10,
ORD-104324,CUST-3221,30-Apr-2026,Phone Order,credit card,Refunded,Nigéria,none,
ORD-104325,CUST-3759,2025-06-04,Marketplace,Debit Card,Completed,UK,WELCOME2025,
ORD-104326,CUST-1631,05/10/2025,Marketplace,Credit Card,Refunded,FR,save10,
ORD-104327,CUST-3932,2024-11-05,MOBILE APP,PayPal,completed,india,none,
ORD-104328,CUST-1013,16/05/2025,Marketplace,Crypto,Delivered,United States of America,,
ORD-104329,CUST-3680,10-Mar-2024,In-Store,Credit Card,Delivered,ZA,,
ORD-104330,CUST-2147,11/14/2024,Marketplace,Bank Transfer,Delivered,England,,
ORD-104331,CUST-1879,16/04/2025,Phone Order,Bank Transfer,Refunded,FR,N/A,
ORD-104332,CUST-1483,"March 23, 2025",Marketplace,Crypto,Pending,ZA,SAVE10,
ORD-104333,CUST-3988,2024-07-10,MOBILE APP,Cash on Delivery,Pending,NG,none,
ORD-104334,CUST-1100,01/18/2025,website,credit card,Refunded,U.K.,none,
ORD-104335,CUST-2964,2026/06/20,Website,Debit Card,SHIPPED,RSA,save10,
ORD-104336,CUST-1390,2025-08-22,Phone Order,credit card,Processing,germany,,
ORD-104337,CUST-1932,2024-09-06,Marketplace,Debit Card,Processing,nigeria,SAVE10,
ORD-104338,CUST-3025,2024-06-16,Mobile App,Cash on Delivery,completed,Brazil,WELCOME2025,
ORD-104339,CUST-2676,08/28/2025,In-Store,PayPal,Delivered,IN,,
ORD-104340,CUST-3993,2025-07-31,website,PayPal,Refunded,US,,
ORD-104341,CUST-3851,2025/02/16,Website,PayPal,Refunded,ZA,,
ORD-104342,CUST-1783,26/03/2026,website,Bank Transfer,Processing,nigeria,,
ORD-104343,CUST-2082,2024/07/08,In-Store,Cash on Delivery,Pending,Germany,WELCOME2025,
ORD-104344,CUST-3860,05/21/2026,MOBILE APP,credit card,Refunded,Nigéria,save10,
ORD-104345,CUST-3882,01/02/2025,website,Cash on Delivery,Processing,CA,N/A,
ORD-104346,CUST-1255,08/10/2025,Mobile App,PayPal,Refunded,FR,,
ORD-104347,CUST-2704,2026-01-28,Marketplace,credit card,Completed,CA,WELCOME2025,
ORD-104348,CUST-3374,2025/02/16,Phone Order,Cash on Delivery,Completed,USA,save10,
ORD-104349,CUST-3415,2026-06-11,MOBILE APP,Crypto,Refunded,FR,save10,
ORD-104350,CUST-2689,2025-12-28,Marketplace,Debit Card,Cancelled,France,N/A,
ORD-104351,CUST-2082,02/11/2026,website,Credit Card,Completed,ZA,save10,
ORD-104352,CUST-3382,2026/01/15,Website,PayPal,Pending,Nigeria,none,
ORD-104353,CUST-2284,2025-04-31,website,Cash on Delivery,Cancelled,South Africa,,
ORD-104354,CUST-3651,"January 29, 2025",Marketplace,credit card,completed,FR,,
ORD-104355,CUST-1245,2026/06/21,MOBILE APP,Bank Transfer,Processing,Australia,WELCOME2025,
ORD-104356,CUST-2853,2024-05-25,website,Cash on Delivery,completed,AU,WELCOME2025,
ORD-104357,CUST-2895,16-Oct-2024,In-Store,Bank Transfer,Pending,nigeria,,
ORD-104304,CUST-3705,2025/07/07,In-Store,Debit Card,Pending,united states,N/A,
ORD-104359,CUST-1609,"August 13, 2025",MOBILE APP,Bank Transfer,Cancelled,RSA,save10,
ORD-104360,CUST-2527,"November 02, 2024",Marketplace,credit card,completed,IN,SAVE10,
ORD-104361,CUST-2364,2025-10-02,Mobile App,Bank Transfer,Refunded,Nigéria,WELCOME2025,
ORD-104362,CUST-3673,03/19/2026,Website,Crypto,Pending,ZA,WELCOME2025,
ORD-104363,CUST-2967,05/29/2026,In-Store,PayPal,Cancelled,Nigéria,none,
ORD-104364,CUST-2939,"September 07, 2025",website,Bank Transfer,Cancelled,Nigeria,N/A,
ORD-104365,CUST-3238,2024/10/27,MOBILE APP,Crypto,Delivered,Deutschland,N/A,
ORD-104366,CUST-2888,2026-02-21,Website,credit card,Refunded,United States of America,none,
ORD-104367,CUST-2475,12-Apr-2024,Website,Debit Card,Cancelled,germany,none,
ORD-104368,CUST-3882,15-May-2026,In-Store,PayPal,Refunded,NG,N/A,
ORD-104369,CUST-3932,27/04/2026,Mobile App,Crypto,completed,australia,,
ORD-104370,CUST-2612,26/09/2024,Phone Order,Credit Card,Completed,france,,
ORD-104371,CUST-3971,24-Oct-2024,MOBILE APP,credit card,Delivered,India,N/A,
ORD-104372,CUST-2040,2024-07-27,website,Credit Card,Processing,australia,WELCOME2025,
ORD-104373,CUST-3336,2025-05-16,Phone Order,credit card,Processing,FR,WELCOME2025,
ORD-104374,CUST-2736,2025-08-01,website,Crypto,completed,Bharat,none,
ORD-104375,CUST-3801,2024/08/13,In-Store,credit card,SHIPPED,FR,WELCOME2025,
ORD-104376,CUST-1427,21/05/2025,website,credit card,Delivered,Germany,none,
ORD-104377,CUST-1290,08/20/2025,MOBILE APP,Crypto,Completed,US,none,
ORD-104378,CUST-3486,01/01/2026,MOBILE APP,Debit Card,SHIPPED,U.K.,none,
ORD-104379,CUST-2496,25/04/2026,MOBILE APP,Credit Card,Refunded,England,WELCOME2025,
ORD-104380,CUST-1376,16/04/2025,MOBILE APP,credit card,Delivered,france,save10,
ORD-104381,CUST-1674,2025-04-31,MOBILE APP,Crypto,Completed,U.K.,SAVE10,
ORD-104382,CUST-2916,"August 13, 2025",Marketplace,Credit Card,Pending,South Africa,SAVE10,
ORD-104383,CUST-2085,01/04/2026,Website,PayPal,SHIPPED,RSA,N/A,
ORD-104384,CUST-2560,"March 11, 2026",MOBILE APP,credit card,Pending,AU,,
ORD-104385,CUST-1981,2024/11/16,Website,PayPal,Processing,canada,none,
ORD-104386,CUST-2562,"December 16, 2024",Website,Cash on Delivery,Cancelled,CA,N/A,
ORD-104387,CUST-3847,11-Mar-2026,Phone Order,PayPal,completed,South Africa,SAVE10,
ORD-104388,CUST-2175,2025/11/29,In-Store,credit card,Delivered,Nigeria,SAVE10,
ORD-104389,CUST-1159,24-Jul-2025,Marketplace,credit card,SHIPPED,U.K.,WELCOME2025,
ORD-104390,CUST-2719,30-Mar-2024,Phone Order,PayPal,Processing,CA,SAVE10,
ORD-104391,CUST-2973,2025-08-22,Phone Order,Debit Card,Refunded,AU,WELCOME2025,
ORD-104392,CUST-2118,2024-01-09,Mobile App,Credit Card,Pending,England,N/A,
ORD-104393,CUST-1920,18-Apr-2024,Mobile App,Crypto,Completed,S. Africa,,
ORD-104394,CUST-3376,10/03/2025,MOBILE APP,Cash on Delivery,Delivered,Britain,,
ORD-104395,CUST-2535,16-Apr-2025,Phone Order,Credit Card,Processing,IN,,
ORD-104396,CUST-3631,2024-11-20,Website,Crypto,Refunded,Bharat,WELCOME2025,
ORD-104397,CUST-1370,02-Dec-2025,Website,Crypto,completed,Germany,,
ORD-104398,CUST-3398,"February 10, 2026",Phone Order,Credit Card,Cancelled,Brasil,save10,
ORD-104399,CUST-1304,2025-04-25,Phone Order,Credit Card,Pending,CA,none,
ORD-104400,CUST-1416,03/03/2024,Marketplace,Credit Card,Completed,Canada,,
ORD-104401,CUST-3168,"April 29, 2024",MOBILE APP,Bank Transfer,Cancelled,U.S.A.,save10,
ORD-104402,CUST-2646,2024-08-19,Marketplace,Bank Transfer,Refunded,RSA,,
ORD-104403,CUST-1438,26-Mar-2024,Phone Order,Bank Transfer,Processing,U.S.A.,none,
ORD-104404,CUST-2455,2024/03/27,Website,Debit Card,Refunded,ZA,save10,
ORD-104405,CUST-2304,2024/08/24,Website,Cash on Delivery,SHIPPED,nigeria,none,
ORD-104406,CUST-1279,2024-07-10,Website,Bank Transfer,completed,Nigéria,,
ORD-104407,CUST-3425,19-Feb-2026,Website,Credit Card,Delivered,canada,none,
ORD-104408,CUST-3125,"May 10, 2024",Marketplace,Cash on Delivery,Completed,Nigéria,,
ORD-104409,CUST-3682,28-Jul-2024,Website,credit card,Refunded,Bharat,none,
ORD-104410,CUST-3841,2024/10/18,website,PayPal,Pending,United Kingdom,WELCOME2025,
ORD-104411,CUST-1891,13/06/2025,website,PayPal,Completed,Nigeria,SAVE10,
ORD-104412,CUST-2437,2024/10/22,website,Cash on Delivery,Processing,india,,
ORD-104413,CUST-2597,2025-09-12,Marketplace,Credit Card,Refunded,United Kingdom,,
ORD-104414,CUST-2926,01/04/2026,Marketplace,Cash on Delivery,completed,U.S.A.,none,
ORD-104415,CUST-3440,10-May-2026,Marketplace,Debit Card,Refunded,US,,
ORD-104416,CUST-2276,2026/04/22,MOBILE APP,credit card,Completed,nigeria,,
ORD-104417,CUST-2207,07-Apr-2026,Marketplace,Credit Card,Delivered,Bharat,N/A,
ORD-104418,CUST-1772,2025/03/16,Mobile App,credit card,Processing,BR,save10,
ORD-104419,CUST-3955,2025/07/21,MOBILE APP,Cash on Delivery,SHIPPED,USA,,
ORD-104420,CUST-1703,2024-12-24,In-Store,Bank Transfer,Pending,nigeria,,
ORD-104421,CUST-3745,09/29/2025,Website,PayPal,SHIPPED,US,,
ORD-104422,CUST-1527,05-Aug-2025,website,credit card,Processing,BR,,
ORD-104423,CUST-1132,19/07/2024,Phone Order,Debit Card,Completed,United States,,
ORD-104424,CUST-3892,13/04/2025,Website,Bank Transfer,SHIPPED,Bharat,,
ORD-104425,CUST-2836,07/02/2024,website,Bank Transfer,completed,AU,N/A,
ORD-104426,CUST-2936,26/12/2025,website,PayPal,Refunded,Deutschland,,
ORD-104427,CUST-3446,2025-08-15,website,Debit Card,completed,australia,save10,
ORD-104428,CUST-2290,"January 05, 2025",MOBILE APP,Bank Transfer,Processing,South Africa,WELCOME2025,
ORD-104429,CUST-1145,2024-10-23,MOBILE APP,credit card,Pending,DE,,
ORD-104430,CUST-1707,2024/09/10,website,Bank Transfer,Completed,France,,
ORD-104431,CUST-3258,"July 04, 2024",Marketplace,credit card,Completed,Britain,SAVE10,
ORD-104432,CUST-3966,12/13/2024,Marketplace,Cash on Delivery,completed,nigeria,,
ORD-104433,CUST-2820,25-Jan-2026,Mobile App,credit card,Refunded,Germany,,
ORD-104434,CUST-2103,02/07/2024,MOBILE APP,Cash on Delivery,completed,Brasil,none,
ORD-104435,CUST-2049,"May 28, 2024",In-Store,Bank Transfer,SHIPPED,Brazil,N/A,
ORD-104436,CUST-1968,28/10/2025,MOBILE APP,credit card,Delivered,Australia,,
ORD-104437,CUST-3586,29-Apr-2025,In-Store,Credit Card,Refunded,NG,,
ORD-104438,CUST-2977,"August 18, 2025",Marketplace,PayPal,Completed,Deutschland,,
ORD-104439,CUST-3654,03/11/2025,MOBILE APP,PayPal,SHIPPED,RSA,N/A,
ORD-104440,CUST-3986,20/06/2026,MOBILE APP,credit card,completed,australia,none,
ORD-104441,CUST-3881,12/07/2025,Mobile App,Cash on Delivery,SHIPPED,Nigéria,save10,
ORD-104442,CUST-1433,2026/04/07,Marketplace,Debit Card,Delivered,BR,,
ORD-104443,CUST-1266,2024/09/13,MOBILE APP,Cash on Delivery,Completed,Nigeria,save10,
ORD-104444,CUST-2902,2026/03/18,MOBILE APP,Debit Card,Processing,France,none,
ORD-104445,CUST-3498,28-Mar-2025,In-Store,Cash on Delivery,Completed,france,none,
ORD-104446,CUST-2643,28/02/2024,MOBILE APP,Crypto,Completed,India,N/A,
ORD-104447,CUST-3342,2026/05/15,Website,credit card,SHIPPED,ZA,WELCOME2025,
ORD-104448,CUST-1156,06/08/2024,Website,Crypto,SHIPPED,ZA,,
ORD-104449,CUST-3600,2025-13-05,website,credit card,Completed,india,N/A,
ORD-104450,CUST-1876,30/01/2024,Website,Credit Card,Cancelled,AU,none,
ORD-104451,CUST-2465,2024/01/29,website,Cash on Delivery,SHIPPED,India,none,
ORD-104452,CUST-2609,2025-05-24,Mobile App,Bank Transfer,Pending,france,SAVE10,
ORD-104453,CUST-2250,2024-09-04,Website,credit card,completed,Nigeria,none,
ORD-100188,CUST-3652,2024/06/19,Marketplace,PayPal,completed,U.K.,save10,
ORD-104455,CUST-3477,"October 31, 2025",website,credit card,Refunded,nigeria,SAVE10,
ORD-104456,CUST-1004,29/02/2024,Marketplace,Debit Card,SHIPPED,germany,N/A,
ORD-104457,CUST-1567,2025-04-23,Marketplace,credit card,Refunded,germany,N/A,
ORD-104458,CUST-2627,"August 01, 2024",MOBILE APP,Bank Transfer,Refunded,Brasil,N/A,
ORD-104459,CUST-3831,10/14/2025,Website,Debit Card,completed,AU,WELCOME2025,
ORD-104460,CUST-3159,"April 06, 2026",website,Cash on Delivery,completed,germany,SAVE10,
ORD-104461,CUST-1279,2026-07-19,In-Store,Credit Card,Delivered,india,SAVE10,
ORD-104462,CUST-1734,2024-01-26,Mobile App,Cash on Delivery,Delivered,Australia,save10,
ORD-104463,CUST-3366,2026-04-16,Mobile App,credit card,Refunded,RSA,none,
ORD-104464,CUST-3920,05/13/2026,Website,Debit Card,Completed,United States,WELCOME2025,
ORD-104465,CUST-2114,"April 20, 2024",Mobile App,Debit Card,SHIPPED,Deutschland,,
ORD-104466,CUST-1373,2026/02/13,Mobile App,Debit Card,completed,BR,,
ORD-104467,CUST-2246,01/03/2026,MOBILE APP,Bank Transfer,Completed,Nigéria,,
ORD-104468,CUST-1649,15-Apr-2026,In-Store,Crypto,SHIPPED,Deutschland,none,
ORD-104469,CUST-1582,2024-02-21,MOBILE APP,PayPal,completed,australia,,
ORD-104470,CUST-1163,23/10/2024,Mobile App,Cash on Delivery,Pending,Australia,SAVE10,
ORD-104471,CUST-2108,2025/01/03,Mobile App,Crypto,SHIPPED,Australia,,
ORD-104472,CUST-3686,"June 12, 2026",website,Cash on Delivery,Cancelled,united states,,
ORD-104473,CUST-1570,"October 17, 2025",Website,Bank Transfer,Completed,AU,,
ORD-104474,CUST-3462,"September 21, 2024",Phone Order,Bank Transfer,completed,Nigéria,N/A,
ORD-104475,CUST-2956,"June 27, 2025",website,Bank Transfer,completed,England,SAVE10,
ORD-104476,CUST-2567,11/27/2024,Phone Order,Debit Card,Cancelled,australia,N/A,
ORD-104477,CUST-1240,03/19/2026,Website,Bank Transfer,SHIPPED,DE,WELCOME2025,
ORD-104478,CUST-1723,28/11/2025,Website,credit card,Refunded,Bharat,N/A,
ORD-104479,CUST-1769,17-Apr-2026,Marketplace,Debit Card,completed,nigeria,N/A,
ORD-104480,CUST-2256,2024/05/04,MOBILE APP,Debit Card,Processing,Germany,WELCOME2025,
ORD-104481,CUST-2927,2025-03-04,Phone Order,Bank Transfer,SHIPPED,Nigeria,none,
ORD-104482,CUST-1907,03-Jul-2025,Website,PayPal,SHIPPED,U.K.,N/A,
ORD-104483,CUST-1907,2026-04-22,In-Store,credit card,Pending,canada,SAVE10,
ORD-104484,CUST-3249,04/25/2025,Website,Cash on Delivery,Processing,nigeria,N/A,
ORD-104485,CUST-1959,"June 28, 2026",Phone Order,PayPal,SHIPPED,france,save10,
ORD-104486,CUST-3664,2024-05-31,Marketplace,Credit Card,Completed,Deutschland,SAVE10,
ORD-104487,CUST-3147,26-Oct-2024,MOBILE APP,Credit Card,Delivered,ZA,save10,
ORD-104488,CUST-3544,08-Jan-2024,MOBILE APP,Debit Card,Processing,BR,none,
ORD-104489,CUST-3258,03/19/2025,Mobile App,Cash on Delivery,Processing,France,save10,
ORD-104490,CUST-3991,2025-06-22,MOBILE APP,Crypto,Processing,united states,SAVE10,
ORD-104491,CUST-2059,18/02/2025,Phone Order,Debit Card,Delivered,germany,none,
ORD-104492,CUST-3784,"June 03, 2025",MOBILE APP,Credit Card,completed,india,,
ORD-104493,CUST-1334,25-Jul-2025,Phone Order,Crypto,completed,BR,SAVE10,
ORD-104494,CUST-1247,2025/04/19,MOBILE APP,Bank Transfer,Refunded,Australia,WELCOME2025,
ORD-104495,CUST-3758,2024-09-30,Mobile App,Debit Card,Cancelled,US,N/A,
ORD-104496,CUST-2378,29-Jul-2025,In-Store,credit card,Processing,nigeria,none,
ORD-104497,CUST-1839,2026/01/31,Website,Bank Transfer,Delivered,Germany,WELCOME2025,
ORD-104498,CUST-2184,14/11/2025,MOBILE APP,Crypto,SHIPPED,ZA,,
ORD-104499,CUST-3714,03/07/2025,Mobile App,Credit Card,Delivered,Brasil,save10,
ORD-104500,CUST-2304,2025-11-12,In-Store,credit card,Delivered,S. Africa,N/A,
ORD-104501,CUST-3911,23/01/2026,website,PayPal,completed,France,none,
ORD-104502,CUST-1812,2025/07/08,Website,Crypto,Cancelled,Australia,,
ORD-104503,CUST-2716,"July 23, 2024",Website,PayPal,Completed,ZA,none,
ORD-104504,CUST-1259,2025/06/09,website,Bank Transfer,Completed,United Kingdom,N/A,
ORD-104505,CUST-2609,"October 21, 2024",Website,Bank Transfer,Cancelled,Nigéria,save10,
ORD-104506,CUST-1935,"August 10, 2025",Marketplace,Debit Card,Cancelled,IN,,
ORD-104507,CUST-2632,28-Jul-2024,Mobile App,Credit Card,Cancelled,UK,,
ORD-104508,CUST-2415,2025/03/16,Website,Debit Card,Processing,australia,save10,
ORD-104509,CUST-3450,"May 30, 2026",website,Credit Card,Pending,nigeria,N/A,
ORD-104510,CUST-3162,12-Jul-2024,MOBILE APP,PayPal,SHIPPED,FR,N/A,
ORD-104511,CUST-3094,01/03/2026,Marketplace,Bank Transfer,Pending,CA,,
ORD-104512,CUST-1353,2024/12/30,Phone Order,Cash on Delivery,Completed,NG,,
ORD-104513,CUST-1772,2024-09-12,MOBILE APP,Credit Card,Completed,BR,WELCOME2025,
ORD-104514,CUST-3678,"December 12, 2025",Phone Order,Credit Card,Refunded,france,N/A,
ORD-104515,CUST-2602,2025/01/19,MOBILE APP,Debit Card,Pending,Australia,,
ORD-104516,CUST-2214,2025-12-19,Marketplace,credit card,Cancelled,ZA,,
ORD-104517,CUST-3619,"May 14, 2026",Phone Order,Credit Card,Refunded,france,SAVE10,
ORD-104518,CUST-1991,2025-01-26,In-Store,Debit Card,Processing,BR,save10,
ORD-104519,CUST-1510,07/13/2026,Phone Order,Debit Card,Pending,US,,
ORD-104520,CUST-2184,04/17/2025,Mobile App,Credit Card,Pending,South Africa,SAVE10,
ORD-104521,CUST-2144,01/19/2025,Mobile App,credit card,Completed,AU,WELCOME2025,
ORD-104522,CUST-3942,05/12/2024,Phone Order,PayPal,Completed,USA,SAVE10,
ORD-104523,CUST-3519,02-Nov-2027,Marketplace,Bank Transfer,Pending,NG,WELCOME2025,
ORD-104524,CUST-3407,2024/12/16,Phone Order,credit card,Delivered,Brazil,WELCOME2025,
ORD-104525,CUST-3228,"June 09, 2024",Website,Credit Card,SHIPPED,Deutschland,none,
ORD-104526,CUST-2285,15-Nov-2025,MOBILE APP,Credit Card,Delivered,United States of America,SAVE10,
ORD-104527,CUST-2592,2025/05/27,Website,Debit Card,Pending,U.K.,,
ORD-104528,CUST-2088,2024/03/22,website,credit card,Processing,U.S.A.,N/A,
ORD-104529,CUST-3116,"September 20, 2024",Marketplace,Credit Card,Refunded,australia,N/A,
ORD-104530,CUST-2192,"September 19, 2024",Website,Credit Card,Delivered,BR,WELCOME2025,
ORD-104531,CUST-4000,2024/06/01,Marketplace,Crypto,completed,CA,N/A,
ORD-104532,CUST-2431,2027/11/15,Website,credit card,Processing,S. Africa,none,
ORD-104533,CUST-2960,2025-07-29,website,Crypto,Delivered,canada,,
ORD-104534,CUST-3942,02/06/2025,Phone Order,PayPal,Completed,U.S.A.,,
ORD-104535,CUST-3389,12/09/2024,MOBILE APP,Crypto,Cancelled,AU,save10,
ORD-104536,CUST-1276,14-Dec-2024,In-Store,Debit Card,Pending,Brasil,save10,
ORD-104537,CUST-1319,10-Apr-2024,MOBILE APP,Debit Card,Completed,South Africa,N/A,
ORD-104538,CUST-3143,23/06/2024,Website,Cash on Delivery,Cancelled,canada,none,
ORD-104539,CUST-3957,2025/06/13,In-Store,Crypto,Delivered,DE,,
ORD-104540,CUST-1120,04/20/2026,Phone Order,credit card,Cancelled,ZA,N/A,
ORD-104541,CUST-2782,31-Aug-2024,website,Cash on Delivery,Completed,Canada,WELCOME2025,
ORD-104542,CUST-2974,2025/11/11,In-Store,Crypto,completed,United States,,
ORD-104543,CUST-2747,30/09/2024,Marketplace,Cash on Delivery,Pending,IN,N/A,
ORD-104544,CUST-3002,2025/11/23,Marketplace,Debit Card,Processing,United States of America,,
ORD-104545,CUST-2097,18-Oct-2024,Website,Debit Card,SHIPPED,Nigeria,save10,
ORD-104546,CUST-2287,2025/03/23,Website,Bank Transfer,Processing,Brazil,save10,
ORD-104547,CUST-3627,"December 18, 2025",Phone Order,Cash on Delivery,completed,Deutschland,WELCOME2025,
ORD-104548,CUST-1928,08/07/2026,Mobile App,PayPal,Completed,united states,,
ORD-104549,CUST-2996,2024-08-03,Phone Order,Credit Card,Cancelled,CA,none,
ORD-104550,CUST-2598,"March 02, 2024",Phone Order,Bank Transfer,completed,Brasil,,
ORD-104551,CUST-3511,2025/06/29,Phone Order,Bank Transfer,Pending,Bharat,SAVE10,
ORD-104552,CUST-3122,"September 11, 2025",In-Store,Crypto,Cancelled,nigeria,,
ORD-104553,CUST-3966,05/20/2026,MOBILE APP,Cash on Delivery,Completed,Britain,,
ORD-104554,CUST-3117,2025/02/02,Phone Order,Debit Card,completed,Brazil,SAVE10,
ORD-104555,CUST-3551,15/08/2025,MOBILE APP,Cash on Delivery,SHIPPED,AU,save10,
ORD-104556,CUST-1815,2026/02/04,MOBILE APP,Credit Card,Refunded,S. Africa,save10,
ORD-104557,CUST-2726,04/30/2024,Mobile App,PayPal,Processing,Australia,N/A,
ORD-104558,CUST-2381,2026/07/12,Website,Crypto,Processing,canada,WELCOME2025,
ORD-104559,CUST-1868,25/01/2026,website,Bank Transfer,Pending,India,N/A,
ORD-104560,CUST-1129,2024/03/23,Phone Order,Crypto,Cancelled,Brazil,none,
ORD-104561,CUST-2086,21/04/2026,In-Store,Credit Card,Pending,DE,WELCOME2025,
ORD-104562,CUST-2486,2024-09-20,In-Store,Crypto,Refunded,France,save10,
ORD-104563,CUST-1561,"November 18, 2024",MOBILE APP,PayPal,Pending,united states,WELCOME2025,
ORD-104564,CUST-3666,31/05/2024,Website,Credit Card,completed,United States,,
ORD-104565,CUST-3454,2024/08/22,Marketplace,Crypto,Processing,Brasil,,
ORD-104566,CUST-2817,2026/07/03,Mobile App,Cash on Delivery,Processing,Bharat,SAVE10,
ORD-104567,CUST-2620,05/01/2026,Website,Cash on Delivery,SHIPPED,france,SAVE10,
ORD-104568,CUST-3234,2024/03/29,MOBILE APP,Bank Transfer,Refunded,CA,,
ORD-104569,CUST-2715,"May 22, 2024",Phone Order,Bank Transfer,Refunded,ZA,save10,
ORD-104570,CUST-3008,23-Sep-2025,MOBILE APP,Credit Card,completed,USA,SAVE10,
ORD-104571,CUST-2173,12-Aug-2024,In-Store,PayPal,SHIPPED,South Africa,,
ORD-104572,CUST-3618,2024/08/25,Marketplace,Cash on Delivery,Delivered,Bharat,N/A,
ORD-104573,CUST-3665,10/19/2024,Marketplace,Credit Card,SHIPPED,United States of America,WELCOME2025,
ORD-104574,CUST-3802,2025/07/01,Mobile App,Credit Card,Pending,Brazil,,
ORD-104575,CUST-1547,30-May-2025,In-Store,Debit Card,Cancelled,CA,SAVE10,
ORD-104576,CUST-2742,02/22/2024,Website,credit card,SHIPPED,U.K.,save10,
ORD-104577,CUST-1012,2024-08-26,website,credit card,Completed,United States of America,none,
ORD-104578,CUST-2996,08/05/2024,website,Credit Card,completed,U.K.,save10,
ORD-104579,CUST-2438,"November 23, 2025",Marketplace,credit card,Pending,NG,none,
ORD-104580,CUST-1399,2025/06/15,In-Store,Crypto,Refunded,CA,WELCOME2025,
ORD-104581,CUST-2216,11/10/2025,Website,Credit Card,Processing,Brasil,save10,
ORD-104582,CUST-1659,2025-04-08,Marketplace,Cash on Delivery,Delivered,Bharat,N/A,
ORD-104583,CUST-1750,2024/01/25,In-Store,Debit Card,Processing,RSA,SAVE10,
ORD-104584,CUST-3217,2025-02-28,Phone Order,PayPal,Refunded,Bharat,none,
ORD-104585,CUST-2480,04/19/2024,website,Crypto,Pending,Bharat,save10,
ORD-104586,CUST-2571,"March 29, 2026",MOBILE APP,Crypto,Refunded,Brasil,save10,
ORD-104587,CUST-1002,12/17/2025,Phone Order,credit card,Processing,United States of America,WELCOME2025,
ORD-104588,CUST-1875,"September 07, 2024",In-Store,Crypto,Refunded,BR,N/A,
ORD-104589,CUST-1684,2026/02/22,Phone Order,Cash on Delivery,Completed,CA,none,
ORD-104590,CUST-3715,09/09/2025,Mobile App,Debit Card,Completed,ZA,none,
ORD-104591,CUST-1058,08/25/2024,Marketplace,Bank Transfer,completed,ZA,save10,
ORD-104592,CUST-3744,08/19/2025,website,Debit Card,Refunded,Nigeria,N/A,
ORD-104593,CUST-3027,2025-06-30,Mobile App,Cash on Delivery,completed,BR,none,
ORD-104594,CUST-1592,"July 09, 2024",Phone Order,credit card,Cancelled,Australia,,
ORD-104595,CUST-1821,10/25/2024,Mobile App,Bank Transfer,Delivered,Australia,save10,
ORD-104596,CUST-2799,07/12/2026,website,PayPal,Processing,Australia,SAVE10,
ORD-104597,CUST-2675,11/12/2025,Marketplace,Cash on Delivery,Completed,England,WELCOME2025,
ORD-104598,CUST-3784,02/03/2025,website,Credit Card,completed,nigeria,SAVE10,
ORD-104599,CUST-3135,"April 28, 2024",website,Debit Card,Pending,Australia,none,
ORD-104600,CUST-3667,11/07/2027,Mobile App,Cash on Delivery,Pending,Nigeria,,
ORD-104601,CUST-2371,2026/03/02,Mobile App,Crypto,Processing,S. Africa,save10,
ORD-104602,CUST-2506,2026/04/09,Marketplace,Credit Card,Completed,france,SAVE10,
ORD-104603,CUST-1177,2025-06-25,Marketplace,Debit Card,Delivered,united states,none,
ORD-104604,CUST-1657,10-May-2024,Marketplace,Credit Card,Processing,Germany,none,
ORD-101159,CUST-3816,2025-07-19,In-Store,PayPal,Refunded,Brazil,SAVE10,
ORD-104606,CUST-2053,"December 12, 2024",MOBILE APP,Bank Transfer,SHIPPED,ZA,save10,
ORD-104607,CUST-3431,03/22/2025,MOBILE APP,PayPal,Pending,France,,
ORD-104608,CUST-1667,2024-10-27,In-Store,Cash on Delivery,Processing,Germany,N/A,
ORD-104609,CUST-3799,11-Aug-2025,Phone Order,Cash on Delivery,Completed,CA,,
ORD-104610,CUST-3086,26-Jun-2024,MOBILE APP,Debit Card,Delivered,NG,,
ORD-104611,CUST-3299,2026-06-08,Mobile App,credit card,Processing,US,WELCOME2025,
ORD-104612,CUST-1400,11/02/2024,Marketplace,credit card,Delivered,ZA,SAVE10,
ORD-104613,CUST-3456,12/05/2024,website,Credit Card,SHIPPED,RSA,,
ORD-104614,CUST-1112,03-May-2025,website,Debit Card,Pending,USA,,
ORD-104615,CUST-2316,"May 27, 2024",Phone Order,PayPal,SHIPPED,AU,WELCOME2025,
ORD-104616,CUST-1303,"July 02, 2024",Mobile App,Credit Card,Delivered,Nigéria,none,
ORD-104617,CUST-2496,08/06/2025,Marketplace,Crypto,Delivered,united states,none,
ORD-104618,CUST-1882,25/12/2025,MOBILE APP,Credit Card,Processing,AU,save10,
ORD-104619,CUST-2898,2025-03-23,Website,Bank Transfer,Refunded,germany,WELCOME2025,
ORD-104620,CUST-1885,"June 30, 2024",Mobile App,Cash on Delivery,Completed,FR,save10,
ORD-104621,CUST-1264,29/10/2025,MOBILE APP,Cash on Delivery,Refunded,ZA,WELCOME2025,
ORD-104622,CUST-3369,2024/12/24,website,credit card,Refunded,India,WELCOME2025,
ORD-104623,CUST-2891,03-Feb-2024,Mobile App,Cash on Delivery,Completed,Germany,WELCOME2025,
ORD-104624,CUST-1116,07/24/2024,In-Store,PayPal,Delivered,FR,WELCOME2025,
ORD-104625,CUST-3313,06/11/2025,In-Store,Credit Card,Pending,NG,,
ORD-104626,CUST-2345,29/06/2026,Phone Order,PayPal,Processing,Deutschland,N/A,
ORD-104627,CUST-1021,16-Feb-2024,Website,PayPal,Completed,FR,WELCOME2025,
ORD-104628,CUST-3371,"January 05, 2025",Mobile App,Debit Card,Delivered,india,N/A,
ORD-104629,CUST-1377,06/25/2025,Marketplace,Bank Transfer,Cancelled,IN,SAVE10,
ORD-104630,CUST-3565,03/29/2025,Website,Debit Card,Pending,Germany,N/A,
ORD-104631,CUST-2577,23-Jun-2026,website,PayPal,Processing,canada,save10,
ORD-104632,CUST-1993,23/07/2025,MOBILE APP,Crypto,Refunded,United States of America,none,
ORD-104633,CUST-2455,11-Jul-2026,website,credit card,SHIPPED,England,SAVE10,
ORD-104634,CUST-1057,20/01/2027,Phone Order,PayPal,Pending,united states,N/A,
ORD-104635,CUST-1652,2024-06-15,Marketplace,Bank Transfer,SHIPPED,AU,none,
ORD-104636,CUST-3492,06/02/2024,Phone Order,Debit Card,Processing,U.S.A.,none,
ORD-104637,CUST-3747,2024/10/15,In-Store,Cash on Delivery,Refunded,Nigéria,WELCOME2025,
ORD-104638,CUST-2263,2025-06-11,website,credit card,Completed,US,none,
ORD-104639,CUST-3035,11/01/2025,In-Store,Bank Transfer,Pending,Brasil,WELCOME2025,
ORD-104640,CUST-1423,01/13/2024,Phone Order,credit card,Processing,nigeria,,
ORD-104641,CUST-1830,15-Nov-2025,Mobile App,Debit Card,Delivered,DE,none,
ORD-104642,CUST-3583,03/04/2026,Website,Debit Card,completed,Nigeria,N/A,
ORD-104643,CUST-1854,06/12/2025,In-Store,Credit Card,completed,U.K.,WELCOME2025,
ORD-104644,CUST-1333,12/10/2025,Phone Order,Bank Transfer,Delivered,USA,save10,
ORD-104645,CUST-1041,17/02/2024,Marketplace,Bank Transfer,Completed,United Kingdom,N/A,
ORD-104646,CUST-2507,2026-02-10,In-Store,Debit Card,Cancelled,United States of America,none,
ORD-104647,CUST-1750,10/27/2025,Marketplace,PayPal,SHIPPED,United States of America,none,
ORD-104648,CUST-1757,2024-04-29,Website,credit card,Cancelled,United States of America,,
ORD-104649,CUST-3386,29/04/2024,Mobile App,Credit Card,Pending,united states,SAVE10,
ORD-104650,CUST-3522,2024/06/18,In-Store,Cash on Delivery,Delivered,DE,,
ORD-104651,CUST-3122,30/03/2025,In-Store,Debit Card,Refunded,ZA,none,
ORD-104652,CUST-3457,2024-06-30,website,Bank Transfer,Completed,nigeria,WELCOME2025,
ORD-104653,CUST-1779,2024-09-30,In-Store,PayPal,Refunded,Brasil,WELCOME2025,
ORD-104654,CUST-3368,17-Mar-2026,MOBILE APP,credit card,SHIPPED,U.S.A.,N/A,
ORD-104655,CUST-3233,19-Feb-2025,Phone Order,PayPal,Cancelled,FR,N/A,
ORD-104656,CUST-1326,2025-02-01,Marketplace,Cash on Delivery,completed,AU,,
ORD-104657,CUST-1508,2024/01/04,Marketplace,credit card,Completed,Canada,,
ORD-104658,CUST-3506,03-Jun-2026,Website,Debit Card,Refunded,Australia,WELCOME2025,
ORD-104659,CUST-2228,05-Jul-2026,Phone Order,Bank Transfer,Delivered,South Africa,save10,
ORD-104660,CUST-1434,2025/09/12,Mobile App,Crypto,Processing,UK,N/A,
ORD-104661,CUST-1028,03/05/2026,In-Store,PayPal,Cancelled,U.S.A.,save10,
ORD-104662,CUST-2844,2025/07/14,Phone Order,PayPal,Cancelled,AU,,
ORD-104663,CUST-2439,"March 24, 2026",Website,Crypto,Processing,Australia,SAVE10,
ORD-104664,CUST-2196,"May 28, 2025",website,Cash on Delivery,Delivered,India,N/A,
ORD-104665,CUST-3633,03/02/2026,Website,Bank Transfer,Delivered,US,none,
ORD-104666,CUST-2354,19-Jan-2024,Marketplace,Bank Transfer,Pending,Brazil,none,
ORD-104667,CUST-3590,2024-03-11,Website,Debit Card,Pending,australia,save10,
ORD-104668,CUST-2474,11/03/2025,website,Crypto,Pending,RSA,,
ORD-104669,CUST-3345,2024-11-07,In-Store,Debit Card,Completed,U.K.,save10,
ORD-104670,CUST-1105,"July 09, 2024",In-Store,PayPal,Completed,germany,none,
ORD-104671,CUST-3755,01/17/2026,MOBILE APP,Cash on Delivery,Delivered,ZA,,
ORD-104672,CUST-2633,04/07/2025,Mobile App,Bank Transfer,Delivered,NG,none,
ORD-104673,CUST-2906,09-Dec-2025,Marketplace,Crypto,completed,NG,N/A,
ORD-104674,CUST-3730,27/01/2024,Mobile App,Debit Card,Pending,BR,,
ORD-104675,CUST-1581,2024/03/29,Phone Order,Bank Transfer,Processing,England,WELCOME2025,
ORD-104676,CUST-3897,"July 05, 2026",website,Bank Transfer,Pending,S. Africa,WELCOME2025,
ORD-104677,CUST-2807,04/27/2026,In-Store,credit card,Delivered,Australia,,
ORD-104678,CUST-3590,01/05/2024,website,Credit Card,SHIPPED,BR,save10,
ORD-104679,CUST-3129,12-Nov-2024,Website,credit card,Processing,France,,
ORD-104680,CUST-1163,2024/09/08,Mobile App,PayPal,completed,canada,SAVE10,
ORD-104681,CUST-3551,2026/02/23,Phone Order,Debit Card,Cancelled,FR,,
ORD-104682,CUST-1427,03-Dec-2024,MOBILE APP,credit card,SHIPPED,Nigeria,,
ORD-104683,CUST-1350,"March 30, 2024",website,Bank Transfer,Completed,Brasil,none,
ORD-104684,CUST-1478,"January 08, 2025",MOBILE APP,Debit Card,Processing,nigeria,WELCOME2025,
ORD-104685,CUST-3292,23-Aug-2024,website,Crypto,Pending,australia,none,
ORD-104686,CUST-1665,04-Feb-2026,Mobile App,Bank Transfer,completed,RSA,save10,
ORD-102124,CUST-3759,2026-06-22,Mobile App,Cash on Delivery,Refunded,U.K.,none,
ORD-104688,CUST-3300,21-Aug-2025,website,PayPal,Refunded,France,SAVE10,
ORD-104689,CUST-1299,06/06/2024,website,Cash on Delivery,completed,CA,save10,
ORD-104690,CUST-3307,2024-01-21,Website,Bank Transfer,Pending,united states,save10,
ORD-104691,CUST-2109,07/02/2026,In-Store,Cash on Delivery,Completed,Brazil,N/A,
ORD-104692,CUST-3942,28/02/2025,Phone Order,Bank Transfer,Delivered,Canada,,
ORD-104693,CUST-3775,20/10/2025,Marketplace,Crypto,SHIPPED,Deutschland,none,
ORD-104694,CUST-3724,2024/06/30,Marketplace,PayPal,Processing,Germany,SAVE10,
ORD-104695,CUST-2454,05/13/2025,Marketplace,Cash on Delivery,SHIPPED,Britain,N/A,
ORD-104696,CUST-2296,"September 23, 2025",In-Store,Crypto,SHIPPED,Britain,save10,
ORD-104697,CUST-2361,2026-03-03,website,Bank Transfer,Refunded,France,SAVE10,
ORD-104698,CUST-1721,2025-07-02,Mobile App,Crypto,Processing,australia,,
ORD-104699,CUST-3788,"April 14, 2026",Marketplace,Debit Card,Delivered,UK,N/A,
ORD-104700,CUST-2950,02/26/2025,In-Store,Cash on Delivery,SHIPPED,France,,
ORD-104701,CUST-2852,07-Jul-2025,MOBILE APP,Debit Card,SHIPPED,BR,,
ORD-104702,CUST-3483,2025/07/29,MOBILE APP,Bank Transfer,Refunded,RSA,WELCOME2025,
ORD-104703,CUST-2476,2026/07/18,website,Crypto,completed,India,,
ORD-104704,CUST-1163,07/04/2024,In-Store,PayPal,Processing,RSA,,
ORD-104705,CUST-2523,01/03/2025,MOBILE APP,credit card,completed,Brazil,N/A,
ORD-104706,CUST-2859,2024-12-07,Website,PayPal,Pending,Australia,save10,
ORD-104707,CUST-2341,2026/03/21,Website,Debit Card,Completed,Deutschland,none,
ORD-104708,CUST-2299,03-Jul-2025,Mobile App,Debit Card,Refunded,Bharat,WELCOME2025,
ORD-104709,CUST-2811,07/05/2025,Marketplace,Bank Transfer,SHIPPED,Australia,none,
ORD-104710,CUST-3294,2026/04/01,Mobile App,Crypto,Pending,france,save10,
ORD-104711,CUST-3846,20-Mar-2026,Phone Order,Debit Card,completed,ZA,SAVE10,
ORD-104712,CUST-1050,2025-12-29,Marketplace,Credit Card,SHIPPED,Canada,WELCOME2025,
ORD-104713,CUST-2566,2026/06/21,Marketplace,Cash on Delivery,Pending,Nigeria,SAVE10,
ORD-104714,CUST-3197,2024/07/09,website,PayPal,Cancelled,BR,SAVE10,
ORD-104715,CUST-2711,2024/04/03,Website,Debit Card,completed,France,,
ORD-104716,CUST-2691,2024/07/07,MOBILE APP,Debit Card,Pending,AU,save10,
ORD-104717,CUST-1580,2024/10/22,website,PayPal,Completed,United Kingdom,SAVE10,
ORD-104718,CUST-2030,06/22/2024,Website,Debit Card,Completed,Nigeria,SAVE10,
ORD-104719,CUST-2769,2024-03-31,MOBILE APP,Crypto,Cancelled,USA,WELCOME2025,
ORD-104720,CUST-2349,05/26/2025,Website,credit card,Completed,Australia,,
ORD-104721,CUST-3938,2026/06/25,Mobile App,Credit Card,Delivered,Germany,save10,
ORD-104722,CUST-1728,25-Jul-2025,In-Store,credit card,Completed,Canada,none,
ORD-104723,CUST-3015,27-Jun-2024,Phone Order,Cash on Delivery,Cancelled,United States,,
ORD-104724,CUST-3814,2025/10/03,In-Store,Debit Card,Delivered,Nigéria,N/A,
ORD-104725,CUST-3519,06/28/2026,Website,Debit Card,Delivered,AU,none,
ORD-104726,CUST-3346,2024/10/19,Mobile App,PayPal,completed,S. Africa,N/A,
ORD-104727,CUST-1663,"April 17, 2025",MOBILE APP,Cash on Delivery,completed,United States of America,none,
ORD-104728,CUST-1108,26/03/2025,In-Store,Cash on Delivery,Delivered,india,,
ORD-104729,CUST-3319,2025-06-17,Website,Credit Card,Processing,Nigeria,SAVE10,
ORD-104730,CUST-1172,05/01/2026,Website,Credit Card,Delivered,india,none,
ORD-104731,CUST-1015,04/23/2025,website,Credit Card,Processing,BR,N/A,
ORD-104732,CUST-2297,12/04/2025,Mobile App,Bank Transfer,completed,india,,
ORD-104733,CUST-3787,01/01/2024,website,Crypto,completed,South Africa,,
ORD-104734,CUST-3996,24-Dec-2025,MOBILE APP,Crypto,Cancelled,Australia,SAVE10,
ORD-104735,CUST-2392,28-Jul-2024,website,Debit Card,Refunded,South Africa,SAVE10,
ORD-104736,CUST-2874,2024/11/17,Mobile App,PayPal,Completed,Brazil,,
ORD-104737,CUST-1210,02/09/2025,MOBILE APP,Debit Card,Completed,France,none,
ORD-104738,CUST-1861,12/31/2025,Website,Crypto,Processing,Australia,none,
ORD-104739,CUST-3080,"June 01, 2025",Mobile App,PayPal,SHIPPED,United States,SAVE10,
ORD-104740,CUST-1651,"February 22, 2025",Mobile App,Bank Transfer,SHIPPED,BR,,
ORD-104741,CUST-2128,13-Nov-2024,MOBILE APP,Credit Card,SHIPPED,England,N/A,
ORD-104742,CUST-1718,01/06/2024,Mobile App,PayPal,Processing,Brazil,WELCOME2025,
ORD-104743,CUST-3283,07/27/2025,In-Store,Bank Transfer,Cancelled,United States of America,WELCOME2025,
ORD-104744,CUST-2524,06/15/2024,Phone Order,Crypto,SHIPPED,BR,none,
ORD-104745,CUST-1726,11-Aug-2024,Marketplace,credit card,Completed,australia,SAVE10,
ORD-104746,CUST-1953,2026-02-08,Website,Crypto,Cancelled,United Kingdom,none,
ORD-104747,CUST-1313,12-Nov-2024,Website,Credit Card,Pending,Brasil,,
ORD-104748,CUST-1003,"October 25, 2024",Phone Order,PayPal,Delivered,united states,,
ORD-104749,CUST-1311,"October 24, 2025",Phone Order,credit card,Refunded,Nigeria,save10,
ORD-104750,CUST-1469,15-May-2026,website,Bank Transfer,SHIPPED,Brazil,none,
ORD-104751,CUST-2393,2026-06-08,website,credit card,Completed,germany,save10,
ORD-104752,CUST-3266,2025/09/27,Phone Order,Debit Card,completed,CA,SAVE10,
ORD-104753,CUST-2862,2024/02/09,website,Credit Card,Delivered,Deutschland,,
ORD-104754,CUST-3882,01/11/2025,MOBILE APP,Crypto,Completed,nigeria,WELCOME2025,
ORD-104755,CUST-1872,17-Mar-2026,Mobile App,Bank Transfer,Completed,france,N/A,
ORD-104756,CUST-2562,"March 31, 2026",Mobile App,Crypto,Pending,united states,save10,
ORD-104757,CUST-2980,2024-11-29,website,Cash on Delivery,SHIPPED,germany,WELCOME2025,
ORD-104758,CUST-2588,2024-11-25,Phone Order,Crypto,SHIPPED,England,WELCOME2025,
ORD-104759,CUST-3906,"February 12, 2025",Website,Debit Card,Processing,Bharat,SAVE10,
ORD-104760,CUST-2518,2027-01-23,Website,PayPal,SHIPPED,canada,SAVE10,
ORD-102727,CUST-3098,"March 31, 2025",website,Bank Transfer,Delivered,nigeria,none,
ORD-104762,CUST-2032,28/12/2024,Marketplace,Credit Card,Processing,Brasil,WELCOME2025,
ORD-104763,CUST-3523,20-Aug-2025,website,Cash on Delivery,Cancelled,U.K.,N/A,
ORD-104764,CUST-2681,2024/03/10,MOBILE APP,Debit Card,completed,United Kingdom,none,
ORD-104765,CUST-2136,08/24/2025,Marketplace,Debit Card,Refunded,Brazil,SAVE10,
ORD-104766,CUST-3819,31-Dec-2025,Marketplace,Cash on Delivery,Refunded,Bharat,save10,
ORD-104767,CUST-1167,07-Aug-2024,Website,Debit Card,Completed,UK,SAVE10,
ORD-104768,CUST-3168,11/18/2024,Mobile App,Bank Transfer,Refunded,canada,,
ORD-104769,CUST-2083,"February 15, 2025",Website,credit card,Completed,S. Africa,WELCOME2025,
ORD-104770,CUST-2249,"May 19, 2026",MOBILE APP,Bank Transfer,Delivered,Britain,save10,
ORD-104771,CUST-2338,06/17/2025,website,Bank Transfer,Pending,ZA,N/A,
ORD-104772,CUST-3963,15/04/2025,Website,Credit Card,Cancelled,BR,save10,
ORD-104773,CUST-1008,28/02/2025,In-Store,credit card,Cancelled,AU,save10,
ORD-104774,CUST-2632,07/06/2025,website,credit card,Refunded,ZA,N/A,
ORD-104775,CUST-1890,22-Dec-2025,Marketplace,Bank Transfer,Processing,AU,SAVE10,
ORD-104776,CUST-1061,05-Jun-2024,In-Store,Debit Card,Completed,DE,,
ORD-104777,CUST-3271,01/11/2024,Website,PayPal,Cancelled,NG,N/A,
ORD-104778,CUST-1704,"January 30, 2025",In-Store,PayPal,Refunded,NG,,
ORD-104779,CUST-3539,"April 26, 2026",In-Store,Cash on Delivery,SHIPPED,BR,N/A,
ORD-104780,CUST-3034,2025/10/20,MOBILE APP,Bank Transfer,Pending,France,save10,
ORD-104781,CUST-3049,06/04/2025,In-Store,Cash on Delivery,Refunded,United States of America,,
ORD-104782,CUST-3330,2024-01-09,In-Store,Credit Card,completed,australia,,
ORD-104783,CUST-1785,2026-02-17,Phone Order,Credit Card,Processing,Germany,,
ORD-104784,CUST-2527,2026/05/23,Marketplace,credit card,SHIPPED,RSA,save10,
ORD-104785,CUST-2626,2025/01/28,Mobile App,Credit Card,Cancelled,RSA,WELCOME2025,
ORD-104786,CUST-2861,10-Jan-2025,Website,Crypto,Cancelled,S. Africa,N/A,
ORD-104787,CUST-1795,2024-04-12,MOBILE APP,Credit Card,SHIPPED,RSA,,
ORD-104788,CUST-2756,"April 22, 2024",Mobile App,credit card,Processing,AU,none,
ORD-104789,CUST-3748,04/08/2026,Phone Order,credit card,Processing,France,none,
ORD-104790,CUST-3727,2025/07/24,Website,Cash on Delivery,Refunded,canada,none,
ORD-104791,CUST-1826,2024/12/06,Mobile App,Credit Card,Delivered,United States,save10,
ORD-104792,CUST-2459,03/08/2024,MOBILE APP,Credit Card,completed,Canada,SAVE10,
ORD-104793,CUST-3620,2025-08-21,Phone Order,Debit Card,Cancelled,RSA,save10,
ORD-104794,CUST-3336,"February 11, 2026",MOBILE APP,Debit Card,Refunded,NG,save10,
ORD-104795,CUST-3644,2024-09-22,In-Store,Credit Card,SHIPPED,germany,SAVE10,
ORD-104796,CUST-2007,"January 27, 2024",website,Bank Transfer,completed,United States,,
ORD-104797,CUST-1806,10/18/2024,Website,Debit Card,Processing,australia,,
ORD-104798,CUST-2624,23-Apr-2026,MOBILE APP,Credit Card,Pending,india,WELCOME2025,
ORD-104799,CUST-2987,2024-03-22,Phone Order,Crypto,Pending,canada,,
ORD-104800,CUST-2387,22/11/2025,Marketplace,credit card,Refunded,RSA,N/A,
ORD-104801,CUST-3322,11/30/2024,MOBILE APP,credit card,Completed,australia,none,
ORD-104802,CUST-3933,"November 22, 2024",Phone Order,credit card,SHIPPED,India,SAVE10,
ORD-104803,CUST-1211,14/01/2026,In-Store,Credit Card,Cancelled,Brasil,SAVE10,
ORD-104804,CUST-3592,2026/03/04,website,Debit Card,Delivered,CA,N/A,
ORD-104805,CUST-2291,09/12/2025,Marketplace,credit card,Pending,germany,none,
ORD-104806,CUST-2670,25/03/2024,Phone Order,credit card,Delivered,Canada,,
ORD-104807,CUST-1324,"October 20, 2024",Marketplace,PayPal,SHIPPED,Australia,N/A,
ORD-104808,CUST-1772,28/11/2025,Phone Order,Debit Card,Refunded,United States,,
ORD-104809,CUST-1949,09/08/2024,Phone Order,PayPal,Delivered,Australia,,
ORD-104810,CUST-3990,18/06/2024,Phone Order,Debit Card,completed,NG,WELCOME2025,
ORD-104811,CUST-2043,06/30/2024,Mobile App,Cash on Delivery,Delivered,india,,
ORD-104812,CUST-1934,2025-07-30,In-Store,PayPal,Delivered,England,none,
ORD-104813,CUST-1688,29/10/2024,website,Debit Card,Processing,CA,WELCOME2025,
ORD-104814,CUST-2273,"October 07, 2024",website,credit card,Processing,Nigéria,save10,
ORD-104815,CUST-3110,04/23/2025,Marketplace,PayPal,Completed,AU,SAVE10,
ORD-104816,CUST-3777,16/08/2024,Phone Order,Crypto,completed,AU,save10,
ORD-104817,CUST-1065,08-Jan-2025,website,Cash on Delivery,Delivered,S. Africa,N/A,
ORD-104818,CUST-3246,"October 26, 2024",Mobile App,Cash on Delivery,completed,United States of America,save10,
ORD-104819,CUST-1288,2027/09/27,In-Store,Debit Card,Processing,india,,
ORD-104820,CUST-1707,"April 06, 2026",Website,Debit Card,completed,BR,N/A,
ORD-104821,CUST-3297,06/08/2025,Marketplace,Cash on Delivery,completed,Germany,,
ORD-104822,CUST-2541,"June 25, 2024",Phone Order,Debit Card,Pending,nigeria,WELCOME2025,
ORD-104823,CUST-3768,25/04/2025,Website,Cash on Delivery,Processing,canada,SAVE10,
ORD-104824,CUST-3494,2025-11-04,Website,Bank Transfer,Processing,BR,,
ORD-104825,CUST-3916,17-Nov-2024,MOBILE APP,Crypto,Delivered,france,,
ORD-104826,CUST-2418,23/11/2024,Website,Credit Card,Cancelled,Bharat,,
ORD-104827,CUST-1125,11/30/2024,MOBILE APP,Cash on Delivery,Processing,Nigéria,,
ORD-104828,CUST-1986,10/03/2025,Marketplace,credit card,Processing,UK,SAVE10,
ORD-104829,CUST-1499,20/09/2024,MOBILE APP,Debit Card,Pending,germany,N/A,
ORD-104830,CUST-1922,2025-04-06,Phone Order,PayPal,Processing,Canada,N/A,
ORD-104831,CUST-2845,26-Feb-2026,website,Debit Card,Pending,UK,save10,
ORD-104832,CUST-1524,05/16/2024,Phone Order,Crypto,Processing,NG,N/A,
ORD-104833,CUST-1199,2025-11-29,Website,credit card,Delivered,France,save10,
ORD-104834,CUST-1288,14/05/2025,Mobile App,PayPal,Delivered,Nigéria,save10,
ORD-104835,CUST-1775,2025-07-27,Marketplace,Bank Transfer,Processing,CA,,
ORD-104836,CUST-3410,2025-08-28,Mobile App,Cash on Delivery,Delivered,DE,SAVE10,
ORD-104837,CUST-2765,2025-11-26,MOBILE APP,Bank Transfer,SHIPPED,United States,SAVE10,
ORD-104838,CUST-3825,2025/02/10,MOBILE APP,Cash on Delivery,Refunded,RSA,WELCOME2025,
ORD-104839,CUST-3703,17/09/2025,Phone Order,PayPal,Completed,FR,,
ORD-104840,CUST-2805,07/16/2024,In-Store,Bank Transfer,completed,United Kingdom,,
ORD-104841,CUST-1537,2026-06-23,Website,PayPal,completed,UK,none,
ORD-104842,CUST-3948,24-Dec-2024,Website,Debit Card,Delivered,Brasil,save10,
ORD-104843,CUST-1822,2024-12-23,Mobile App,Bank Transfer,Refunded,france,WELCOME2025,
ORD-104844,CUST-2995,2025/04/10,Marketplace,Cash on Delivery,Processing,AU,,
ORD-104845,CUST-2535,2025-08-08,website,Crypto,Completed,france,N/A,
ORD-104846,CUST-3930,21-Sep-2024,Phone Order,Cash on Delivery,completed,australia,,
ORD-104847,CUST-1230,19-Sep-2025,Mobile App,Bank Transfer,Refunded,ZA,,
ORD-104848,CUST-3070,11/06/2024,In-Store,Bank Transfer,Delivered,FR,save10,
ORD-104849,CUST-1625,2026-07-02,Marketplace,Debit Card,Delivered,Brasil,,
ORD-104850,CUST-2380,07-Mar-2024,website,Cash on Delivery,Pending,Australia,SAVE10,
ORD-104851,CUST-3653,08-Jun-2026,website,Credit Card,SHIPPED,Australia,SAVE10,
ORD-104852,CUST-3526,13-Jul-2025,Website,Crypto,completed,U.K.,none,
ORD-104853,CUST-1347,29-Sep-2024,In-Store,Credit Card,Delivered,United States,none,
ORD-104854,CUST-3127,08-Dec-2024,MOBILE APP,Cash on Delivery,completed,united states,SAVE10,
ORD-104855,CUST-3359,2025/08/07,Website,Crypto,Pending,CA,save10,
ORD-104856,CUST-3026,08-Apr-2024,Marketplace,Debit Card,Refunded,Germany,N/A,
ORD-104857,CUST-2664,03/06/2025,website,credit card,Processing,nigeria,,
ORD-104858,CUST-1936,12/07/2027,In-Store,Cash on Delivery,Cancelled,india,,
ORD-104859,CUST-1471,04/03/2024,Phone Order,Debit Card,Cancelled,australia,SAVE10,
ORD-104860,CUST-1577,19/04/2025,website,Cash on Delivery,Pending,RSA,N/A,
ORD-104861,CUST-2351,"June 30, 2025",Website,Debit Card,completed,India,none,
ORD-104862,CUST-3490,"January 22, 2024",In-Store,credit card,Processing,England,,
ORD-104863,CUST-3185,19/05/2025,MOBILE APP,Cash on Delivery,Refunded,Brasil,save10,
ORD-104864,CUST-3478,20-Sep-2024,MOBILE APP,PayPal,Delivered,nigeria,WELCOME2025,
ORD-104865,CUST-2745,02/04/2025,Mobile App,Bank Transfer,Refunded,Nigéria,WELCOME2025,
ORD-104866,CUST-3857,21-Feb-2025,Phone Order,Credit Card,Cancelled,nigeria,none,
ORD-104867,CUST-3101,2026-06-09,Marketplace,Bank Transfer,Processing,USA,,
ORD-104868,CUST-3955,30-Jun-2024,Website,Bank Transfer,Pending,England,,
ORD-104869,CUST-2756,2024-04-28,Mobile App,Debit Card,Cancelled,Bharat,WELCOME2025,
ORD-104870,CUST-3416,09/06/2026,In-Store,Crypto,Pending,S. Africa,,
ORD-104871,CUST-2466,2024-03-04,MOBILE APP,Crypto,completed,IN,save10,
ORD-103232,CUST-2083,2024-10-28,Phone Order,Bank Transfer,SHIPPED,India,WELCOME2025,
ORD-104873,CUST-2692,11/10/2024,Phone Order,Cash on Delivery,Pending,australia,N/A,
ORD-104874,CUST-2884,04/25/2025,website,Cash on Delivery,SHIPPED,Brasil,,
ORD-104875,CUST-2379,07/07/2026,Phone Order,PayPal,Completed,australia,none,
ORD-104876,CUST-3030,07/05/2025,In-Store,Bank Transfer,SHIPPED,canada,WELCOME2025,
ORD-104877,CUST-1006,"August 23, 2024",MOBILE APP,Bank Transfer,Pending,DE,N/A,
ORD-104878,CUST-2104,"January 20, 2026",Mobile App,credit card,Delivered,Germany,save10,
ORD-104879,CUST-1897,05/16/2026,website,Bank Transfer,completed,Bharat,save10,
ORD-104880,CUST-1822,2026/06/24,In-Store,Bank Transfer,Completed,india,,
ORD-104881,CUST-2212,"May 30, 2025",Marketplace,Debit Card,Cancelled,United Kingdom,,
ORD-104882,CUST-3711,"April 26, 2024",MOBILE APP,credit card,completed,Bharat,,
ORD-104883,CUST-1615,2026/04/19,Phone Order,Bank Transfer,completed,S. Africa,N/A,
ORD-104884,CUST-1040,"December 09, 2024",MOBILE APP,Credit Card,SHIPPED,Nigéria,,
ORD-104885,CUST-3977,13/08/2025,Phone Order,PayPal,SHIPPED,Brazil,WELCOME2025,
ORD-104886,CUST-2738,04-May-2025,Mobile App,Bank Transfer,Completed,Nigéria,SAVE10,
ORD-104887,CUST-2219,2025-11-20,Marketplace,Cash on Delivery,Delivered,Nigeria,save10,
ORD-104888,CUST-3407,05/05/2025,In-Store,PayPal,Delivered,Bharat,save10,
ORD-104889,CUST-1669,06/21/2026,In-Store,Credit Card,SHIPPED,Germany,WELCOME2025,
ORD-104890,CUST-2295,"July 24, 2025",Marketplace,PayPal,Pending,USA,SAVE10,
ORD-104891,CUST-1188,01/23/2024,In-Store,Cash on Delivery,completed,Bharat,,
ORD-104892,CUST-1728,05-Feb-2024,In-Store,Debit Card,completed,FR,SAVE10,
ORD-104893,CUST-1565,01/26/2025,Website,PayPal,Processing,ZA,,
ORD-104894,CUST-1852,15-Aug-2025,In-Store,Credit Card,Delivered,Brasil,none,
ORD-104895,CUST-3795,11/03/2026,Website,Cash on Delivery,Pending,Britain,WELCOME2025,
ORD-104896,CUST-1491,2025/04/24,website,Crypto,SHIPPED,FR,,
ORD-104897,CUST-3909,22/01/2024,Phone Order,Debit Card,Processing,England,,
ORD-104898,CUST-3676,19-Apr-2024,website,Debit Card,Processing,CA,,
ORD-104899,CUST-3833,2026/05/02,website,Debit Card,Cancelled,Australia,none,
ORD-104900,CUST-2588,2025-07-04,Mobile App,Debit Card,Delivered,S. Africa,save10,
ORD-104901,CUST-1935,10/20/2027,MOBILE APP,PayPal,SHIPPED,Brazil,N/A,
ORD-104902,CUST-2923,12/04/2026,website,Credit Card,Completed,nigeria,SAVE10,
ORD-104903,CUST-2858,2026-01-14,Website,Crypto,Delivered,UK,N/A,
ORD-104904,CUST-2002,15/07/2025,Phone Order,Debit Card,Delivered,US,,
ORD-104905,CUST-3763,2024-07-09,In-Store,credit card,SHIPPED,canada,,
ORD-104906,CUST-3025,06/04/2026,Phone Order,Crypto,Completed,australia,,
ORD-104907,CUST-1943,10/13/2024,MOBILE APP,credit card,Completed,US,WELCOME2025,
ORD-104908,CUST-3762,06/10/2025,Website,Credit Card,Refunded,Canada,N/A,
ORD-104909,CUST-3612,07/08/2025,Mobile App,Crypto,Delivered,AU,none,
ORD-104910,CUST-3998,"August 10, 2025",Marketplace,Crypto,Cancelled,Britain,N/A,
ORD-104911,CUST-1526,2024-08-12,In-Store,PayPal,Processing,Canada,WELCOME2025,
ORD-104912,CUST-2194,03/13/2024,In-Store,Credit Card,Processing,france,none,
ORD-104913,CUST-2074,2025-12-08,website,Cash on Delivery,SHIPPED,Australia,N/A,
ORD-104914,CUST-3182,02/25/2024,Mobile App,credit card,Cancelled,ZA,N/A,
ORD-104915,CUST-2115,2024/04/02,Website,credit card,SHIPPED,S. Africa,none,
ORD-104916,CUST-1387,"July 25, 2024",MOBILE APP,Debit Card,Completed,South Africa,SAVE10,
ORD-104917,CUST-3783,2024-09-02,MOBILE APP,Bank Transfer,Pending,france,none,
ORD-104918,CUST-2331,2025-02-14,Website,Debit Card,Delivered,AU,SAVE10,
ORD-104919,CUST-2783,03/23/2024,In-Store,Bank Transfer,Completed,Nigeria,N/A,
ORD-104920,CUST-3577,2024/01/03,Marketplace,Bank Transfer,completed,canada,none,
ORD-104921,CUST-1223,09-Aug-2025,website,Crypto,Completed,U.K.,WELCOME2025,
ORD-104922,CUST-3249,07/11/2024,MOBILE APP,Cash on Delivery,SHIPPED,United States of America,WELCOME2025,
ORD-104923,CUST-2453,17/06/2026,Website,Crypto,SHIPPED,India,,
ORD-104924,CUST-1615,"October 24, 2025",Website,Crypto,completed,Brasil,,
ORD-104925,CUST-3024,06/27/2026,Website,Bank Transfer,Delivered,U.S.A.,SAVE10,
ORD-104926,CUST-3447,16-Oct-2024,website,Debit Card,Completed,ZA,none,
ORD-104927,CUST-1911,2024-07-24,MOBILE APP,Bank Transfer,completed,IN,WELCOME2025,
ORD-104928,CUST-1693,01/18/2026,Website,PayPal,Completed,CA,none,
ORD-104929,CUST-2521,"May 13, 2026",website,PayPal,Pending,india,,
ORD-104930,CUST-3170,2024/07/12,Website,Cash on Delivery,Completed,NG,SAVE10,
ORD-104931,CUST-3637,09/19/2024,Phone Order,credit card,completed,Deutschland,save10,
ORD-104932,CUST-3382,"March 18, 2025",MOBILE APP,Bank Transfer,Refunded,canada,save10,
ORD-104933,CUST-2526,30/03/2026,Phone Order,Bank Transfer,Cancelled,NG,none,
ORD-104934,CUST-2111,"September 20, 2024",Website,Crypto,Cancelled,germany,none,
ORD-104935,CUST-3432,18-Jul-2025,website,Crypto,Processing,Canada,WELCOME2025,
ORD-104936,CUST-1537,01-Jun-2025,website,credit card,Delivered,Australia,,
ORD-104937,CUST-3810,"May 20, 2026",Website,Debit Card,completed,NG,none,
ORD-104938,CUST-3956,10-May-2026,Mobile App,Crypto,Cancelled,United States of America,WELCOME2025,
ORD-104939,CUST-1295,2026-05-30,Phone Order,credit card,SHIPPED,canada,none,
ORD-104940,CUST-3112,"June 02, 2024",Marketplace,Credit Card,Processing,France,none,
ORD-104941,CUST-2196,2024-12-09,MOBILE APP,PayPal,Processing,Brasil,SAVE10,
ORD-104942,CUST-1485,21-Jul-2024,Mobile App,Credit Card,Delivered,australia,save10,
ORD-104943,CUST-2745,04/26/2026,Phone Order,Crypto,Completed,nigeria,none,
ORD-104944,CUST-2987,2026-03-08,Phone Order,Debit Card,completed,germany,WELCOME2025,
ORD-104945,CUST-2294,20-Jun-2025,MOBILE APP,Cash on Delivery,Completed,US,none,
ORD-104946,CUST-3938,18/06/2026,Website,Crypto,SHIPPED,Canada,,
ORD-104947,CUST-3691,26/06/2025,Marketplace,Bank Transfer,Cancelled,Deutschland,SAVE10,
ORD-104948,CUST-3901,"October 16, 2024",Website,credit card,Processing,Australia,SAVE10,
ORD-104949,CUST-1145,"November 26, 2024",Phone Order,credit card,SHIPPED,Brazil,none,
ORD-104950,CUST-1354,"January 02, 2026",MOBILE APP,PayPal,Processing,AU,,
ORD-104951,CUST-2403,31-May-2026,MOBILE APP,Crypto,Pending,Nigeria,,
ORD-104952,CUST-1612,"August 21, 2024",Mobile App,Debit Card,Processing,germany,WELCOME2025,
ORD-104953,CUST-2592,01/12/2025,MOBILE APP,Crypto,Processing,NG,save10,
ORD-104954,CUST-3158,16/05/2025,Phone Order,credit card,Processing,France,N/A,
ORD-104955,CUST-1509,23/04/2026,website,PayPal,Completed,france,WELCOME2025,
ORD-104956,CUST-2842,02-Dec-2025,Website,Crypto,Cancelled,australia,,
ORD-104957,CUST-2829,05/21/2024,Website,Cash on Delivery,SHIPPED,Australia,,
ORD-104958,CUST-3756,2026/06/21,MOBILE APP,Credit Card,Processing,South Africa,,
ORD-104959,CUST-1017,04-Jul-2025,Mobile App,PayPal,completed,Nigéria,,
ORD-104960,CUST-3231,2024-10-23,MOBILE APP,Cash on Delivery,Completed,NG,N/A,
ORD-104961,CUST-3485,05-Sep-2024,Marketplace,PayPal,Processing,CA,save10,
ORD-104962,CUST-1462,14/03/2025,In-Store,Cash on Delivery,Cancelled,CA,none,
ORD-103017,CUST-3885,2025/07/19,MOBILE APP,Credit Card,Delivered,United Kingdom,none,
ORD-104964,CUST-2579,16-Dec-2024,Website,credit card,Cancelled,France,,
ORD-104965,CUST-3683,2025-03-06,Website,credit card,completed,Brasil,SAVE10,
ORD-104966,CUST-3235,22/01/2024,Phone Order,PayPal,Refunded,U.S.A.,WELCOME2025,
ORD-104967,CUST-1428,07/07/2024,Mobile App,Crypto,Processing,France,,
ORD-104968,CUST-3533,03/14/2024,Marketplace,Crypto,Cancelled,India,none,
ORD-104969,CUST-2586,25-Jan-2026,MOBILE APP,Debit Card,Pending,Britain,save10,
ORD-104970,CUST-1920,26-Oct-2025,Mobile App,Debit Card,Refunded,canada,none,
ORD-104971,CUST-1825,04/02/2027,Marketplace,PayPal,Completed,australia,,
ORD-104972,CUST-2006,11/30/2024,Marketplace,Bank Transfer,Refunded,France,none,
ORD-104973,CUST-1268,09/07/2025,In-Store,Credit Card,Cancelled,BR,save10,
ORD-104974,CUST-2869,2024/11/08,website,Credit Card,Completed,Brasil,,
ORD-104975,CUST-1021,"September 28, 2025",,Cash on Delivery,Delivered,France,,
ORD-104976,CUST-3352,"April 10, 2024",Mobile App,Credit Card,Cancelled,Australia,N/A,
ORD-104977,CUST-2348,01/04/2025,In-Store,Credit Card,Pending,U.K.,,
ORD-104978,CUST-2791,"March 05, 2026",Phone Order,Cash on Delivery,SHIPPED,BR,none,
ORD-104979,CUST-2512,2026/06/07,Marketplace,Crypto,SHIPPED,Brasil,,
ORD-104980,CUST-1954,12/10/2025,Phone Order,Credit Card,Refunded,BR,N/A,
ORD-104981,CUST-3367,08/02/2026,Website,Crypto,Cancelled,South Africa,N/A,
ORD-104982,CUST-2881,2024/05/08,Website,credit card,Pending,RSA,WELCOME2025,
ORD-104983,CUST-1318,08/22/2024,In-Store,Bank Transfer,Completed,AU,none,
ORD-104984,CUST-2380,05/10/2025,Phone Order,Debit Card,completed,Australia,SAVE10,
ORD-104985,CUST-3652,15-Aug-2025,Website,credit card,Cancelled,Canada,,
ORD-104986,CUST-1434,07/21/2024,website,PayPal,Processing,South Africa,save10,
ORD-104987,CUST-1375,"November 05, 2024",Marketplace,PayPal,SHIPPED,Nigéria,save10,
ORD-104988,CUST-1326,18/01/2025,website,Bank Transfer,Cancelled,france,save10,
ORD-104989,CUST-3077,"February 08, 2026",In-Store,Cash on Delivery,completed,BR,SAVE10,
ORD-104990,CUST-3645,30/04/2026,MOBILE APP,Debit Card,Cancelled,australia,save10,
ORD-104991,CUST-1107,03/23/2024,Mobile App,Credit Card,SHIPPED,Nigéria,none,
ORD-104992,CUST-3631,2027-11-05,Marketplace,Debit Card,completed,United States,save10,
ORD-104993,CUST-1297,2025/02/27,Website,Credit Card,Cancelled,UK,SAVE10,
ORD-104994,CUST-1098,27-Sep-2024,Mobile App,Cash on Delivery,Cancelled,germany,WELCOME2025,
ORD-104995,CUST-1965,08/09/2024,In-Store,Cash on Delivery,SHIPPED,united states,,
ORD-104996,CUST-3810,01/29/2026,website,Credit Card,Cancelled,Canada,none,
ORD-104997,CUST-2552,"October 10, 2025",In-Store,PayPal,Processing,U.S.A.,none,
ORD-104998,CUST-3311,14-Dec-2024,website,credit card,Completed,CA,,
ORD-104999,CUST-1820,28/09/2025,Mobile App,credit card,Completed,Brasil,N/A,
ORD-105000,CUST-2404,13/07/2024,Mobile App,Cash on Delivery,Refunded,USA,,
ORD-105001,CUST-1394,2024-11-27,Website,Cash on Delivery,Delivered,nigeria,N/A,
ORD-105002,CUST-3665,"May 30, 2025",In-Store,Debit Card,Cancelled,NG,none,
ORD-105003,CUST-3373,10/22/2025,Website,Credit Card,Cancelled,Deutschland,save10,
ORD-105004,CUST-2956,29-Nov-2025,Website,PayPal,completed,india,SAVE10,
ORD-105005,CUST-2722,2026-02-20,Mobile App,PayPal,Refunded,australia,save10,
ORD-105006,CUST-1747,"May 11, 2025",Website,PayPal,Pending,RSA,save10,
ORD-105007,CUST-2506,01/08/2024,Mobile App,Crypto,Delivered,Nigeria,WELCOME2025,
ORD-105008,CUST-1567,2025-04-31,Phone Order,Credit Card,Cancelled,australia,SAVE10,
ORD-105009,CUST-2762,17-Apr-2024,Phone Order,Credit Card,Delivered,Nigeria,,
ORD-105010,CUST-2443,18/06/2026,MOBILE APP,Bank Transfer,Cancelled,England,none,
ORD-105011,CUST-1915,24/02/2027,website,Cash on Delivery,Cancelled,USA,N/A,
ORD-105012,CUST-1754,2025/02/20,MOBILE APP,Debit Card,Processing,Brasil,none,
ORD-105013,CUST-1424,2024-03-04,Marketplace,Bank Transfer,Cancelled,RSA,WELCOME2025,
ORD-105014,CUST-1943,20/12/2024,Website,Bank Transfer,completed,india,,
ORD-105015,CUST-3721,03/18/2025,Marketplace,Debit Card,Processing,Canada,,
ORD-105016,CUST-2975,19-Mar-2026,Marketplace,Cash on Delivery,Pending,france,SAVE10,
ORD-105017,CUST-2743,2025/12/04,Mobile App,credit card,Pending,DE,SAVE10,
ORD-105018,CUST-2015,2026-05-11,In-Store,Credit Card,Pending,Bharat,N/A,
ORD-105019,CUST-2113,"June 18, 2025",Marketplace,PayPal,SHIPPED,U.S.A.,SAVE10,
ORD-105020,CUST-2371,24/02/2026,MOBILE APP,PayPal,Delivered,Australia,SAVE10,
ORD-105021,CUST-2042,2025/03/02,website,credit card,SHIPPED,nigeria,none,
ORD-105022,CUST-2002,17-Jun-2024,website,Bank Transfer,completed,Nigeria,,
ORD-105023,CUST-1541,11/07/2026,MOBILE APP,Debit Card,Processing,Canada,SAVE10,
ORD-105024,CUST-1014,2024/10/24,In-Store,credit card,completed,Bharat,,
ORD-105025,CUST-3328,"December 16, 2025",Marketplace,Debit Card,Refunded,NG,,
ORD-105026,CUST-1497,2024-03-30,MOBILE APP,Crypto,Processing,U.K.,none,
ORD-105027,CUST-3150,2024-03-09,website,Cash on Delivery,completed,united states,none,
ORD-105028,CUST-2492,2024/07/05,In-Store,PayPal,Pending,Nigeria,N/A,
ORD-105029,CUST-2586,2024/02/25,Website,Debit Card,Refunded,FR,none,
ORD-105030,CUST-2736,"March 08, 2026",website,Crypto,Delivered,Brazil,none,
ORD-105031,CUST-2270,2026/03/06,Website,Debit Card,Completed,United Kingdom,N/A,
ORD-105032,CUST-2721,16-Jul-2026,Phone Order,PayPal,completed,Bharat,WELCOME2025,
ORD-105033,CUST-1085,20-Nov-2025,Marketplace,Debit Card,Processing,England,none,
ORD-105034,CUST-3923,2024-09-18,Mobile App,Credit Card,Pending,Australia,save10,
ORD-105035,CUST-1622,2025-07-11,MOBILE APP,Debit Card,SHIPPED,Brazil,,
ORD-105036,CUST-1406,05/01/2026,Marketplace,Cash on Delivery,Processing,U.K.,WELCOME2025,
ORD-105037,CUST-3924,2026-03-30,Phone Order,Cash on Delivery,Processing,AU,none,
ORD-105038,CUST-3920,13/11/2024,Website,credit card,SHIPPED,U.K.,save10,
ORD-105039,CUST-3002,"April 22, 2025",In-Store,Crypto,Pending,NG,,
ORD-105040,CUST-3956,09/02/2025,In-Store,credit card,Pending,NG,none,
ORD-105041,CUST-1060,2026/03/27,Marketplace,Cash on Delivery,Completed,Nigeria,,
ORD-105042,CUST-1057,2026-04-16,Website,Crypto,Cancelled,australia,,
ORD-105043,CUST-2556,"February 12, 2026",Phone Order,Bank Transfer,Completed,UK,save10,
ORD-105044,CUST-1627,2024/01/11,website,Credit Card,Refunded,NG,SAVE10,
ORD-105045,CUST-2899,25/08/2024,MOBILE APP,Debit Card,Refunded,france,none,
ORD-105046,CUST-2998,20-Jul-2024,Phone Order,Cash on Delivery,Delivered,US,WELCOME2025,
ORD-105047,CUST-2893,21/03/2024,MOBILE APP,Crypto,completed,Bharat,SAVE10,
ORD-105048,CUST-1839,12/12/2024,Phone Order,credit card,Refunded,US,WELCOME2025,
ORD-105049,CUST-2675,2025-13-05,Website,Crypto,completed,IN,SAVE10,
ORD-105050,CUST-2713,"February 12, 2024",website,Bank Transfer,Refunded,FR,save10,
ORD-105051,CUST-3730,2024/03/15,MOBILE APP,Bank Transfer,Completed,India,,
ORD-105052,CUST-3034,12-Feb-2024,Marketplace,Debit Card,completed,CA,N/A,
ORD-105053,CUST-3944,2025/07/06,MOBILE APP,Crypto,Delivered,United Kingdom,,
ORD-105054,CUST-3679,"April 12, 2025",website,Cash on Delivery,Pending,nigeria,none,
ORD-105055,CUST-2267,2024/08/30,Mobile App,Bank Transfer,Cancelled,BR,,
ORD-105056,CUST-1490,2025-08-18,In-Store,Cash on Delivery,completed,AU,N/A,
ORD-105057,CUST-1092,2025/02/01,website,Crypto,Delivered,South Africa,SAVE10,
ORD-105058,CUST-1659,01-Mar-2026,Phone Order,Credit Card,SHIPPED,DE,none,
ORD-105059,CUST-2186,06-Jan-2024,Phone Order,credit card,SHIPPED,Deutschland,,
ORD-105060,CUST-3294,"April 19, 2026",MOBILE APP,Bank Transfer,Pending,Canada,N/A,
ORD-105061,CUST-1794,28-Feb-2024,Mobile App,Credit Card,Processing,canada,N/A,
ORD-105062,CUST-1433,2024-12-22,Marketplace,Crypto,Cancelled,nigeria,save10,
ORD-105063,CUST-3074,2024/04/14,Website,Cash on Delivery,Completed,,,
ORD-105064,CUST-3930,2024-02-23,Phone Order,Bank Transfer,completed,United States,N/A,
ORD-105065,CUST-1844,2024-05-02,MOBILE APP,Debit Card,Cancelled,france,SAVE10,
ORD-102913,CUST-1152,06-Apr-2024,Mobile App,Credit Card,Pending,NG,N/A,
ORD-105067,CUST-2525,20-Aug-2025,Marketplace,Debit Card,Pending,India,none,
ORD-105068,CUST-3796,2026/02/12,Mobile App,Debit Card,completed,NG,WELCOME2025,
ORD-105069,CUST-2423,2025/12/15,Phone Order,Cash on Delivery,Processing,united states,SAVE10,
ORD-105070,CUST-3191,2024-06-21,Website,PayPal,Pending,Australia,,
ORD-105071,CUST-1953,30/07/2025,Marketplace,Crypto,completed,UK,WELCOME2025,
ORD-105072,CUST-3255,28-May-2024,website,PayPal,Cancelled,France,WELCOME2025,
ORD-105073,CUST-2094,20/03/2026,website,Crypto,Delivered,Britain,N/A,
ORD-105074,CUST-3126,2024/04/29,Website,Crypto,SHIPPED,ZA,WELCOME2025,
ORD-105075,CUST-2520,"July 02, 2025",MOBILE APP,PayPal,Cancelled,india,save10,
ORD-105076,CUST-1891,2025-11-15,Mobile App,Credit Card,Refunded,Deutschland,save10,
ORD-105077,CUST-3512,2024/06/23,Website,Crypto,completed,France,SAVE10,
ORD-105078,CUST-3958,2025-06-07,website,Bank Transfer,Processing,NG,save10,
ORD-105079,CUST-2675,"January 20, 2026",website,PayPal,Completed,Brazil,,
ORD-105080,CUST-1426,21-Nov-2025,MOBILE APP,Bank Transfer,Delivered,Britain,,
ORD-105081,CUST-2464,2025-04-02,website,Credit Card,Refunded,S. Africa,N/A,
ORD-105082,CUST-3896,28-Jan-2027,Website,Cash on Delivery,Processing,france,save10,
ORD-105083,CUST-3839,09-Oct-2025,In-Store,PayPal,Pending,India,,
ORD-105084,CUST-3499,05/23/2024,MOBILE APP,PayPal,Refunded,Brazil,save10,
ORD-105085,CUST-1408,"January 10, 2024",MOBILE APP,Bank Transfer,Delivered,USA,,
ORD-105086,CUST-1704,2026-06-15,In-Store,Credit Card,Processing,RSA,save10,
ORD-105087,CUST-3749,17-Nov-2024,website,Crypto,Completed,Australia,,
ORD-105088,CUST-1608,2026/04/21,Website,credit card,Refunded,CA,save10,
ORD-105089,CUST-2083,2024-07-16,Marketplace,credit card,Delivered,france,,
ORD-105090,CUST-1079,28-Mar-2024,Marketplace,PayPal,SHIPPED,United Kingdom,none,
ORD-105091,CUST-2691,2025-02-30,Mobile App,credit card,Delivered,france,,
ORD-105092,CUST-3659,2025-03-22,Website,PayPal,Processing,canada,,
ORD-105093,CUST-2355,03/18/2026,Marketplace,Debit Card,Processing,India,SAVE10,
ORD-105094,CUST-3072,07/07/2026,In-Store,Cash on Delivery,Completed,Canada,,
ORD-105095,CUST-3276,03-Sep-2024,MOBILE APP,Bank Transfer,Refunded,france,none,
ORD-105096,CUST-3227,2025-12-16,Phone Order,Debit Card,Cancelled,Canada,,
ORD-105097,CUST-2296,2025/01/08,website,Debit Card,completed,United Kingdom,,
ORD-105098,CUST-1418,"May 12, 2026",Website,credit card,Cancelled,Germany,,
ORD-105099,CUST-3046,2025/08/25,In-Store,Bank Transfer,Refunded,U.S.A.,SAVE10,
ORD-105100,CUST-3583,09-Sep-2024,MOBILE APP,Cash on Delivery,Delivered,Brazil,save10,
ORD-105101,CUST-2733,2025-11-27,Marketplace,Cash on Delivery,Processing,RSA,,
ORD-105102,CUST-2427,2025-06-15,MOBILE APP,Cash on Delivery,completed,South Africa,save10,
ORD-105103,CUST-1920,2026-07-20,website,credit card,Cancelled,U.K.,SAVE10,
ORD-105104,CUST-2487,"April 06, 2026",MOBILE APP,Cash on Delivery,Processing,U.S.A.,N/A,
ORD-105105,CUST-2163,05-Feb-2026,Marketplace,Cash on Delivery,Delivered,canada,WELCOME2025,
ORD-105106,CUST-3797,"August 10, 2025",Marketplace,Cash on Delivery,Processing,NG,N/A,
ORD-105107,CUST-3300,12/18/2025,website,PayPal,completed,Canada,N/A,
ORD-105108,CUST-2493,2025/02/02,Mobile App,Credit Card,Completed,UK,WELCOME2025,
ORD-105109,CUST-1539,2024-10-05,MOBILE APP,PayPal,Delivered,nigeria,N/A,
ORD-105110,CUST-3993,"June 08, 2025",website,Crypto,Pending,Nigeria,,
ORD-105111,CUST-3473,2025/11/14,Website,Cash on Delivery,SHIPPED,South Africa,N/A,
ORD-105112,CUST-3523,"January 18, 2024",In-Store,credit card,Cancelled,Nigeria,,
ORD-105113,CUST-3071,07/15/2026,Phone Order,Debit Card,Completed,England,SAVE10,
ORD-105114,CUST-2250,07/09/2024,MOBILE APP,PayPal,SHIPPED,ZA,SAVE10,
ORD-105115,CUST-1963,01-Jan-2024,Website,credit card,Cancelled,UK,SAVE10,
ORD-105116,CUST-1698,00/00/2025,Phone Order,Crypto,Delivered,United Kingdom,SAVE10,
ORD-100245,CUST-2133,12/06/2025,Phone Order,PayPal,SHIPPED,RSA,N/A,
ORD-105118,CUST-3082,"August 29, 2024",In-Store,Debit Card,Cancelled,CA,save10,
ORD-105119,CUST-2188,20/08/2024,Marketplace,Credit Card,SHIPPED,UK,save10,
ORD-105120,CUST-1527,"June 24, 2024",Website,Bank Transfer,SHIPPED,Nigéria,save10,
ORD-105121,CUST-1564,07/09/2024,Marketplace,Bank Transfer,completed,DE,save10,
ORD-105122,CUST-3250,2024/10/10,website,Crypto,completed,S. Africa,N/A,
ORD-105123,CUST-3726,06/23/2025,In-Store,Debit Card,Completed,canada,none,
ORD-105124,CUST-3138,07/03/2026,website,Bank Transfer,Delivered,australia,,
ORD-105125,CUST-1811,08-Jun-2024,Phone Order,Bank Transfer,SHIPPED,Australia,WELCOME2025,
ORD-105126,CUST-1676,25-Jan-2024,Phone Order,Debit Card,Cancelled,india,SAVE10,
ORD-105127,CUST-1567,27/11/2025,website,Credit Card,Cancelled,South Africa,,
ORD-105128,CUST-2510,18-Jun-2024,Marketplace,Credit Card,Cancelled,united states,save10,
ORD-105129,CUST-2539,03/06/2026,Phone Order,Debit Card,Refunded,nigeria,save10,
ORD-105130,CUST-2317,2026/05/24,Marketplace,Credit Card,completed,nigeria,,
ORD-105131,CUST-1941,01/09/2026,Website,Bank Transfer,completed,India,SAVE10,
ORD-105132,CUST-3563,15/02/2026,website,credit card,Cancelled,Canada,,
ORD-105133,CUST-2902,2024/05/26,Marketplace,Bank Transfer,Delivered,DE,none,
ORD-105134,CUST-3441,2025/03/12,Mobile App,Cash on Delivery,completed,S. Africa,,
ORD-105135,CUST-3546,04/08/2025,Mobile App,Bank Transfer,Processing,CA,,
ORD-105136,CUST-2305,2025/02/28,In-Store,Debit Card,Completed,canada,,
ORD-105137,CUST-3323,27-Feb-2024,Mobile App,Crypto,Delivered,France,,
ORD-105138,CUST-1420,2024/05/21,website,Bank Transfer,Cancelled,Britain,save10,
ORD-105139,CUST-3006,13-Jun-2026,Marketplace,Cash on Delivery,Cancelled,U.S.A.,WELCOME2025,
ORD-105140,CUST-1195,09/25/2024,Mobile App,Bank Transfer,completed,South Africa,none,
ORD-105141,CUST-3088,"September 02, 2025",Website,Cash on Delivery,Refunded,Brazil,none,
ORD-105142,CUST-2916,05/30/2024,MOBILE APP,PayPal,Cancelled,Brasil,save10,
ORD-105143,CUST-2079,07-Oct-2024,Website,Crypto,Refunded,germany,,
ORD-105144,CUST-2236,03/05/2026,Website,PayPal,Cancelled,germany,WELCOME2025,
ORD-105145,CUST-1635,2026-06-03,Phone Order,Cash on Delivery,Refunded,US,none,
ORD-105146,CUST-2771,2026-03-29,website,Bank Transfer,Pending,FR,SAVE10,
ORD-105147,CUST-3645,08-Apr-2026,Website,Cash on Delivery,Refunded,France,,
ORD-105148,CUST-1046,18-May-2024,MOBILE APP,Credit Card,SHIPPED,germany,,
ORD-105149,CUST-2824,08/02/2027,In-Store,Crypto,Refunded,CA,save10,
ORD-105150,CUST-3202,02/18/2024,In-Store,Crypto,Cancelled,United States,,
ORD-105151,CUST-3795,"October 04, 2024",website,PayPal,Processing,france,save10,
ORD-105152,CUST-3307,2025-12-12,Marketplace,Crypto,Completed,UK,save10,
ORD-105153,CUST-3019,10/04/2025,Mobile App,Debit Card,Delivered,IN,SAVE10,
ORD-105154,CUST-2359,2025-05-29,In-Store,Debit Card,Refunded,U.S.A.,none,
ORD-105155,CUST-3811,2024-09-22,MOBILE APP,Credit Card,Refunded,Bharat,none,
ORD-105156,CUST-3834,22/04/2026,MOBILE APP,Cash on Delivery,Refunded,Nigeria,none,
ORD-105157,CUST-2840,29-Jun-2024,Phone Order,Debit Card,Processing,CA,,
ORD-105158,CUST-2576,2024-01-17,Website,Debit Card,Cancelled,united states,,
ORD-105159,CUST-3332,"October 06, 2024",In-Store,Cash on Delivery,Pending,Germany,N/A,
ORD-105160,CUST-3355,06/11/2025,In-Store,Cash on Delivery,Cancelled,Germany,N/A,
ORD-105161,CUST-1340,2025-04-26,In-Store,Debit Card,Completed,France,N/A,
ORD-105162,CUST-2051,05/05/2026,In-Store,credit card,Refunded,US,none,
ORD-105163,CUST-3284,"March 18, 2026",Website,Debit Card,Processing,Brasil,save10,
ORD-105164,CUST-3756,2026/03/21,Phone Order,Bank Transfer,Completed,Canada,SAVE10,
ORD-105165,CUST-2176,13-Oct-2024,In-Store,Bank Transfer,Processing,Brazil,WELCOME2025,
ORD-105166,CUST-3805,14/04/2026,Website,Bank Transfer,completed,UK,,
ORD-105167,CUST-1607,"June 05, 2026",Website,Crypto,completed,BR,none,
ORD-105168,CUST-1307,01-Feb-2026,website,Debit Card,Processing,Canada,none,
ORD-105169,CUST-3078,2026/06/15,Mobile App,credit card,Processing,Brasil,save10,
ORD-105170,CUST-1912,2025-06-03,Mobile App,Cash on Delivery,Processing,Australia,none,
ORD-105171,CUST-2865,03/21/2026,Mobile App,Crypto,completed,france,,
ORD-105172,CUST-1148,03/22/2024,MOBILE APP,Debit Card,completed,Australia,,
ORD-105173,CUST-2460,07-Dec-2025,Phone Order,PayPal,Delivered,U.S.A.,N/A,
ORD-105174,CUST-1562,23/10/2025,MOBILE APP,Crypto,Cancelled,UK,none,
ORD-105175,CUST-2595,01/12/2024,Mobile App,Credit Card,completed,france,N/A,
ORD-105176,CUST-3029,07/02/2026,Phone Order,credit card,Cancelled,FR,save10,
ORD-105177,CUST-3701,"May 01, 2026",In-Store,Cash on Delivery,Refunded,NG,SAVE10,
ORD-105178,CUST-1640,16/11/2024,Mobile App,Debit Card,Pending,United States,none,
ORD-105179,CUST-2626,2026/05/19,Marketplace,PayPal,Pending,nigeria,N/A,
ORD-105180,CUST-3190,20/02/2025,website,Debit Card,Cancelled,France,none,
ORD-105181,CUST-2535,2024/04/10,In-Store,Debit Card,Pending,Australia,,
ORD-105182,CUST-2101,05-Jan-2026,website,Debit Card,Pending,U.K.,none,
ORD-105183,CUST-1225,02/05/2025,Mobile App,Cash on Delivery,SHIPPED,United States,,
ORD-105184,CUST-1573,07/29/2025,Phone Order,Crypto,completed,US,,
ORD-105185,CUST-1591,2024-11-16,Marketplace,Debit Card,Refunded,united states,save10,
ORD-105186,CUST-2002,2025-12-15,In-Store,Credit Card,completed,nigeria,,
ORD-105187,CUST-1132,03/10/2025,Website,credit card,Cancelled,France,WELCOME2025,
ORD-105188,CUST-1686,2025-11-04,In-Store,Debit Card,completed,France,N/A,
ORD-105189,CUST-1540,18-Apr-2025,Phone Order,Crypto,Cancelled,England,WELCOME2025,
ORD-105190,CUST-2224,18-Mar-2024,MOBILE APP,Bank Transfer,SHIPPED,United States,SAVE10,
ORD-105191,CUST-1434,2025/04/01,Phone Order,credit card,SHIPPED,Deutschland,none,
ORD-105192,CUST-2794,"March 21, 2024",Marketplace,Crypto,completed,Brasil,WELCOME2025,
ORD-105193,CUST-3864,20/09/2024,Website,Crypto,Refunded,india,save10,
ORD-105194,CUST-1855,25-Feb-2026,Website,Cash on Delivery,Refunded,IN,save10,
ORD-105195,CUST-3439,31-May-2024,Website,Debit Card,Delivered,Brazil,N/A,
ORD-105196,CUST-1017,17-Sep-2025,In-Store,credit card,Completed,india,,
ORD-105197,CUST-3237,05-Feb-2024,Marketplace,credit card,Pending,france,save10,
ORD-105198,CUST-1538,30/03/2026,website,credit card,Pending,Bharat,,
ORD-105199,CUST-3999,2025/02/14,website,credit card,Delivered,Nigéria,WELCOME2025,
ORD-105200,CUST-3487,09-Mar-2026,In-Store,Cash on Delivery,completed,Bharat,SAVE10,
ORD-105201,CUST-2987,18-Apr-2024,Website,Debit Card,SHIPPED,Nigeria,none,
ORD-105202,CUST-1803,12/16/2025,website,Bank Transfer,Delivered,Canada,,
ORD-105203,CUST-3207,02/07/2025,Phone Order,PayPal,completed,South Africa,save10,
ORD-105204,CUST-1982,02/07/2025,MOBILE APP,Debit Card,Cancelled,canada,N/A,
ORD-105205,CUST-1452,29/10/2024,Website,Credit Card,Refunded,france,SAVE10,
ORD-105206,CUST-1567,2025-03-24,website,PayPal,Pending,Germany,WELCOME2025,
ORD-105207,CUST-1829,14-Jul-2026,Mobile App,Cash on Delivery,Refunded,AU,save10,
ORD-105208,CUST-2707,07-Jul-2024,Phone Order,Cash on Delivery,SHIPPED,BR,,
ORD-105209,CUST-1738,2025/03/17,Website,Bank Transfer,SHIPPED,canada,WELCOME2025,
ORD-105210,CUST-3261,2026/01/04,In-Store,PayPal,Delivered,Canada,,
ORD-105211,CUST-2579,2025-02-07,In-Store,PayPal,Pending,canada,,
ORD-105212,CUST-3122,"July 06, 2025",Marketplace,Bank Transfer,Completed,india,none,
ORD-105213,CUST-3669,"April 04, 2024",Marketplace,PayPal,Completed,NG,save10,
ORD-105214,CUST-3342,11/30/2024,website,Cash on Delivery,Refunded,BR,,
ORD-105215,CUST-2777,"August 29, 2025",Mobile App,Credit Card,Cancelled,Nigéria,none,
ORD-105216,CUST-2428,20-Jan-2026,website,Cash on Delivery,Delivered,US,,
ORD-105217,CUST-3796,09-Jan-2025,Website,Debit Card,Cancelled,England,none,
ORD-105218,CUST-1651,2024/04/01,Mobile App,PayPal,Completed,RSA,save10,
ORD-105219,CUST-3306,"January 03, 2025",Website,Bank Transfer,completed,UK,,
ORD-105220,CUST-3565,"December 28, 2024",Marketplace,credit card,SHIPPED,Brazil,WELCOME2025,
ORD-105221,CUST-2678,26-May-2024,MOBILE APP,Debit Card,Refunded,United States,save10,
ORD-105222,CUST-1748,"March 27, 2025",Marketplace,credit card,Pending,United States,save10,
ORD-105223,CUST-2666,2026-01-26,Phone Order,credit card,SHIPPED,Deutschland,save10,
ORD-105224,CUST-1243,2024/01/03,Mobile App,Cash on Delivery,Completed,S. Africa,,
ORD-105225,CUST-2115,05-May-2026,Mobile App,Cash on Delivery,Processing,Canada,WELCOME2025,
ORD-105226,CUST-1950,2025/10/17,Website,Bank Transfer,completed,australia,WELCOME2025,
ORD-105227,CUST-1820,2025-12-18,Website,Crypto,Cancelled,IN,N/A,
ORD-105228,CUST-1783,2025/11/27,website,Crypto,Processing,FR,none,
ORD-105229,CUST-2768,"July 05, 2026",Marketplace,Bank Transfer,Refunded,Brasil,SAVE10,
ORD-105230,CUST-2247,2025-12-06,Marketplace,PayPal,completed,FR,N/A,
ORD-105231,CUST-1824,09/10/2024,In-Store,Crypto,Completed,Australia,none,
ORD-105232,CUST-1314,"August 06, 2027",Marketplace,Crypto,Delivered,australia,N/A,
ORD-105233,CUST-3550,22-Sep-2024,Website,Debit Card,Refunded,United States of America,N/A,
ORD-105234,CUST-2165,2025/04/25,Marketplace,credit card,Delivered,U.K.,none,
ORD-105235,CUST-3491,09-Oct-2025,Mobile App,credit card,Refunded,FR,,
ORD-105236,CUST-3401,10/09/2025,Marketplace,Bank Transfer,Processing,DE,WELCOME2025,
ORD-105237,CUST-1560,"March 24, 2025",Website,Debit Card,Pending,india,SAVE10,
ORD-105238,CUST-1904,12/29/2025,Phone Order,credit card,Processing,BR,WELCOME2025,
ORD-105239,CUST-3187,2024-11-03,MOBILE APP,Bank Transfer,Pending,nigeria,WELCOME2025,
ORD-105240,CUST-1341,2024-02-18,website,Debit Card,Processing,BR,SAVE10,
ORD-105241,CUST-2776,21/09/2025,Phone Order,Crypto,Processing,Brazil,,
ORD-105242,CUST-2893,2025-09-29,MOBILE APP,Credit Card,SHIPPED,France,save10,
ORD-105243,CUST-2038,2025-04-13,MOBILE APP,Debit Card,Delivered,Britain,,
ORD-105244,CUST-1810,07-Feb-2024,In-Store,PayPal,Pending,Australia,none,
ORD-105245,CUST-1466,2024-07-05,website,Cash on Delivery,Completed,australia,N/A,
ORD-105246,CUST-3552,23/01/2025,Marketplace,Bank Transfer,Pending,germany,,
ORD-105247,CUST-3057,2024/10/24,In-Store,Bank Transfer,Completed,DE,none,
ORD-105248,CUST-3024,2026-05-30,Marketplace,Bank Transfer,Processing,South Africa,SAVE10,
ORD-105249,CUST-1240,20-Dec-2024,Marketplace,Cash on Delivery,Refunded,France,SAVE10,
ORD-105250,CUST-2138,04-Mar-2026,Website,PayPal,Processing,India,,
ORD-105251,CUST-2802,10/10/2024,MOBILE APP,Bank Transfer,Pending,australia,,
ORD-105252,CUST-3811,08/17/2025,Marketplace,PayPal,Processing,Canada,WELCOME2025,
ORD-105253,CUST-2525,2026/06/13,Website,credit card,Delivered,united states,save10,
ORD-105254,CUST-3296,07/07/2026,MOBILE APP,Debit Card,SHIPPED,S. Africa,WELCOME2025,
ORD-105255,CUST-1038,2025/07/17,website,Debit Card,Cancelled,IN,SAVE10,
ORD-105256,CUST-1122,15-Feb-2024,Marketplace,Cash on Delivery,Refunded,S. Africa,N/A,
ORD-105257,CUST-1096,2024-01-24,In-Store,Debit Card,SHIPPED,Nigéria,N/A,
ORD-105258,CUST-1627,16-Mar-2024,website,Credit Card,Delivered,DE,none,
ORD-105259,CUST-3206,2027/04/02,In-Store,Credit Card,Pending,Australia,,
ORD-105260,CUST-2420,02/27/2024,Marketplace,Cash on Delivery,Pending,England,save10,
ORD-105261,CUST-1989,12/14/2024,Phone Order,Debit Card,completed,IN,none,
ORD-105262,CUST-1813,12-Apr-2025,website,credit card,Pending,Bharat,WELCOME2025,
ORD-105263,CUST-2279,28/03/2026,Phone Order,Bank Transfer,Cancelled,Canada,,
ORD-105264,CUST-3979,18/06/2026,Phone Order,PayPal,SHIPPED,United Kingdom,save10,
ORD-105265,CUST-2151,05-Mar-2024,website,PayPal,Cancelled,United States of America,,
ORD-105266,CUST-1201,10-Apr-2026,Phone Order,Debit Card,SHIPPED,Deutschland,,
ORD-105267,CUST-3404,2025-05-27,Phone Order,Bank Transfer,Refunded,india,none,
ORD-105268,CUST-2610,2024/06/15,Phone Order,Credit Card,completed,United States of America,none,
ORD-105269,CUST-2542,2025/07/07,In-Store,Cash on Delivery,Completed,RSA,save10,
ORD-100539,CUST-2553,11/03/2026,website,Credit Card,Delivered,FR,N/A,
ORD-105271,CUST-3521,2025-05-08,Website,Crypto,Completed,Brazil,save10,
ORD-105272,CUST-2199,04/09/2024,Website,Credit Card,completed,Brasil,N/A,
ORD-105273,CUST-2797,"January 09, 2025",Mobile App,Cash on Delivery,Cancelled,france,,
ORD-105274,CUST-1725,2025-06-08,MOBILE APP,Credit Card,Completed,RSA,SAVE10,
ORD-105275,CUST-1818,2026/05/14,In-Store,Debit Card,completed,AU,none,
ORD-105276,CUST-3113,2025-08-06,website,credit card,Pending,Germany,N/A,
ORD-105277,CUST-2778,28-May-2025,In-Store,Crypto,SHIPPED,CA,none,
ORD-105278,CUST-3209,"August 14, 2024",Phone Order,credit card,completed,Germany,,
ORD-105279,CUST-3540,"June 19, 2026",Marketplace,Debit Card,SHIPPED,france,WELCOME2025,
ORD-105280,CUST-2263,01/16/2024,website,credit card,Processing,CA,none,
ORD-105281,CUST-1854,2025-12-08,MOBILE APP,Bank Transfer,SHIPPED,Bharat,none,
ORD-105282,CUST-3457,16-Feb-2025,Marketplace,Bank Transfer,Delivered,IN,,
ORD-105283,CUST-3576,06/02/2024,Mobile App,Credit Card,Delivered,Bharat,none,
ORD-105284,CUST-1108,16-Mar-2026,In-Store,Cash on Delivery,completed,australia,N/A,
ORD-105285,CUST-1202,18/10/2027,Mobile App,Crypto,Cancelled,India,,
ORD-105286,CUST-3202,09/05/2025,Phone Order,Crypto,Cancelled,United Kingdom,N/A,
ORD-105287,CUST-1873,2024-10-17,Phone Order,credit card,completed,united states,N/A,
ORD-105288,CUST-2813,2024-11-26,In-Store,Crypto,Pending,canada,save10,
ORD-105289,CUST-2058,15-Feb-2026,Mobile App,PayPal,Refunded,S. Africa,N/A,
ORD-105290,CUST-1468,24-Feb-2024,Website,Credit Card,Pending,India,SAVE10,
ORD-105291,CUST-1063,2026-07-13,MOBILE APP,Bank Transfer,Cancelled,france,none,
ORD-105292,CUST-1168,20-Nov-2025,MOBILE APP,Debit Card,SHIPPED,Britain,SAVE10,
ORD-105293,CUST-2403,10/23/2025,Mobile App,Bank Transfer,Refunded,DE,WELCOME2025,
ORD-105294,CUST-2829,2025/10/02,Marketplace,PayPal,Cancelled,United States,,
ORD-105295,CUST-2279,13/12/2025,Mobile App,Bank Transfer,Delivered,Nigéria,save10,
ORD-105296,CUST-3328,2026/01/22,In-Store,PayPal,Pending,United Kingdom,,
ORD-105297,CUST-2058,22/05/2024,Mobile App,credit card,Completed,UK,WELCOME2025,
ORD-105298,CUST-2018,2024/08/19,In-Store,Credit Card,Pending,US,,
ORD-105299,CUST-3017,21-Aug-2024,website,Debit Card,Delivered,USA,N/A,
ORD-105300,CUST-3900,04/09/2024,MOBILE APP,Debit Card,completed,nigeria,,
ORD-105301,CUST-2140,2025-09-19,Phone Order,PayPal,Completed,Australia,N/A,
ORD-105302,CUST-3602,2024-08-09,Website,Debit Card,Delivered,S. Africa,,
ORD-105303,CUST-2186,10/08/2024,website,Cash on Delivery,Cancelled,DE,save10,
ORD-105304,CUST-2136,15/08/2025,Phone Order,PayPal,completed,France,save10,
ORD-105305,CUST-1805,2025/07/03,Phone Order,credit card,Processing,Brazil,none,
ORD-105306,CUST-3271,"June 14, 2026",Marketplace,Credit Card,Cancelled,RSA,none,
ORD-105307,CUST-2651,14-Aug-2025,Marketplace,credit card,Delivered,canada,N/A,
ORD-105308,CUST-1021,01/04/2025,Website,PayPal,SHIPPED,AU,,
ORD-105309,CUST-1570,01/13/2025,MOBILE APP,PayPal,Pending,DE,SAVE10,
ORD-105310,CUST-1495,24-Jan-2024,Phone Order,Crypto,Refunded,BR,WELCOME2025,
ORD-105311,CUST-3961,2025-08-14,MOBILE APP,Credit Card,completed,South Africa,WELCOME2025,
ORD-105312,CUST-1056,2024-01-14,Mobile App,Bank Transfer,completed,Germany,SAVE10,
ORD-105313,CUST-3999,2027/06/24,In-Store,Debit Card,Pending,Brasil,SAVE10,
ORD-105314,CUST-2226,08/08/2024,MOBILE APP,credit card,Completed,canada,,
ORD-105315,CUST-1387,2025-10-23,MOBILE APP,Debit Card,Cancelled,Brazil,save10,
ORD-105316,CUST-2602,2025-11-25,Phone Order,Debit Card,Pending,S. Africa,,
ORD-105317,CUST-2453,02-Dec-2025,MOBILE APP,Credit Card,Processing,Brazil,SAVE10,
ORD-105318,CUST-3710,27-Apr-2026,website,Credit Card,Refunded,US,SAVE10,
ORD-105319,CUST-3003,09/08/2024,Mobile App,Bank Transfer,SHIPPED,Deutschland,WELCOME2025,
ORD-105320,CUST-2395,11/02/2024,Website,credit card,Refunded,Britain,N/A,
ORD-105321,CUST-1536,04/07/2025,In-Store,PayPal,Delivered,Bharat,save10,
ORD-105322,CUST-1486,24-Aug-2024,In-Store,PayPal,SHIPPED,England,WELCOME2025,
ORD-105323,CUST-3690,05/19/2025,Phone Order,Debit Card,Delivered,CA,SAVE10,
ORD-105324,CUST-1033,2026-01-23,Marketplace,Debit Card,SHIPPED,france,N/A,
ORD-105325,CUST-2234,30/08/2025,Phone Order,PayPal,Delivered,RSA,none,
ORD-105326,CUST-1869,2024/01/21,Phone Order,PayPal,SHIPPED,ZA,N/A,
ORD-105327,CUST-3574,19-Jun-2025,website,Debit Card,Completed,RSA,SAVE10,
ORD-105328,CUST-3540,2025-10-24,Mobile App,Crypto,Refunded,canada,WELCOME2025,
ORD-105329,CUST-1405,2024-04-22,Mobile App,PayPal,Refunded,DE,save10,
ORD-105330,CUST-1134,2026/05/20,website,Crypto,Refunded,Nigeria,,
ORD-105331,CUST-3600,"May 01, 2024",In-Store,Debit Card,completed,US,,
ORD-105332,CUST-2485,"April 28, 2024",Marketplace,PayPal,completed,BR,none,
ORD-105333,CUST-2699,10-Aug-2025,Marketplace,PayPal,Completed,Brasil,WELCOME2025,
ORD-105334,CUST-1903,2024-01-04,Phone Order,Debit Card,Delivered,germany,,
ORD-105335,CUST-2578,2026-05-14,Marketplace,Bank Transfer,Refunded,ZA,,
ORD-105336,CUST-3301,04-Apr-2026,Website,Debit Card,Processing,Canada,SAVE10,
ORD-105337,CUST-3568,03/05/2024,In-Store,Cash on Delivery,Delivered,Brazil,N/A,
ORD-105338,CUST-1784,"May 19, 2026",In-Store,Cash on Delivery,SHIPPED,Australia,SAVE10,
ORD-105339,CUST-3521,2024/11/30,Mobile App,Cash on Delivery,Pending,Australia,,
ORD-105340,CUST-1516,2026-07-12,Marketplace,Cash on Delivery,SHIPPED,Brasil,save10,
ORD-105341,CUST-3557,"August 09, 2025",MOBILE APP,Debit Card,Processing,Brasil,save10,
ORD-105342,CUST-2399,09/09/2024,Mobile App,credit card,SHIPPED,Nigéria,N/A,
ORD-105343,CUST-1807,04-May-2025,Phone Order,Debit Card,Refunded,canada,save10,
ORD-105344,CUST-3673,07/07/2025,Mobile App,credit card,Pending,france,save10,
ORD-105345,CUST-1497,15/06/2025,Mobile App,Credit Card,Completed,AU,,
ORD-105346,CUST-2183,30-Jun-2025,Website,Bank Transfer,SHIPPED,AU,SAVE10,
ORD-105347,CUST-1273,2025-12-18,Marketplace,Crypto,SHIPPED,germany,,
ORD-105348,CUST-2698,2024/09/12,Mobile App,Credit Card,Processing,AU,SAVE10,
ORD-105349,CUST-3054,2025-11-27,Marketplace,credit card,Pending,Germany,,
ORD-105350,CUST-3450,"March 23, 2026",MOBILE APP,Debit Card,Delivered,AU,N/A,
ORD-104824,CUST-1112,16-Mar-2024,Website,Bank Transfer,Refunded,Brasil,,
ORD-105352,CUST-1795,2024-04-01,Website,Credit Card,Pending,Nigéria,SAVE10,
ORD-105353,CUST-1635,2025/08/19,Marketplace,Crypto,Delivered,U.S.A.,save10,
ORD-105354,CUST-2408,10/25/2024,MOBILE APP,Cash on Delivery,Completed,DE,,
ORD-105355,CUST-3884,07/06/2025,Website,credit card,SHIPPED,canada,,
ORD-105356,CUST-3683,2026-04-24,MOBILE APP,Cash on Delivery,Cancelled,Brazil,N/A,
ORD-105357,CUST-3802,2024-11-08,Phone Order,Crypto,Completed,Brazil,N/A,
ORD-105358,CUST-2891,2024/11/24,MOBILE APP,Bank Transfer,Delivered,france,,
ORD-105359,CUST-3363,2024-11-02,Mobile App,PayPal,Processing,Canada,SAVE10,
ORD-105360,CUST-1171,03/30/2026,MOBILE APP,Debit Card,Refunded,IN,N/A,
ORD-105361,CUST-2004,07/03/2024,Website,Bank Transfer,Pending,canada,,
ORD-105362,CUST-1408,05/09/2024,Marketplace,Crypto,Refunded,india,,
ORD-105363,CUST-1318,2025-04-31,Marketplace,Debit Card,Delivered,England,save10,
ORD-105364,CUST-1810,24-Jul-2024,Mobile App,PayPal,completed,US,WELCOME2025,
ORD-105365,CUST-3648,2025/11/12,Phone Order,PayPal,Cancelled,U.S.A.,,
ORD-105366,CUST-2926,28/03/2024,MOBILE APP,PayPal,Refunded,India,save10,
ORD-105367,CUST-2262,10/11/2024,MOBILE APP,credit card,Delivered,CA,N/A,
ORD-105368,CUST-3106,2024-06-05,Website,Credit Card,Cancelled,RSA,,
ORD-105369,CUST-2285,2026-05-29,Website,Credit Card,SHIPPED,Canada,none,
ORD-105370,CUST-3517,27/10/2025,MOBILE APP,Crypto,completed,United States of America,,
ORD-105371,CUST-3823,2024-07-21,Marketplace,Bank Transfer,SHIPPED,france,none,
ORD-105372,CUST-1959,25-Jul-2025,website,Credit Card,Pending,S. Africa,WELCOME2025,
ORD-105373,CUST-1683,2024-08-24,Marketplace,credit card,SHIPPED,Australia,N/A,
ORD-105374,CUST-1508,22/04/2024,MOBILE APP,Crypto,SHIPPED,Nigeria,SAVE10,
ORD-105375,CUST-1234,20/08/2024,Phone Order,Cash on Delivery,Delivered,United States of America,none,
ORD-105376,CUST-1301,2026/04/13,Phone Order,Cash on Delivery,Processing,England,N/A,
ORD-105377,CUST-3471,07-Sep-2025,Mobile App,Cash on Delivery,Delivered,UK,none,
ORD-105378,CUST-2163,30-Apr-2025,Mobile App,PayPal,completed,NG,SAVE10,
ORD-105379,CUST-1620,27/04/2024,website,Cash on Delivery,Cancelled,CA,,
ORD-105380,CUST-2250,"April 07, 2026",In-Store,PayPal,Cancelled,Australia,N/A,
ORD-102430,CUST-3392,2025-01-22,Website,Bank Transfer,Refunded,RSA,save10,
ORD-105382,CUST-3140,05/19/2025,Mobile App,Crypto,completed,Deutschland,N/A,
ORD-105383,CUST-1724,01/05/2025,Marketplace,Credit Card,Pending,U.K.,,
ORD-105384,CUST-2450,2024/10/25,Mobile App,Debit Card,Processing,Nigéria,,
ORD-105385,CUST-2308,"February 02, 2027",website,Debit Card,Completed,Germany,WELCOME2025,
ORD-105386,CUST-1688,22-Jun-2026,website,Debit Card,SHIPPED,Nigéria,save10,
ORD-105387,CUST-3407,2026/03/08,In-Store,credit card,Processing,France,,
ORD-105388,CUST-1232,17/06/2025,Website,PayPal,Pending,France,,
ORD-105389,CUST-1498,01-Apr-2024,Phone Order,Credit Card,SHIPPED,canada,SAVE10,
ORD-105390,CUST-2384,2024/08/09,Phone Order,PayPal,Completed,United States of America,N/A,
ORD-105391,CUST-2349,2025/07/12,MOBILE APP,Cash on Delivery,SHIPPED,Deutschland,,
ORD-105392,CUST-2022,21/04/2025,In-Store,Debit Card,Refunded,australia,SAVE10,
ORD-105393,CUST-3446,2026-06-11,Website,credit card,completed,Bharat,none,
ORD-105394,CUST-1513,19/07/2026,website,PayPal,Delivered,Brasil,WELCOME2025,
ORD-105395,CUST-1881,"September 26, 2025",Phone Order,Debit Card,Processing,FR,N/A,
ORD-105396,CUST-1267,2024/06/20,In-Store,Crypto,completed,Australia,none,
ORD-105397,CUST-2642,"February 23, 2025",website,credit card,Completed,australia,WELCOME2025,
ORD-105398,CUST-3228,05-Dec-2025,Mobile App,Credit Card,SHIPPED,Nigéria,,
ORD-105399,CUST-1793,"May 15, 2024",Mobile App,Bank Transfer,completed,Australia,save10,
ORD-105400,CUST-3536,2024/09/09,MOBILE APP,Debit Card,Delivered,DE,N/A,
ORD-105401,CUST-2111,02/04/2025,Website,Debit Card,Pending,Brazil,,
ORD-105402,CUST-2702,"May 26, 2024",MOBILE APP,Credit Card,Pending,Canada,none,
ORD-105403,CUST-3038,2026/06/19,Website,Bank Transfer,Completed,AU,N/A,
ORD-105404,CUST-2621,"January 18, 2024",In-Store,Credit Card,SHIPPED,France,save10,
ORD-105405,CUST-3022,2025/06/22,Website,credit card,Pending,France,save10,
ORD-105406,CUST-3122,2024/02/06,In-Store,Debit Card,Pending,Britain,N/A,
ORD-105407,CUST-2590,31/08/2025,Phone Order,Credit Card,completed,Nigeria,N/A,
ORD-105408,CUST-2371,23-Nov-2024,In-Store,credit card,Completed,DE,WELCOME2025,
ORD-105409,CUST-2205,23/01/2025,MOBILE APP,Crypto,Completed,DE,save10,
ORD-105410,CUST-1670,2024/09/17,In-Store,credit card,Completed,CA,SAVE10,
ORD-105411,CUST-3045,"September 29, 2024",Mobile App,Credit Card,Cancelled,AU,save10,
ORD-105412,CUST-3681,00/00/2025,Website,Credit Card,Refunded,Brasil,,
ORD-105413,CUST-1611,"February 12, 2025",website,Cash on Delivery,completed,india,SAVE10,
ORD-105414,CUST-2634,"August 23, 2025",MOBILE APP,credit card,completed,india,save10,
ORD-105415,CUST-2956,20-Oct-2024,In-Store,Credit Card,Processing,nigeria,none,
ORD-105416,CUST-3486,06/04/2025,MOBILE APP,PayPal,Processing,India,,
ORD-105417,CUST-1888,29-Mar-2024,Marketplace,PayPal,Delivered,india,none,
ORD-105418,CUST-2373,2024-12-27,MOBILE APP,Cash on Delivery,Pending,Brasil,WELCOME2025,
ORD-105419,CUST-3501,03/03/2026,Website,Cash on Delivery,completed,IN,save10,
ORD-105420,CUST-2790,2025-05-01,website,Credit Card,Processing,Germany,save10,
ORD-104445,CUST-2867,2025-07-07,MOBILE APP,Debit Card,Refunded,nigeria,,
ORD-105422,CUST-2809,12/14/2024,Mobile App,credit card,SHIPPED,canada,save10,
ORD-105423,CUST-1692,30/12/2025,Phone Order,Debit Card,Delivered,united states,,
ORD-105424,CUST-2343,2025-13-05,Mobile App,Crypto,Pending,United Kingdom,N/A,
ORD-105425,CUST-2623,07-Sep-2024,MOBILE APP,credit card,SHIPPED,france,N/A,
ORD-105426,CUST-3817,20-Oct-2025,Website,PayPal,Processing,ZA,save10,
ORD-105427,CUST-2832,2024-10-13,In-Store,credit card,Cancelled,England,,
ORD-105428,CUST-2445,06/11/2024,Mobile App,Crypto,Processing,NG,WELCOME2025,
ORD-105429,CUST-1192,2025-05-06,In-Store,Crypto,completed,South Africa,WELCOME2025,
ORD-105430,CUST-2146,02-Jan-2025,Marketplace,Debit Card,Completed,Nigeria,SAVE10,
ORD-105431,CUST-1949,"November 10, 2025",MOBILE APP,Bank Transfer,Pending,ZA,,
ORD-105432,CUST-3227,20-Jun-2024,Website,PayPal,Delivered,RSA,,
ORD-105433,CUST-1853,26-Jun-2026,Mobile App,Bank Transfer,Cancelled,South Africa,N/A,
ORD-105434,CUST-3644,2024-06-04,MOBILE APP,Cash on Delivery,SHIPPED,AU,,
ORD-105435,CUST-1963,2026/05/18,Marketplace,Credit Card,Completed,ZA,WELCOME2025,
ORD-105436,CUST-2650,2025-03-15,Marketplace,Credit Card,Cancelled,france,none,
ORD-105437,CUST-1694,2026/04/13,Mobile App,Crypto,completed,Nigéria,N/A,
ORD-105438,CUST-3119,2024-08-03,website,credit card,Pending,United Kingdom,,
ORD-105439,CUST-1170,2026-06-02,Mobile App,Bank Transfer,Refunded,Nigéria,save10,
ORD-105440,CUST-3896,2025/07/27,Marketplace,Bank Transfer,Pending,Deutschland,none,
ORD-105441,CUST-1773,"June 24, 2025",In-Store,credit card,Cancelled,DE,,
ORD-105442,CUST-1590,2025-13-05,Marketplace,PayPal,Completed,FR,N/A,
ORD-105443,CUST-2772,2026/02/03,website,Cash on Delivery,SHIPPED,germany,SAVE10,
ORD-105444,CUST-3573,2025/06/20,Website,Cash on Delivery,Delivered,US,save10,
ORD-105445,CUST-3087,2026-07-02,Mobile App,Credit Card,Cancelled,AU,,
ORD-105446,CUST-1168,"December 25, 2024",Phone Order,Debit Card,Pending,canada,save10,
ORD-105447,CUST-2977,19/09/2024,Mobile App,Credit Card,Delivered,US,SAVE10,
ORD-105448,CUST-1380,19-May-2026,Phone Order,Bank Transfer,Cancelled,US,WELCOME2025,
ORD-105449,CUST-2229,02/24/2024,In-Store,Credit Card,Processing,UK,save10,
ORD-105450,CUST-3936,"May 05, 2025",website,Debit Card,Delivered,BR,save10,
ORD-105451,CUST-3576,03-Jan-2026,Phone Order,Crypto,Processing,Germany,,
ORD-105452,CUST-2481,06-Nov-2025,website,credit card,completed,Bharat,,
ORD-105453,CUST-3814,12/15/2025,Mobile App,Credit Card,Refunded,Bharat,N/A,
ORD-105454,CUST-3457,06/30/2026,In-Store,Debit Card,Processing,BR,none,
ORD-105455,CUST-3957,"July 16, 2024",Mobile App,Debit Card,Pending,germany,,
ORD-105456,CUST-1338,2024/01/30,In-Store,Crypto,SHIPPED,AU,save10,
ORD-105457,CUST-2213,25-Nov-2024,In-Store,Credit Card,SHIPPED,united states,N/A,
ORD-105458,CUST-1846,2025-04-06,MOBILE APP,PayPal,Completed,germany,,
ORD-105459,CUST-1292,02/21/2025,In-Store,Debit Card,Cancelled,DE,,
ORD-105460,CUST-1546,2024/09/06,Mobile App,Cash on Delivery,Cancelled,AU,,
ORD-105461,CUST-1901,27/03/2026,Website,Crypto,Cancelled,Brasil,SAVE10,
ORD-105462,CUST-1765,"April 16, 2024",Phone Order,credit card,SHIPPED,NG,save10,
ORD-105463,CUST-1899,05-Sep-2024,Website,Debit Card,completed,nigeria,SAVE10,
ORD-105464,CUST-2375,"December 19, 2025",Website,PayPal,completed,Australia,,
ORD-105465,CUST-1893,02/05/2025,MOBILE APP,Cash on Delivery,Refunded,England,save10,
ORD-105466,CUST-3876,"October 18, 2025",MOBILE APP,Bank Transfer,Pending,france,none,
ORD-101599,CUST-3205,04/10/2026,Website,Debit Card,Refunded,AU,save10,
ORD-105468,CUST-2055,2024/07/05,website,PayPal,Pending,England,N/A,
ORD-105469,CUST-1314,02/04/2026,Website,Bank Transfer,Refunded,Nigeria,WELCOME2025,
ORD-105470,CUST-1456,07/10/2024,Phone Order,PayPal,Cancelled,Nigéria,save10,
ORD-105471,CUST-3845,03/06/2024,In-Store,Crypto,Processing,Germany,none,
ORD-105472,CUST-2877,10/03/2024,MOBILE APP,Credit Card,completed,nigeria,,
ORD-105473,CUST-2492,2026/04/23,Website,Credit Card,Processing,UK,SAVE10,
ORD-105474,CUST-1640,03/17/2026,Phone Order,Cash on Delivery,completed,United States,,
ORD-105475,CUST-1908,2025-04-10,Phone Order,Bank Transfer,completed,germany,N/A,
ORD-105476,CUST-2407,2024/11/19,website,Bank Transfer,SHIPPED,USA,none,
ORD-105477,CUST-2020,23/02/2024,website,credit card,Pending,USA,,
ORD-105478,CUST-1160,04/22/2025,Website,Crypto,Cancelled,AU,WELCOME2025,
ORD-105479,CUST-3833,18/01/2025,Mobile App,Cash on Delivery,Refunded,Britain,none,
ORD-105480,CUST-1391,07/05/2024,website,Debit Card,Cancelled,England,,
ORD-105481,CUST-2072,"February 17, 2026",Website,Bank Transfer,completed,AU,none,
ORD-105482,CUST-3679,19/07/2026,Marketplace,Bank Transfer,Processing,Brazil,WELCOME2025,
ORD-105483,CUST-2756,25/01/2025,Mobile App,Cash on Delivery,Processing,france,save10,
ORD-105484,CUST-2885,08-Mar-2024,Phone Order,PayPal,Pending,S. Africa,WELCOME2025,
ORD-105485,CUST-3131,"March 05, 2025",Marketplace,Bank Transfer,Refunded,France,WELCOME2025,
ORD-105486,CUST-2593,2026/02/15,website,credit card,Cancelled,Nigeria,N/A,
ORD-105487,CUST-3040,19/02/2025,Phone Order,Bank Transfer,SHIPPED,BR,,
ORD-105488,CUST-3308,2026-04-01,In-Store,Credit Card,completed,Brasil,save10,
ORD-105489,CUST-2191,06/09/2024,Website,Credit Card,completed,india,SAVE10,
ORD-105490,CUST-3778,16-May-2024,Website,Crypto,Pending,S. Africa,N/A,
ORD-105491,CUST-1934,12-Mar-2024,Website,PayPal,Cancelled,FR,save10,
ORD-105492,CUST-2480,"September 10, 2025",Website,Debit Card,Pending,South Africa,SAVE10,
ORD-105493,CUST-1975,2025-01-11,MOBILE APP,PayPal,Processing,U.K.,WELCOME2025,
ORD-105494,CUST-2919,2025/02/16,Phone Order,PayPal,completed,UK,none,
ORD-105495,CUST-3200,2024-04-03,website,Cash on Delivery,Delivered,USA,,
ORD-105496,CUST-1613,"September 24, 2024",Phone Order,Debit Card,Pending,Germany,SAVE10,
ORD-105497,CUST-3994,10/30/2024,website,Cash on Delivery,SHIPPED,United States,save10,
ORD-105498,CUST-1478,2025/01/17,In-Store,Crypto,Completed,FR,save10,
ORD-105499,CUST-3252,2024-09-29,MOBILE APP,Cash on Delivery,Pending,france,,
ORD-105500,CUST-2803,21-Jul-2027,MOBILE APP,Cash on Delivery,Pending,DE,save10,
ORD-105501,CUST-1597,"March 03, 2025",Marketplace,Bank Transfer,Pending,Nigeria,save10,
ORD-105502,CUST-1589,09/22/2025,Website,credit card,completed,South Africa,,
ORD-105503,CUST-2504,02/09/2024,Website,Debit Card,Processing,England,N/A,
ORD-105504,CUST-2359,11-Jul-2024,Website,Cash on Delivery,SHIPPED,Nigéria,,
ORD-105505,CUST-3579,11/15/2025,Website,Credit Card,Delivered,United Kingdom,SAVE10,
ORD-105506,CUST-1991,04/01/2024,Marketplace,Cash on Delivery,Processing,NG,,
ORD-105507,CUST-1775,22-Nov-2025,In-Store,Debit Card,SHIPPED,Deutschland,,
ORD-105508,CUST-2046,22/07/2025,Website,Crypto,Refunded,U.S.A.,N/A,
ORD-105509,CUST-1734,27-Aug-2024,MOBILE APP,Debit Card,completed,australia,save10,
ORD-105510,CUST-3050,2026-07-14,Mobile App,credit card,Pending,Brasil,,
ORD-105511,CUST-1051,18-Jun-2026,Website,credit card,Processing,Deutschland,,
ORD-105512,CUST-3570,2025-02-20,website,Crypto,Processing,Germany,N/A,
ORD-105513,CUST-2175,11/03/2024,Mobile App,PayPal,SHIPPED,france,WELCOME2025,
ORD-105514,CUST-1757,2024/08/07,MOBILE APP,Cash on Delivery,Pending,Nigéria,save10,
ORD-105515,CUST-3567,07/28/2024,website,Cash on Delivery,SHIPPED,france,,
ORD-105516,CUST-3786,2024-05-06,Marketplace,Debit Card,SHIPPED,Germany,none,
ORD-105517,CUST-2334,"January 05, 2026",website,Bank Transfer,SHIPPED,United Kingdom,none,
ORD-105518,CUST-1334,18-May-2026,Website,Cash on Delivery,Cancelled,United States,,
ORD-105519,CUST-3730,"May 11, 2025",Marketplace,Cash on Delivery,Refunded,australia,save10,
ORD-105520,CUST-1287,07/12/2024,In-Store,Debit Card,Delivered,S. Africa,save10,
ORD-105521,CUST-2248,06/06/2025,In-Store,PayPal,completed,Brasil,none,
ORD-105522,CUST-1719,2025/06/23,website,Credit Card,Pending,Nigeria,,
ORD-105523,CUST-2493,29-Jul-2024,Marketplace,Cash on Delivery,Delivered,AU,save10,
ORD-105524,CUST-1892,04-Jun-2024,In-Store,Crypto,completed,France,WELCOME2025,
ORD-105525,CUST-3745,13/10/2025,Mobile App,credit card,Refunded,Brasil,,
ORD-105526,CUST-2038,2025-04-31,Marketplace,Debit Card,Pending,Nigéria,,
ORD-105527,CUST-3299,30/03/2024,Marketplace,Debit Card,Completed,DE,,
ORD-105528,CUST-2318,04-Oct-2025,MOBILE APP,Debit Card,Completed,Nigéria,SAVE10,
ORD-105529,CUST-1295,18-Apr-2024,In-Store,Debit Card,completed,australia,none,
ORD-105530,CUST-1387,07/24/2024,Mobile App,Crypto,Processing,AU,WELCOME2025,
ORD-105531,CUST-2546,12-Dec-2024,Phone Order,Debit Card,Processing,India,WELCOME2025,
ORD-105532,CUST-1536,12/07/2024,Mobile App,credit card,Completed,Australia,N/A,
ORD-105533,CUST-2874,"February 16, 2024",Marketplace,PayPal,SHIPPED,CA,,
ORD-105534,CUST-3088,10-Oct-2024,MOBILE APP,PayPal,Processing,Brazil,SAVE10,
ORD-105535,CUST-1370,23-Jan-2026,Mobile App,Bank Transfer,Cancelled,NG,SAVE10,
ORD-105536,CUST-3398,"January 22, 2026",Marketplace,Crypto,completed,france,save10,
ORD-105537,CUST-2374,2024-03-24,Website,Crypto,Completed,CA,,
ORD-105538,CUST-3692,2024-09-13,Marketplace,Cash on Delivery,Processing,nigeria,none,
ORD-105539,CUST-1917,27/06/2025,Website,Cash on Delivery,Pending,France,N/A,
ORD-105540,CUST-2390,21/09/2025,website,credit card,completed,france,none,
ORD-105541,CUST-2436,23-Aug-2025,In-Store,Crypto,Processing,ZA,SAVE10,
ORD-105542,CUST-1402,28-Feb-2026,website,Bank Transfer,Refunded,Brazil,,
ORD-105543,CUST-3629,09/01/2026,Marketplace,Bank Transfer,Completed,FR,none,
ORD-105544,CUST-1607,08/27/2024,Mobile App,Credit Card,Processing,india,,
ORD-105545,CUST-1569,2025/09/27,Mobile App,credit card,Completed,United States of America,WELCOME2025,
ORD-105546,CUST-2661,02/04/2026,Website,Crypto,Completed,United Kingdom,N/A,
ORD-105547,CUST-3233,19/08/2024,Mobile App,Credit Card,SHIPPED,united states,SAVE10,
ORD-105548,CUST-1970,13-Jan-2024,website,credit card,Delivered,South Africa,SAVE10,
ORD-105549,CUST-3780,2025-02-17,Phone Order,Credit Card,completed,S. Africa,N/A,
ORD-105550,CUST-1271,27-Aug-2024,MOBILE APP,Crypto,SHIPPED,United Kingdom,none,
ORD-105551,CUST-3881,21-Feb-2025,In-Store,Cash on Delivery,completed,ZA,save10,
ORD-105552,CUST-2019,2026/02/17,website,Crypto,Completed,U.K.,,
ORD-105553,CUST-2914,"June 15, 2026",MOBILE APP,Credit Card,Delivered,FR,SAVE10,
ORD-105554,CUST-3732,06/20/2025,MOBILE APP,Bank Transfer,Refunded,South Africa,,
ORD-105555,CUST-3746,12/05/2025,In-Store,Crypto,Refunded,france,,
ORD-105556,CUST-2639,2025-12-21,MOBILE APP,Bank Transfer,Completed,AU,,
ORD-105557,CUST-3749,"June 28, 2025",website,Debit Card,Pending,S. Africa,SAVE10,
ORD-105558,CUST-3485,12/09/2024,In-Store,Bank Transfer,Processing,IN,SAVE10,
ORD-105559,CUST-1949,2025-02-30,website,Bank Transfer,Cancelled,ZA,save10,
ORD-105560,CUST-3060,2025/01/05,Mobile App,credit card,Cancelled,U.S.A.,SAVE10,
ORD-105561,CUST-2774,"June 06, 2024",In-Store,Debit Card,Cancelled,CA,,
ORD-105562,CUST-2120,"March 24, 2024",Marketplace,Bank Transfer,Cancelled,Deutschland,SAVE10,
ORD-105563,CUST-1212,"March 04, 2025",Website,PayPal,Completed,India,,
ORD-105564,CUST-3534,07/13/2024,MOBILE APP,Crypto,Processing,South Africa,save10,
ORD-105565,CUST-1066,2025-13-05,website,Cash on Delivery,Cancelled,united states,none,
ORD-105566,CUST-3717,03/02/2025,Marketplace,Crypto,Refunded,canada,none,
ORD-105567,CUST-1880,"March 11, 2025",Marketplace,Debit Card,Cancelled,USA,,
ORD-105568,CUST-1244,03/05/2025,MOBILE APP,Bank Transfer,completed,CA,SAVE10,
ORD-105569,CUST-2389,2024/08/21,Website,Cash on Delivery,Pending,Brasil,WELCOME2025,
ORD-105570,CUST-2067,05/05/2026,MOBILE APP,Crypto,SHIPPED,Britain,,
ORD-105571,CUST-2143,2025/03/18,MOBILE APP,credit card,Cancelled,AU,none,
ORD-105572,CUST-2001,26-Apr-2026,Website,Debit Card,Cancelled,nigeria,WELCOME2025,
ORD-105573,CUST-1378,08/02/2026,website,PayPal,completed,CA,SAVE10,
ORD-105574,CUST-3183,04/16/2026,In-Store,Credit Card,Completed,India,WELCOME2025,
ORD-105575,CUST-1129,24-Jul-2025,In-Store,Bank Transfer,SHIPPED,germany,SAVE10,
ORD-105576,CUST-3768,13-May-2026,Website,Bank Transfer,Pending,CA,none,
ORD-105577,CUST-2780,2024/06/09,In-Store,Debit Card,Refunded,australia,none,
ORD-105578,CUST-1914,14-Feb-2025,website,Credit Card,Refunded,france,N/A,
ORD-105579,CUST-2308,"March 22, 2024",Phone Order,Credit Card,Cancelled,US,,
ORD-105580,CUST-2542,00/00/2025,Website,Credit Card,Delivered,South Africa,SAVE10,
ORD-105581,CUST-1946,22-Oct-2025,In-Store,Debit Card,Completed,CA,N/A,
ORD-105582,CUST-1330,28-May-2026,Marketplace,Bank Transfer,Refunded,Deutschland,save10,
ORD-105583,CUST-3826,09-Apr-2025,Mobile App,Cash on Delivery,completed,Germany,N/A,
ORD-105584,CUST-2393,04/19/2024,website,Bank Transfer,completed,Deutschland,N/A,
ORD-105585,CUST-2457,21-Jan-2025,Phone Order,PayPal,Cancelled,DE,none,
ORD-105586,CUST-2466,2024-09-13,Mobile App,Cash on Delivery,Completed,DE,WELCOME2025,
ORD-105587,CUST-3024,30-Aug-2025,website,Credit Card,Cancelled,germany,WELCOME2025,
ORD-105588,CUST-2444,22-Mar-2024,MOBILE APP,Cash on Delivery,SHIPPED,Brazil,,
ORD-105589,CUST-2465,2024-05-18,Phone Order,Crypto,Processing,Canada,save10,
ORD-105590,CUST-3803,"November 10, 2024",Marketplace,Crypto,Delivered,Nigeria,none,
ORD-105591,CUST-1501,28/06/2026,In-Store,Cash on Delivery,Completed,germany,SAVE10,
ORD-105592,CUST-2558,10/03/2024,Website,Credit Card,completed,United Kingdom,WELCOME2025,
ORD-105593,CUST-1022,04/02/2025,website,PayPal,Completed,Deutschland,none,
ORD-105594,CUST-3803,2025-11-09,In-Store,credit card,Completed,france,N/A,
ORD-105595,CUST-1160,08/31/2025,Website,Debit Card,Delivered,india,,
ORD-105596,CUST-2924,28/09/2024,Phone Order,Debit Card,Completed,FR,SAVE10,
ORD-105597,CUST-2922,2026/03/26,Phone Order,Bank Transfer,Cancelled,Germany,none,
ORD-105598,CUST-3201,"December 23, 2025",website,PayPal,Completed,United Kingdom,N/A,
ORD-105599,CUST-2318,09/12/2024,Marketplace,Crypto,Completed,RSA,SAVE10,
ORD-105600,CUST-3895,"January 22, 2024",Mobile App,credit card,Cancelled,Britain,none,
ORD-105601,CUST-1897,05/22/2026,In-Store,Debit Card,completed,Brasil,SAVE10,
ORD-105602,CUST-1972,"August 01, 2025",MOBILE APP,PayPal,Delivered,FR,,
ORD-105603,CUST-1430,04/23/2026,Phone Order,Cash on Delivery,Cancelled,United Kingdom,WELCOME2025,
ORD-105604,CUST-2778,2024-06-10,website,Cash on Delivery,completed,NG,save10,
ORD-105605,CUST-2494,2026/03/21,Marketplace,Crypto,Processing,australia,,
ORD-105606,CUST-2392,12-Oct-2024,MOBILE APP,Crypto,Refunded,Germany,N/A,
ORD-105607,CUST-3782,"May 01, 2025",Marketplace,PayPal,Delivered,ZA,save10,
ORD-105608,CUST-1962,05/21/2026,Marketplace,Credit Card,Cancelled,Brasil,,
ORD-105609,CUST-3319,2026-03-30,Phone Order,credit card,Completed,Germany,,
ORD-105610,CUST-2411,04/17/2026,website,Bank Transfer,completed,Deutschland,,
ORD-105611,CUST-1638,29-Jun-2026,Marketplace,Crypto,Refunded,germany,,
ORD-105612,CUST-1364,23/04/2025,Website,credit card,Pending,DE,save10,
ORD-105613,CUST-2161,05/24/2026,Marketplace,PayPal,completed,US,none,
ORD-105614,CUST-3317,"June 18, 2025",Phone Order,Bank Transfer,Delivered,united states,,
ORD-105615,CUST-2623,2025/12/30,website,Credit Card,Cancelled,IN,WELCOME2025,
ORD-105616,CUST-1702,06/04/2026,Marketplace,PayPal,Delivered,USA,SAVE10,
ORD-105617,CUST-2414,03/29/2024,website,Debit Card,Processing,Australia,N/A,
ORD-105618,CUST-1624,28-Nov-2024,Marketplace,credit card,Pending,canada,none,
ORD-105619,CUST-3230,01-May-2025,Website,PayPal,Delivered,nigeria,save10,
ORD-105620,CUST-3289,30-Nov-2025,In-Store,Crypto,SHIPPED,UK,,
ORD-105621,CUST-1772,09/06/2025,In-Store,credit card,Delivered,Bharat,N/A,
ORD-105622,CUST-2436,2026-07-09,In-Store,Crypto,Cancelled,nigeria,N/A,
ORD-105623,CUST-1213,"January 21, 2024",Phone Order,Credit Card,Completed,india,N/A,
ORD-105624,CUST-3232,2024-09-17,MOBILE APP,Crypto,Processing,Britain,none,
ORD-105625,CUST-1480,03/20/2024,website,Cash on Delivery,Cancelled,Germany,N/A,
ORD-105626,CUST-1832,03/02/2024,Phone Order,PayPal,completed,australia,,
ORD-105627,CUST-3683,22/06/2024,MOBILE APP,Crypto,SHIPPED,BR,none,
ORD-105628,CUST-2714,"August 29, 2025",Marketplace,Crypto,SHIPPED,France,none,
ORD-105629,CUST-2244,09/17/2024,website,credit card,Delivered,India,SAVE10,
ORD-105630,CUST-2000,05/10/2025,Website,credit card,Pending,France,SAVE10,
ORD-105631,CUST-2555,02/19/2025,In-Store,credit card,SHIPPED,Britain,N/A,
ORD-105632,CUST-1705,18/01/2026,Marketplace,Cash on Delivery,SHIPPED,DE,WELCOME2025,
ORD-105633,CUST-2487,04/03/2024,Mobile App,Credit Card,Refunded,India,,
ORD-105634,CUST-3304,29-Mar-2026,MOBILE APP,Crypto,Completed,Deutschland,SAVE10,
ORD-105635,CUST-2702,"March 23, 2024",MOBILE APP,Cash on Delivery,Pending,Canada,,
ORD-105636,CUST-3943,2024-10-17,website,Credit Card,Completed,NG,,
ORD-105637,CUST-1339,"October 06, 2024",Marketplace,credit card,Refunded,South Africa,none,
ORD-105638,CUST-2341,01/27/2024,MOBILE APP,Bank Transfer,Refunded,UK,SAVE10,
ORD-105639,CUST-2915,06/26/2024,Mobile App,credit card,Processing,Brazil,,
ORD-105640,CUST-3041,08/03/2026,website,Credit Card,completed,united states,N/A,
ORD-105641,CUST-3045,12/04/2025,website,PayPal,Refunded,Canada,save10,
ORD-105642,CUST-2524,08-Nov-2025,Phone Order,Crypto,Cancelled,United States of America,,
ORD-105643,CUST-2591,26-Jul-2024,Website,Cash on Delivery,completed,BR,N/A,
ORD-105644,CUST-3724,01/03/2026,In-Store,credit card,completed,nigeria,,
ORD-105645,CUST-2950,"January 28, 2025",In-Store,PayPal,SHIPPED,india,SAVE10,
ORD-105646,CUST-2660,2024-06-17,Website,Crypto,Delivered,UK,WELCOME2025,
ORD-105647,CUST-2730,26/08/2024,Marketplace,credit card,Delivered,Brazil,save10,
ORD-105648,CUST-1297,11/30/2024,In-Store,Bank Transfer,Completed,BR,none,
ORD-105649,CUST-1668,03/25/2025,Marketplace,Debit Card,Cancelled,RSA,SAVE10,
ORD-105650,CUST-2054,03/25/2025,Mobile App,Crypto,Refunded,ZA,save10,
ORD-105651,CUST-3346,15/08/2024,Website,PayPal,Completed,Australia,none,
ORD-105652,CUST-3495,"November 04, 2025",Marketplace,Cash on Delivery,Cancelled,Brazil,none,
ORD-105653,CUST-3617,30-Sep-2025,Marketplace,Cash on Delivery,Cancelled,UK,none,
ORD-105654,CUST-2362,14/07/2025,Website,Debit Card,Delivered,S. Africa,SAVE10,
ORD-105655,CUST-2359,27/03/2024,Marketplace,PayPal,Completed,india,SAVE10,
ORD-105656,CUST-1623,13/01/2024,Website,Cash on Delivery,Refunded,S. Africa,N/A,
ORD-105657,CUST-2907,08/08/2024,Marketplace,Cash on Delivery,Cancelled,United States of America,N/A,
ORD-105658,CUST-2150,02-Sep-2024,website,Cash on Delivery,completed,US,save10,
ORD-105659,CUST-3564,12/15/2024,Mobile App,Cash on Delivery,Cancelled,india,save10,
ORD-105660,CUST-3266,03/03/2025,Mobile App,Debit Card,completed,Deutschland,,
ORD-105661,CUST-1922,2024-10-18,Marketplace,Cash on Delivery,Refunded,United Kingdom,,
ORD-105662,CUST-2838,03/27/2026,MOBILE APP,PayPal,Processing,ZA,none,
ORD-105663,CUST-1501,05/04/2024,Website,Bank Transfer,completed,germany,SAVE10,
ORD-105664,CUST-2133,"May 06, 2024",Mobile App,Credit Card,Processing,United Kingdom,SAVE10,
ORD-105665,CUST-1044,02/10/2026,MOBILE APP,Crypto,SHIPPED,Britain,,
ORD-105666,CUST-3280,2024/10/16,Phone Order,Bank Transfer,Cancelled,Nigéria,,
ORD-105667,CUST-1421,00/00/2025,website,Debit Card,Processing,FR,none,
ORD-105668,CUST-1678,24/01/2024,MOBILE APP,PayPal,SHIPPED,nigeria,,
ORD-105669,CUST-1359,"September 07, 2025",In-Store,Crypto,Refunded,FR,,
ORD-105670,CUST-2025,2026-05-03,Phone Order,Debit Card,completed,france,WELCOME2025,
ORD-105671,CUST-2917,20/10/2024,In-Store,Credit Card,Completed,ZA,SAVE10,
ORD-105672,CUST-3221,01/08/2025,In-Store,Credit Card,Completed,france,WELCOME2025,
ORD-105673,CUST-2318,2026-05-30,Mobile App,Credit Card,completed,,,
ORD-105674,CUST-3871,2024-05-24,In-Store,Debit Card,Completed,U.K.,SAVE10,
ORD-105675,CUST-2767,19-Jun-2026,MOBILE APP,PayPal,SHIPPED,Britain,none,
ORD-105676,CUST-3866,09/30/2024,In-Store,Crypto,Processing,Bharat,WELCOME2025,
ORD-105677,CUST-3258,2025-02-17,Mobile App,credit card,SHIPPED,nigeria,WELCOME2025,
ORD-105678,CUST-3733,15/05/2026,Marketplace,credit card,Completed,FR,,
ORD-105679,CUST-3913,2026-01-03,Mobile App,Bank Transfer,Refunded,france,N/A,
ORD-105680,CUST-1248,"September 13, 2024",website,credit card,Processing,NG,WELCOME2025,
ORD-105681,CUST-1376,"April 22, 2025",website,Cash on Delivery,SHIPPED,Canada,none,
ORD-105682,CUST-2632,2024/05/15,Marketplace,PayPal,Delivered,IN,,
ORD-105683,CUST-1298,01/02/2024,In-Store,Debit Card,Refunded,Nigéria,none,
ORD-105684,CUST-1343,19-Nov-2025,website,credit card,Pending,FR,WELCOME2025,
ORD-105685,CUST-3096,02/21/2026,Website,Cash on Delivery,Cancelled,france,none,
ORD-105686,CUST-3085,08/17/2025,website,Cash on Delivery,Delivered,NG,,
ORD-105687,CUST-2452,12-Dec-2025,website,credit card,Cancelled,Bharat,none,
ORD-105688,CUST-1227,2024-01-10,In-Store,PayPal,Cancelled,Bharat,,
ORD-105689,CUST-3110,14-Nov-2025,Phone Order,credit card,Pending,AU,WELCOME2025,
ORD-105690,CUST-3079,30-Nov-2025,Mobile App,Debit Card,SHIPPED,Brazil,,
ORD-105691,CUST-1755,2026-04-14,MOBILE APP,Cash on Delivery,Processing,AU,save10,
ORD-105692,CUST-1635,2025-04-08,Website,Bank Transfer,Pending,united states,WELCOME2025,
ORD-105693,CUST-1627,"February 29, 2024",Phone Order,Cash on Delivery,Completed,RSA,N/A,
ORD-105694,CUST-1850,2026/07/07,MOBILE APP,Credit Card,SHIPPED,CA,SAVE10,
ORD-105695,CUST-2286,2024-10-10,website,credit card,Refunded,India,save10,
ORD-105696,CUST-3695,2026/05/15,In-Store,Debit Card,Pending,Bharat,N/A,
ORD-105697,CUST-1648,02/19/2024,Website,PayPal,Cancelled,S. Africa,save10,
ORD-105698,CUST-1251,13/07/2024,In-Store,Bank Transfer,Delivered,UK,save10,
ORD-105699,CUST-3820,06/03/2025,website,Debit Card,Pending,S. Africa,WELCOME2025,
ORD-105700,CUST-3495,2024-10-25,Marketplace,PayPal,Cancelled,U.K.,none,
ORD-105701,CUST-2522,04-Sep-2024,Website,Cash on Delivery,Processing,RSA,none,
ORD-105702,CUST-1301,14/06/2025,website,Credit Card,completed,ZA,N/A,
ORD-105703,CUST-1261,04/30/2025,In-Store,Credit Card,Pending,france,none,
ORD-105704,CUST-2883,2024-11-21,website,Cash on Delivery,Pending,Australia,SAVE10,
ORD-105705,CUST-2710,11/11/2024,In-Store,credit card,completed,Brazil,N/A,
ORD-103811,CUST-1787,"May 14, 2026",MOBILE APP,Credit Card,Pending,U.K.,SAVE10,
ORD-105707,CUST-3829,10/04/2025,MOBILE APP,PayPal,completed,Britain,none,
ORD-105708,CUST-3179,18-Jun-2024,website,Crypto,Completed,Brazil,save10,
ORD-105709,CUST-1346,21/03/2024,MOBILE APP,credit card,completed,AU,,
ORD-105710,CUST-2404,2025/11/08,Phone Order,Crypto,Cancelled,Canada,,
ORD-105711,CUST-2242,"July 12, 2024",Website,Cash on Delivery,Processing,germany,none,
ORD-105712,CUST-3369,2024/06/15,Marketplace,Credit Card,Delivered,USA,,
ORD-105713,CUST-3639,"January 17, 2025",Marketplace,Debit Card,Cancelled,DE,,
ORD-105714,CUST-2594,2026-05-25,In-Store,Cash on Delivery,Delivered,United States,,
ORD-105715,CUST-3148,"December 02, 2024",Phone Order,Crypto,Cancelled,DE,,
ORD-105716,CUST-2984,"February 26, 2025",Website,PayPal,Processing,RSA,N/A,
ORD-105717,CUST-2820,"April 25, 2025",Phone Order,Credit Card,Completed,Britain,,
ORD-105718,CUST-1561,06-May-2024,Marketplace,Crypto,SHIPPED,BR,none,
ORD-105719,CUST-1332,25-May-2024,Mobile App,Debit Card,SHIPPED,DE,WELCOME2025,
ORD-105720,CUST-1883,"October 06, 2025",Phone Order,credit card,completed,australia,,
ORD-105721,CUST-3191,18/02/2026,Phone Order,Crypto,Processing,DE,,
ORD-105722,CUST-3054,20-Jul-2024,Phone Order,Cash on Delivery,Delivered,ZA,,
ORD-105723,CUST-2403,"January 23, 2024",Mobile App,Credit Card,SHIPPED,S. Africa,save10,
ORD-105724,CUST-3490,"March 07, 2026",In-Store,PayPal,Cancelled,france,WELCOME2025,
ORD-105725,CUST-3764,11/02/2026,In-Store,Credit Card,SHIPPED,nigeria,save10,
ORD-105726,CUST-2941,25-Sep-2025,MOBILE APP,Debit Card,Refunded,BR,WELCOME2025,
ORD-105727,CUST-2765,12/16/2025,website,credit card,Refunded,United States,,
ORD-105728,CUST-3364,05/07/2026,MOBILE APP,credit card,Pending,South Africa,,
ORD-105729,CUST-1089,07/06/2024,Mobile App,Crypto,Cancelled,Germany,save10,
ORD-105730,CUST-1986,"July 22, 2024",Website,Crypto,Cancelled,United Kingdom,none,
ORD-105731,CUST-1303,01/04/2025,Mobile App,credit card,Cancelled,India,WELCOME2025,
ORD-105732,CUST-2221,2026-06-17,website,Credit Card,Processing,France,N/A,
ORD-105733,CUST-2842,2024-08-24,Marketplace,Debit Card,Delivered,BR,save10,
ORD-105734,CUST-1819,"March 13, 2025",Website,PayPal,completed,ZA,save10,
ORD-105735,CUST-1270,15/06/2025,Mobile App,Debit Card,Cancelled,Brasil,SAVE10,
ORD-105736,CUST-2921,05/09/2024,Mobile App,PayPal,Processing,germany,none,
ORD-105737,CUST-2339,2024-11-03,Mobile App,Crypto,Pending,ZA,,
ORD-105738,CUST-2266,22/06/2025,Phone Order,Credit Card,Completed,FR,N/A,
ORD-105739,CUST-1637,2024-04-02,In-Store,Bank Transfer,Completed,FR,none,
ORD-105740,CUST-2745,07/17/2026,Mobile App,Debit Card,Refunded,United States of America,save10,
ORD-105741,CUST-3667,"May 11, 2024",Website,Bank Transfer,Cancelled,U.K.,WELCOME2025,
ORD-105742,CUST-2481,2025/10/24,Marketplace,Crypto,Pending,U.S.A.,none,
ORD-105743,CUST-2318,2025/07/22,website,Bank Transfer,Pending,France,none,
ORD-105744,CUST-2558,08/03/2024,website,Bank Transfer,Delivered,US,,
ORD-105745,CUST-1769,04/24/2024,Marketplace,PayPal,Cancelled,nigeria,,
ORD-105746,CUST-2440,"September 04, 2024",MOBILE APP,credit card,completed,Australia,,
ORD-105747,CUST-2872,21/04/2024,Website,Debit Card,completed,Britain,none,
ORD-105748,CUST-1522,01/03/2025,website,PayPal,SHIPPED,United States,save10,
ORD-105749,CUST-3181,28/03/2024,Mobile App,credit card,Refunded,AU,,
ORD-105750,CUST-2583,22-Jun-2026,MOBILE APP,Debit Card,Cancelled,India,WELCOME2025,
ORD-105751,CUST-3681,"May 23, 2026",In-Store,Debit Card,Pending,ZA,SAVE10,
ORD-105752,CUST-1999,28/12/2025,website,Bank Transfer,Processing,Brazil,,
ORD-105753,CUST-1335,07/23/2025,Website,PayPal,Delivered,Brazil,WELCOME2025,
ORD-105754,CUST-3860,02/28/2025,In-Store,credit card,Delivered,india,none,
ORD-105755,CUST-3656,2025/09/19,In-Store,Bank Transfer,Processing,NG,none,
ORD-105756,CUST-3610,03/02/2025,In-Store,Debit Card,completed,Germany,WELCOME2025,
ORD-105757,CUST-2901,03/07/2026,Mobile App,Cash on Delivery,Refunded,BR,save10,
ORD-105758,CUST-1451,"March 30, 2024",Mobile App,Credit Card,completed,Brazil,,
ORD-105759,CUST-3561,"January 10, 2026",Marketplace,Credit Card,Completed,NG,,
ORD-105760,CUST-2615,09/28/2024,MOBILE APP,Bank Transfer,Cancelled,Australia,,
ORD-105761,CUST-1454,2026/05/29,Mobile App,Bank Transfer,SHIPPED,Bharat,save10,
ORD-105762,CUST-3854,01/30/2026,Marketplace,PayPal,Cancelled,ZA,WELCOME2025,
ORD-105763,CUST-1910,01/22/2024,Marketplace,Bank Transfer,SHIPPED,nigeria,,
ORD-105764,CUST-1926,10/07/2024,Phone Order,Crypto,Completed,FR,N/A,
ORD-105765,CUST-2697,2025-10-28,Mobile App,Cash on Delivery,Processing,AU,SAVE10,
ORD-105766,CUST-1582,"June 01, 2025",MOBILE APP,Credit Card,Pending,Brazil,,
ORD-105767,CUST-2819,2024/07/01,In-Store,credit card,Pending,S. Africa,save10,
ORD-105768,CUST-2172,2025/04/23,Marketplace,Credit Card,Completed,CA,,
ORD-105769,CUST-1490,"July 18, 2025",Marketplace,Cash on Delivery,completed,DE,none,
ORD-105770,CUST-1335,10-Feb-2025,In-Store,Debit Card,Processing,Nigeria,,
ORD-105771,CUST-3784,"December 06, 2024",Mobile App,PayPal,Completed,United States of America,,
ORD-105772,CUST-1453,10-Nov-2025,website,Debit Card,Completed,Australia,WELCOME2025,
ORD-105773,CUST-2927,2026/06/11,In-Store,Bank Transfer,Pending,Brazil,WELCOME2025,
ORD-105774,CUST-2579,01/19/2026,Marketplace,credit card,Processing,England,N/A,
ORD-105775,CUST-2244,"March 02, 2024",website,Credit Card,Pending,Bharat,,
ORD-105776,CUST-2877,01/09/2026,Mobile App,credit card,SHIPPED,United Kingdom,,
ORD-105777,CUST-1307,2024-08-21,In-Store,Cash on Delivery,Refunded,Brasil,N/A,
ORD-105778,CUST-3430,02/01/2024,Mobile App,Debit Card,Delivered,S. Africa,,
ORD-105779,CUST-1105,08/30/2024,Marketplace,Cash on Delivery,SHIPPED,united states,,
ORD-105780,CUST-3499,2024-01-21,MOBILE APP,Credit Card,Completed,Germany,,
ORD-105781,CUST-2329,"December 18, 2024",Mobile App,Crypto,Completed,RSA,none,
ORD-105782,CUST-1436,2025/03/18,Phone Order,Cash on Delivery,completed,NG,,
ORD-105783,CUST-2925,2024-08-03,Website,Debit Card,Processing,UK,,
ORD-105784,CUST-1899,"March 09, 2024",MOBILE APP,Crypto,completed,Nigeria,N/A,
ORD-105785,CUST-2966,2025/05/19,In-Store,Bank Transfer,Cancelled,Germany,WELCOME2025,
ORD-105786,CUST-3068,11-Dec-2024,MOBILE APP,Debit Card,completed,france,N/A,
ORD-105787,CUST-3145,26-Feb-2025,Mobile App,,Processing,Brasil,WELCOME2025,
ORD-105788,CUST-1045,01-Jun-2025,In-Store,Debit Card,Refunded,India,SAVE10,
ORD-105789,CUST-2282,2025/02/08,Marketplace,Credit Card,Completed,BR,SAVE10,
ORD-105790,CUST-3794,2024/01/17,In-Store,Bank Transfer,Processing,U.S.A.,,
ORD-105791,CUST-3129,"August 24, 2025",website,Cash on Delivery,Delivered,FR,none,
ORD-105792,CUST-1624,09/15/2025,In-Store,credit card,SHIPPED,South Africa,,
ORD-105793,CUST-3935,2024/01/23,Website,Credit Card,Refunded,France,WELCOME2025,
ORD-105794,CUST-3461,27-Jun-2024,Marketplace,Credit Card,Delivered,France,SAVE10,
ORD-105795,CUST-3335,10-Mar-2025,Phone Order,Debit Card,completed,ZA,,
ORD-105796,CUST-2630,2024/06/09,Phone Order,Credit Card,completed,germany,SAVE10,
ORD-105797,CUST-3300,2024/12/26,Phone Order,PayPal,Refunded,RSA,save10,
ORD-105798,CUST-2200,26-May-2026,MOBILE APP,credit card,Pending,U.K.,save10,
ORD-105799,CUST-2958,2026-01-26,website,Cash on Delivery,Processing,NG,save10,
ORD-105800,CUST-3273,"April 28, 2025",Phone Order,PayPal,Delivered,Deutschland,N/A,
ORD-105801,CUST-2495,2024/06/12,Website,Crypto,Processing,canada,,
ORD-105802,CUST-3397,2025/09/23,In-Store,Bank Transfer,Refunded,Australia,N/A,
ORD-105803,CUST-3210,10/04/2024,website,Credit Card,Processing,canada,save10,
ORD-105804,CUST-3710,07-Apr-2025,In-Store,Crypto,Pending,Britain,none,
ORD-105805,CUST-3433,10-Dec-2024,Website,Credit Card,Pending,united states,,
ORD-105806,CUST-2477,11/01/2026,Website,PayPal,Cancelled,IN,N/A,
ORD-105807,CUST-2337,2025/05/19,MOBILE APP,Bank Transfer,Completed,france,,
ORD-105808,CUST-3053,07/15/2025,Marketplace,Crypto,Processing,CA,save10,
ORD-104501,CUST-3548,2025/07/01,Website,credit card,Cancelled,Britain,none,
ORD-105810,CUST-1964,2025/03/06,In-Store,Bank Transfer,SHIPPED,India,,
ORD-105811,CUST-1213,10/03/2027,website,PayPal,Pending,Brasil,WELCOME2025,
ORD-105812,CUST-1849,17-Aug-2024,Marketplace,Credit Card,Delivered,USA,SAVE10,
ORD-105813,CUST-3196,03/30/2025,Mobile App,Credit Card,Processing,france,,
ORD-105814,CUST-1314,2025-12-01,In-Store,Cash on Delivery,Completed,Brasil,none,
ORD-105815,CUST-2810,04/06/2026,In-Store,Debit Card,Processing,United States of America,WELCOME2025,
ORD-105816,CUST-3329,17/04/2025,MOBILE APP,Crypto,Delivered,U.K.,save10,
ORD-105817,CUST-2657,2025-05-03,Mobile App,Bank Transfer,Processing,CA,none,
ORD-105818,CUST-3158,"March 18, 2026",Marketplace,Credit Card,SHIPPED,S. Africa,,
ORD-105819,CUST-1728,2024-06-27,Website,Cash on Delivery,Completed,S. Africa,WELCOME2025,
ORD-105820,CUST-2824,24-Jun-2026,Marketplace,Credit Card,Processing,germany,SAVE10,
ORD-105821,CUST-1242,06/24/2026,In-Store,Debit Card,Pending,germany,,
ORD-105822,CUST-3001,2024/04/01,website,Cash on Delivery,Completed,germany,N/A,
ORD-105823,CUST-2790,"November 07, 2024",Mobile App,credit card,completed,Nigéria,WELCOME2025,
ORD-105824,CUST-2247,"June 14, 2024",In-Store,Cash on Delivery,Completed,DE,N/A,
ORD-105825,CUST-2970,04-Feb-2024,Website,Credit Card,Refunded,FR,SAVE10,
ORD-105826,CUST-2163,08/27/2024,In-Store,Bank Transfer,Delivered,United States of America,,
ORD-105827,CUST-3259,19-Sep-2024,Mobile App,Bank Transfer,Cancelled,NG,none,
ORD-105828,CUST-2596,2024-07-03,website,credit card,SHIPPED,germany,N/A,
ORD-105829,CUST-3340,2025-09-13,MOBILE APP,credit card,Completed,BR,save10,
ORD-105830,CUST-3855,09/28/2024,In-Store,Bank Transfer,Completed,Brazil,SAVE10,
ORD-105831,CUST-3387,2026/04/28,In-Store,PayPal,Delivered,United States of America,WELCOME2025,
ORD-105832,CUST-2554,2025-04-14,Phone Order,credit card,Refunded,BR,,
ORD-105833,CUST-2217,24/03/2026,website,Crypto,Completed,UK,,
ORD-105834,CUST-2316,2025/06/30,Mobile App,,Processing,United States of America,WELCOME2025,
ORD-105835,CUST-3924,13/04/2024,MOBILE APP,Credit Card,SHIPPED,IN,none,
ORD-105836,CUST-2002,2025-11-26,website,credit card,Delivered,NG,none,
ORD-105837,CUST-2398,2025-04-31,Mobile App,Cash on Delivery,SHIPPED,NG,WELCOME2025,
ORD-105838,CUST-3401,2025/07/01,Mobile App,Credit Card,Completed,France,SAVE10,
ORD-105839,CUST-1017,2024/07/15,website,Bank Transfer,Pending,Deutschland,N/A,
ORD-105840,CUST-2761,2025-02-07,Website,PayPal,completed,UK,,
ORD-105841,CUST-1404,2025/03/07,MOBILE APP,PayPal,Cancelled,australia,none,
ORD-105842,CUST-1555,02/22/2026,Phone Order,PayPal,Cancelled,India,,
ORD-105843,CUST-2669,07/10/2026,MOBILE APP,PayPal,Refunded,Bharat,,
ORD-105844,CUST-2623,04/04/2026,Mobile App,Cash on Delivery,completed,United States,,
ORD-105845,CUST-3474,"April 19, 2025",Phone Order,Crypto,Delivered,DE,,
ORD-105846,CUST-1320,07/16/2024,Website,Cash on Delivery,Refunded,France,save10,
ORD-105847,CUST-1513,2025/06/02,Marketplace,Debit Card,SHIPPED,,save10,
ORD-105848,CUST-2528,"February 02, 2025",Marketplace,Debit Card,Cancelled,U.S.A.,WELCOME2025,
ORD-105849,CUST-3976,12-Feb-2024,Phone Order,credit card,Pending,Germany,,
ORD-105850,CUST-1523,"July 17, 2025",Phone Order,credit card,Completed,NG,WELCOME2025,
ORD-105851,CUST-2600,06/09/2025,Marketplace,Crypto,Refunded,canada,,
ORD-105852,CUST-3141,2025-09-14,website,Bank Transfer,completed,United Kingdom,,
ORD-105853,CUST-1614,11/20/2025,Mobile App,Bank Transfer,Delivered,NG,save10,
ORD-105854,CUST-2661,03/21/2026,Marketplace,Debit Card,Refunded,BR,none,
ORD-105855,CUST-2506,2026/07/01,In-Store,PayPal,Pending,BR,save10,
ORD-105856,CUST-1545,2024/08/16,Mobile App,Bank Transfer,Processing,South Africa,,
ORD-105857,CUST-3182,11/09/2025,website,Bank Transfer,completed,france,,
ORD-105858,CUST-3216,2026-05-11,Marketplace,Credit Card,Pending,Germany,,
ORD-105859,CUST-2445,"March 04, 2026",Phone Order,PayPal,Completed,india,,
ORD-105860,CUST-2153,22-Sep-2024,Mobile App,Credit Card,completed,Brasil,save10,
ORD-105861,CUST-1139,30/05/2024,Website,Bank Transfer,completed,England,,
ORD-105862,CUST-1289,11/28/2024,In-Store,Credit Card,Completed,Brasil,save10,
ORD-105863,CUST-3078,15/01/2025,Phone Order,Cash on Delivery,completed,U.K.,,
ORD-105864,CUST-1952,"January 25, 2025",In-Store,credit card,Completed,AU,save10,
ORD-105865,CUST-1674,"April 27, 2025",In-Store,Crypto,Refunded,Nigeria,WELCOME2025,
ORD-105866,CUST-3954,02/02/2024,Phone Order,Debit Card,Delivered,Germany,WELCOME2025,
ORD-105867,CUST-1077,05/23/2025,In-Store,Credit Card,Processing,S. Africa,N/A,
ORD-105868,CUST-2880,09-Aug-2024,website,credit card,completed,canada,N/A,
ORD-105869,CUST-1219,10/10/2025,Website,Bank Transfer,completed,Australia,save10,
ORD-105870,CUST-2993,01-Mar-2026,Marketplace,credit card,Delivered,South Africa,none,
ORD-105871,CUST-2183,2024-06-13,In-Store,credit card,Delivered,Nigéria,none,
ORD-105872,CUST-3175,09-Oct-2025,Mobile App,Cash on Delivery,completed,Germany,none,
ORD-105873,CUST-1144,"June 22, 2025",MOBILE APP,Debit Card,completed,Deutschland,none,
ORD-105874,CUST-2966,05-Dec-2024,Mobile App,Debit Card,Processing,Germany,SAVE10,
ORD-105875,CUST-3309,2025-10-28,Mobile App,Credit Card,Cancelled,Australia,SAVE10,
ORD-105876,CUST-3306,06-Jun-2024,Mobile App,Cash on Delivery,Pending,IN,,
ORD-105877,CUST-2550,2024-06-08,Website,Cash on Delivery,SHIPPED,Nigéria,,
ORD-105878,CUST-3617,02/08/2024,Phone Order,Cash on Delivery,SHIPPED,RSA,SAVE10,
ORD-105879,CUST-3715,2024/07/01,Website,Debit Card,Cancelled,S. Africa,,
ORD-105880,CUST-1338,26-Jul-2025,website,Bank Transfer,Refunded,UK,N/A,
ORD-105881,CUST-2985,"June 16, 2024",Marketplace,Credit Card,Processing,Brasil,none,
ORD-105882,CUST-1240,06-Mar-2024,Marketplace,credit card,Delivered,france,WELCOME2025,
ORD-105883,CUST-2936,00/00/2025,Phone Order,PayPal,SHIPPED,Brasil,SAVE10,
ORD-105884,CUST-2676,25-Jun-2026,Phone Order,Crypto,Delivered,france,,
ORD-105885,CUST-3705,18/07/2025,Marketplace,Credit Card,Pending,DE,WELCOME2025,
ORD-105886,CUST-1515,2025-01-26,Website,Bank Transfer,SHIPPED,Britain,SAVE10,
ORD-105887,CUST-3019,27-Jan-2026,MOBILE APP,Crypto,Cancelled,NG,none,
ORD-105888,CUST-2592,21-Jan-2024,Mobile App,Credit Card,Pending,South Africa,SAVE10,
ORD-105889,CUST-3004,12-Oct-2025,Mobile App,Credit Card,Delivered,S. Africa,save10,
ORD-105890,CUST-3095,"March 04, 2024",Mobile App,Crypto,Cancelled,germany,,
ORD-105891,CUST-1325,04/12/2026,Marketplace,Credit Card,Delivered,South Africa,none,
ORD-105892,CUST-1731,2024-07-30,MOBILE APP,credit card,Pending,ZA,,
ORD-105893,CUST-2525,11/27/2024,website,Credit Card,Cancelled,australia,N/A,
ORD-105894,CUST-3022,27/02/2026,Mobile App,Cash on Delivery,completed,US,N/A,
ORD-105895,CUST-3636,09/20/2024,Marketplace,Credit Card,Pending,CA,WELCOME2025,
ORD-105896,CUST-1006,2024-07-04,website,Debit Card,Completed,united states,WELCOME2025,
ORD-105897,CUST-2554,2025-06-14,website,credit card,Delivered,RSA,WELCOME2025,
ORD-105898,CUST-1075,14/04/2025,In-Store,Bank Transfer,SHIPPED,Deutschland,,
ORD-105899,CUST-2369,"July 01, 2024",website,Credit Card,Refunded,US,SAVE10,
ORD-105900,CUST-3551,2026/02/25,website,PayPal,completed,Nigeria,SAVE10,
ORD-105901,CUST-3331,08/13/2025,Phone Order,Bank Transfer,Cancelled,FR,save10,
ORD-105902,CUST-1794,11/05/2024,Marketplace,Crypto,completed,Canada,WELCOME2025,
ORD-105903,CUST-1327,01/22/2024,Marketplace,credit card,Pending,U.K.,N/A,
ORD-105904,CUST-2581,17-Nov-2024,Mobile App,Bank Transfer,Completed,DE,save10,
ORD-105905,CUST-2876,2025/05/18,,Credit Card,completed,australia,none,
ORD-105906,CUST-2449,2025/01/05,Mobile App,Credit Card,Cancelled,Brazil,N/A,
ORD-105907,CUST-1401,06/25/2026,In-Store,PayPal,completed,India,save10,
ORD-105908,CUST-3012,2024/01/06,Mobile App,Crypto,Pending,france,,
ORD-105909,CUST-2710,2024-03-03,Website,Bank Transfer,Completed,UK,SAVE10,
ORD-105910,CUST-1637,23-Jan-2026,website,PayPal,Completed,france,,
ORD-105911,CUST-1466,2025/04/29,Phone Order,Debit Card,completed,France,SAVE10,
ORD-105912,CUST-2898,2025-07-24,website,credit card,Processing,RSA,,
ORD-105913,CUST-2915,2025-09-13,MOBILE APP,Crypto,Refunded,RSA,SAVE10,
ORD-105914,CUST-2199,"November 12, 2024",Mobile App,Bank Transfer,Pending,Brazil,,
ORD-105915,CUST-3762,2025-01-16,website,Crypto,Processing,South Africa,,
ORD-105916,CUST-3800,2024/08/16,Website,Credit Card,Pending,Nigéria,none,
ORD-105917,CUST-1142,02-Apr-2025,MOBILE APP,Debit Card,Completed,AU,SAVE10,
ORD-105918,CUST-3309,2024/10/06,website,PayPal,completed,Canada,none,
ORD-105919,CUST-2328,"November 27, 2025",In-Store,Crypto,Refunded,BR,save10,
ORD-105920,CUST-2241,01/12/2025,Marketplace,credit card,Cancelled,India,SAVE10,
ORD-105921,CUST-1853,25/03/2024,In-Store,PayPal,Delivered,canada,save10,
ORD-105922,CUST-3338,2026-04-14,Marketplace,credit card,Refunded,ZA,N/A,
ORD-105923,CUST-3092,2025/02/04,Marketplace,Credit Card,Delivered,England,save10,
ORD-105924,CUST-1156,"January 21, 2024",website,credit card,Delivered,Australia,,
ORD-105925,CUST-2976,12-Jan-2026,In-Store,credit card,Completed,Australia,N/A,
ORD-105926,CUST-1768,2025-07-31,website,PayPal,completed,BR,,
ORD-105927,CUST-2764,13/12/2025,Phone Order,Debit Card,completed,nigeria,none,
ORD-105928,CUST-3219,2025/03/07,MOBILE APP,Credit Card,completed,Australia,SAVE10,
ORD-105929,CUST-1062,"February 14, 2024",Website,PayPal,Processing,India,,
ORD-105930,CUST-1482,03/01/2024,MOBILE APP,Credit Card,SHIPPED,India,WELCOME2025,
ORD-105931,CUST-3493,2025-11-03,In-Store,Cash on Delivery,Pending,BR,WELCOME2025,
ORD-105932,CUST-2618,06/09/2024,Phone Order,Crypto,SHIPPED,Nigeria,N/A,
ORD-105933,CUST-2808,2025/04/07,In-Store,Cash on Delivery,SHIPPED,canada,,
ORD-105934,CUST-3377,"April 27, 2024",MOBILE APP,Credit Card,Cancelled,Deutschland,save10,
ORD-105935,CUST-1586,26-Aug-2025,Website,Cash on Delivery,Completed,DE,none,
ORD-105936,CUST-1272,2025/11/20,MOBILE APP,Bank Transfer,Pending,Brazil,save10,
ORD-105937,CUST-2180,18-Apr-2024,In-Store,Cash on Delivery,Processing,Brasil,,
ORD-105938,CUST-3086,29/09/2024,Website,PayPal,SHIPPED,Canada,,
ORD-105939,CUST-1779,07/31/2024,In-Store,Bank Transfer,Completed,BR,save10,
ORD-105940,CUST-3998,18-May-2024,website,PayPal,SHIPPED,ZA,save10,
ORD-105941,CUST-1266,02-Jul-2025,Marketplace,Crypto,Cancelled,United Kingdom,WELCOME2025,
ORD-105942,CUST-1448,08/08/2025,Website,Cash on Delivery,Refunded,United States,SAVE10,
ORD-105943,CUST-3689,2025/08/08,website,credit card,Completed,Deutschland,SAVE10,
ORD-105944,CUST-1990,2025-04-05,Mobile App,Cash on Delivery,Completed,germany,,
ORD-105945,CUST-3146,"May 24, 2024",Website,Bank Transfer,Pending,South Africa,WELCOME2025,
ORD-105946,CUST-2350,"July 16, 2025",Website,Debit Card,Processing,United States of America,N/A,
ORD-105947,CUST-3189,"June 03, 2024",MOBILE APP,Bank Transfer,completed,RSA,SAVE10,
ORD-105948,CUST-3370,"February 24, 2025",Phone Order,Credit Card,Pending,Britain,,
ORD-105949,CUST-3503,2026-06-28,MOBILE APP,Bank Transfer,Cancelled,FR,N/A,
ORD-105950,CUST-1037,09/05/2025,Website,PayPal,completed,Brazil,SAVE10,
ORD-105951,CUST-2586,"October 07, 2024",In-Store,Crypto,Processing,Germany,SAVE10,
ORD-105952,CUST-3929,2024/08/17,In-Store,credit card,Refunded,Nigéria,N/A,
ORD-105953,CUST-2518,"July 25, 2025",Marketplace,Credit Card,SHIPPED,Brasil,,
ORD-105954,CUST-3372,"March 29, 2024",Phone Order,PayPal,SHIPPED,England,,
ORD-105955,CUST-2634,26/06/2024,Phone Order,Debit Card,Processing,Britain,SAVE10,
ORD-105956,CUST-1235,01/27/2024,MOBILE APP,Cash on Delivery,Completed,germany,save10,
ORD-105957,CUST-3312,"December 05, 2025",Phone Order,Credit Card,Pending,Australia,SAVE10,
ORD-105958,CUST-1164,2025-04-02,Marketplace,PayPal,Delivered,NG,,
ORD-105959,CUST-1526,04/08/2024,In-Store,credit card,Cancelled,Germany,SAVE10,
ORD-105960,CUST-3985,01/13/2025,website,PayPal,Refunded,NG,WELCOME2025,
ORD-105961,CUST-1267,"November 07, 2024",Website,Debit Card,Refunded,United States,WELCOME2025,
ORD-105962,CUST-3379,05/13/2026,Website,Bank Transfer,Cancelled,DE,SAVE10,
ORD-105963,CUST-2787,"October 11, 2024",website,Debit Card,Processing,Bharat,,
ORD-105964,CUST-2790,2026/02/19,Marketplace,Credit Card,Refunded,United Kingdom,save10,
ORD-105965,CUST-1913,2024-11-21,In-Store,Bank Transfer,Cancelled,FR,WELCOME2025,
ORD-105966,CUST-1264,"March 05, 2024",MOBILE APP,Bank Transfer,Processing,BR,SAVE10,
ORD-105967,CUST-3049,12/26/2025,MOBILE APP,Crypto,Cancelled,Canada,,
ORD-105968,CUST-3408,10/10/2025,MOBILE APP,Cash on Delivery,Refunded,BR,WELCOME2025,
ORD-105969,CUST-1237,21-Sep-2025,website,Bank Transfer,Refunded,australia,WELCOME2025,
ORD-105970,CUST-1470,"July 14, 2024",Marketplace,Bank Transfer,Refunded,FR,WELCOME2025,
ORD-105971,CUST-1742,2026-06-28,In-Store,PayPal,Completed,India,N/A,
ORD-105972,CUST-3757,10-Jun-2025,MOBILE APP,credit card,completed,germany,save10,
ORD-105973,CUST-1073,07/18/2024,website,Credit Card,completed,Deutschland,none,
ORD-105974,CUST-3964,2024/04/20,Website,Crypto,completed,australia,SAVE10,
ORD-105975,CUST-3190,"November 28, 2025",Mobile App,Cash on Delivery,Delivered,England,WELCOME2025,
ORD-105976,CUST-1022,2024-11-29,Mobile App,credit card,completed,DE,SAVE10,
ORD-105977,CUST-2920,2024/07/04,In-Store,Cash on Delivery,SHIPPED,NG,N/A,
ORD-105978,CUST-3943,14-Nov-2025,In-Store,PayPal,Refunded,india,,
ORD-105979,CUST-1228,2024-10-03,Phone Order,Cash on Delivery,Refunded,Nigeria,save10,
ORD-105980,CUST-3817,2026-06-21,Website,PayPal,Delivered,Britain,,
ORD-105981,CUST-2135,2026-01-23,Marketplace,credit card,SHIPPED,France,SAVE10,
ORD-105982,CUST-2271,2027/03/19,website,credit card,Delivered,Germany,,
ORD-105983,CUST-1139,"March 13, 2024",Website,Bank Transfer,Delivered,India,save10,
ORD-105984,CUST-1829,"January 28, 2024",Mobile App,Debit Card,Refunded,Deutschland,N/A,
ORD-105985,CUST-2720,18-Nov-2024,In-Store,Credit Card,Cancelled,DE,N/A,
ORD-105986,CUST-1364,2024-06-10,In-Store,Debit Card,Processing,United States of America,,
ORD-105987,CUST-1729,25-Mar-2026,Mobile App,Credit Card,Processing,Deutschland,SAVE10,
ORD-105988,CUST-1537,"November 07, 2025",In-Store,Credit Card,Processing,AU,WELCOME2025,
ORD-105989,CUST-2898,2025-07-02,Phone Order,PayPal,Completed,germany,,
ORD-105990,CUST-2938,04/13/2026,MOBILE APP,Credit Card,Delivered,United States,none,
ORD-105991,CUST-1535,2025-13-05,In-Store,credit card,completed,South Africa,SAVE10,
ORD-105992,CUST-1704,"June 04, 2025",Phone Order,PayPal,SHIPPED,France,,
ORD-105993,CUST-2578,2024-12-08,Mobile App,credit card,Completed,Canada,SAVE10,
ORD-105994,CUST-3628,02/03/2025,Mobile App,Cash on Delivery,SHIPPED,Brazil,WELCOME2025,
ORD-105995,CUST-1650,13-Jun-2025,website,Cash on Delivery,Delivered,BR,none,
ORD-105996,CUST-2391,"January 17, 2026",Mobile App,Bank Transfer,completed,Brazil,WELCOME2025,
ORD-105997,CUST-1917,22-May-2026,website,Debit Card,Delivered,ZA,none,
ORD-105998,CUST-1255,24/04/2025,Phone Order,Cash on Delivery,Cancelled,Brazil,WELCOME2025,
ORD-105999,CUST-2403,"December 09, 2024",Website,Credit Card,Cancelled,BR,,
ORD-106000,CUST-1869,2024-07-20,Phone Order,Cash on Delivery,Completed,NG,,
ORD-106001,CUST-1166,"January 07, 2026",website,Bank Transfer,Completed,U.S.A.,,
ORD-106002,CUST-3287,"April 01, 2026",In-Store,credit card,Refunded,india,,
ORD-106003,CUST-1183,01-Jul-2024,Mobile App,Cash on Delivery,Delivered,germany,none,
ORD-106004,CUST-1050,2026/06/16,website,PayPal,Completed,ZA,,
ORD-106005,CUST-1244,2024/06/10,In-Store,Crypto,SHIPPED,Deutschland,none,
ORD-106006,CUST-1360,29-Nov-2025,Phone Order,credit card,Cancelled,Nigéria,,
ORD-106007,CUST-1710,13-Feb-2024,In-Store,credit card,Refunded,france,,
ORD-106008,CUST-1023,"July 13, 2026",In-Store,Crypto,Refunded,India,N/A,
ORD-106009,CUST-3338,13-Dec-2024,MOBILE APP,Cash on Delivery,Refunded,BR,none,
ORD-106010,CUST-3517,"December 06, 2024",MOBILE APP,Credit Card,Delivered,ZA,,
ORD-106011,CUST-3915,2025/07/22,website,Cash on Delivery,Refunded,Canada,none,
ORD-106012,CUST-3069,11-Mar-2025,In-Store,credit card,completed,CA,WELCOME2025,
ORD-106013,CUST-1932,18-Jan-2024,Website,Cash on Delivery,completed,U.K.,save10,
ORD-106014,CUST-3863,"September 21, 2024",Mobile App,Crypto,Delivered,S. Africa,,
ORD-106015,CUST-1738,2024/09/20,MOBILE APP,Bank Transfer,Delivered,S. Africa,,
ORD-106016,CUST-2989,"April 03, 2025",Mobile App,PayPal,Refunded,united states,N/A,
ORD-106017,CUST-2207,03/29/2025,website,Credit Card,Cancelled,australia,save10,
ORD-106018,CUST-1547,2024-01-29,Marketplace,Crypto,Cancelled,United States,SAVE10,
ORD-106019,CUST-1757,06/17/2025,website,Cash on Delivery,Cancelled,United States of America,,
ORD-106020,CUST-1336,01/14/2026,Website,PayPal,completed,South Africa,save10,
ORD-106021,CUST-2548,31-Oct-2024,Marketplace,Credit Card,Pending,Nigeria,N/A,
ORD-106022,CUST-2941,25-Oct-2025,Marketplace,Bank Transfer,Refunded,Deutschland,N/A,
ORD-106023,CUST-1094,03/28/2026,website,Cash on Delivery,Completed,South Africa,none,
ORD-100678,CUST-2593,2026-02-21,MOBILE APP,Debit Card,Pending,NG,none,
ORD-106025,CUST-2285,"April 07, 2026",In-Store,credit card,Delivered,RSA,N/A,
ORD-106026,CUST-2288,27-Nov-2025,Marketplace,PayPal,completed,canada,SAVE10,
ORD-106027,CUST-1394,10/07/2025,Mobile App,Cash on Delivery,SHIPPED,Nigéria,SAVE10,
ORD-106028,CUST-3512,2024-01-19,In-Store,Credit Card,SHIPPED,united states,save10,
ORD-106029,CUST-3590,2024-07-25,Marketplace,PayPal,completed,S. Africa,,
ORD-106030,CUST-3574,15-Jan-2026,website,Credit Card,Pending,canada,none,
ORD-106031,CUST-2096,28-Jan-2025,Marketplace,credit card,Cancelled,FR,WELCOME2025,
ORD-106032,CUST-1973,17-Oct-2024,Website,Cash on Delivery,completed,Brasil,save10,
ORD-106033,CUST-2890,10/26/2025,In-Store,PayPal,Pending,Canada,WELCOME2025,
ORD-106034,CUST-1969,"May 08, 2024",Mobile App,Crypto,Refunded,Nigeria,N/A,
ORD-106035,CUST-2489,13-Jul-2026,Marketplace,Credit Card,Processing,India,N/A,
ORD-106036,CUST-1116,"October 29, 2024",Website,Crypto,Completed,Britain,SAVE10,
ORD-106037,CUST-1157,26/05/2025,Mobile App,Credit Card,Delivered,RSA,SAVE10,
ORD-106038,CUST-1620,2025/04/04,Website,Crypto,Cancelled,United States of America,SAVE10,
ORD-106039,CUST-1937,2026-04-13,Phone Order,Bank Transfer,Delivered,Deutschland,,
ORD-106040,CUST-3881,2024/06/01,Website,credit card,Delivered,ZA,N/A,
ORD-106041,CUST-3874,04/02/2026,In-Store,Cash on Delivery,Cancelled,BR,save10,
ORD-106042,CUST-3901,"January 12, 2024",Website,credit card,Completed,india,N/A,
ORD-106043,CUST-1573,29-Sep-2025,Phone Order,Crypto,Completed,Deutschland,WELCOME2025,
ORD-106044,CUST-1902,2024/05/25,website,Cash on Delivery,Pending,Brasil,,
ORD-106045,CUST-2612,"November 28, 2024",Mobile App,Credit Card,Pending,canada,,
ORD-106046,CUST-1539,2025/01/16,website,PayPal,Refunded,australia,,
ORD-106047,CUST-1853,12/02/2024,Phone Order,Crypto,Completed,united states,,
ORD-106048,CUST-1070,2025-09-25,website,PayPal,Delivered,England,save10,
ORD-106049,CUST-3373,24-Aug-2024,website,credit card,completed,Germany,,
ORD-106050,CUST-3867,2025/08/27,Phone Order,Crypto,Completed,Canada,none,
ORD-106051,CUST-2818,18-Sep-2024,Website,Debit Card,completed,FR,,
ORD-106052,CUST-3173,"March 08, 2026",MOBILE APP,credit card,Cancelled,ZA,save10,
ORD-106053,CUST-1617,29-Feb-2024,Marketplace,Cash on Delivery,Processing,Deutschland,WELCOME2025,
ORD-106054,CUST-3307,2024/08/24,MOBILE APP,Cash on Delivery,Refunded,Brasil,,
ORD-106055,CUST-3006,2026-02-09,website,Credit Card,completed,S. Africa,,
ORD-106056,CUST-1299,2026/05/27,Mobile App,Debit Card,Refunded,Bharat,none,
ORD-106057,CUST-1462,15-May-2025,Marketplace,Cash on Delivery,Processing,canada,none,
ORD-106058,CUST-2335,07/05/2025,MOBILE APP,Cash on Delivery,completed,FR,N/A,
ORD-106059,CUST-2807,06/12/2024,Phone Order,Debit Card,SHIPPED,United Kingdom,SAVE10,
ORD-106060,CUST-3364,2026/04/07,website,Debit Card,Delivered,BR,save10,
ORD-106061,CUST-1961,01-Mar-2027,Phone Order,Credit Card,Processing,IN,save10,
ORD-106062,CUST-1950,15/09/2025,In-Store,Bank Transfer,SHIPPED,South Africa,SAVE10,
ORD-106063,CUST-3771,05/18/2025,Phone Order,PayPal,SHIPPED,Germany,,
ORD-106064,CUST-1628,09/05/2024,MOBILE APP,Debit Card,SHIPPED,ZA,none,
ORD-106065,CUST-2587,"February 03, 2026",MOBILE APP,Cash on Delivery,Processing,FR,N/A,
ORD-106066,CUST-2296,2026/01/07,website,Cash on Delivery,Cancelled,Canada,WELCOME2025,
ORD-106067,CUST-3698,"January 17, 2026",MOBILE APP,PayPal,Completed,BR,N/A,
ORD-106068,CUST-2187,2025-01-02,Website,Cash on Delivery,SHIPPED,france,WELCOME2025,
ORD-106069,CUST-2269,03/16/2025,Mobile App,PayPal,Completed,Brasil,,
ORD-106070,CUST-2389,"February 25, 2024",Marketplace,PayPal,Delivered,germany,save10,
ORD-103019,CUST-1968,06/07/2025,website,Bank Transfer,Processing,Brazil,,
ORD-106072,CUST-1798,2024/12/16,In-Store,Cash on Delivery,Pending,Canada,N/A,
ORD-106073,CUST-1936,23-Feb-2026,website,Bank Transfer,Delivered,ZA,save10,
ORD-106074,CUST-3379,2026/05/22,Mobile App,credit card,Pending,nigeria,N/A,
ORD-106075,CUST-1656,2024-02-21,website,Bank Transfer,Delivered,india,,
ORD-106076,CUST-2765,2024/09/03,Marketplace,Credit Card,completed,CA,,
ORD-106077,CUST-1091,"July 04, 2025",Marketplace,Debit Card,Pending,Nigéria,,
ORD-106078,CUST-1391,"July 22, 2024",Marketplace,Crypto,SHIPPED,india,save10,
ORD-106079,CUST-2146,2024/12/04,Mobile App,Credit Card,Processing,United States of America,,
ORD-106080,CUST-3781,"February 24, 2024",In-Store,Cash on Delivery,SHIPPED,FR,none,
ORD-106081,CUST-2008,"February 19, 2026",website,Cash on Delivery,Delivered,nigeria,N/A,
ORD-106082,CUST-2317,30-Mar-2024,Mobile App,Bank Transfer,Refunded,Australia,none,
ORD-106083,CUST-1355,06/12/2024,In-Store,PayPal,Completed,CA,none,
ORD-106084,CUST-1842,21/01/2024,Mobile App,Crypto,Cancelled,france,save10,
ORD-106085,CUST-2231,2025-03-21,website,Cash on Delivery,Pending,india,save10,
ORD-106086,CUST-2067,"March 14, 2024",Website,PayPal,Processing,IN,none,
ORD-106087,CUST-3473,2026-01-27,MOBILE APP,Credit Card,Refunded,US,N/A,
ORD-106088,CUST-2892,2026/04/26,website,PayPal,Processing,IN,WELCOME2025,
ORD-106089,CUST-2716,07-Jun-2027,Mobile App,Cash on Delivery,completed,Australia,,
ORD-106090,CUST-2040,"October 29, 2025",MOBILE APP,Credit Card,Completed,Canada,none,
ORD-106091,CUST-1031,2025/04/28,Phone Order,Crypto,Completed,Brasil,save10,
ORD-106092,CUST-1040,2025/05/25,MOBILE APP,Bank Transfer,SHIPPED,S. Africa,save10,
ORD-106093,CUST-3912,2024/04/05,MOBILE APP,Bank Transfer,Pending,Australia,N/A,
ORD-106094,CUST-2118,"December 22, 2024",In-Store,Crypto,SHIPPED,United States,,
ORD-106095,CUST-1796,27/09/2024,Mobile App,Cash on Delivery,Refunded,Canada,save10,
ORD-106096,CUST-2192,09-Jan-2025,Marketplace,Bank Transfer,Refunded,U.K.,none,
ORD-106097,CUST-3024,18-May-2026,Mobile App,credit card,SHIPPED,united states,WELCOME2025,
ORD-106098,CUST-3857,2026-06-06,website,PayPal,Completed,france,N/A,
ORD-106099,CUST-3861,01/25/2024,MOBILE APP,Cash on Delivery,Processing,india,WELCOME2025,
ORD-106100,CUST-2353,"June 10, 2025",Mobile App,Debit Card,Pending,NG,SAVE10,
ORD-106101,CUST-2361,12/25/2025,In-Store,PayPal,SHIPPED,nigeria,,
ORD-106102,CUST-3042,"July 27, 2024",Mobile App,Crypto,Processing,India,,
ORD-106103,CUST-1759,2024/07/20,Phone Order,credit card,Delivered,South Africa,WELCOME2025,
ORD-106104,CUST-2608,25-Feb-2026,MOBILE APP,Debit Card,SHIPPED,RSA,N/A,
ORD-106105,CUST-3110,09/02/2024,In-Store,Bank Transfer,Processing,CA,save10,
ORD-106106,CUST-1430,06/08/2024,MOBILE APP,Debit Card,Completed,Bharat,SAVE10,
ORD-106107,CUST-3078,01/03/2026,Mobile App,Credit Card,Pending,United States,none,
ORD-106108,CUST-2364,2025/05/27,MOBILE APP,credit card,Refunded,United States of America,SAVE10,
ORD-106109,CUST-1252,30-Jun-2026,MOBILE APP,credit card,Completed,FR,WELCOME2025,
ORD-106110,CUST-1173,2026-02-12,MOBILE APP,credit card,Refunded,IN,,
ORD-106111,CUST-1789,"May 06, 2025",website,PayPal,Cancelled,Deutschland,SAVE10,
ORD-106112,CUST-3491,06/04/2024,website,Credit Card,Completed,nigeria,WELCOME2025,
ORD-106113,CUST-1807,31/10/2025,MOBILE APP,credit card,Processing,FR,N/A,
ORD-106114,CUST-3776,2026-02-17,Marketplace,Cash on Delivery,Refunded,Australia,,
ORD-106115,CUST-2573,"May 27, 2024",website,Cash on Delivery,Refunded,France,,
ORD-106116,CUST-1296,28-Jan-2025,MOBILE APP,Credit Card,Refunded,france,none,
ORD-106117,CUST-3765,05/29/2025,website,credit card,Pending,UK,none,
ORD-106118,CUST-3232,05/01/2025,MOBILE APP,Debit Card,Delivered,Brasil,WELCOME2025,
ORD-106119,CUST-2384,2025-03-01,Marketplace,Cash on Delivery,SHIPPED,FR,none,
ORD-106120,CUST-2208,16/06/2026,Marketplace,Debit Card,Cancelled,AU,WELCOME2025,
ORD-106121,CUST-3445,02/11/2026,In-Store,Credit Card,Refunded,Britain,WELCOME2025,
ORD-106122,CUST-3993,22/12/2024,Website,Bank Transfer,Delivered,BR,N/A,
ORD-106123,CUST-3938,2025-07-26,Website,Cash on Delivery,Delivered,AU,WELCOME2025,
ORD-106124,CUST-1187,05/31/2025,Mobile App,PayPal,Cancelled,canada,,
ORD-106125,CUST-2472,"March 31, 2024",Marketplace,PayPal,Completed,Brazil,none,
ORD-106126,CUST-3243,21/05/2025,website,Debit Card,Processing,france,,
ORD-106127,CUST-2205,22-Apr-2024,MOBILE APP,Cash on Delivery,Processing,australia,,
ORD-106128,CUST-1611,31-Mar-2024,Mobile App,Credit Card,Cancelled,USA,,
ORD-106129,CUST-1322,06/11/2025,Mobile App,PayPal,Pending,Australia,WELCOME2025,
ORD-106130,CUST-2704,29/08/2024,Mobile App,Cash on Delivery,Completed,germany,,
ORD-106131,CUST-1298,2024/06/03,In-Store,Crypto,Pending,france,save10,
ORD-106132,CUST-2135,08/08/2025,Website,Debit Card,Refunded,Britain,SAVE10,
ORD-106133,CUST-2084,02/10/2025,MOBILE APP,Credit Card,Delivered,FR,save10,
ORD-106134,CUST-2257,2027/10/27,Website,Credit Card,Cancelled,FR,N/A,
ORD-106135,CUST-2150,11/24/2024,MOBILE APP,Bank Transfer,Delivered,U.S.A.,N/A,
ORD-106136,CUST-2099,12/05/2025,Website,Debit Card,Refunded,Bharat,none,
ORD-106137,CUST-2463,31-Mar-2026,Mobile App,Credit Card,Delivered,Canada,save10,
ORD-106138,CUST-1916,14/08/2025,Website,credit card,Pending,ZA,SAVE10,
ORD-106139,CUST-2755,12/22/2025,Marketplace,Credit Card,completed,France,,
ORD-106140,CUST-1691,2024-06-24,MOBILE APP,Bank Transfer,Completed,france,save10,
ORD-106141,CUST-3524,04/09/2025,MOBILE APP,Debit Card,Delivered,South Africa,save10,
ORD-106142,CUST-3340,06/09/2024,Marketplace,Bank Transfer,Pending,india,none,
ORD-106143,CUST-2059,"August 13, 2024",Mobile App,credit card,completed,Bharat,SAVE10,
ORD-106144,CUST-2971,2025-07-16,MOBILE APP,Crypto,completed,Bharat,none,
ORD-106145,CUST-2751,"February 24, 2024",MOBILE APP,Cash on Delivery,Cancelled,U.S.A.,,
ORD-106146,CUST-3172,2026-03-06,In-Store,Bank Transfer,Refunded,US,save10,
ORD-106147,CUST-1256,2024-07-19,Website,Credit Card,Refunded,india,,
ORD-106148,CUST-3725,01-Jul-2025,Mobile App,credit card,Cancelled,AU,none,
ORD-106149,CUST-1787,26/11/2024,Phone Order,Debit Card,completed,canada,N/A,
ORD-106150,CUST-1150,05-Apr-2026,Phone Order,Credit Card,Completed,FR,N/A,
ORD-106151,CUST-1976,"January 10, 2026",MOBILE APP,Credit Card,Processing,United States,,
ORD-106152,CUST-1329,28/03/2025,Phone Order,Bank Transfer,Pending,United Kingdom,WELCOME2025,
ORD-106153,CUST-2819,20/02/2024,MOBILE APP,Bank Transfer,Pending,Nigéria,SAVE10,
ORD-106154,CUST-2290,2026/04/25,Marketplace,Crypto,Delivered,India,SAVE10,
ORD-106155,CUST-1768,02/10/2025,Marketplace,Crypto,Pending,ZA,N/A,
ORD-106156,CUST-2748,"January 15, 2024",Mobile App,PayPal,completed,AU,WELCOME2025,
ORD-106157,CUST-3898,22-May-2024,MOBILE APP,Crypto,SHIPPED,nigeria,none,
ORD-106158,CUST-2510,04/11/2024,Mobile App,credit card,SHIPPED,IN,WELCOME2025,
ORD-106159,CUST-1603,14-Oct-2024,Marketplace,Credit Card,Cancelled,united states,save10,
ORD-106160,CUST-3392,09-Feb-2026,website,Cash on Delivery,Pending,Brazil,none,
ORD-106161,CUST-2762,"August 04, 2025",Phone Order,Debit Card,Cancelled,U.K.,SAVE10,
ORD-106162,CUST-2323,02/14/2026,Mobile App,Debit Card,SHIPPED,united states,N/A,
ORD-106163,CUST-1635,"April 18, 2025",Phone Order,Credit Card,Refunded,Brasil,SAVE10,
ORD-106164,CUST-2122,2025-08-25,Mobile App,Crypto,Pending,germany,WELCOME2025,
ORD-106165,CUST-2096,2026/06/04,In-Store,Debit Card,Completed,Brazil,none,
ORD-106166,CUST-1239,04/09/2024,In-Store,PayPal,completed,United States of America,N/A,
ORD-106167,CUST-2630,05-Apr-2024,Mobile App,Bank Transfer,Delivered,South Africa,N/A,
ORD-106168,CUST-1444,15-May-2025,In-Store,Cash on Delivery,Cancelled,England,WELCOME2025,
ORD-106169,CUST-2636,12/29/2025,Website,Crypto,Refunded,ZA,N/A,
ORD-106170,CUST-2206,07-Oct-2024,website,Debit Card,Cancelled,nigeria,,
ORD-106171,CUST-1069,2025/11/19,Marketplace,Crypto,Pending,NG,WELCOME2025,
ORD-106172,CUST-1394,06-Feb-2024,Marketplace,PayPal,Refunded,France,none,
ORD-106173,CUST-2936,16/07/2024,Phone Order,Bank Transfer,Pending,CA,none,
ORD-106174,CUST-1314,2025-09-16,Website,Debit Card,Delivered,NG,save10,
ORD-106175,CUST-1044,2025-01-13,In-Store,Cash on Delivery,completed,France,,
ORD-106176,CUST-3963,13/12/2024,website,Credit Card,Pending,Australia,none,
ORD-106177,CUST-1381,2025/02/15,Phone Order,Crypto,Cancelled,U.S.A.,N/A,
ORD-106178,CUST-2394,10-Jan-2025,Marketplace,Debit Card,Completed,United States,N/A,
ORD-106179,CUST-1927,"July 06, 2024",In-Store,Cash on Delivery,SHIPPED,U.K.,none,
ORD-106180,CUST-1702,15/11/2025,MOBILE APP,PayPal,SHIPPED,France,N/A,
ORD-106181,CUST-3309,05/18/2025,Website,Debit Card,SHIPPED,australia,,
ORD-106182,CUST-3296,2025/01/02,Phone Order,Credit Card,Delivered,Britain,,
ORD-106183,CUST-1107,08/17/2024,Website,Credit Card,Processing,France,SAVE10,
ORD-106184,CUST-1127,2026/02/27,MOBILE APP,Cash on Delivery,SHIPPED,Nigeria,,
ORD-106185,CUST-3451,2026/05/17,MOBILE APP,Crypto,completed,India,WELCOME2025,
ORD-106186,CUST-1133,08/29/2025,In-Store,Cash on Delivery,Delivered,France,,
ORD-106187,CUST-2416,04/21/2024,Marketplace,Crypto,Delivered,FR,N/A,
ORD-106188,CUST-3401,19/04/2024,Phone Order,credit card,Pending,france,WELCOME2025,
ORD-106189,CUST-2369,03/07/2026,In-Store,Cash on Delivery,Delivered,IN,none,
ORD-106190,CUST-3523,2025/04/09,Phone Order,PayPal,Completed,france,N/A,
ORD-106191,CUST-1079,2024-09-06,In-Store,Credit Card,Pending,AU,none,
ORD-106192,CUST-3837,2025-07-16,website,Cash on Delivery,Pending,Nigeria,,
ORD-106193,CUST-2399,09/08/2024,In-Store,Crypto,Cancelled,Nigéria,save10,
ORD-106194,CUST-2868,2024/12/24,Mobile App,Cash on Delivery,Completed,Nigeria,SAVE10,
ORD-106195,CUST-2566,03/06/2025,website,PayPal,SHIPPED,Bharat,WELCOME2025,
ORD-106196,CUST-3990,2025-03-28,Marketplace,PayPal,Delivered,Bharat,,
ORD-106197,CUST-1740,"July 09, 2024",Mobile App,Bank Transfer,Cancelled,Canada,WELCOME2025,
ORD-106198,CUST-3381,01/31/2024,Marketplace,Crypto,Cancelled,Deutschland,none,
ORD-106199,CUST-2093,18-Sep-2025,Website,Debit Card,Processing,AU,SAVE10,
ORD-106200,CUST-1024,"February 22, 2024",Phone Order,PayPal,Refunded,Bharat,,
ORD-106201,CUST-1678,2024/08/28,Phone Order,Cash on Delivery,SHIPPED,Nigéria,,
ORD-106202,CUST-3379,04/02/2026,Website,Crypto,Delivered,ZA,N/A,
ORD-106203,CUST-3576,10/08/2025,Website,Credit Card,SHIPPED,US,,
ORD-106204,CUST-2923,2024/10/15,Phone Order,PayPal,Refunded,india,,
ORD-106205,CUST-2440,24-Apr-2025,Mobile App,Cash on Delivery,Pending,NG,,
ORD-106206,CUST-3201,"December 24, 2025",Phone Order,PayPal,Cancelled,AU,N/A,
ORD-106207,CUST-1434,2025-06-17,MOBILE APP,PayPal,completed,united states,none,
ORD-106208,CUST-1658,19-Jan-2025,Phone Order,Cash on Delivery,Completed,australia,,
ORD-106209,CUST-2117,2024/02/12,MOBILE APP,credit card,Delivered,Canada,SAVE10,
ORD-105964,CUST-1710,2024-04-04,In-Store,Cash on Delivery,Delivered,germany,WELCOME2025,
ORD-106211,CUST-3871,10-May-2025,Phone Order,PayPal,Delivered,FR,,
ORD-106212,CUST-2959,"June 28, 2026",In-Store,credit card,Processing,FR,none,
ORD-106213,CUST-2272,"May 26, 2026",MOBILE APP,Debit Card,Delivered,UK,SAVE10,
ORD-106214,CUST-1490,2025/07/23,In-Store,Credit Card,Cancelled,India,WELCOME2025,
ORD-106215,CUST-1356,2025/07/18,Mobile App,Bank Transfer,Delivered,australia,none,
ORD-106216,CUST-3280,03-Feb-2025,Marketplace,Bank Transfer,Completed,BR,N/A,
ORD-106217,CUST-2632,2025-04-02,website,credit card,Cancelled,IN,save10,
ORD-106218,CUST-2304,2026/03/04,Marketplace,Debit Card,Cancelled,BR,SAVE10,
ORD-106219,CUST-1870,04/17/2026,website,credit card,Pending,United States of America,,
ORD-106220,CUST-2375,2025-04-31,website,Bank Transfer,completed,Germany,,
ORD-106221,CUST-2623,05/06/2026,MOBILE APP,Debit Card,completed,Australia,SAVE10,
ORD-106222,CUST-2910,"February 07, 2024",Website,Debit Card,SHIPPED,UK,SAVE10,
ORD-106223,CUST-2400,02/08/2025,website,Cash on Delivery,Processing,Nigéria,save10,
ORD-106224,CUST-2610,"January 22, 2025",Mobile App,Cash on Delivery,Processing,France,WELCOME2025,
ORD-106225,CUST-3396,2024/07/05,Website,PayPal,Completed,Brasil,save10,
ORD-106226,CUST-1551,2024-03-05,Website,Cash on Delivery,completed,ZA,save10,
ORD-106227,CUST-2593,2025/02/22,MOBILE APP,Credit Card,completed,NG,,
ORD-106228,CUST-1219,02/02/2024,Website,Debit Card,Cancelled,germany,N/A,
ORD-106229,CUST-1173,2025/07/16,Marketplace,Crypto,completed,Brazil,SAVE10,
ORD-106230,CUST-1163,02-Oct-2024,In-Store,Credit Card,Pending,Germany,SAVE10,
ORD-106231,CUST-3218,01/20/2026,In-Store,Crypto,Completed,germany,save10,
ORD-106232,CUST-1983,2024/05/17,MOBILE APP,Credit Card,Processing,India,save10,
ORD-106233,CUST-3383,2025/03/31,website,credit card,Processing,France,SAVE10,
ORD-106234,CUST-1670,2024/12/31,MOBILE APP,Cash on Delivery,Processing,IN,none,
ORD-106235,CUST-1057,29/10/2024,Phone Order,Cash on Delivery,Pending,australia,save10,
ORD-106236,CUST-3045,16/03/2026,Website,credit card,Pending,FR,N/A,
ORD-106237,CUST-3319,2024-09-11,website,credit card,SHIPPED,canada,N/A,
ORD-106238,CUST-1316,27-Feb-2026,Phone Order,Debit Card,Delivered,France,save10,
ORD-106239,CUST-2085,2024/10/12,MOBILE APP,PayPal,Pending,England,N/A,
ORD-106240,CUST-1701,05/22/2024,In-Store,Debit Card,Completed,FR,,
ORD-106241,CUST-2286,04/24/2024,MOBILE APP,Credit Card,Cancelled,Brazil,N/A,
ORD-106242,CUST-1175,2024-11-02,Marketplace,Crypto,Delivered,NG,none,
ORD-106243,CUST-2045,2025-12-10,Phone Order,Credit Card,Processing,germany,,
ORD-106244,CUST-2383,2024/11/06,Phone Order,Debit Card,Processing,IN,WELCOME2025,
ORD-106245,CUST-3393,06/05/2025,website,Cash on Delivery,Delivered,india,SAVE10,
ORD-106246,CUST-1341,05/12/2024,Marketplace,PayPal,completed,CA,none,
ORD-106247,CUST-3096,2026-07-09,In-Store,Crypto,Delivered,Canada,SAVE10,
ORD-106248,CUST-3559,17/07/2024,Mobile App,PayPal,Cancelled,DE,N/A,
ORD-106249,CUST-1701,21/01/2025,Website,Bank Transfer,Refunded,Deutschland,none,
ORD-106250,CUST-3342,11/16/2025,Mobile App,Debit Card,Processing,Brazil,,
ORD-106251,CUST-2715,17-Jan-2027,MOBILE APP,Crypto,Refunded,france,SAVE10,
ORD-106252,CUST-2796,"January 09, 2026",Mobile App,Crypto,Delivered,Britain,save10,
ORD-106253,CUST-1534,05-Jan-2024,In-Store,credit card,Processing,Bharat,save10,
ORD-106254,CUST-2575,2026-02-28,Marketplace,Credit Card,Delivered,ZA,SAVE10,
ORD-106255,CUST-3883,10-Oct-2025,Mobile App,Cash on Delivery,Completed,AU,,
ORD-106256,CUST-3809,"January 31, 2025",In-Store,PayPal,Refunded,UK,WELCOME2025,
ORD-106257,CUST-2975,2024-08-04,In-Store,Crypto,Pending,South Africa,WELCOME2025,
ORD-106258,CUST-3040,11/11/2025,Website,credit card,Delivered,France,save10,
ORD-106259,CUST-3116,2026-04-19,MOBILE APP,Crypto,SHIPPED,australia,WELCOME2025,
ORD-106260,CUST-1170,24-Oct-2024,In-Store,Cash on Delivery,Completed,australia,SAVE10,
ORD-106261,CUST-2453,18/04/2024,In-Store,Cash on Delivery,Processing,Bharat,N/A,
ORD-106262,CUST-3252,14-Nov-2025,Phone Order,Cash on Delivery,Processing,germany,SAVE10,
ORD-106263,CUST-1305,11/01/2024,Mobile App,Debit Card,Refunded,ZA,SAVE10,
ORD-106264,CUST-1562,2024-03-19,Phone Order,credit card,Processing,England,,
ORD-106265,CUST-3320,29-Jul-2024,Phone Order,Crypto,SHIPPED,RSA,save10,
ORD-106266,CUST-1055,2025-12-30,MOBILE APP,credit card,Refunded,CA,save10,
ORD-106267,CUST-3093,02/29/2024,Phone Order,PayPal,Pending,France,save10,
ORD-106268,CUST-1713,2025/03/10,In-Store,Cash on Delivery,Refunded,Deutschland,none,
ORD-106269,CUST-3763,01/16/2026,website,credit card,Pending,BR,N/A,
ORD-106270,CUST-2674,08/09/2024,Marketplace,Cash on Delivery,completed,germany,,
ORD-106271,CUST-2869,2024/04/20,Mobile App,Bank Transfer,Cancelled,Brazil,WELCOME2025,
ORD-106272,CUST-1707,"July 16, 2024",MOBILE APP,Cash on Delivery,Completed,RSA,none,
ORD-106273,CUST-1851,"May 23, 2026",MOBILE APP,Crypto,Completed,RSA,SAVE10,
ORD-106274,CUST-3123,"October 14, 2025",Mobile App,Credit Card,Processing,United States,save10,
ORD-106275,CUST-2177,08/13/2025,Marketplace,Crypto,completed,France,none,
ORD-106276,CUST-2066,2027-04-09,MOBILE APP,Crypto,Delivered,FR,N/A,
ORD-106277,CUST-3724,22-Apr-2024,MOBILE APP,Credit Card,Delivered,Brasil,SAVE10,
ORD-106278,CUST-1405,2024/02/20,MOBILE APP,credit card,Completed,U.K.,,
ORD-106279,CUST-1333,2024/09/06,Mobile App,Crypto,Processing,nigeria,N/A,
ORD-106280,CUST-1234,2025-05-27,Marketplace,Cash on Delivery,Cancelled,india,none,
ORD-106281,CUST-1137,04/20/2025,Website,Cash on Delivery,Delivered,CA,WELCOME2025,
ORD-106282,CUST-2954,03-Jan-2025,Website,Bank Transfer,completed,India,N/A,
ORD-106283,CUST-2241,01/03/2024,In-Store,PayPal,SHIPPED,US,,
ORD-106284,CUST-3030,"January 22, 2024",Phone Order,credit card,Pending,United Kingdom,save10,
ORD-106285,CUST-1987,12-Jan-2026,In-Store,Debit Card,completed,IN,SAVE10,
ORD-106286,CUST-3635,12-Jan-2025,Mobile App,Crypto,Processing,Canada,none,
ORD-106287,CUST-1070,"June 19, 2025",Mobile App,credit card,SHIPPED,United States,,
ORD-106288,CUST-3610,2026/04/14,Phone Order,credit card,Refunded,UK,N/A,
ORD-106289,CUST-2572,2025-08-28,In-Store,credit card,Completed,DE,none,
ORD-106290,CUST-3787,13-Apr-2024,In-Store,PayPal,Cancelled,australia,,
ORD-106291,CUST-2822,2024/03/18,In-Store,PayPal,Delivered,germany,none,
ORD-106292,CUST-1752,2024/11/25,In-Store,PayPal,completed,France,SAVE10,
ORD-106293,CUST-2293,2024/10/04,Phone Order,PayPal,SHIPPED,germany,N/A,
ORD-106294,CUST-3157,20-Nov-2024,Phone Order,Credit Card,SHIPPED,South Africa,SAVE10,
ORD-106295,CUST-1138,2024/06/24,In-Store,PayPal,Completed,Bharat,none,
ORD-106296,CUST-1038,22-Aug-2025,In-Store,Debit Card,Delivered,nigeria,SAVE10,
ORD-106297,CUST-1344,08/07/2025,website,Credit Card,Delivered,FR,SAVE10,
ORD-106298,CUST-2245,2024/09/15,In-Store,Debit Card,SHIPPED,Brasil,,
ORD-106299,CUST-1142,2026/05/31,In-Store,Cash on Delivery,Refunded,france,WELCOME2025,
ORD-106300,CUST-2134,05/03/2026,Phone Order,PayPal,SHIPPED,ZA,save10,
ORD-106301,CUST-3177,24-Aug-2025,website,credit card,Pending,india,none,
ORD-106302,CUST-1323,2024/11/25,Website,Bank Transfer,Refunded,canada,none,
ORD-106303,CUST-3446,"October 09, 2024",website,Cash on Delivery,Cancelled,France,WELCOME2025,
ORD-106304,CUST-1047,2025/07/10,In-Store,Bank Transfer,SHIPPED,US,,
ORD-106305,CUST-1504,"January 10, 2025",Phone Order,Credit Card,Pending,France,,
ORD-106306,CUST-2131,09/30/2024,Mobile App,Bank Transfer,Pending,ZA,WELCOME2025,
ORD-106307,CUST-3747,08/08/2025,Mobile App,Cash on Delivery,completed,ZA,WELCOME2025,
ORD-106308,CUST-2305,"March 12, 2025",In-Store,Credit Card,completed,Australia,N/A,
ORD-106309,CUST-2503,07-Sep-2025,MOBILE APP,Cash on Delivery,Pending,United States,none,
ORD-106310,CUST-2723,2025/10/23,Phone Order,Cash on Delivery,Pending,United Kingdom,WELCOME2025,
ORD-106311,CUST-3026,02-Jan-2024,website,Bank Transfer,completed,France,,
ORD-106312,CUST-2571,05/11/2026,,Bank Transfer,completed,United States of America,WELCOME2025,
ORD-106313,CUST-2224,06/05/2024,Mobile App,credit card,Pending,United States,,
ORD-106314,CUST-2425,2026-06-23,Website,Debit Card,SHIPPED,NG,,
ORD-106315,CUST-1557,08/24/2024,Phone Order,Crypto,Completed,BR,none,
ORD-106316,CUST-3402,2025-09-08,Mobile App,Bank Transfer,Processing,Brazil,N/A,
ORD-106317,CUST-2961,2024/03/28,Mobile App,Crypto,Delivered,NG,save10,
ORD-106318,CUST-1679,"September 03, 2025",website,credit card,Cancelled,S. Africa,,
ORD-106319,CUST-1565,03/01/2024,In-Store,Credit Card,SHIPPED,AU,WELCOME2025,
ORD-106320,CUST-2314,2024-07-24,Marketplace,Crypto,Pending,Brasil,none,
ORD-106321,CUST-2983,28-Mar-2025,Website,Debit Card,SHIPPED,RSA,save10,
ORD-106322,CUST-1216,2024-01-09,Marketplace,Cash on Delivery,Completed,Canada,save10,
ORD-106323,CUST-1051,2025-02-30,In-Store,Crypto,SHIPPED,Australia,none,
ORD-106324,CUST-3716,2025-01-25,Mobile App,Cash on Delivery,Pending,CA,N/A,
ORD-106325,CUST-1670,2025-03-11,Marketplace,Cash on Delivery,Pending,Australia,,
ORD-106326,CUST-1628,26-Apr-2026,Mobile App,Crypto,Cancelled,Australia,,
ORD-106327,CUST-1166,"March 27, 2024",MOBILE APP,Crypto,Cancelled,CA,SAVE10,
ORD-106328,CUST-2003,26/06/2026,website,Credit Card,completed,france,save10,
ORD-106329,CUST-1674,09/11/2025,Phone Order,Credit Card,Delivered,FR,SAVE10,
ORD-106330,CUST-1487,"May 10, 2025",In-Store,Crypto,Completed,ZA,,
ORD-106331,CUST-2016,24-Feb-2025,Website,Credit Card,Pending,germany,N/A,
ORD-105776,CUST-2969,2025-09-28,Phone Order,PayPal,Completed,nigeria,SAVE10,
ORD-106333,CUST-2899,2024-10-23,MOBILE APP,Cash on Delivery,Pending,FR,,
ORD-106334,CUST-3176,2025/11/14,Website,Debit Card,Cancelled,Nigéria,,
ORD-106335,CUST-3515,02-Feb-2025,website,credit card,Processing,BR,WELCOME2025,
ORD-106336,CUST-3915,08-Oct-2025,website,Cash on Delivery,Pending,United States,,
ORD-106337,CUST-2668,14-Jan-2025,Marketplace,Crypto,Delivered,France,save10,
ORD-106338,CUST-3712,2025-07-15,Website,PayPal,Pending,Canada,,
ORD-106339,CUST-2491,2025-10-05,MOBILE APP,PayPal,Pending,Bharat,save10,
ORD-106340,CUST-1713,06/25/2024,Phone Order,Credit Card,Delivered,Canada,SAVE10,
ORD-106341,CUST-2314,2024/03/21,MOBILE APP,PayPal,SHIPPED,AU,,
ORD-106342,CUST-2167,2024/03/25,Marketplace,credit card,Cancelled,canada,none,
ORD-106343,CUST-1183,19-Nov-2024,In-Store,credit card,Cancelled,United States,,
ORD-106344,CUST-1256,06/30/2025,Marketplace,Bank Transfer,Refunded,Bharat,,
ORD-106345,CUST-1432,2024/02/06,Mobile App,credit card,SHIPPED,DE,,
ORD-106346,CUST-3333,02/25/2025,MOBILE APP,Bank Transfer,Delivered,France,N/A,
ORD-106347,CUST-2507,07/12/2024,Website,credit card,Cancelled,germany,save10,
ORD-106348,CUST-3464,03/23/2024,MOBILE APP,credit card,Pending,FR,none,
ORD-106349,CUST-1636,2026-07-11,Phone Order,Cash on Delivery,Refunded,australia,,
ORD-106350,CUST-3691,30-Dec-2025,Mobile App,Debit Card,Completed,England,none,
ORD-106351,CUST-1729,2024-07-22,Marketplace,Debit Card,SHIPPED,S. Africa,SAVE10,
ORD-106352,CUST-2459,2026/07/16,In-Store,Cash on Delivery,Pending,australia,,
ORD-106353,CUST-1251,"February 24, 2026",Mobile App,Credit Card,completed,S. Africa,N/A,
ORD-106354,CUST-1124,2026/07/05,Mobile App,credit card,Refunded,Brasil,none,
ORD-104613,CUST-3444,28-Jan-2026,Website,PayPal,Delivered,IN,WELCOME2025,
ORD-106356,CUST-1483,10/06/2027,Mobile App,Credit Card,Refunded,france,,
ORD-106357,CUST-1182,2025-04-09,Mobile App,Debit Card,Cancelled,Canada,N/A,
ORD-106358,CUST-1064,12/12/2024,Marketplace,Bank Transfer,Pending,Germany,N/A,
ORD-106359,CUST-2883,2024-12-27,MOBILE APP,Debit Card,Processing,US,,
ORD-106360,CUST-1749,02/26/2027,Mobile App,credit card,Refunded,FR,WELCOME2025,
ORD-106361,CUST-3741,14/12/2024,Phone Order,credit card,completed,france,SAVE10,
ORD-106362,CUST-2995,22-Feb-2025,Website,credit card,Cancelled,NG,,
ORD-106363,CUST-3168,03/06/2024,In-Store,Bank Transfer,SHIPPED,United States,,
ORD-106364,CUST-2564,24/06/2025,Mobile App,Crypto,completed,Brazil,none,
ORD-106365,CUST-2270,24-Aug-2025,MOBILE APP,Cash on Delivery,Processing,Brasil,SAVE10,
ORD-106366,CUST-1174,2024-03-26,MOBILE APP,PayPal,SHIPPED,Australia,N/A,
ORD-106367,CUST-3168,14/08/2024,MOBILE APP,Debit Card,Processing,US,N/A,
ORD-106368,CUST-2532,2027/11/24,Phone Order,Crypto,Delivered,AU,,
ORD-106369,CUST-3942,27-Oct-2025,Website,Debit Card,Pending,France,N/A,
ORD-106370,CUST-1925,13/04/2024,MOBILE APP,PayPal,Processing,England,N/A,
ORD-106371,CUST-2590,19-Aug-2025,MOBILE APP,credit card,SHIPPED,IN,N/A,
ORD-106372,CUST-1482,07/02/2025,In-Store,Credit Card,Pending,U.S.A.,N/A,
ORD-103155,CUST-2742,2025/05/07,Website,Credit Card,Cancelled,France,N/A,
ORD-106374,CUST-3188,2026-01-29,Mobile App,Bank Transfer,Cancelled,Australia,N/A,
ORD-106375,CUST-1856,2025/10/30,Marketplace,Crypto,Processing,canada,none,
ORD-106376,CUST-3327,11/01/2024,Mobile App,credit card,Delivered,ZA,save10,
ORD-106377,CUST-1852,23-Jan-2024,Mobile App,Debit Card,completed,france,none,
ORD-106378,CUST-2190,"December 16, 2025",Website,Cash on Delivery,Processing,NG,,
ORD-106379,CUST-2229,24-Apr-2025,website,Bank Transfer,Pending,Brazil,,
ORD-106380,CUST-2503,21-Jan-2025,In-Store,Debit Card,Refunded,IN,WELCOME2025,
ORD-106381,CUST-2076,2026/05/01,MOBILE APP,PayPal,Pending,india,save10,
ORD-106382,CUST-3409,"September 15, 2024",Mobile App,Bank Transfer,completed,Nigéria,WELCOME2025,
ORD-106383,CUST-1644,10/09/2025,In-Store,PayPal,Refunded,CA,,
ORD-106384,CUST-2879,2025/01/04,In-Store,Bank Transfer,Processing,NG,N/A,
ORD-106385,CUST-2943,15-Aug-2024,Website,PayPal,Refunded,united states,N/A,
ORD-106386,CUST-1689,2025/12/11,Mobile App,PayPal,Cancelled,U.S.A.,none,
ORD-106387,CUST-2668,2025/03/01,Marketplace,Debit Card,SHIPPED,Canada,,
ORD-106388,CUST-1830,"July 14, 2024",Website,credit card,Processing,France,SAVE10,
ORD-106389,CUST-2558,"September 05, 2024",Marketplace,Crypto,completed,US,N/A,
ORD-106390,CUST-2789,11-Jun-2026,Marketplace,Cash on Delivery,Delivered,Nigeria,SAVE10,
ORD-106391,CUST-2630,"December 12, 2024",Website,credit card,completed,United States of America,,
ORD-106392,CUST-1454,2026/05/31,MOBILE APP,credit card,Refunded,australia,save10,
ORD-106393,CUST-3397,08/11/2024,Mobile App,Credit Card,Completed,RSA,,
ORD-106394,CUST-2440,2026-04-03,Website,Debit Card,SHIPPED,England,SAVE10,
ORD-106395,CUST-1354,01/31/2025,Website,PayPal,Pending,United States,WELCOME2025,
ORD-106396,CUST-3304,11/26/2024,MOBILE APP,Bank Transfer,Processing,IN,save10,
ORD-106397,CUST-2428,06-Nov-2025,MOBILE APP,Credit Card,Cancelled,Bharat,save10,
ORD-106398,CUST-2813,05-Nov-2024,MOBILE APP,Debit Card,Pending,Deutschland,SAVE10,
ORD-106399,CUST-1471,2025-07-04,Marketplace,Crypto,SHIPPED,germany,,
ORD-106400,CUST-2075,"September 15, 2024",MOBILE APP,PayPal,Refunded,Brasil,WELCOME2025,
ORD-106401,CUST-1292,25-Jan-2025,In-Store,Debit Card,Completed,Nigeria,none,
ORD-106402,CUST-2651,27-Apr-2024,Phone Order,credit card,Pending,AU,none,
ORD-106403,CUST-2817,2026-01-01,Marketplace,Cash on Delivery,SHIPPED,RSA,WELCOME2025,
ORD-106404,CUST-2716,"August 09, 2025",Phone Order,Bank Transfer,SHIPPED,CA,SAVE10,
ORD-106405,CUST-2390,2025/09/21,MOBILE APP,Bank Transfer,Completed,germany,SAVE10,
ORD-106406,CUST-1754,2027/07/22,Website,Bank Transfer,SHIPPED,india,save10,
ORD-106407,CUST-1750,10/06/2025,Marketplace,Crypto,Completed,germany,SAVE10,
ORD-106408,CUST-2523,09/28/2025,website,Crypto,Refunded,South Africa,SAVE10,
ORD-106409,CUST-2013,2025-07-24,In-Store,Crypto,Cancelled,ZA,,
ORD-106410,CUST-1376,06/06/2025,Mobile App,Credit Card,Delivered,Brazil,N/A,
ORD-106411,CUST-1471,08-Jan-2026,Marketplace,Crypto,Pending,United States,none,
ORD-106412,CUST-1538,2024-11-01,Mobile App,PayPal,completed,germany,none,
ORD-106413,CUST-3696,10/08/2025,Marketplace,Debit Card,Refunded,DE,,
ORD-106414,CUST-3566,28/10/2025,Website,Cash on Delivery,Pending,united states,SAVE10,
ORD-106415,CUST-1284,"September 27, 2024",MOBILE APP,credit card,Delivered,BR,,
ORD-106416,CUST-3174,2026/02/03,MOBILE APP,Credit Card,completed,England,SAVE10,
ORD-106417,CUST-1676,2025/05/09,Marketplace,Debit Card,Pending,FR,,
ORD-106418,CUST-2762,18-Feb-2026,Marketplace,Credit Card,Delivered,USA,save10,
ORD-106419,CUST-1829,2027/08/20,website,credit card,completed,India,,
ORD-106420,CUST-3538,01/21/2024,Website,Cash on Delivery,Delivered,nigeria,,
ORD-106421,CUST-3265,02/29/2024,Mobile App,Credit Card,Completed,France,SAVE10,
ORD-106422,CUST-2236,02/20/2026,Marketplace,Cash on Delivery,completed,Brazil,save10,
ORD-106423,CUST-2101,"July 05, 2024",website,Crypto,Cancelled,Nigéria,N/A,
ORD-106424,CUST-2290,2025-12-21,Phone Order,Cash on Delivery,completed,Britain,,
ORD-102644,CUST-3362,2024-06-25,MOBILE APP,Credit Card,completed,S. Africa,,
ORD-106426,CUST-3896,2024/06/22,In-Store,Debit Card,Refunded,U.S.A.,WELCOME2025,
ORD-106427,CUST-3860,2024/03/06,MOBILE APP,Bank Transfer,Pending,germany,none,
ORD-106428,CUST-2845,10/16/2024,Marketplace,Bank Transfer,Cancelled,FR,WELCOME2025,
ORD-106429,CUST-3355,05/23/2025,Phone Order,PayPal,Cancelled,UK,,
ORD-106430,CUST-1891,15-Dec-2024,In-Store,Bank Transfer,Refunded,united states,SAVE10,
ORD-106431,CUST-1271,2024-12-31,Mobile App,credit card,Cancelled,,,
ORD-106432,CUST-2026,20-Jan-2025,Marketplace,Bank Transfer,SHIPPED,BR,save10,
ORD-106433,CUST-1276,"July 28, 2025",Mobile App,Bank Transfer,Pending,India,,
ORD-106434,CUST-3635,10-Oct-2025,Mobile App,Cash on Delivery,Delivered,france,WELCOME2025,
ORD-106435,CUST-1481,09/22/2024,MOBILE APP,Crypto,Refunded,BR,,
ORD-106436,CUST-2451,06/12/2025,In-Store,Cash on Delivery,Completed,France,WELCOME2025,
ORD-106437,CUST-2663,2025-04-22,Phone Order,credit card,Pending,RSA,WELCOME2025,
ORD-106438,CUST-2976,12/01/2025,,Crypto,Delivered,Brasil,,
ORD-106439,CUST-3492,"September 25, 2025",In-Store,Crypto,Completed,DE,SAVE10,
ORD-106440,CUST-1307,09-Jan-2024,Mobile App,Debit Card,Delivered,United States of America,,
ORD-106441,CUST-1775,2024-10-05,In-Store,PayPal,Delivered,Brazil,SAVE10,
ORD-106442,CUST-2638,09-Sep-2024,MOBILE APP,credit card,Pending,Germany,save10,
ORD-106443,CUST-2664,"March 29, 2025",MOBILE APP,Cash on Delivery,Cancelled,FR,WELCOME2025,
ORD-106444,CUST-1331,31/10/2024,website,Bank Transfer,Cancelled,AU,WELCOME2025,
ORD-106445,CUST-3129,2024/01/04,In-Store,Crypto,completed,CA,SAVE10,
ORD-106446,CUST-3394,24-Jan-2025,Marketplace,Cash on Delivery,Refunded,United States,none,
ORD-106447,CUST-2951,12/20/2025,Marketplace,Crypto,Cancelled,Australia,,
ORD-106448,CUST-1918,03/12/2024,Marketplace,Cash on Delivery,SHIPPED,Canada,SAVE10,
ORD-106449,CUST-3410,"May 27, 2024",MOBILE APP,Cash on Delivery,Completed,Brasil,,
ORD-106450,CUST-3677,07/09/2024,Marketplace,PayPal,Cancelled,Brasil,WELCOME2025,
ORD-106451,CUST-3780,21-Dec-2025,In-Store,Crypto,Completed,U.S.A.,none,
ORD-106452,CUST-3814,11/16/2024,MOBILE APP,Debit Card,Processing,india,none,
ORD-106453,CUST-3248,2025-08-03,website,Crypto,completed,CA,N/A,
ORD-106454,CUST-1097,2026/04/08,Website,credit card,completed,Bharat,N/A,
ORD-106455,CUST-3413,2025-10-14,Mobile App,Credit Card,Cancelled,Britain,,
ORD-106456,CUST-3175,2025-06-28,website,PayPal,Delivered,USA,,
ORD-106457,CUST-2364,05-Sep-2025,Mobile App,Crypto,Completed,RSA,save10,
ORD-106458,CUST-2741,11-Jul-2026,Website,Credit Card,SHIPPED,England,save10,
ORD-106459,CUST-2752,2026-06-01,Phone Order,Crypto,Cancelled,NG,WELCOME2025,
ORD-106460,CUST-1873,2025-08-14,MOBILE APP,Bank Transfer,Completed,IN,none,
ORD-106461,CUST-2474,10/18/2024,Website,Credit Card,Completed,U.S.A.,save10,
ORD-106462,CUST-3937,03/06/2024,MOBILE APP,Credit Card,completed,United States of America,WELCOME2025,
ORD-106463,CUST-1152,2025/05/14,website,credit card,Cancelled,France,save10,
ORD-106464,CUST-1533,2024-09-10,Phone Order,Credit Card,Completed,France,,
ORD-106465,CUST-1417,22-Jun-2026,Marketplace,Credit Card,Completed,BR,save10,
ORD-106466,CUST-3375,28-Jan-2024,Marketplace,Debit Card,Processing,NG,SAVE10,
ORD-106467,CUST-2326,09/11/2025,Website,credit card,completed,Germany,,
ORD-106468,CUST-3935,2026/05/15,MOBILE APP,Debit Card,Completed,nigeria,,
ORD-106469,CUST-2582,2026/02/27,MOBILE APP,Bank Transfer,completed,Canada,,
ORD-106470,CUST-3285,19-Jun-2026,Marketplace,credit card,completed,UK,,
ORD-106471,CUST-1311,01/12/2024,website,Debit Card,Refunded,nigeria,N/A,
ORD-106472,CUST-3741,07/28/2025,website,Credit Card,Processing,CA,,
ORD-106473,CUST-1959,12-Mar-2026,website,Debit Card,Refunded,S. Africa,,
ORD-106474,CUST-2900,05/12/2024,Website,Bank Transfer,SHIPPED,England,,
ORD-106475,CUST-2492,"February 17, 2024",Website,Cash on Delivery,Completed,france,,
ORD-106476,CUST-3289,2025-07-27,Phone Order,Crypto,Delivered,U.S.A.,,
ORD-106477,CUST-2913,07-Jun-2025,In-Store,PayPal,Delivered,NG,,
ORD-106478,CUST-3660,"September 19, 2024",Website,Bank Transfer,Completed,United Kingdom,,
ORD-106479,CUST-2819,"January 16, 2025",Website,Cash on Delivery,SHIPPED,Nigeria,SAVE10,
ORD-102306,CUST-2712,2024-01-25,Phone Order,Cash on Delivery,Delivered,nigeria,,
ORD-106481,CUST-2602,01-May-2025,Website,Cash on Delivery,Processing,Canada,none,
ORD-106482,CUST-2075,2025/12/14,In-Store,Crypto,SHIPPED,nigeria,SAVE10,
ORD-106483,CUST-1091,"June 17, 2026",MOBILE APP,Debit Card,Pending,UK,none,
ORD-106484,CUST-2980,07/03/2024,Mobile App,Credit Card,Processing,RSA,,
ORD-106485,CUST-2444,05/27/2024,MOBILE APP,PayPal,Processing,South Africa,SAVE10,
ORD-106486,CUST-1275,2024-12-05,Phone Order,Crypto,SHIPPED,FR,SAVE10,
ORD-106487,CUST-1990,07-Mar-2025,Website,Cash on Delivery,Processing,Canada,SAVE10,
ORD-106488,CUST-1415,"November 07, 2024",In-Store,credit card,Refunded,S. Africa,,
ORD-106489,CUST-2043,"January 17, 2024",Mobile App,PayPal,Pending,Bharat,,
ORD-106490,CUST-2483,"June 20, 2024",Phone Order,Credit Card,Refunded,france,WELCOME2025,
ORD-106491,CUST-1822,07/02/2026,Website,Cash on Delivery,Cancelled,ZA,,
ORD-106492,CUST-2620,13-Jul-2025,Website,Bank Transfer,Processing,Australia,,
ORD-106493,CUST-3244,06/21/2026,website,Bank Transfer,Processing,AU,N/A,
ORD-106494,CUST-1518,2026/06/11,Website,Bank Transfer,Cancelled,Australia,WELCOME2025,
ORD-106495,CUST-1342,08/23/2025,website,PayPal,SHIPPED,France,,
ORD-106496,CUST-1895,02/21/2025,Phone Order,Cash on Delivery,Processing,canada,,
ORD-106497,CUST-2686,01/22/2024,Website,Credit Card,SHIPPED,IN,save10,
ORD-106498,CUST-1522,13-Jul-2024,MOBILE APP,Bank Transfer,Cancelled,Deutschland,,
ORD-106499,CUST-2956,14/07/2025,Website,credit card,SHIPPED,Nigéria,none,
ORD-106500,CUST-1034,"January 24, 2026",In-Store,Credit Card,SHIPPED,USA,WELCOME2025,
ORD-106501,CUST-3214,2024/06/15,Mobile App,PayPal,Processing,Nigeria,,
ORD-106502,CUST-1173,"November 28, 2024",In-Store,Bank Transfer,completed,Deutschland,none,
ORD-106503,CUST-3179,"May 03, 2026",MOBILE APP,Crypto,SHIPPED,,save10,
ORD-106504,CUST-3536,2025-01-01,Website,Credit Card,Delivered,United Kingdom,,
ORD-106505,CUST-1817,2025-03-06,Website,Debit Card,Refunded,NG,SAVE10,
ORD-106506,CUST-1205,"May 08, 2025",Marketplace,Credit Card,Completed,DE,save10,
ORD-106507,CUST-1538,2026/04/07,website,Cash on Delivery,Cancelled,IN,,
ORD-106508,CUST-3885,2026-06-10,Website,PayPal,Processing,FR,save10,
ORD-106509,CUST-3137,"January 18, 2024",MOBILE APP,Crypto,Cancelled,Brazil,,
ORD-106510,CUST-3810,"July 03, 2026",Phone Order,Debit Card,Completed,ZA,WELCOME2025,
ORD-106511,CUST-2618,2026-02-14,Website,Debit Card,Processing,Brasil,save10,
ORD-106512,CUST-3703,"November 09, 2025",Phone Order,Bank Transfer,SHIPPED,Brasil,WELCOME2025,
ORD-106513,CUST-1486,2025/09/17,website,credit card,completed,CA,WELCOME2025,
ORD-106514,CUST-1052,2024/04/22,MOBILE APP,Bank Transfer,Refunded,united states,none,
ORD-106515,CUST-1825,2025/02/16,MOBILE APP,Cash on Delivery,Completed,Nigéria,,
ORD-106516,CUST-1838,"August 11, 2024",Website,Debit Card,Refunded,Canada,,
ORD-106517,CUST-3719,30-Aug-2025,website,Debit Card,Processing,united states,WELCOME2025,
ORD-106518,CUST-3657,2025-13-05,In-Store,Crypto,Processing,Canada,SAVE10,
ORD-106519,CUST-2736,04/13/2026,Marketplace,Credit Card,completed,india,SAVE10,
ORD-106520,CUST-2940,2024/06/07,Mobile App,Credit Card,Cancelled,S. Africa,SAVE10,
ORD-106521,CUST-1777,21-Feb-2026,In-Store,Crypto,Pending,Nigéria,,
ORD-106522,CUST-3233,11/09/2025,Mobile App,Cash on Delivery,Processing,South Africa,N/A,
ORD-106523,CUST-1168,10/04/2026,In-Store,Cash on Delivery,SHIPPED,Australia,save10,
ORD-106524,CUST-2461,"March 22, 2025",Website,Cash on Delivery,Refunded,Canada,SAVE10,
ORD-106525,CUST-3741,2026/07/06,In-Store,credit card,Processing,AU,,
ORD-106526,CUST-2760,25/08/2025,website,Bank Transfer,Delivered,Bharat,,
ORD-106527,CUST-1820,"April 25, 2025",Website,Bank Transfer,completed,united states,,
ORD-106528,CUST-1869,2026/07/18,website,PayPal,Pending,United States,WELCOME2025,
ORD-106529,CUST-1398,15-Aug-2025,Mobile App,Crypto,Refunded,france,WELCOME2025,
ORD-106462,CUST-1162,25/10/2025,MOBILE APP,Cash on Delivery,Completed,BR,save10,
ORD-106531,CUST-1100,08/05/2026,In-Store,Credit Card,Refunded,AU,,
ORD-106532,CUST-2651,2024-08-15,website,PayPal,Refunded,France,SAVE10,
ORD-106533,CUST-2197,09/11/2025,Phone Order,PayPal,Completed,canada,N/A,
ORD-106534,CUST-2847,07/13/2024,Mobile App,Bank Transfer,completed,IN,SAVE10,
ORD-106535,CUST-2524,09/19/2024,In-Store,PayPal,SHIPPED,Nigéria,SAVE10,
ORD-106536,CUST-2610,2024/04/27,Website,Cash on Delivery,Cancelled,FR,N/A,
ORD-101697,CUST-1855,24/05/2026,In-Store,Crypto,Cancelled,United States,,
ORD-106538,CUST-2303,"April 09, 2024",website,PayPal,Completed,Britain,save10,
ORD-106539,CUST-1639,01-Apr-2026,MOBILE APP,Crypto,Delivered,FR,,
ORD-106540,CUST-1437,2024-10-29,Phone Order,PayPal,Completed,Nigeria,save10,
ORD-106541,CUST-2873,15-Jul-2025,Website,Credit Card,SHIPPED,DE,none,
ORD-106542,CUST-1315,30/03/2024,Mobile App,Cash on Delivery,Delivered,United Kingdom,SAVE10,
ORD-106543,CUST-1290,03-Jan-2026,Website,credit card,Completed,germany,N/A,
ORD-106544,CUST-1139,03-Sep-2025,Website,credit card,Pending,india,N/A,
ORD-106545,CUST-2806,04/08/2024,Mobile App,Crypto,Processing,BR,none,
ORD-106546,CUST-2511,"January 10, 2025",In-Store,Credit Card,Refunded,Bharat,SAVE10,
ORD-106547,CUST-1918,2024/09/23,Mobile App,Cash on Delivery,Completed,DE,,
ORD-106548,CUST-3391,03-Oct-2025,website,credit card,Pending,India,,
ORD-106549,CUST-2384,2025/04/01,MOBILE APP,Crypto,SHIPPED,france,,
ORD-106550,CUST-3104,06/13/2025,In-Store,Credit Card,Delivered,germany,save10,
ORD-106551,CUST-2947,13/09/2025,Mobile App,Crypto,Delivered,germany,N/A,
ORD-106552,CUST-2949,2024/11/18,Phone Order,Credit Card,Delivered,Nigéria,,
ORD-106553,CUST-3021,27/01/2025,MOBILE APP,Cash on Delivery,Pending,Brasil,save10,
ORD-106554,CUST-3463,03/03/2025,Phone Order,Crypto,Cancelled,Nigéria,save10,
ORD-106555,CUST-2770,2026/04/04,In-Store,PayPal,Pending,Brazil,save10,
ORD-106556,CUST-1635,2024-05-31,Website,PayPal,completed,india,none,
ORD-106557,CUST-2938,01/22/2026,Marketplace,Bank Transfer,SHIPPED,Nigeria,none,
ORD-106558,CUST-9754,2026-05-20,In-Store,Crypto,Completed,BR,WELCOME2025,
ORD-106559,CUST-1992,2025-13-05,Phone Order,PayPal,Cancelled,S. Africa,N/A,
ORD-106560,CUST-1476,04-Mar-2025,MOBILE APP,PayPal,SHIPPED,United States of America,,
ORD-106561,CUST-3114,22-Feb-2024,Mobile App,PayPal,completed,nigeria,save10,
ORD-106562,CUST-3960,2024-01-02,Website,Debit Card,Processing,Germany,SAVE10,
ORD-106563,CUST-1336,10/01/2025,website,Crypto,Refunded,canada,none,
ORD-106564,CUST-2052,2026-02-25,Mobile App,PayPal,Processing,AU,none,
ORD-106565,CUST-2774,17/11/2025,MOBILE APP,PayPal,Completed,canada,none,
ORD-106566,CUST-2945,"February 19, 2024",Mobile App,Credit Card,Pending,South Africa,save10,
ORD-106567,CUST-1900,02/02/2025,Phone Order,Debit Card,Cancelled,France,,
ORD-106568,CUST-2957,"September 06, 2024",Phone Order,credit card,SHIPPED,Brasil,none,
ORD-106569,CUST-1076,02-May-2025,Phone Order,Debit Card,Cancelled,DE,WELCOME2025,
ORD-106570,CUST-3911,2025/02/26,website,PayPal,Delivered,BR,none,
ORD-106571,CUST-3364,2024-06-15,Website,credit card,Cancelled,France,,
ORD-106572,CUST-3301,2024-01-17,Marketplace,Bank Transfer,Pending,Germany,WELCOME2025,
ORD-106573,CUST-1600,13/05/2026,Website,Crypto,Cancelled,CA,,
ORD-106574,CUST-1381,2025-02-09,Marketplace,Bank Transfer,Cancelled,Brasil,SAVE10,
ORD-106575,CUST-2652,04/18/2026,Mobile App,Cash on Delivery,Delivered,AU,none,
ORD-106576,CUST-1384,10/23/2024,Website,Credit Card,Pending,Germany,none,
ORD-106577,CUST-2204,30-Jan-2024,Phone Order,Credit Card,completed,BR,none,
ORD-106578,CUST-1814,2025-04-31,Phone Order,Bank Transfer,Delivered,australia,,
ORD-106579,CUST-3437,2025/10/30,Phone Order,Crypto,Pending,united states,N/A,
ORD-106580,CUST-2234,2026/05/10,Phone Order,PayPal,Cancelled,AU,WELCOME2025,
ORD-106581,CUST-3856,11/08/2025,Website,Credit Card,Delivered,Brasil,WELCOME2025,
ORD-106582,CUST-1019,05/06/2026,website,PayPal,Refunded,france,none,
ORD-106583,CUST-2159,07-Jun-2024,Mobile App,Credit Card,Completed,united states,,
ORD-106584,CUST-2338,08/01/2025,Mobile App,Debit Card,SHIPPED,AU,,
ORD-106585,CUST-3528,2024/06/26,Phone Order,Cash on Delivery,Pending,Brasil,save10,
ORD-106586,CUST-1405,01/18/2027,Marketplace,credit card,Refunded,Deutschland,WELCOME2025,
ORD-106587,CUST-3253,2025/11/27,Phone Order,Debit Card,Delivered,United States of America,WELCOME2025,
ORD-106588,CUST-3842,20/02/2024,In-Store,Bank Transfer,Completed,South Africa,none,
ORD-106589,CUST-2414,31-Jan-2025,In-Store,Cash on Delivery,Completed,Bharat,none,
ORD-106590,CUST-3776,01/14/2024,MOBILE APP,Cash on Delivery,SHIPPED,India,N/A,
ORD-106591,CUST-2274,2025-09-24,MOBILE APP,Credit Card,Refunded,CA,SAVE10,
ORD-106592,CUST-3280,2025-02-08,Website,Crypto,Pending,france,,
ORD-106593,CUST-1898,21/12/2025,website,Cash on Delivery,SHIPPED,Australia,SAVE10,
ORD-106594,CUST-2422,2024/03/23,In-Store,Cash on Delivery,Completed,india,,
ORD-106595,CUST-3100,"May 16, 2026",Website,PayPal,Cancelled,canada,save10,
ORD-106596,CUST-3787,2025/05/18,website,PayPal,Cancelled,AU,none,
ORD-106597,CUST-1413,"March 21, 2024",Phone Order,Crypto,SHIPPED,Canada,WELCOME2025,
ORD-106598,CUST-2324,"January 01, 2025",Website,Credit Card,Completed,India,,
ORD-106599,CUST-1643,2025-03-06,Marketplace,Bank Transfer,Refunded,FR,N/A,
ORD-106600,CUST-3152,"October 26, 2024",website,Bank Transfer,Completed,Bharat,,
ORD-106601,CUST-3668,03/02/2024,MOBILE APP,Cash on Delivery,Delivered,Nigéria,SAVE10,
ORD-105990,CUST-2110,2025-06-27,Mobile App,Credit Card,Processing,Australia,save10,
ORD-106603,CUST-2545,"July 05, 2024",MOBILE APP,Cash on Delivery,SHIPPED,canada,,
ORD-106604,CUST-1936,11/03/2024,In-Store,Bank Transfer,Refunded,france,save10,
ORD-106605,CUST-3726,06/18/2024,MOBILE APP,credit card,Processing,U.K.,N/A,
ORD-106606,CUST-1409,05/05/2026,In-Store,Bank Transfer,Cancelled,BR,N/A,
ORD-106607,CUST-2295,2025-04-31,MOBILE APP,Credit Card,completed,india,N/A,
ORD-106608,CUST-1331,"October 22, 2025",Mobile App,Debit Card,completed,France,WELCOME2025,
ORD-106609,CUST-2545,11/24/2025,In-Store,credit card,Cancelled,AU,WELCOME2025,
ORD-106610,CUST-3262,06/12/2025,In-Store,Credit Card,Processing,Deutschland,,
ORD-106611,CUST-2275,2026-03-18,Phone Order,credit card,completed,canada,,
ORD-106612,CUST-2179,2026-03-04,Phone Order,PayPal,Processing,Germany,,
ORD-106613,CUST-2551,07-Sep-2024,Mobile App,Debit Card,Refunded,France,SAVE10,
ORD-106614,CUST-3086,2025/08/18,In-Store,Crypto,Processing,nigeria,none,
ORD-106615,CUST-1849,2025-01-30,Mobile App,PayPal,Completed,canada,SAVE10,
ORD-106616,CUST-2269,2024-06-24,Phone Order,credit card,Refunded,US,N/A,
ORD-106617,CUST-2124,19/01/2025,In-Store,Crypto,Processing,France,SAVE10,
ORD-106618,CUST-3221,2024-05-13,In-Store,Crypto,Cancelled,United States of America,,
ORD-106619,CUST-1709,2025/06/03,website,Crypto,Cancelled,Germany,,
ORD-106620,CUST-2775,2025-01-21,Marketplace,credit card,Cancelled,S. Africa,save10,
ORD-106621,CUST-3044,05/20/2026,Mobile App,Cash on Delivery,Completed,USA,WELCOME2025,
ORD-106622,CUST-3076,"May 30, 2025",Marketplace,Crypto,SHIPPED,india,none,
ORD-106623,CUST-1869,"June 27, 2024",Phone Order,Cash on Delivery,Delivered,germany,,
ORD-106624,CUST-2008,"July 01, 2025",website,credit card,Completed,DE,,
ORD-106625,CUST-3672,12-May-2024,Marketplace,Credit Card,Refunded,South Africa,N/A,
ORD-106626,CUST-3217,"March 12, 2025",Phone Order,Debit Card,Completed,france,none,
ORD-106627,CUST-3487,2024-10-06,Marketplace,PayPal,Cancelled,Germany,,
ORD-106628,CUST-3650,"August 16, 2025",Marketplace,Cash on Delivery,Delivered,United Kingdom,,
ORD-106629,CUST-2545,2024/03/15,Phone Order,Debit Card,completed,RSA,SAVE10,
ORD-106630,CUST-2076,31-May-2026,In-Store,Crypto,completed,S. Africa,none,
ORD-106631,CUST-1739,21-Aug-2025,website,Credit Card,Completed,S. Africa,,
ORD-106632,CUST-1272,2025/02/26,website,Credit Card,Completed,nigeria,save10,
ORD-106633,CUST-1307,"July 16, 2025",website,Bank Transfer,completed,CA,save10,
ORD-106634,CUST-1167,07/06/2025,MOBILE APP,PayPal,Completed,Nigeria,WELCOME2025,
ORD-106635,CUST-2289,2025/01/21,Phone Order,Debit Card,SHIPPED,India,none,
ORD-106636,CUST-1729,2025/05/04,Mobile App,Cash on Delivery,Pending,S. Africa,N/A,
ORD-106637,CUST-3940,05-Jul-2026,Marketplace,Crypto,Refunded,India,none,
ORD-106638,CUST-3602,2025-09-02,Marketplace,PayPal,SHIPPED,Bharat,,
ORD-106639,CUST-3945,12/29/2025,MOBILE APP,PayPal,Delivered,Australia,SAVE10,
ORD-106640,CUST-3620,12/26/2024,website,Debit Card,Delivered,Australia,WELCOME2025,
ORD-106641,CUST-2087,"January 08, 2024",Website,Crypto,Processing,AU,,
ORD-106642,CUST-2564,2026-01-11,Mobile App,PayPal,Completed,United Kingdom,,
ORD-106643,CUST-3320,25-Sep-2025,Mobile App,credit card,Processing,IN,WELCOME2025,
ORD-106644,CUST-2857,01/01/2024,Marketplace,Crypto,Delivered,RSA,,
ORD-106645,CUST-2698,2025/09/24,Phone Order,Crypto,Pending,Canada,,
ORD-106646,CUST-1846,"September 18, 2025",Marketplace,credit card,SHIPPED,australia,WELCOME2025,
ORD-106647,CUST-2490,2025/05/03,MOBILE APP,Crypto,Processing,Brazil,none,
ORD-106648,CUST-1977,"March 12, 2026",Mobile App,Cash on Delivery,completed,Brasil,N/A,
ORD-106649,CUST-1860,2026/03/04,In-Store,Cash on Delivery,Processing,india,none,
ORD-106650,CUST-3676,"January 14, 2025",Mobile App,Credit Card,Delivered,U.K.,N/A,
ORD-106651,CUST-3697,2026/06/28,Marketplace,Debit Card,Refunded,Nigéria,none,
ORD-106652,CUST-3047,05-Sep-2025,MOBILE APP,Credit Card,SHIPPED,ZA,,
ORD-106653,CUST-3799,05/03/2024,Website,Credit Card,Completed,Nigeria,,
ORD-106654,CUST-1727,06/12/2025,Website,Crypto,Delivered,France,SAVE10,
ORD-106655,CUST-2770,"May 03, 2024",Marketplace,PayPal,Completed,ZA,SAVE10,
ORD-106656,CUST-3272,2026/05/08,Marketplace,Bank Transfer,completed,france,none,
ORD-106657,CUST-3022,"June 11, 2026",website,credit card,Processing,Canada,,
ORD-106658,CUST-3744,13-Jul-2025,website,Crypto,Cancelled,germany,,
ORD-106659,CUST-1166,2026-04-14,Phone Order,Bank Transfer,Completed,England,,
ORD-106660,CUST-3437,"May 23, 2024",Marketplace,Cash on Delivery,Cancelled,South Africa,WELCOME2025,
ORD-106661,CUST-3969,"April 20, 2025",MOBILE APP,Cash on Delivery,Delivered,U.K.,SAVE10,
ORD-106662,CUST-1695,03-Apr-2025,Marketplace,Bank Transfer,Refunded,France,SAVE10,
ORD-106663,CUST-2890,"November 06, 2025",In-Store,PayPal,Completed,England,WELCOME2025,
ORD-106664,CUST-3160,2025/04/05,In-Store,Debit Card,SHIPPED,United States of America,WELCOME2025,
ORD-106665,CUST-1372,"September 07, 2024",Phone Order,credit card,Cancelled,France,,
ORD-106666,CUST-1641,2024/10/08,Website,Credit Card,Delivered,ZA,,
ORD-106667,CUST-1928,2024-01-05,Website,Crypto,Completed,Germany,,
ORD-106668,CUST-2017,2025/11/28,website,credit card,SHIPPED,Canada,N/A,
ORD-106669,CUST-3018,2026/06/18,In-Store,Credit Card,Refunded,DE,none,
ORD-106670,CUST-3685,06/28/2026,In-Store,Credit Card,Completed,AU,,
ORD-106671,CUST-1366,2025-06-09,In-Store,Debit Card,Refunded,South Africa,,
ORD-106672,CUST-2588,11/08/2024,Mobile App,Cash on Delivery,Delivered,Nigéria,WELCOME2025,
ORD-106673,CUST-2072,10-Sep-2024,Website,Crypto,Pending,UK,none,
ORD-106674,CUST-1056,"March 23, 2025",Phone Order,Bank Transfer,Refunded,France,WELCOME2025,
ORD-106675,CUST-1903,24-Nov-2025,Website,PayPal,completed,nigeria,save10,
ORD-106676,CUST-1310,28-Aug-2024,Mobile App,PayPal,completed,canada,save10,
ORD-106677,CUST-3160,25/04/2026,Mobile App,Bank Transfer,completed,United Kingdom,,
ORD-106678,CUST-1917,2024/05/05,Mobile App,Crypto,Processing,FR,,
ORD-106679,CUST-3749,23/12/2024,MOBILE APP,Credit Card,SHIPPED,AU,SAVE10,
ORD-106680,CUST-2868,2025/05/04,Mobile App,Bank Transfer,Pending,Deutschland,N/A,
ORD-106681,CUST-2363,2025-09-01,Marketplace,credit card,completed,ZA,none,
ORD-106682,CUST-2353,16-Oct-2025,Mobile App,Debit Card,SHIPPED,france,SAVE10,
ORD-106683,CUST-3397,"May 28, 2024",Website,Crypto,Pending,S. Africa,N/A,
ORD-106684,CUST-3985,09/03/2024,MOBILE APP,Bank Transfer,Completed,Brazil,N/A,
ORD-106685,CUST-1013,04-Sep-2024,In-Store,Cash on Delivery,Completed,Brazil,N/A,
ORD-106686,CUST-2255,2025-04-09,MOBILE APP,Bank Transfer,completed,U.S.A.,,
ORD-106687,CUST-2503,28/06/2024,Website,PayPal,completed,DE,none,
ORD-106688,CUST-1825,"August 20, 2025",MOBILE APP,Bank Transfer,completed,IN,SAVE10,
ORD-106689,CUST-3791,06/12/2025,In-Store,Cash on Delivery,Processing,AU,SAVE10,
ORD-106690,CUST-1768,"October 09, 2024",Phone Order,PayPal,completed,U.K.,WELCOME2025,
ORD-106691,CUST-1462,"December 28, 2025",Mobile App,credit card,Refunded,ZA,SAVE10,
ORD-106692,CUST-3249,21-Feb-2025,website,Debit Card,Delivered,U.S.A.,N/A,
ORD-106693,CUST-1279,03/04/2026,Website,credit card,completed,Nigéria,WELCOME2025,
ORD-106694,CUST-3172,2025/03/18,Mobile App,Bank Transfer,Refunded,BR,,
ORD-106695,CUST-3266,06/01/2024,website,Cash on Delivery,SHIPPED,United States,,
ORD-106696,CUST-2616,01/12/2024,Phone Order,Crypto,SHIPPED,Britain,SAVE10,
ORD-106697,CUST-1642,14/02/2025,Marketplace,credit card,completed,india,,
ORD-106698,CUST-2243,2024-11-27,In-Store,Bank Transfer,Cancelled,australia,,
ORD-106699,CUST-2202,2026-05-14,Website,Cash on Delivery,completed,nigeria,,
ORD-106700,CUST-3201,01/15/2025,MOBILE APP,Debit Card,Pending,S. Africa,WELCOME2025,
ORD-106701,CUST-3429,03-Feb-2024,MOBILE APP,,SHIPPED,germany,none,
ORD-106702,CUST-2598,2024-10-07,Phone Order,Debit Card,SHIPPED,England,SAVE10,
ORD-106703,CUST-3634,2026-06-26,Marketplace,Cash on Delivery,Processing,FR,SAVE10,
ORD-106704,CUST-3635,14/05/2025,Phone Order,PayPal,SHIPPED,Nigeria,WELCOME2025,
ORD-106705,CUST-1617,05/06/2026,website,credit card,Completed,Germany,none,
ORD-106706,CUST-3329,2025-11-28,Website,Crypto,Refunded,united states,,
ORD-106707,CUST-2899,2025/12/08,MOBILE APP,Crypto,Pending,france,,
ORD-106708,CUST-2284,01-Feb-2026,MOBILE APP,credit card,Pending,UK,WELCOME2025,
ORD-106709,CUST-2276,05/07/2026,Marketplace,Credit Card,Completed,FR,,
ORD-106710,CUST-3025,"December 05, 2024",MOBILE APP,Cash on Delivery,SHIPPED,nigeria,N/A,
ORD-106711,CUST-1120,02/12/2025,MOBILE APP,Crypto,Refunded,India,,
ORD-106712,CUST-1845,2026-03-28,In-Store,Bank Transfer,Refunded,CA,save10,
ORD-106713,CUST-3886,2024/04/28,website,,Delivered,canada,save10,
ORD-106714,CUST-3766,07/01/2024,Marketplace,credit card,Completed,ZA,,
ORD-106715,CUST-3907,2027-05-20,website,Credit Card,Cancelled,NG,N/A,
ORD-106716,CUST-1811,19/02/2024,MOBILE APP,Debit Card,Cancelled,NG,WELCOME2025,
ORD-106717,CUST-3392,25-Jun-2025,website,credit card,Cancelled,ZA,,
ORD-106718,CUST-3277,14-Jul-2026,Phone Order,credit card,Completed,U.S.A.,SAVE10,
ORD-106719,CUST-1784,2024/08/25,Phone Order,PayPal,Cancelled,United Kingdom,none,
ORD-106720,CUST-1190,09/04/2026,Mobile App,credit card,Delivered,England,SAVE10,
ORD-106721,CUST-1905,"September 08, 2024",In-Store,Bank Transfer,Cancelled,germany,none,
ORD-106722,CUST-1141,2024/04/15,In-Store,Debit Card,Refunded,UK,N/A,
ORD-106723,CUST-1984,2025/04/02,Phone Order,Debit Card,Processing,canada,SAVE10,
ORD-106724,CUST-2971,2026/04/21,Marketplace,credit card,Delivered,Deutschland,,
ORD-106725,CUST-1569,15/12/2024,Website,Credit Card,Completed,United Kingdom,save10,
ORD-106726,CUST-2613,"June 11, 2025",MOBILE APP,credit card,Delivered,England,save10,
ORD-106727,CUST-3964,03/17/2025,Mobile App,PayPal,Completed,NG,none,
ORD-106728,CUST-2054,2024-01-29,Marketplace,Credit Card,completed,Canada,none,
ORD-106729,CUST-3555,2025/10/22,Mobile App,credit card,Cancelled,germany,N/A,
ORD-106730,CUST-2831,2024/03/18,Phone Order,Debit Card,Cancelled,U.S.A.,WELCOME2025,
ORD-106731,CUST-1536,2024/08/18,Marketplace,Debit Card,Pending,canada,WELCOME2025,
ORD-106732,CUST-3719,01/11/2026,website,Cash on Delivery,Pending,UK,N/A,
ORD-106733,CUST-3196,"May 02, 2024",Marketplace,PayPal,Pending,Deutschland,N/A,
ORD-106734,CUST-3021,2025-08-30,Marketplace,PayPal,Delivered,USA,SAVE10,
ORD-106735,CUST-1515,2026-05-29,Marketplace,PayPal,Completed,S. Africa,SAVE10,
ORD-106736,CUST-2492,31-May-2026,Mobile App,Bank Transfer,completed,South Africa,,
ORD-106737,CUST-3605,04/03/2025,Phone Order,PayPal,SHIPPED,india,SAVE10,
ORD-106738,CUST-3580,2024-05-19,Website,PayPal,Refunded,Nigéria,save10,
ORD-106739,CUST-1690,23-Jun-2024,Website,Bank Transfer,Pending,France,SAVE10,
ORD-106740,CUST-1292,06/04/2025,In-Store,Cash on Delivery,Processing,BR,WELCOME2025,
ORD-106741,CUST-1809,"March 03, 2026",MOBILE APP,Credit Card,Refunded,france,save10,
ORD-106742,CUST-1952,28/11/2025,Mobile App,PayPal,Cancelled,canada,save10,
ORD-106743,CUST-1536,"November 06, 2025",Mobile App,Bank Transfer,SHIPPED,United Kingdom,WELCOME2025,
ORD-106744,CUST-1391,28-Apr-2024,Marketplace,Bank Transfer,Pending,BR,,
ORD-106745,CUST-2509,05/07/2025,MOBILE APP,Crypto,Delivered,Brazil,,
ORD-106746,CUST-3135,"May 21, 2026",In-Store,Crypto,Cancelled,Brasil,,
ORD-106747,CUST-2599,"December 13, 2024",MOBILE APP,Crypto,Processing,BR,SAVE10,
ORD-106748,CUST-1668,"July 07, 2024",website,Crypto,Delivered,india,none,
ORD-106749,CUST-3427,08/16/2024,Website,Crypto,Completed,Canada,none,
ORD-106750,CUST-2152,2025-06-23,Marketplace,credit card,Cancelled,france,SAVE10,
ORD-106751,CUST-2393,2025-05-08,MOBILE APP,Crypto,Processing,france,,
ORD-106752,CUST-3667,13/02/2026,MOBILE APP,credit card,Refunded,BR,N/A,
ORD-106753,CUST-1764,04/01/2026,,Cash on Delivery,Completed,United States,save10,
ORD-106754,CUST-3924,14/08/2025,website,credit card,Delivered,South Africa,save10,
ORD-106755,CUST-2434,2025/10/19,Website,credit card,Pending,germany,N/A,
ORD-101160,CUST-3673,2025-05-31,Marketplace,credit card,Completed,Australia,SAVE10,
ORD-106757,CUST-1925,27-May-2026,Marketplace,Cash on Delivery,Cancelled,South Africa,none,
ORD-106758,CUST-2047,"February 11, 2026",website,Credit Card,Completed,United Kingdom,,
ORD-106759,CUST-3700,2024/01/17,In-Store,Bank Transfer,completed,NG,,
ORD-106760,CUST-1179,2024-01-24,website,Crypto,Processing,S. Africa,WELCOME2025,
ORD-106761,CUST-2888,2024/07/16,MOBILE APP,Debit Card,Processing,RSA,save10,
ORD-106762,CUST-2252,06/03/2025,MOBILE APP,Credit Card,Delivered,australia,none,
ORD-106763,CUST-2577,07/06/2024,Phone Order,Credit Card,SHIPPED,South Africa,N/A,
ORD-106764,CUST-1766,2025/12/21,website,Bank Transfer,Cancelled,Australia,none,
ORD-106765,CUST-3171,08-Jan-2024,Mobile App,PayPal,completed,BR,,
ORD-106766,CUST-3949,09/07/2025,Marketplace,Debit Card,completed,S. Africa,,
ORD-106767,CUST-2247,2025/01/06,Marketplace,PayPal,Processing,Australia,,
ORD-106768,CUST-1100,2026-05-09,MOBILE APP,Crypto,Cancelled,United States,none,
ORD-106769,CUST-3348,24-Jan-2026,Marketplace,Credit Card,Refunded,Germany,none,
ORD-106770,CUST-1767,22-Mar-2026,Phone Order,Bank Transfer,SHIPPED,BR,N/A,
ORD-106771,CUST-3708,2024/08/17,Marketplace,Cash on Delivery,Pending,England,none,
ORD-106772,CUST-3475,2026-01-31,Website,Debit Card,Delivered,CA,WELCOME2025,
ORD-106773,CUST-3790,2024-03-04,Marketplace,Bank Transfer,Cancelled,South Africa,WELCOME2025,
ORD-106774,CUST-3797,2025-11-30,Website,PayPal,Cancelled,Nigéria,,
ORD-106775,CUST-3067,20-Jul-2025,MOBILE APP,Cash on Delivery,Refunded,germany,WELCOME2025,
ORD-106776,CUST-2516,10/16/2025,website,Crypto,completed,Brazil,,
ORD-106777,CUST-2861,2026/02/13,Marketplace,credit card,Pending,ZA,,
ORD-106778,CUST-1318,2024/08/21,Marketplace,credit card,completed,australia,SAVE10,
ORD-106779,CUST-2332,2025/03/09,Phone Order,Bank Transfer,Delivered,france,,
ORD-106780,CUST-2423,15/05/2026,In-Store,Cash on Delivery,SHIPPED,Deutschland,,
ORD-106781,CUST-2441,2025-05-25,Marketplace,PayPal,Pending,canada,save10,
ORD-106782,CUST-2311,13-Aug-2025,In-Store,PayPal,Refunded,FR,,
ORD-106783,CUST-3095,"January 26, 2025",Mobile App,Credit Card,SHIPPED,US,none,
ORD-106784,CUST-2358,2024-02-16,MOBILE APP,Bank Transfer,Delivered,CA,save10,
ORD-106785,CUST-1758,07/10/2024,In-Store,Debit Card,Delivered,united states,none,
ORD-106786,CUST-3795,12/12/2025,Marketplace,Debit Card,Pending,Nigéria,none,
ORD-106787,CUST-3400,2025/09/10,Phone Order,Debit Card,completed,US,N/A,
ORD-106788,CUST-3375,2024/11/12,Marketplace,PayPal,Refunded,Canada,,
ORD-106789,CUST-3506,03/09/2024,Marketplace,Bank Transfer,Refunded,australia,WELCOME2025,
ORD-106790,CUST-3918,22-May-2025,website,Debit Card,SHIPPED,Australia,N/A,
ORD-106791,CUST-1420,27-Feb-2025,MOBILE APP,Cash on Delivery,SHIPPED,BR,save10,
ORD-106792,CUST-2774,04/26/2025,Marketplace,Crypto,SHIPPED,Nigeria,,
ORD-106793,CUST-2029,2024-02-24,Website,Cash on Delivery,Processing,Nigéria,WELCOME2025,
ORD-106794,CUST-2038,2024/09/04,Mobile App,Crypto,Refunded,BR,,
ORD-106795,CUST-2062,27-Mar-2026,Website,Credit Card,completed,Nigeria,N/A,
ORD-106796,CUST-1617,2025/04/26,In-Store,Bank Transfer,Delivered,DE,WELCOME2025,
ORD-106797,CUST-2175,02-Jul-2026,website,Crypto,completed,ZA,SAVE10,
ORD-106798,CUST-1826,"May 14, 2025",website,Cash on Delivery,SHIPPED,Germany,none,
ORD-106799,CUST-3490,2024-05-18,MOBILE APP,Bank Transfer,Completed,AU,,
ORD-106800,CUST-2415,05-Feb-2026,Phone Order,Debit Card,Completed,USA,N/A,
ORD-106801,CUST-1336,"March 13, 2024",MOBILE APP,Debit Card,SHIPPED,france,save10,
ORD-106802,CUST-3688,2024-04-11,website,Credit Card,Refunded,nigeria,SAVE10,
ORD-106803,CUST-2127,2024-12-03,MOBILE APP,Crypto,Completed,Nigeria,save10,
ORD-106804,CUST-1905,2025-13-05,In-Store,PayPal,Refunded,CA,,
ORD-106805,CUST-1725,2026/01/02,Marketplace,Crypto,Refunded,Australia,N/A,
ORD-106806,CUST-3473,"December 22, 2024",Mobile App,Bank Transfer,Processing,France,save10,
ORD-106807,CUST-1010,"September 18, 2025",Phone Order,PayPal,Completed,CA,N/A,
ORD-100302,CUST-2581,29/01/2025,Marketplace,Credit Card,completed,South Africa,,
ORD-106809,CUST-3182,08/16/2024,MOBILE APP,credit card,Refunded,USA,,
ORD-104259,CUST-1758,13/03/2024,In-Store,Bank Transfer,Pending,Brasil,save10,
ORD-106811,CUST-1427,2025-01-30,Marketplace,Debit Card,completed,Germany,WELCOME2025,
ORD-106812,CUST-3051,07/30/2024,Marketplace,Debit Card,Processing,UK,,
ORD-106813,CUST-3205,09/09/2025,Marketplace,credit card,completed,germany,,
ORD-106814,CUST-3012,2024/09/22,Mobile App,Crypto,Cancelled,US,,
ORD-106815,CUST-1748,11/08/2024,MOBILE APP,Bank Transfer,Pending,DE,N/A,
ORD-106816,CUST-1303,"September 25, 2024",Mobile App,PayPal,Refunded,UK,save10,
ORD-106817,CUST-1849,06-Jun-2026,In-Store,Bank Transfer,Refunded,Australia,,
ORD-106818,CUST-3818,2025-13-05,Marketplace,Bank Transfer,Delivered,germany,,
ORD-106819,CUST-1546,17-Dec-2024,Mobile App,Cash on Delivery,Refunded,NG,N/A,
ORD-106820,CUST-1781,2024-02-03,website,Cash on Delivery,Processing,England,none,
ORD-106821,CUST-2509,2026-01-17,Phone Order,Credit Card,Pending,Brasil,,
ORD-106822,CUST-2485,2025-03-06,MOBILE APP,Credit Card,Delivered,DE,,
ORD-106823,CUST-2930,17/09/2024,website,Credit Card,Completed,Deutschland,,
ORD-106824,CUST-3482,2024/05/13,Phone Order,Cash on Delivery,SHIPPED,U.S.A.,none,
ORD-106825,CUST-1708,14-Mar-2025,In-Store,Bank Transfer,Cancelled,Brasil,save10,
ORD-106826,CUST-1353,19/03/2024,In-Store,Debit Card,Processing,Brazil,,
ORD-106827,CUST-2903,"September 23, 2024",MOBILE APP,Credit Card,Pending,BR,SAVE10,
ORD-106828,CUST-2582,2025/02/01,website,Bank Transfer,Delivered,Nigéria,save10,
ORD-106829,CUST-1383,20/12/2024,Phone Order,Debit Card,Refunded,Canada,none,
ORD-106830,CUST-3548,06/17/2025,Phone Order,Debit Card,Pending,NG,,
ORD-106831,CUST-2834,2024-09-22,Mobile App,Crypto,Cancelled,canada,,
ORD-106832,CUST-3829,10-Jan-2026,website,credit card,Processing,Nigéria,SAVE10,
ORD-106833,CUST-1032,"November 02, 2025",Mobile App,Credit Card,Completed,FR,save10,
ORD-103279,CUST-1371,11/14/2025,Website,Cash on Delivery,Refunded,Canada,none,
ORD-106835,CUST-3373,2025-04-12,Marketplace,Credit Card,Cancelled,United States of America,,
ORD-106836,CUST-3571,15/02/2026,In-Store,Cash on Delivery,Pending,Nigéria,save10,
ORD-106837,CUST-3715,17/08/2025,Phone Order,Credit Card,Delivered,CA,,
ORD-106838,CUST-1153,"December 09, 2024",MOBILE APP,credit card,Processing,Australia,WELCOME2025,
ORD-106839,CUST-1223,06/28/2025,Marketplace,credit card,Pending,FR,,
ORD-106840,CUST-3493,2026-05-05,Marketplace,Bank Transfer,Processing,US,,
ORD-106841,CUST-2907,2025/09/20,Phone Order,Credit Card,Completed,nigeria,SAVE10,
ORD-106842,CUST-1073,2026/01/07,In-Store,PayPal,Delivered,Bharat,,
ORD-106843,CUST-2227,2024/10/23,Phone Order,Cash on Delivery,SHIPPED,Australia,N/A,
ORD-106844,CUST-1322,29/03/2026,website,Bank Transfer,Completed,Nigéria,,
ORD-106845,CUST-1877,2025/07/14,Phone Order,Crypto,Completed,Brazil,none,
ORD-106846,CUST-1627,12/31/2024,Marketplace,Cash on Delivery,Refunded,IN,WELCOME2025,
ORD-106847,CUST-2088,2025-02-07,Marketplace,Bank Transfer,Pending,Australia,SAVE10,
ORD-106848,CUST-1641,"January 01, 2024",website,Crypto,Refunded,Canada,,
ORD-106849,CUST-2734,02/03/2026,Website,Crypto,Processing,india,SAVE10,
ORD-106850,CUST-1046,15-May-2025,In-Store,credit card,SHIPPED,IN,WELCOME2025,
ORD-106851,CUST-2710,2025-01-04,MOBILE APP,Cash on Delivery,Cancelled,US,WELCOME2025,
ORD-106852,CUST-1784,2024-11-26,Phone Order,PayPal,Refunded,IN,N/A,
ORD-106853,CUST-1988,04/08/2026,website,Credit Card,Completed,S. Africa,N/A,
ORD-106854,CUST-3986,2025-07-10,Marketplace,Credit Card,Refunded,Germany,SAVE10,
ORD-106855,CUST-1063,07-Nov-2024,MOBILE APP,Debit Card,Refunded,S. Africa,N/A,
ORD-106856,CUST-2602,"December 10, 2024",Mobile App,Credit Card,Refunded,AU,,
ORD-106857,CUST-1846,2024/03/24,Mobile App,PayPal,Delivered,South Africa,N/A,
ORD-106858,CUST-2863,2024-10-02,In-Store,Debit Card,Completed,NG,save10,
ORD-106859,CUST-1079,19-Sep-2025,MOBILE APP,Bank Transfer,Pending,Nigeria,none,
ORD-106860,CUST-2856,"September 13, 2025",website,credit card,Delivered,Bharat,save10,
ORD-106861,CUST-1323,2026-01-16,website,Cash on Delivery,Refunded,U.K.,,
ORD-106862,CUST-2980,2024-12-02,Website,Cash on Delivery,Pending,BR,save10,
ORD-106863,CUST-2255,25/12/2024,Website,Bank Transfer,Completed,Brazil,none,
ORD-106864,CUST-3312,09/13/2025,In-Store,Debit Card,SHIPPED,nigeria,save10,
ORD-106865,CUST-1689,22-Dec-2027,Phone Order,credit card,SHIPPED,NG,,
ORD-106866,CUST-2947,18/10/2025,Mobile App,PayPal,SHIPPED,South Africa,,
ORD-106867,CUST-2057,2024/04/14,Marketplace,Crypto,Delivered,DE,N/A,
ORD-106868,CUST-2704,06-Feb-2026,MOBILE APP,Cash on Delivery,Cancelled,India,,
ORD-106869,CUST-1478,03/12/2024,Mobile App,Cash on Delivery,Processing,CA,SAVE10,
ORD-106870,CUST-2686,2026/04/10,Marketplace,Cash on Delivery,Completed,US,N/A,
ORD-106871,CUST-3619,"December 02, 2024",Phone Order,PayPal,SHIPPED,Germany,,
ORD-106872,CUST-2055,2026/06/01,Website,PayPal,Completed,france,save10,
ORD-106873,CUST-1932,"March 05, 2025",website,PayPal,Delivered,UK,SAVE10,
ORD-106874,CUST-1892,2026/04/15,Marketplace,credit card,completed,S. Africa,save10,
ORD-106875,CUST-3510,10/03/2024,Phone Order,credit card,SHIPPED,UK,save10,
ORD-106876,CUST-3598,2026-01-20,Marketplace,Bank Transfer,Processing,South Africa,WELCOME2025,
ORD-106877,CUST-3093,"February 23, 2024",Mobile App,Debit Card,Cancelled,canada,save10,
ORD-106878,CUST-2070,13/07/2024,MOBILE APP,Crypto,Delivered,India,WELCOME2025,
ORD-106879,CUST-3093,2026/02/28,Phone Order,Debit Card,Cancelled,France,SAVE10,
ORD-106880,CUST-1737,03/24/2026,Phone Order,Credit Card,Processing,india,N/A,
ORD-106881,CUST-3442,2025-10-13,Marketplace,Cash on Delivery,Refunded,Britain,,
ORD-106882,CUST-2857,"December 13, 2024",Marketplace,Credit Card,Delivered,IN,SAVE10,
ORD-106883,CUST-1968,"November 06, 2025",Marketplace,credit card,Cancelled,UK,SAVE10,
ORD-106884,CUST-1878,31-Oct-2024,Marketplace,Debit Card,completed,NG,,
ORD-106885,CUST-3342,"July 07, 2025",website,Bank Transfer,Pending,Australia,save10,
ORD-106886,CUST-1584,2024/01/07,Mobile App,Credit Card,Completed,IN,save10,
ORD-106887,CUST-1051,23/02/2026,website,Cash on Delivery,SHIPPED,Nigeria,save10,
ORD-106888,CUST-3814,16-Oct-2024,Website,Bank Transfer,Refunded,FR,,
ORD-106889,CUST-1889,2024-02-12,In-Store,PayPal,SHIPPED,germany,none,
ORD-106890,CUST-3120,"March 20, 2026",Website,Debit Card,Refunded,Brasil,,
ORD-106891,CUST-2103,"April 19, 2026",In-Store,PayPal,SHIPPED,india,N/A,
ORD-106892,CUST-3727,2025-10-11,website,Cash on Delivery,completed,United Kingdom,,
ORD-106893,CUST-1403,"November 21, 2025",MOBILE APP,PayPal,Completed,England,,
ORD-106894,CUST-2952,23-Mar-2026,Website,credit card,Delivered,IN,WELCOME2025,
ORD-106895,CUST-2191,2025/09/20,Website,Cash on Delivery,Refunded,ZA,,
ORD-106896,CUST-2885,2025-02-28,Mobile App,Bank Transfer,Delivered,Australia,SAVE10,
ORD-106897,CUST-3847,2024-02-18,MOBILE APP,Credit Card,Completed,india,WELCOME2025,
ORD-106898,CUST-3048,08/27/2024,Marketplace,Bank Transfer,SHIPPED,Brasil,SAVE10,
ORD-106899,CUST-1453,08/14/2025,In-Store,Credit Card,Processing,canada,none,
ORD-106900,CUST-3725,2025/03/28,Website,Crypto,Cancelled,RSA,save10,
ORD-106901,CUST-3613,2026/04/18,website,credit card,completed,U.K.,,
ORD-106902,CUST-1142,01/16/2025,MOBILE APP,Debit Card,SHIPPED,Deutschland,SAVE10,
ORD-106903,CUST-1458,12/29/2024,In-Store,Debit Card,Refunded,nigeria,,
ORD-106904,CUST-3983,"June 17, 2024",Mobile App,Credit Card,Pending,france,,
ORD-106905,CUST-3958,02/12/2024,MOBILE APP,PayPal,completed,England,N/A,
ORD-106906,CUST-3919,"March 31, 2026",Mobile App,Cash on Delivery,Cancelled,Britain,N/A,
ORD-106907,CUST-1168,2024-08-22,Website,PayPal,completed,india,none,
ORD-106908,CUST-2695,"November 12, 2024",Phone Order,Cash on Delivery,Processing,India,WELCOME2025,
ORD-106909,CUST-1044,"July 17, 2026",Mobile App,credit card,SHIPPED,australia,none,
ORD-106910,CUST-1172,06/24/2025,MOBILE APP,Bank Transfer,Pending,NG,N/A,
ORD-106911,CUST-1330,2024-03-23,website,Debit Card,SHIPPED,India,,
ORD-106912,CUST-1978,09/18/2024,Mobile App,credit card,SHIPPED,CA,,
ORD-106913,CUST-2637,"March 10, 2024",MOBILE APP,Credit Card,Refunded,BR,,
ORD-106914,CUST-3816,2024-04-20,Mobile App,Debit Card,Completed,Brazil,SAVE10,
ORD-106915,CUST-2114,03/26/2025,Marketplace,Cash on Delivery,Completed,Bharat,N/A,
ORD-106916,CUST-1218,"November 08, 2025",MOBILE APP,Credit Card,Pending,BR,N/A,
ORD-106917,CUST-1185,2026-05-24,Phone Order,PayPal,Cancelled,BR,none,
ORD-106918,CUST-2300,"December 19, 2024",Marketplace,Crypto,Processing,England,,
ORD-106919,CUST-2134,2026/04/03,MOBILE APP,Bank Transfer,Refunded,Britain,N/A,
ORD-106920,CUST-1799,2025/02/20,website,credit card,Refunded,Australia,,
ORD-106921,CUST-3597,2025/11/25,Marketplace,PayPal,completed,france,WELCOME2025,
ORD-106922,CUST-1047,27/05/2024,website,Cash on Delivery,completed,France,save10,
ORD-106923,CUST-3344,26/04/2026,MOBILE APP,credit card,SHIPPED,Deutschland,SAVE10,
ORD-106924,CUST-1824,2026-06-27,Mobile App,PayPal,Completed,South Africa,WELCOME2025,
ORD-106925,CUST-2025,2025/06/06,Mobile App,Crypto,Pending,Brasil,,
ORD-106926,CUST-2162,"February 28, 2024",Mobile App,Bank Transfer,Processing,nigeria,,
ORD-106927,CUST-1364,16/05/2024,Mobile App,Bank Transfer,Pending,germany,,
ORD-106928,CUST-3730,12-Jul-2026,In-Store,Debit Card,Refunded,India,,
ORD-106929,CUST-2994,23-Dec-2024,Website,credit card,Pending,france,N/A,
ORD-106930,CUST-2286,01-Feb-2024,Website,Bank Transfer,SHIPPED,Nigeria,WELCOME2025,
ORD-106931,CUST-3554,21/12/2025,Website,PayPal,Delivered,U.K.,,
ORD-106932,CUST-1298,2026/01/15,Website,Bank Transfer,Processing,Brasil,,
ORD-106933,CUST-2196,09/06/2026,Marketplace,PayPal,Refunded,U.K.,WELCOME2025,
ORD-106934,CUST-2053,2025/02/07,website,Debit Card,Refunded,USA,none,
ORD-106935,CUST-3585,2025-06-14,Marketplace,Crypto,completed,CA,save10,
ORD-106936,CUST-3499,"June 22, 2024",In-Store,credit card,Refunded,canada,N/A,
ORD-106937,CUST-1325,2024-10-31,Marketplace,credit card,Cancelled,france,SAVE10,
ORD-106938,CUST-2733,26-Sep-2024,In-Store,Credit Card,SHIPPED,germany,WELCOME2025,
ORD-106939,CUST-2738,03/01/2026,MOBILE APP,PayPal,SHIPPED,S. Africa,N/A,
ORD-106940,CUST-3837,"July 31, 2024",Website,Debit Card,completed,FR,,
ORD-106941,CUST-3532,02/11/2025,MOBILE APP,credit card,Processing,DE,save10,
ORD-106942,CUST-3534,29-Mar-2025,Phone Order,credit card,Cancelled,FR,N/A,
ORD-106943,CUST-3563,2025-13-05,Marketplace,Debit Card,SHIPPED,NG,,
ORD-106944,CUST-1536,"February 27, 2024",Marketplace,PayPal,Delivered,NG,save10,
ORD-106945,CUST-3466,11/12/2024,In-Store,Crypto,SHIPPED,Germany,save10,
ORD-106946,CUST-1876,2025/04/02,Marketplace,Debit Card,Cancelled,canada,SAVE10,
ORD-106947,CUST-1721,"January 22, 2024",Website,credit card,Pending,UK,,
ORD-106948,CUST-3498,2024-02-02,Marketplace,Debit Card,Refunded,canada,WELCOME2025,
ORD-102944,CUST-1008,2024-11-03,Marketplace,Crypto,Processing,United States,,
ORD-106950,CUST-3332,2025/07/14,In-Store,Debit Card,Refunded,DE,save10,
ORD-106951,CUST-3659,"March 28, 2026",Marketplace,Cash on Delivery,Processing,Australia,save10,
ORD-106952,CUST-3351,05/29/2024,Phone Order,Bank Transfer,SHIPPED,Britain,,
ORD-106953,CUST-3472,02/03/2024,Phone Order,Crypto,Cancelled,IN,,
ORD-106954,CUST-1105,08-Apr-2025,website,PayPal,Cancelled,Nigeria,none,
ORD-106955,CUST-1522,08-Nov-2024,Website,Credit Card,Delivered,United States,N/A,
ORD-106956,CUST-1259,2026/06/21,MOBILE APP,Credit Card,SHIPPED,Brasil,save10,
ORD-106957,CUST-2005,16/06/2026,Marketplace,credit card,Delivered,CA,,
ORD-106958,CUST-1541,02/16/2025,Phone Order,PayPal,Completed,FR,WELCOME2025,
ORD-106959,CUST-1806,08/05/2024,Mobile App,PayPal,Delivered,AU,N/A,
ORD-106960,CUST-3050,25-May-2025,Website,PayPal,Processing,australia,none,
ORD-106961,CUST-3157,"January 30, 2026",website,Bank Transfer,Completed,france,N/A,
ORD-106962,CUST-3092,2026/03/18,Website,Credit Card,completed,BR,none,
ORD-106963,CUST-1088,"July 14, 2024",In-Store,Credit Card,Processing,India,SAVE10,
ORD-106964,CUST-2158,07/07/2026,Website,PayPal,Delivered,australia,save10,
ORD-106965,CUST-2628,2026/07/03,Phone Order,Debit Card,Completed,England,N/A,
ORD-106966,CUST-1988,"September 23, 2025",MOBILE APP,Debit Card,completed,United States of America,SAVE10,
ORD-106967,CUST-2395,2025-03-22,Website,Debit Card,Cancelled,England,,
ORD-106968,CUST-2757,"August 25, 2025",MOBILE APP,Cash on Delivery,Processing,South Africa,none,
ORD-106969,CUST-1482,31/12/2024,Phone Order,Credit Card,Pending,united states,none,
ORD-106970,CUST-3255,2025-08-12,Marketplace,Cash on Delivery,Refunded,USA,save10,
ORD-106971,CUST-3920,05/06/2024,Website,Cash on Delivery,Cancelled,United States of America,N/A,
ORD-106972,CUST-1844,15-May-2025,In-Store,PayPal,Pending,RSA,,
ORD-106973,CUST-2789,"September 07, 2024",Phone Order,PayPal,Delivered,France,none,
ORD-106974,CUST-1714,25/04/2026,Website,credit card,Refunded,U.K.,,
ORD-106975,CUST-2474,2026/04/14,Website,Cash on Delivery,completed,BR,N/A,
ORD-106976,CUST-1561,"May 02, 2026",website,Cash on Delivery,Pending,Australia,save10,
ORD-106977,CUST-2571,02/05/2024,Website,PayPal,SHIPPED,Canada,none,
ORD-106978,CUST-3886,27-May-2025,Marketplace,Debit Card,Pending,canada,SAVE10,
ORD-106979,CUST-3492,09/08/2024,Website,Crypto,Delivered,India,SAVE10,
ORD-106980,CUST-3516,"July 08, 2024",Marketplace,PayPal,Refunded,FR,,
ORD-106981,CUST-2482,24/09/2024,Phone Order,Credit Card,Processing,USA,,
ORD-106982,CUST-1684,14/06/2026,Website,Crypto,Cancelled,NG,,
ORD-106983,CUST-1742,"January 29, 2026",Mobile App,Bank Transfer,Processing,U.S.A.,N/A,
ORD-106984,CUST-2389,2024-09-13,Website,Crypto,Refunded,NG,N/A,
ORD-106985,CUST-1328,2026/03/07,website,Cash on Delivery,Cancelled,Bharat,WELCOME2025,
ORD-106245,CUST-2393,2024/12/28,Phone Order,Debit Card,completed,U.K.,none,
ORD-106987,CUST-1115,2026-03-21,website,Cash on Delivery,Refunded,Brasil,N/A,
ORD-106988,CUST-1617,2026-07-03,MOBILE APP,Debit Card,SHIPPED,England,WELCOME2025,
ORD-106989,CUST-1755,2024-11-14,website,Crypto,Pending,ZA,WELCOME2025,
ORD-106990,CUST-2389,"June 23, 2025",Phone Order,Debit Card,Delivered,Brazil,SAVE10,
ORD-106991,CUST-1809,12/07/2025,Website,PayPal,SHIPPED,US,,
ORD-106992,CUST-2872,03-Feb-2024,In-Store,Credit Card,Cancelled,U.K.,none,
ORD-106993,CUST-3376,"March 18, 2026",In-Store,Credit Card,Cancelled,Nigéria,,
ORD-106994,CUST-2360,04-Oct-2025,MOBILE APP,Debit Card,SHIPPED,England,N/A,
ORD-106995,CUST-1133,"February 19, 2024",Phone Order,Cash on Delivery,Cancelled,Germany,save10,
ORD-106996,CUST-3026,21/08/2024,MOBILE APP,Bank Transfer,Processing,ZA,save10,
ORD-106997,CUST-1326,2026/01/29,MOBILE APP,Credit Card,Completed,Australia,,
ORD-106998,CUST-1031,09-Jan-2025,MOBILE APP,PayPal,Delivered,Canada,save10,
ORD-106999,CUST-1616,29/03/2025,website,Cash on Delivery,Pending,U.S.A.,SAVE10,
ORD-107000,CUST-1361,2025/10/14,website,Bank Transfer,SHIPPED,Canada,none,
ORD-107001,CUST-3856,2024/06/08,In-Store,Crypto,Completed,India,SAVE10,
ORD-107002,CUST-3593,11/01/2025,Marketplace,Crypto,SHIPPED,Brasil,N/A,
ORD-107003,CUST-2918,"April 27, 2026",MOBILE APP,Crypto,Cancelled,nigeria,N/A,
ORD-107004,CUST-1178,11/18/2024,Phone Order,Credit Card,completed,India,,
ORD-107005,CUST-3249,10/01/2025,Marketplace,Bank Transfer,Completed,Bharat,SAVE10,
ORD-107006,CUST-2252,05-Jan-2025,MOBILE APP,credit card,Delivered,Germany,save10,
ORD-107007,CUST-3299,07/30/2025,Marketplace,PayPal,Cancelled,france,,
ORD-107008,CUST-2368,11/23/2024,In-Store,Crypto,Processing,india,N/A,
ORD-107009,CUST-3974,"July 01, 2025",Website,Cash on Delivery,Cancelled,NG,none,
ORD-107010,CUST-1465,03/21/2025,MOBILE APP,Debit Card,Refunded,FR,SAVE10,
ORD-107011,CUST-1241,22-Jan-2025,Mobile App,credit card,Processing,CA,save10,
ORD-107012,CUST-1934,"January 26, 2025",In-Store,credit card,Refunded,India,,
ORD-107013,CUST-3176,"September 27, 2024",MOBILE APP,Credit Card,Completed,ZA,N/A,
ORD-107014,CUST-3691,"October 09, 2025",Phone Order,PayPal,Pending,canada,N/A,
ORD-107015,CUST-1041,05/12/2025,Marketplace,Bank Transfer,Delivered,Bharat,save10,
ORD-107016,CUST-1472,04-Mar-2025,Mobile App,Credit Card,SHIPPED,England,N/A,
ORD-107017,CUST-2091,28/10/2025,Phone Order,Bank Transfer,SHIPPED,United Kingdom,,
ORD-107018,CUST-3472,"December 18, 2024",MOBILE APP,Cash on Delivery,Cancelled,france,,
ORD-107019,CUST-2808,03/12/2026,Mobile App,Debit Card,Completed,Nigeria,WELCOME2025,
ORD-107020,CUST-1570,2024-09-29,website,Debit Card,Processing,US,,
ORD-107021,CUST-1610,2024-08-18,Phone Order,credit card,completed,South Africa,,
ORD-107022,CUST-3897,2024-02-23,MOBILE APP,Debit Card,Cancelled,Deutschland,none,
ORD-107023,CUST-2243,09/06/2024,website,Credit Card,completed,nigeria,,
ORD-107024,CUST-2542,2026-02-11,Phone Order,Debit Card,Completed,france,N/A,
ORD-107025,CUST-1853,2026/07/16,Phone Order,Bank Transfer,SHIPPED,Nigéria,N/A,
ORD-107026,CUST-3025,03/02/2026,MOBILE APP,PayPal,Delivered,united states,WELCOME2025,
ORD-107027,CUST-1692,11/21/2025,Marketplace,Debit Card,SHIPPED,U.K.,WELCOME2025,
ORD-107028,CUST-1642,27/05/2024,In-Store,PayPal,SHIPPED,canada,none,
ORD-107029,CUST-3490,11/07/2024,Phone Order,Debit Card,Delivered,BR,,
ORD-107030,CUST-3905,2025-12-19,MOBILE APP,Credit Card,SHIPPED,IN,save10,
ORD-107031,CUST-3492,2026-02-20,Phone Order,Crypto,Pending,Britain,SAVE10,
ORD-107032,CUST-3715,11-Dec-2024,Phone Order,Debit Card,Cancelled,australia,,
ORD-107033,CUST-2354,28-Mar-2026,In-Store,Credit Card,Delivered,IN,N/A,
ORD-107034,CUST-1597,"June 12, 2024",Mobile App,credit card,SHIPPED,BR,none,
ORD-107035,CUST-2657,11/12/2024,Website,Crypto,SHIPPED,AU,,
ORD-107036,CUST-2971,18/12/2025,Phone Order,Credit Card,Cancelled,Deutschland,,
ORD-107037,CUST-3545,2024/08/22,In-Store,credit card,SHIPPED,Bharat,,
ORD-107038,CUST-3677,16-May-2026,Phone Order,credit card,Cancelled,U.S.A.,save10,
ORD-107039,CUST-2173,12-Aug-2024,Website,Credit Card,Delivered,U.S.A.,WELCOME2025,
ORD-107040,CUST-1260,09/07/2024,In-Store,Cash on Delivery,Delivered,South Africa,N/A,
ORD-107041,CUST-3476,"March 29, 2026",Website,Bank Transfer,Delivered,India,SAVE10,
ORD-107042,CUST-3648,"September 19, 2024",Mobile App,Crypto,Completed,france,none,
ORD-107043,CUST-2442,14-Feb-2026,website,Crypto,Pending,CA,,
ORD-107044,CUST-1932,14/01/2025,Phone Order,Crypto,SHIPPED,germany,none,
ORD-107045,CUST-3650,09/16/2025,In-Store,Crypto,completed,United States of America,N/A,
ORD-107046,CUST-3345,19/01/2026,Website,credit card,Cancelled,united states,WELCOME2025,
ORD-107047,CUST-2104,08/05/2024,Phone Order,Crypto,Delivered,UK,SAVE10,
ORD-107048,CUST-1099,"June 12, 2026",Marketplace,Cash on Delivery,Refunded,Australia,,
ORD-107049,CUST-3559,15/12/2024,Phone Order,Debit Card,completed,Bharat,,
ORD-107050,CUST-3672,"December 10, 2025",MOBILE APP,credit card,Pending,CA,,
ORD-107051,CUST-3101,2024-12-18,Phone Order,Bank Transfer,Cancelled,IN,WELCOME2025,
ORD-107052,CUST-2064,"March 05, 2024",Mobile App,Debit Card,Refunded,Germany,none,
ORD-107053,CUST-1666,13/09/2025,Phone Order,Bank Transfer,Processing,IN,none,
ORD-107054,CUST-1218,"March 23, 2025",Marketplace,Credit Card,completed,Britain,,
ORD-107055,CUST-3681,"January 30, 2025",In-Store,Credit Card,SHIPPED,Bharat,save10,
ORD-107056,CUST-3478,04-Jan-2025,Mobile App,Bank Transfer,Processing,nigeria,none,
ORD-107057,CUST-1421,07-May-2025,MOBILE APP,credit card,Cancelled,Germany,,
ORD-107058,CUST-2707,24-Dec-2025,Mobile App,Debit Card,Delivered,Nigeria,N/A,
ORD-107059,CUST-1510,05-Apr-2024,MOBILE APP,Bank Transfer,SHIPPED,UK,save10,
ORD-107060,CUST-3049,19/02/2024,website,Crypto,Delivered,Deutschland,save10,
ORD-107061,CUST-2502,2025-12-09,website,Cash on Delivery,Delivered,Deutschland,SAVE10,
ORD-107062,CUST-2462,11/23/2024,MOBILE APP,Cash on Delivery,Processing,Nigéria,,
ORD-107063,CUST-3543,"January 31, 2026",Website,Cash on Delivery,Completed,AU,SAVE10,
ORD-107064,CUST-2915,08/18/2024,Marketplace,PayPal,Cancelled,Canada,WELCOME2025,
ORD-107065,CUST-3201,2024-02-08,Phone Order,Credit Card,Cancelled,Bharat,save10,
ORD-107066,CUST-1822,2024/10/12,Marketplace,PayPal,SHIPPED,united states,save10,
ORD-107067,CUST-3540,04/02/2024,Website,Crypto,Completed,france,,
ORD-107068,CUST-2360,2026-06-26,Marketplace,Cash on Delivery,completed,Germany,SAVE10,
ORD-107069,CUST-2714,2025/07/15,Website,Crypto,SHIPPED,France,WELCOME2025,
ORD-107070,CUST-1472,03/07/2025,Marketplace,PayPal,Completed,NG,N/A,
ORD-107071,CUST-3968,07/11/2025,Marketplace,Debit Card,Refunded,australia,WELCOME2025,
ORD-107072,CUST-1686,12-Jan-2025,Phone Order,Bank Transfer,Processing,india,N/A,
ORD-107073,CUST-2105,03-Aug-2024,Marketplace,Cash on Delivery,Pending,France,save10,
ORD-107074,CUST-2112,07/11/2024,MOBILE APP,Credit Card,Refunded,france,save10,
ORD-107075,CUST-2668,10/01/2026,MOBILE APP,PayPal,Refunded,NG,save10,
ORD-107076,CUST-1391,2024-08-27,In-Store,credit card,completed,Canada,none,
ORD-107077,CUST-3955,16/05/2024,MOBILE APP,Cash on Delivery,Refunded,australia,WELCOME2025,
ORD-107078,CUST-3517,2025-06-16,Marketplace,PayPal,Delivered,United Kingdom,WELCOME2025,
ORD-107079,CUST-2330,2025-09-15,website,Cash on Delivery,SHIPPED,United States of America,,
ORD-107080,CUST-3438,10/14/2025,In-Store,PayPal,Completed,nigeria,,
ORD-107081,CUST-1805,24-May-2027,website,Debit Card,Refunded,Nigeria,N/A,
ORD-107082,CUST-2954,06/05/2026,website,credit card,Refunded,Germany,SAVE10,
ORD-107083,CUST-1748,04/13/2024,Website,credit card,Delivered,CA,none,
ORD-107084,CUST-2468,2026/02/16,Marketplace,Cash on Delivery,Pending,UK,none,
ORD-107085,CUST-1025,22-Feb-2026,Website,Cash on Delivery,Cancelled,australia,,
ORD-107086,CUST-1414,03-Oct-2024,MOBILE APP,Credit Card,SHIPPED,India,N/A,
ORD-107087,CUST-3548,25-Aug-2024,Mobile App,Debit Card,Delivered,DE,N/A,
ORD-107088,CUST-3225,2026/04/03,Phone Order,Cash on Delivery,SHIPPED,canada,SAVE10,
ORD-107089,CUST-3561,04/10/2025,Phone Order,Credit Card,Completed,UK,WELCOME2025,
ORD-107090,CUST-1683,"August 26, 2024",MOBILE APP,Cash on Delivery,SHIPPED,france,save10,
ORD-107091,CUST-3033,06/29/2025,Website,PayPal,Delivered,RSA,WELCOME2025,
ORD-107092,CUST-3618,"September 23, 2025",Phone Order,Bank Transfer,completed,BR,N/A,
ORD-107093,CUST-3966,10-May-2025,Mobile App,credit card,Completed,FR,none,
ORD-107094,CUST-1842,2026-03-21,MOBILE APP,Crypto,Processing,australia,,
ORD-107095,CUST-3249,"June 30, 2024",website,Credit Card,Delivered,Brazil,,
ORD-107096,CUST-1061,04/04/2024,Marketplace,Cash on Delivery,SHIPPED,Australia,save10,
ORD-107097,CUST-2634,2025/08/22,website,Debit Card,Processing,Canada,,
ORD-107098,CUST-3804,02/07/2026,Phone Order,Cash on Delivery,Completed,france,,
ORD-107099,CUST-2154,07-Feb-2024,Phone Order,PayPal,Processing,Brazil,save10,
ORD-107100,CUST-2409,29/01/2024,Website,Bank Transfer,Delivered,FR,,
ORD-107101,CUST-2330,2024-07-12,Mobile App,PayPal,Refunded,S. Africa,,
ORD-107102,CUST-1672,2024/04/20,Phone Order,credit card,Completed,ZA,save10,
ORD-107103,CUST-1951,2024-11-09,In-Store,Bank Transfer,Completed,South Africa,SAVE10,
ORD-107104,CUST-3046,10/08/2024,Marketplace,PayPal,completed,U.K.,none,
ORD-107105,CUST-1272,03/04/2025,Marketplace,Cash on Delivery,Cancelled,Deutschland,WELCOME2025,
ORD-107106,CUST-1201,12/07/2025,Website,Debit Card,SHIPPED,NG,WELCOME2025,
ORD-107107,CUST-2717,2026-04-28,Phone Order,PayPal,Cancelled,USA,none,
ORD-107108,CUST-2898,09/28/2025,Phone Order,Credit Card,Processing,Bharat,save10,
ORD-107109,CUST-1798,2024-10-15,In-Store,Crypto,SHIPPED,NG,SAVE10,
ORD-107110,CUST-2646,12/27/2024,In-Store,Bank Transfer,SHIPPED,U.S.A.,none,
ORD-107111,CUST-1111,2025-02-30,website,PayPal,Delivered,U.S.A.,WELCOME2025,
ORD-107112,CUST-3598,20-Feb-2026,website,Credit Card,SHIPPED,England,,
ORD-107113,CUST-1364,02-Jul-2024,MOBILE APP,Debit Card,Pending,canada,none,
ORD-107114,CUST-2895,"June 05, 2024",Mobile App,Crypto,Processing,ZA,WELCOME2025,
ORD-107115,CUST-3797,2024-04-20,Marketplace,PayPal,Delivered,ZA,SAVE10,
ORD-107116,CUST-3669,2024-07-25,Mobile App,credit card,SHIPPED,nigeria,WELCOME2025,
ORD-107117,CUST-2727,08/24/2024,In-Store,Credit Card,Delivered,CA,save10,
ORD-107118,CUST-2524,2026/06/05,Website,Bank Transfer,SHIPPED,South Africa,N/A,
ORD-107119,CUST-1095,05/28/2025,website,Debit Card,completed,DE,SAVE10,
ORD-107120,CUST-2364,2024-03-19,Phone Order,Crypto,Cancelled,NG,,
ORD-107121,CUST-1110,15/01/2025,Marketplace,Cash on Delivery,Cancelled,canada,,
ORD-107122,CUST-2013,"November 23, 2025",In-Store,Credit Card,Cancelled,france,,
ORD-107123,CUST-3857,2025/11/29,In-Store,credit card,Refunded,U.K.,SAVE10,
ORD-107124,CUST-3297,06/30/2026,website,Cash on Delivery,Delivered,US,save10,
ORD-107125,CUST-2901,03/26/2026,In-Store,Crypto,Cancelled,Australia,N/A,
ORD-107126,CUST-1997,2024-04-28,Website,PayPal,Cancelled,australia,save10,
ORD-107127,CUST-1580,"March 05, 2024",Marketplace,credit card,Pending,france,save10,
ORD-107128,CUST-2717,2025/08/24,MOBILE APP,Crypto,Delivered,England,,
ORD-107129,CUST-3302,05/31/2024,Mobile App,Cash on Delivery,Pending,IN,,
ORD-107130,CUST-1433,2026-04-02,Marketplace,Debit Card,Completed,australia,,
ORD-107131,CUST-1430,2025-06-29,Website,credit card,Processing,australia,WELCOME2025,
ORD-107132,CUST-1474,17-Apr-2026,In-Store,Crypto,SHIPPED,nigeria,,
ORD-107133,CUST-1567,30-May-2025,In-Store,PayPal,Delivered,U.S.A.,save10,
ORD-107134,CUST-1131,"February 10, 2024",Phone Order,credit card,SHIPPED,UK,none,
ORD-107135,CUST-2278,31-May-2025,Phone Order,Debit Card,completed,France,WELCOME2025,
ORD-107136,CUST-3447,10/04/2024,Mobile App,Debit Card,Processing,South Africa,,
ORD-107137,CUST-2247,2025/03/12,In-Store,credit card,SHIPPED,australia,,
ORD-107138,CUST-3034,23-Dec-2025,Website,credit card,Processing,CA,WELCOME2025,
ORD-107139,CUST-3837,21-Jan-2025,MOBILE APP,Bank Transfer,Cancelled,india,,
ORD-107140,CUST-2615,2025/04/14,Mobile App,Crypto,Cancelled,germany,save10,
ORD-107141,CUST-1813,2024-08-29,website,Credit Card,SHIPPED,Nigéria,,
ORD-107142,CUST-3066,01/23/2026,Mobile App,Debit Card,Cancelled,DE,WELCOME2025,
ORD-107143,CUST-2919,26-Aug-2025,In-Store,Debit Card,Processing,France,WELCOME2025,
ORD-107144,CUST-2310,"June 21, 2026",Website,Cash on Delivery,Completed,AU,SAVE10,
ORD-107145,CUST-2682,2026-01-05,Marketplace,Credit Card,completed,USA,none,
ORD-107146,CUST-2131,2024/09/10,Phone Order,Cash on Delivery,Processing,AU,save10,
ORD-107147,CUST-1570,"June 20, 2025",Marketplace,Debit Card,Cancelled,Nigeria,N/A,
ORD-107148,CUST-3854,26/11/2025,MOBILE APP,Debit Card,Refunded,nigeria,,
ORD-107149,CUST-2633,15-Oct-2025,Phone Order,PayPal,completed,united states,SAVE10,
ORD-107150,CUST-2580,08/03/2026,website,PayPal,Delivered,BR,none,
ORD-107151,CUST-2466,10-Oct-2024,MOBILE APP,Credit Card,completed,australia,SAVE10,
ORD-107152,CUST-3749,11/10/2025,Website,Crypto,Cancelled,nigeria,SAVE10,
ORD-107153,CUST-2135,"May 25, 2026",MOBILE APP,credit card,Processing,AU,WELCOME2025,
ORD-107154,CUST-3134,14/05/2024,MOBILE APP,Debit Card,Cancelled,CA,SAVE10,
ORD-107155,CUST-1135,2024-04-19,Mobile App,Cash on Delivery,Cancelled,australia,save10,
ORD-107156,CUST-1616,02/22/2024,In-Store,PayPal,completed,USA,save10,
ORD-107157,CUST-2922,05/14/2026,In-Store,PayPal,Cancelled,IN,,
ORD-107158,CUST-1582,28-May-2025,Mobile App,PayPal,Refunded,Germany,N/A,
ORD-107159,CUST-2307,07/22/2025,Phone Order,Bank Transfer,Processing,US,,
ORD-107160,CUST-2621,2024/04/02,Phone Order,Cash on Delivery,Processing,Bharat,save10,
ORD-107161,CUST-1752,30-Aug-2024,website,credit card,Completed,Brazil,,
ORD-107162,CUST-3070,08-Feb-2024,Website,credit card,Delivered,germany,,
ORD-107163,CUST-1341,05/05/2026,Website,Debit Card,Refunded,Bharat,save10,
ORD-107164,CUST-3816,05-Mar-2025,In-Store,credit card,Delivered,S. Africa,WELCOME2025,
ORD-107165,CUST-1893,"December 23, 2024",In-Store,Credit Card,Refunded,S. Africa,WELCOME2025,
ORD-107166,CUST-1743,"July 01, 2025",Phone Order,Crypto,Cancelled,NG,,
ORD-107167,CUST-2548,09/27/2024,MOBILE APP,Crypto,completed,NG,SAVE10,
ORD-107168,CUST-3639,05/30/2025,Mobile App,Crypto,Processing,CA,save10,
ORD-107169,CUST-2148,2024-09-15,Phone Order,Credit Card,SHIPPED,NG,,
ORD-107170,CUST-2403,2025/03/13,Mobile App,credit card,SHIPPED,NG,save10,
ORD-107171,CUST-3597,12/10/2025,MOBILE APP,Debit Card,Processing,Nigeria,none,
ORD-107172,CUST-3115,09/27/2024,In-Store,PayPal,Cancelled,nigeria,none,
ORD-107173,CUST-2866,2026/02/16,Website,credit card,Completed,USA,none,
ORD-107174,CUST-1028,12/28/2025,Mobile App,PayPal,Pending,Australia,,
ORD-107175,CUST-2245,"March 04, 2024",MOBILE APP,PayPal,SHIPPED,Britain,WELCOME2025,
ORD-107176,CUST-3652,02/05/2025,Website,PayPal,Completed,CA,SAVE10,
ORD-107177,CUST-3892,14-Sep-2024,MOBILE APP,Debit Card,Refunded,England,none,
ORD-107178,CUST-3042,25/06/2025,website,Crypto,SHIPPED,NG,N/A,
ORD-107179,CUST-1710,01/10/2026,website,Debit Card,SHIPPED,canada,SAVE10,
ORD-107180,CUST-1961,2024/02/21,Phone Order,Bank Transfer,Cancelled,U.K.,save10,
ORD-107181,CUST-3508,2026-05-03,Phone Order,credit card,Refunded,Australia,save10,
ORD-107182,CUST-3855,20-Mar-2026,Phone Order,Debit Card,completed,nigeria,WELCOME2025,
ORD-107183,CUST-3266,"July 07, 2024",Marketplace,Credit Card,Completed,ZA,save10,
ORD-107184,CUST-3237,02/14/2025,Mobile App,PayPal,Delivered,ZA,SAVE10,
ORD-107185,CUST-3327,2024-05-07,website,Debit Card,Processing,india,,
ORD-107186,CUST-1149,20/12/2024,Website,Crypto,completed,United Kingdom,WELCOME2025,
ORD-107187,CUST-3779,2025-08-11,Marketplace,PayPal,Processing,France,WELCOME2025,
ORD-107188,CUST-2414,2026-06-21,Marketplace,Crypto,Pending,Nigeria,none,
ORD-107189,CUST-2803,09-Jun-2024,Phone Order,Credit Card,Cancelled,CA,N/A,
ORD-107190,CUST-3258,07/08/2026,Phone Order,Debit Card,Delivered,South Africa,N/A,
ORD-107191,CUST-2413,2024/11/12,MOBILE APP,Crypto,Processing,united states,none,
ORD-107192,CUST-1516,16/06/2025,MOBILE APP,Credit Card,completed,U.S.A.,,
ORD-107193,CUST-2564,16-Feb-2026,website,Cash on Delivery,SHIPPED,NG,WELCOME2025,
ORD-107194,CUST-3586,02-Feb-2024,In-Store,Bank Transfer,Cancelled,FR,WELCOME2025,
ORD-107195,CUST-3693,08-Dec-2025,Phone Order,Debit Card,completed,india,,
ORD-107196,CUST-2813,13-Dec-2025,Website,Credit Card,Pending,U.S.A.,,
ORD-107197,CUST-3909,2024/12/09,Mobile App,Cash on Delivery,Cancelled,Australia,save10,
ORD-107198,CUST-2291,24-Jan-2025,website,Bank Transfer,SHIPPED,FR,,
ORD-107199,CUST-3164,"March 13, 2024",MOBILE APP,Cash on Delivery,completed,united states,,
ORD-107200,CUST-1027,13/03/2024,website,credit card,completed,RSA,save10,
ORD-107201,CUST-3931,14/05/2026,website,Bank Transfer,Pending,Deutschland,WELCOME2025,
ORD-107202,CUST-1643,04/30/2026,Website,Debit Card,Delivered,france,,
ORD-107203,CUST-3238,25-Jun-2026,Website,Cash on Delivery,Pending,CA,,
ORD-107204,CUST-1982,2026-04-04,Website,Credit Card,Delivered,canada,,
ORD-107205,CUST-2588,2025/02/13,Website,Debit Card,Completed,Britain,none,
ORD-107206,CUST-3123,15-Mar-2025,In-Store,PayPal,Refunded,india,save10,
ORD-107207,CUST-3893,06/18/2024,Website,Debit Card,SHIPPED,Nigéria,,
ORD-107208,CUST-3639,2025/11/18,MOBILE APP,PayPal,completed,England,N/A,
ORD-107209,CUST-2125,2026/06/29,Marketplace,Crypto,Delivered,BR,SAVE10,
ORD-107210,CUST-1929,19-Mar-2025,Marketplace,Bank Transfer,Refunded,UK,none,
ORD-107211,CUST-1075,03/02/2025,Mobile App,PayPal,Completed,England,,
ORD-107212,CUST-2160,"October 25, 2025",Website,PayPal,Processing,RSA,WELCOME2025,
ORD-107213,CUST-2222,07/05/2025,Mobile App,Credit Card,Processing,Deutschland,,
ORD-107214,CUST-2392,16/11/2025,MOBILE APP,Debit Card,Delivered,FR,,
ORD-107215,CUST-2149,03-May-2024,Phone Order,credit card,Refunded,United Kingdom,save10,
ORD-107216,CUST-2585,10-Apr-2026,Mobile App,PayPal,Pending,AU,SAVE10,
ORD-107217,CUST-2202,"May 25, 2024",MOBILE APP,Cash on Delivery,Delivered,france,,
ORD-107218,CUST-2053,05/03/2024,Phone Order,credit card,completed,S. Africa,WELCOME2025,
ORD-107219,CUST-1802,"January 19, 2024",In-Store,Credit Card,Completed,ZA,save10,
ORD-107220,CUST-1360,10-Apr-2026,website,Credit Card,completed,UK,,
ORD-107221,CUST-2158,2025/12/11,Marketplace,credit card,Completed,United Kingdom,none,
ORD-107222,CUST-1037,2026/02/09,In-Store,PayPal,SHIPPED,South Africa,N/A,
ORD-107223,CUST-3735,2025-09-04,MOBILE APP,credit card,SHIPPED,Brasil,SAVE10,
ORD-107224,CUST-2221,10/08/2024,In-Store,Cash on Delivery,Refunded,canada,,
ORD-107225,CUST-2919,03/04/2025,Marketplace,PayPal,Delivered,Britain,SAVE10,
ORD-107226,CUST-3678,2025/09/16,website,,Processing,RSA,WELCOME2025,
ORD-107227,CUST-1287,2026/02/04,website,Credit Card,SHIPPED,U.K.,,
ORD-107228,CUST-2308,01/12/2026,Website,Bank Transfer,Delivered,England,WELCOME2025,
ORD-107229,CUST-1595,2025/12/10,Website,PayPal,Pending,australia,save10,
ORD-107230,CUST-1704,23-Dec-2024,In-Store,credit card,Delivered,RSA,,
ORD-107231,CUST-3285,23-Jan-2024,Mobile App,Credit Card,Refunded,Nigéria,WELCOME2025,
ORD-107232,CUST-2611,11-Feb-2024,website,Credit Card,Pending,RSA,,
ORD-104833,CUST-1501,"December 19, 2025",Mobile App,Cash on Delivery,completed,Bharat,,
ORD-107234,CUST-2680,2025-02-30,Mobile App,Cash on Delivery,Cancelled,USA,none,
ORD-107235,CUST-2495,23/05/2025,website,Crypto,Delivered,Deutschland,none,
ORD-107236,CUST-1505,2024-08-24,MOBILE APP,Bank Transfer,Refunded,france,,
ORD-107237,CUST-3340,18-Jan-2024,In-Store,Credit Card,Completed,Nigéria,,
ORD-107238,CUST-1302,2026/06/01,Phone Order,Debit Card,Cancelled,canada,save10,
ORD-107239,CUST-2479,21-Jun-2025,In-Store,credit card,Completed,RSA,save10,
ORD-107240,CUST-3160,06/10/2025,Website,Crypto,Pending,AU,save10,
ORD-107241,CUST-2887,13-Aug-2024,Mobile App,Debit Card,Pending,Brazil,,
ORD-107242,CUST-3129,2025/04/24,Phone Order,Debit Card,completed,australia,none,
ORD-107243,CUST-2237,19-May-2025,Phone Order,Debit Card,Cancelled,U.S.A.,none,
ORD-107244,CUST-1208,2024/05/18,In-Store,Cash on Delivery,SHIPPED,Nigéria,save10,
ORD-107245,CUST-1284,31/05/2024,Marketplace,Credit Card,completed,Germany,,
ORD-107246,CUST-3769,18-Dec-2024,In-Store,Bank Transfer,Completed,Nigeria,N/A,
ORD-107247,CUST-3983,15-May-2025,In-Store,credit card,Pending,Nigéria,WELCOME2025,
ORD-107248,CUST-2728,2026/07/01,Website,PayPal,Completed,S. Africa,N/A,
ORD-107249,CUST-3383,06-Dec-2024,Website,Crypto,Refunded,Bharat,N/A,
ORD-107250,CUST-1277,2026-04-10,Marketplace,credit card,Completed,AU,WELCOME2025,
ORD-107251,CUST-2012,"April 22, 2024",Phone Order,PayPal,Refunded,france,,
ORD-107252,CUST-3747,"March 04, 2024",website,Credit Card,Delivered,nigeria,,
ORD-107253,CUST-2519,2024-08-28,website,Crypto,Delivered,U.K.,,
ORD-107254,CUST-1754,10/08/2025,Marketplace,PayPal,Cancelled,Brazil,save10,
ORD-107255,CUST-3678,2024-10-19,Website,credit card,Completed,United Kingdom,N/A,
ORD-107256,CUST-1398,2024/10/10,website,Bank Transfer,Completed,United States of America,,
ORD-107257,CUST-3674,20-May-2025,Marketplace,Bank Transfer,Pending,DE,,
ORD-107258,CUST-1614,15/07/2024,Marketplace,credit card,Delivered,NG,none,
ORD-107259,CUST-1515,2026-04-29,Marketplace,Credit Card,Delivered,nigeria,SAVE10,
ORD-107260,CUST-3145,06/02/2025,Website,Cash on Delivery,Cancelled,South Africa,SAVE10,
ORD-107261,CUST-3061,07/06/2026,Marketplace,credit card,Refunded,FR,save10,
ORD-107262,CUST-1578,"February 28, 2024",In-Store,credit card,Refunded,BR,save10,
ORD-107263,CUST-3170,2024-09-01,Phone Order,Bank Transfer,Delivered,AU,none,
ORD-107264,CUST-1696,18-Jan-2026,Website,PayPal,Processing,NG,N/A,
ORD-107265,CUST-2322,02/06/2025,Mobile App,Cash on Delivery,SHIPPED,S. Africa,N/A,
ORD-107266,CUST-3270,"July 03, 2024",Marketplace,Credit Card,Refunded,FR,SAVE10,
ORD-107267,CUST-3374,15-Feb-2026,In-Store,PayPal,Completed,BR,none,
ORD-107268,CUST-2288,"October 25, 2025",Phone Order,Cash on Delivery,Refunded,United States of America,save10,
ORD-107269,CUST-2097,07/13/2027,website,Cash on Delivery,Processing,RSA,WELCOME2025,
ORD-107270,CUST-1402,2025-10-22,Mobile App,PayPal,Refunded,UK,,
ORD-107271,CUST-3615,"November 11, 2024",Website,Debit Card,Processing,Bharat,save10,
ORD-107272,CUST-2132,2024-06-20,Phone Order,Cash on Delivery,Completed,India,none,
ORD-107273,CUST-2733,"September 07, 2024",Phone Order,Crypto,Delivered,NG,,
ORD-107274,CUST-2119,"January 28, 2024",In-Store,Debit Card,Refunded,FR,WELCOME2025,
ORD-107275,CUST-3199,2025-01-12,Marketplace,PayPal,Pending,AU,,
ORD-107276,CUST-1882,2024-02-21,In-Store,PayPal,Completed,IN,N/A,
ORD-107277,CUST-2778,2024-09-08,Marketplace,PayPal,completed,germany,save10,
ORD-107278,CUST-2952,"March 09, 2024",Website,credit card,completed,NG,,
ORD-107279,CUST-3135,16/09/2024,Website,Cash on Delivery,Processing,NG,none,
ORD-107280,CUST-2689,27-Apr-2024,Mobile App,credit card,SHIPPED,united states,save10,
ORD-107281,CUST-1121,2027/10/12,Mobile App,Cash on Delivery,Processing,india,N/A,
ORD-107282,CUST-2617,"April 21, 2026",Marketplace,Credit Card,Refunded,NG,,
ORD-107283,CUST-1267,05/03/2024,Mobile App,Crypto,Processing,BR,none,
ORD-107284,CUST-3087,2024/04/21,In-Store,Credit Card,SHIPPED,canada,WELCOME2025,
ORD-107285,CUST-1458,15-Mar-2026,Phone Order,PayPal,Refunded,Australia,N/A,
ORD-106696,CUST-1414,2025-12-27,website,Cash on Delivery,Cancelled,South Africa,,
ORD-107287,CUST-2043,2025/03/16,MOBILE APP,credit card,Delivered,France,save10,
ORD-107288,CUST-1949,2024/11/12,Mobile App,PayPal,Cancelled,BR,SAVE10,
ORD-107289,CUST-1563,2025/02/12,MOBILE APP,PayPal,Processing,Nigeria,,
ORD-107290,CUST-1937,2026/04/27,Marketplace,Debit Card,Pending,United Kingdom,save10,
ORD-107291,CUST-3202,2026/06/10,Phone Order,Credit Card,Completed,France,,
ORD-107292,CUST-3336,2025-10-05,In-Store,Crypto,Completed,IN,SAVE10,
ORD-107293,CUST-2240,23-Oct-2024,Mobile App,Cash on Delivery,Refunded,Brazil,N/A,
ORD-107294,CUST-2682,20/05/2026,In-Store,Bank Transfer,Delivered,germany,,
ORD-107295,CUST-1834,26-Oct-2025,Phone Order,Credit Card,Completed,U.K.,N/A,
ORD-107296,CUST-3305,2025-01-29,MOBILE APP,PayPal,Pending,germany,N/A,
ORD-107297,CUST-3742,10-May-2025,website,Bank Transfer,Cancelled,CA,,
ORD-107298,CUST-3437,29/07/2025,In-Store,credit card,SHIPPED,Australia,,
ORD-107299,CUST-2004,2026/02/17,MOBILE APP,credit card,Cancelled,australia,N/A,
ORD-107300,CUST-1739,07/02/2026,Marketplace,credit card,Completed,australia,none,
ORD-107301,CUST-1699,06/12/2026,In-Store,Cash on Delivery,Refunded,nigeria,save10,
ORD-107302,CUST-3139,2025-06-28,In-Store,PayPal,Delivered,Nigéria,,
ORD-107303,CUST-2349,06/03/2025,website,Crypto,Refunded,England,WELCOME2025,
ORD-107304,CUST-2816,2026-06-17,Phone Order,PayPal,Processing,Australia,,
ORD-107305,CUST-1693,2025-04-12,Website,Debit Card,Processing,France,N/A,
ORD-107306,CUST-2953,2026/04/15,website,Debit Card,Completed,FR,SAVE10,
ORD-107307,CUST-3618,16-Nov-2024,Website,Bank Transfer,Refunded,United States,N/A,
ORD-107308,CUST-1613,"March 30, 2025",MOBILE APP,Debit Card,Pending,united states,,
ORD-107309,CUST-3402,2025-03-29,website,credit card,SHIPPED,NG,WELCOME2025,
ORD-107310,CUST-3131,2024/07/09,Website,PayPal,Refunded,France,WELCOME2025,
ORD-107311,CUST-1192,2024-02-16,Mobile App,Credit Card,completed,NG,save10,
ORD-107312,CUST-2487,12-Dec-2025,website,PayPal,Refunded,Deutschland,,
ORD-107313,CUST-3691,"January 24, 2024",Website,PayPal,SHIPPED,ZA,N/A,
ORD-107314,CUST-1754,2024/09/24,website,Crypto,Processing,canada,save10,
ORD-107315,CUST-3983,26/10/2025,Website,PayPal,Cancelled,united states,SAVE10,
ORD-107316,CUST-3785,29/05/2026,Marketplace,credit card,SHIPPED,france,,
ORD-107317,CUST-2882,02/05/2024,Marketplace,PayPal,SHIPPED,U.S.A.,WELCOME2025,
ORD-107318,CUST-1847,12-Jul-2024,website,Credit Card,Completed,CA,save10,
ORD-107319,CUST-3576,04/06/2024,In-Store,PayPal,completed,United States of America,,
ORD-107320,CUST-2104,04/25/2025,MOBILE APP,Credit Card,Pending,Brasil,,
ORD-107321,CUST-2723,2024/10/26,In-Store,Bank Transfer,Completed,NG,N/A,
ORD-107322,CUST-3459,2024-09-27,Mobile App,Cash on Delivery,Refunded,canada,,
ORD-107323,CUST-3568,2027-06-19,In-Store,Bank Transfer,Refunded,canada,,
ORD-107324,CUST-2973,04/30/2024,MOBILE APP,credit card,Completed,United States,SAVE10,
ORD-107325,CUST-3652,"March 29, 2025",In-Store,credit card,completed,France,,
ORD-107326,CUST-1590,13-Jun-2024,Website,Bank Transfer,completed,Brazil,WELCOME2025,
ORD-107327,CUST-1220,2026-02-15,In-Store,Cash on Delivery,Completed,India,N/A,
ORD-107328,CUST-2233,2025-10-21,Website,Crypto,Pending,Brasil,save10,
ORD-107329,CUST-3245,11/11/2025,Phone Order,PayPal,Cancelled,Brazil,,
ORD-107330,CUST-3819,2025/09/16,In-Store,Crypto,Completed,australia,WELCOME2025,
ORD-107331,CUST-3295,2025-09-28,Mobile App,Crypto,completed,DE,save10,
ORD-107332,CUST-3101,2024/05/21,Mobile App,credit card,Refunded,UK,none,
ORD-107333,CUST-3402,"May 04, 2025",MOBILE APP,Bank Transfer,SHIPPED,Brazil,SAVE10,
ORD-107334,CUST-3350,02/02/2026,Mobile App,Crypto,Pending,South Africa,none,
ORD-107335,CUST-2369,2024/06/05,website,Cash on Delivery,Cancelled,Nigeria,,
ORD-107336,CUST-1924,21/05/2026,Website,Bank Transfer,Pending,Bharat,none,
ORD-107337,CUST-1933,07/11/2024,Phone Order,Debit Card,completed,Britain,,
ORD-107338,CUST-1376,2025-10-13,Phone Order,Bank Transfer,Refunded,nigeria,,
ORD-107339,CUST-1575,05/16/2025,In-Store,PayPal,Pending,Nigeria,save10,
ORD-107340,CUST-2078,2024-05-24,MOBILE APP,Credit Card,Cancelled,AU,,
ORD-107341,CUST-2357,"June 27, 2024",Website,Crypto,Cancelled,IN,N/A,
ORD-107342,CUST-3881,2026-05-30,Marketplace,PayPal,Completed,AU,SAVE10,
ORD-107343,CUST-3633,2024-06-19,Website,Crypto,Cancelled,BR,SAVE10,
ORD-107344,CUST-1796,07/21/2025,Website,PayPal,completed,Nigéria,SAVE10,
ORD-107345,CUST-2019,03/12/2024,Mobile App,credit card,completed,BR,none,
ORD-107346,CUST-3809,"September 18, 2027",website,Credit Card,Processing,India,none,
ORD-107347,CUST-2776,27/01/2024,Mobile App,PayPal,Pending,germany,,
ORD-107348,CUST-3937,2025-11-30,Mobile App,Debit Card,Processing,Germany,save10,
ORD-107349,CUST-3216,03-Apr-2024,website,Debit Card,completed,Britain,WELCOME2025,
ORD-107350,CUST-1845,"April 24, 2025",Mobile App,credit card,SHIPPED,Britain,N/A,
ORD-107351,CUST-2083,2025/11/15,Mobile App,Credit Card,Delivered,Brasil,save10,
ORD-107352,CUST-2898,23-Apr-2025,Website,Debit Card,Completed,DE,save10,
ORD-107353,CUST-2425,06/30/2026,website,Credit Card,SHIPPED,RSA,none,
ORD-107354,CUST-1781,09/29/2024,website,Bank Transfer,completed,FR,,
ORD-107355,CUST-2957,14-Feb-2026,MOBILE APP,Credit Card,SHIPPED,RSA,WELCOME2025,
ORD-107356,CUST-3258,11/22/2025,MOBILE APP,Debit Card,Completed,nigeria,N/A,
ORD-107357,CUST-3191,14-Sep-2024,Mobile App,Crypto,SHIPPED,NG,,
ORD-107358,CUST-2287,2025-02-05,In-Store,PayPal,completed,France,,
ORD-107359,CUST-1200,17/05/2026,Mobile App,Crypto,Refunded,AU,WELCOME2025,
ORD-107360,CUST-2733,12/09/2024,In-Store,Credit Card,Delivered,FR,,
ORD-107361,CUST-3279,27-Mar-2025,Website,Bank Transfer,Refunded,nigeria,SAVE10,
ORD-107362,CUST-1030,05/02/2025,Mobile App,Debit Card,Delivered,united states,SAVE10,
ORD-107363,CUST-3744,"July 07, 2025",website,PayPal,SHIPPED,Canada,save10,
ORD-107364,CUST-2887,18/03/2025,Website,credit card,completed,Britain,,
ORD-107365,CUST-2551,2024-05-19,Marketplace,Debit Card,Delivered,US,N/A,
ORD-107366,CUST-1204,06/29/2024,Marketplace,Crypto,Refunded,Deutschland,,
ORD-107367,CUST-2643,"May 06, 2024",Phone Order,PayPal,SHIPPED,AU,,
ORD-107368,CUST-3523,2024/09/23,Phone Order,Bank Transfer,Pending,United States of America,,
ORD-107369,CUST-3233,05/03/2025,MOBILE APP,credit card,Completed,South Africa,none,
ORD-107370,CUST-1693,2025/01/16,MOBILE APP,PayPal,completed,U.S.A.,WELCOME2025,
ORD-107371,CUST-3338,11/12/2024,MOBILE APP,Debit Card,Refunded,NG,N/A,
ORD-107372,CUST-2018,10/15/2025,Website,PayPal,SHIPPED,france,WELCOME2025,
ORD-107373,CUST-1978,12/15/2024,Mobile App,Debit Card,Cancelled,Canada,WELCOME2025,
ORD-107374,CUST-2335,"October 14, 2025",In-Store,Crypto,Delivered,Australia,N/A,
ORD-107375,CUST-3996,2025/03/28,MOBILE APP,Cash on Delivery,Refunded,ZA,SAVE10,
ORD-107376,CUST-2320,05/11/2026,website,Crypto,Cancelled,Brazil,,
ORD-107377,CUST-2459,01-Nov-2025,Website,Debit Card,Cancelled,ZA,none,
ORD-107378,CUST-1985,03/14/2025,MOBILE APP,PayPal,completed,Brasil,,
ORD-107379,CUST-2046,2024-10-04,Mobile App,Credit Card,Refunded,FR,N/A,
ORD-107380,CUST-2610,29/10/2025,Phone Order,Credit Card,Completed,india,WELCOME2025,
ORD-107381,CUST-1674,14-Jun-2025,MOBILE APP,Debit Card,Refunded,ZA,,
ORD-107382,CUST-1713,2025-11-07,website,credit card,Pending,Germany,,
ORD-107383,CUST-2327,"August 17, 2025",In-Store,Credit Card,Processing,Brasil,none,
ORD-107384,CUST-1861,14/12/2027,Mobile App,PayPal,Pending,Nigéria,,
ORD-103113,CUST-1309,2024/08/23,Mobile App,Bank Transfer,Pending,BR,save10,
ORD-107386,CUST-3343,20/06/2024,Phone Order,credit card,Delivered,Australia,SAVE10,
ORD-107387,CUST-1633,06/09/2024,Marketplace,PayPal,Pending,U.K.,,
ORD-107388,CUST-1638,2025-07-16,Marketplace,PayPal,Delivered,Brazil,none,
ORD-107389,CUST-1359,"July 25, 2025",MOBILE APP,Debit Card,Cancelled,Nigeria,none,
ORD-107390,CUST-2692,02/23/2024,In-Store,credit card,Pending,ZA,none,
ORD-107391,CUST-1910,15/09/2025,website,Cash on Delivery,SHIPPED,RSA,SAVE10,
ORD-107392,CUST-3939,23-Feb-2026,Website,Credit Card,Delivered,AU,,
ORD-107393,CUST-3681,15-Oct-2024,MOBILE APP,PayPal,Refunded,BR,,
ORD-107394,CUST-1135,16/02/2024,Phone Order,Debit Card,Delivered,US,WELCOME2025,
ORD-107395,CUST-3103,21/10/2025,Website,Crypto,Processing,USA,N/A,
ORD-107396,CUST-1322,"March 21, 2025",Marketplace,Bank Transfer,Cancelled,AU,SAVE10,
ORD-107397,CUST-3201,"March 04, 2026",MOBILE APP,Credit Card,SHIPPED,CA,save10,
ORD-107398,CUST-3709,"February 23, 2024",Phone Order,Crypto,Pending,US,,
ORD-107399,CUST-3794,2025/08/02,Phone Order,Cash on Delivery,Cancelled,australia,,
ORD-107400,CUST-3814,07/15/2025,In-Store,Bank Transfer,Delivered,Brazil,,
ORD-107401,CUST-2212,18-Nov-2024,Marketplace,PayPal,Cancelled,Brazil,none,
ORD-107402,CUST-3717,2025-10-20,Phone Order,Debit Card,Pending,Australia,none,
ORD-107403,CUST-2976,2025/10/17,Website,Debit Card,Completed,France,SAVE10,
ORD-107404,CUST-2103,24-May-2026,Mobile App,Cash on Delivery,Pending,Britain,,
ORD-107405,CUST-1387,14/06/2024,MOBILE APP,Cash on Delivery,Completed,NG,,
ORD-107406,CUST-3499,29/12/2024,Marketplace,Debit Card,SHIPPED,france,,
ORD-107407,CUST-1687,05-Mar-2024,In-Store,credit card,Cancelled,australia,save10,
ORD-107408,CUST-2768,2024/03/02,Marketplace,credit card,Processing,CA,save10,
ORD-107409,CUST-1781,10/15/2027,website,Crypto,Delivered,Canada,WELCOME2025,
ORD-107410,CUST-3958,"December 02, 2025",In-Store,Cash on Delivery,Refunded,Brazil,WELCOME2025,
ORD-107411,CUST-3788,24/09/2025,In-Store,Bank Transfer,Pending,france,,
ORD-107412,CUST-2505,15-Apr-2025,Mobile App,credit card,Refunded,france,N/A,
ORD-107413,CUST-2211,24-Aug-2024,In-Store,Crypto,completed,Nigéria,,
ORD-107414,CUST-2274,2027-09-19,Mobile App,Cash on Delivery,Cancelled,DE,none,
ORD-107415,CUST-2412,16-May-2024,Mobile App,Crypto,Processing,FR,SAVE10,
ORD-107416,CUST-2664,2024-12-18,website,credit card,completed,India,none,
ORD-107417,CUST-3713,"August 25, 2025",Mobile App,Bank Transfer,completed,Deutschland,save10,
ORD-107418,CUST-1517,2027-08-16,Marketplace,Crypto,Pending,canada,,
ORD-107419,CUST-1004,01/06/2024,Marketplace,Crypto,SHIPPED,germany,SAVE10,
ORD-107420,CUST-3272,2025/11/11,In-Store,PayPal,Refunded,Brazil,save10,
ORD-107421,CUST-3769,"October 06, 2025",Phone Order,credit card,completed,india,none,
ORD-107422,CUST-3031,"June 25, 2026",Marketplace,Bank Transfer,Cancelled,United Kingdom,WELCOME2025,
ORD-107423,CUST-1632,2024-10-15,Mobile App,Bank Transfer,completed,U.K.,,
ORD-107424,CUST-3615,2025/08/27,website,Cash on Delivery,Refunded,BR,N/A,
ORD-107425,CUST-1977,10/25/2025,website,Credit Card,completed,australia,,
ORD-107426,CUST-3050,"May 16, 2026",Website,Debit Card,SHIPPED,United States of America,WELCOME2025,
ORD-107427,CUST-1434,"May 07, 2025",Mobile App,Crypto,completed,Brazil,WELCOME2025,
ORD-107428,CUST-2302,2024/05/25,Website,Bank Transfer,SHIPPED,U.S.A.,N/A,
ORD-107429,CUST-2125,11/23/2025,Website,Credit Card,Completed,Brazil,none,
ORD-107430,CUST-1144,04/01/2026,MOBILE APP,PayPal,Cancelled,canada,save10,
ORD-107431,CUST-3228,2026-04-28,MOBILE APP,Bank Transfer,Pending,France,SAVE10,
ORD-107432,CUST-3717,01-Jan-2026,MOBILE APP,Debit Card,Completed,australia,,
ORD-107433,CUST-1306,30/03/2026,Website,Debit Card,Cancelled,germany,SAVE10,
ORD-107434,CUST-3920,23/05/2026,In-Store,credit card,Refunded,australia,WELCOME2025,
ORD-107435,CUST-2432,07/05/2024,MOBILE APP,Crypto,Delivered,U.S.A.,save10,
ORD-107436,CUST-2778,"October 08, 2024",Mobile App,Crypto,Pending,RSA,none,
ORD-107437,CUST-1150,2024-06-05,In-Store,Debit Card,Completed,AU,WELCOME2025,
ORD-107438,CUST-2800,14/09/2025,Website,Cash on Delivery,Completed,FR,WELCOME2025,
ORD-107439,CUST-1314,08/10/2024,Marketplace,Debit Card,Completed,germany,save10,
ORD-107440,CUST-2663,30/11/2024,website,Credit Card,Completed,U.K.,save10,
ORD-107441,CUST-3798,2024/01/01,MOBILE APP,Crypto,Pending,U.S.A.,WELCOME2025,
ORD-107442,CUST-1773,2025-02-02,Website,PayPal,Completed,AU,none,
ORD-107443,CUST-1056,"March 27, 2026",website,Credit Card,Processing,US,,
ORD-107444,CUST-2795,"May 28, 2024",In-Store,Cash on Delivery,Pending,RSA,SAVE10,
ORD-107445,CUST-3227,2025/10/29,Website,Crypto,Cancelled,India,N/A,
ORD-107446,CUST-3998,"April 02, 2026",In-Store,Debit Card,Cancelled,nigeria,SAVE10,
ORD-107447,CUST-2525,18/08/2025,Phone Order,credit card,Cancelled,US,N/A,
ORD-107448,CUST-1224,2025-02-30,MOBILE APP,credit card,Pending,Nigeria,N/A,
ORD-107449,CUST-1103,07/20/2025,Website,Crypto,Delivered,Germany,N/A,
ORD-107450,CUST-3904,09/19/2025,Website,PayPal,Pending,S. Africa,save10,
ORD-107451,CUST-2844,2024-06-12,Marketplace,credit card,Pending,india,N/A,
ORD-107452,CUST-2411,"July 07, 2024",Website,Crypto,Pending,BR,WELCOME2025,
ORD-107453,CUST-2757,2025/09/16,Mobile App,Debit Card,Cancelled,Nigéria,,
ORD-107454,CUST-2175,2025-09-23,Marketplace,Cash on Delivery,completed,germany,none,
ORD-107455,CUST-3552,"May 24, 2025",Marketplace,Crypto,Cancelled,Brazil,SAVE10,
ORD-107456,CUST-2978,"May 13, 2024",Phone Order,Debit Card,Processing,DE,SAVE10,
ORD-107457,CUST-2533,03-Nov-2024,In-Store,Crypto,SHIPPED,Bharat,,
ORD-107458,CUST-1951,2026/01/24,Mobile App,PayPal,completed,UK,,
ORD-107459,CUST-3709,"March 31, 2025",Marketplace,credit card,Pending,AU,,
ORD-107460,CUST-2371,17/05/2025,Website,PayPal,SHIPPED,germany,N/A,
ORD-107461,CUST-3473,11/05/2024,Marketplace,Cash on Delivery,completed,Deutschland,,
ORD-107462,CUST-3555,"March 20, 2024",MOBILE APP,Crypto,completed,Brazil,save10,
ORD-107463,CUST-3025,2024/12/31,website,Debit Card,completed,South Africa,SAVE10,
ORD-107464,CUST-3742,2024-05-15,website,credit card,completed,South Africa,none,
ORD-107465,CUST-2983,2025-02-30,website,Bank Transfer,Pending,United States,,
ORD-107466,CUST-2085,"January 22, 2024",In-Store,Debit Card,completed,UK,none,
ORD-107467,CUST-3889,24/01/2025,Phone Order,Debit Card,completed,Australia,,
ORD-107468,CUST-2621,02-Oct-2024,website,Credit Card,Delivered,AU,save10,
ORD-107469,CUST-2199,2026-06-21,Phone Order,Debit Card,Processing,India,,
ORD-107470,CUST-3649,2024-04-13,In-Store,credit card,Cancelled,FR,none,
ORD-107471,CUST-2548,"October 16, 2025",Marketplace,Debit Card,SHIPPED,nigeria,none,
ORD-107472,CUST-2651,12-Dec-2025,In-Store,credit card,SHIPPED,CA,none,
ORD-107473,CUST-3209,"June 10, 2025",Mobile App,Credit Card,SHIPPED,United Kingdom,N/A,
ORD-107474,CUST-2678,2024/07/03,website,Crypto,Completed,United Kingdom,save10,
ORD-107475,CUST-3984,30/11/2024,MOBILE APP,Bank Transfer,completed,india,WELCOME2025,
ORD-107476,CUST-1379,2026/02/04,MOBILE APP,Bank Transfer,Delivered,FR,N/A,
ORD-107477,CUST-3193,2024/01/11,website,Credit Card,Pending,UK,WELCOME2025,
ORD-107478,CUST-1315,"August 14, 2025",In-Store,Crypto,SHIPPED,United Kingdom,WELCOME2025,
ORD-107479,CUST-1752,05/05/2026,website,Bank Transfer,Completed,canada,SAVE10,
ORD-107480,CUST-1876,11/18/2024,MOBILE APP,credit card,Refunded,UK,,
ORD-107481,CUST-1355,02/05/2026,In-Store,Debit Card,Pending,US,save10,
ORD-107482,CUST-3355,07-Mar-2025,Phone Order,credit card,Refunded,Germany,,
ORD-107483,CUST-3453,02/14/2026,Mobile App,Bank Transfer,Refunded,U.K.,WELCOME2025,
ORD-107484,CUST-1977,"June 09, 2025",website,Crypto,Delivered,FR,SAVE10,
ORD-107485,CUST-3204,17-Oct-2024,Website,Bank Transfer,Cancelled,DE,none,
ORD-107486,CUST-2410,17/06/2026,Website,Bank Transfer,Refunded,india,WELCOME2025,
ORD-107487,CUST-2656,13/01/2024,website,Crypto,Completed,U.S.A.,,
ORD-107488,CUST-1270,12-Mar-2026,Marketplace,credit card,SHIPPED,US,none,
ORD-107489,CUST-2670,2024/04/03,Website,credit card,Delivered,England,SAVE10,
ORD-107490,CUST-3833,25/06/2024,Mobile App,credit card,completed,FR,none,
ORD-107491,CUST-2644,2024-09-09,MOBILE APP,Cash on Delivery,Pending,FR,N/A,
ORD-107492,CUST-2681,28/05/2026,In-Store,Debit Card,Delivered,Nigéria,none,
ORD-107493,CUST-2899,23-Jan-2026,Phone Order,Debit Card,Processing,Brasil,WELCOME2025,
ORD-107494,CUST-3141,06/06/2026,website,Crypto,Cancelled,Deutschland,WELCOME2025,
ORD-107495,CUST-3957,05-May-2024,MOBILE APP,Crypto,Cancelled,United States of America,save10,
ORD-107496,CUST-2724,2024/06/08,MOBILE APP,Credit Card,Refunded,france,none,
ORD-107497,CUST-1804,2024-05-27,website,Bank Transfer,Pending,india,N/A,
ORD-107498,CUST-2530,"July 09, 2024",MOBILE APP,Debit Card,Delivered,FR,N/A,
ORD-107499,CUST-2236,04/16/2025,Mobile App,PayPal,Cancelled,Brazil,,
ORD-107500,CUST-2416,"March 07, 2024",MOBILE APP,Cash on Delivery,Refunded,S. Africa,WELCOME2025,
ORD-107501,CUST-1358,10/06/2025,Phone Order,Credit Card,Delivered,AU,none,
ORD-107502,CUST-1536,2025/11/11,Mobile App,credit card,SHIPPED,DE,none,
ORD-107503,CUST-2064,2025-02-02,Phone Order,Debit Card,Cancelled,DE,none,
ORD-107504,CUST-3361,12/26/2024,Phone Order,Crypto,Refunded,Canada,N/A,
ORD-107505,CUST-2056,2027/06/27,MOBILE APP,Bank Transfer,Delivered,CA,none,
ORD-107506,CUST-3861,17-Jan-2024,Website,Cash on Delivery,Pending,Brazil,,
ORD-107507,CUST-2828,01/08/2024,Website,Cash on Delivery,SHIPPED,united states,,
ORD-107508,CUST-3962,2024-04-13,Marketplace,Cash on Delivery,completed,Australia,none,
ORD-107509,CUST-1338,"October 14, 2027",In-Store,PayPal,Cancelled,United Kingdom,SAVE10,
ORD-107510,CUST-1258,07/08/2024,In-Store,Crypto,completed,United Kingdom,,
ORD-107511,CUST-2326,"May 05, 2025",In-Store,Credit Card,Refunded,FR,,
ORD-107512,CUST-2023,01/01/2025,Website,Debit Card,Delivered,Britain,,
ORD-107513,CUST-1563,2025-05-11,In-Store,Bank Transfer,Completed,Brasil,SAVE10,
ORD-107514,CUST-3953,2025/07/08,Website,Debit Card,Completed,England,save10,
ORD-107515,CUST-1527,02/14/2024,website,Cash on Delivery,completed,Canada,WELCOME2025,
ORD-102649,CUST-2869,23/09/2024,MOBILE APP,Cash on Delivery,completed,U.K.,,
ORD-107517,CUST-2362,"March 28, 2025",website,Cash on Delivery,Completed,australia,WELCOME2025,
ORD-107518,CUST-2392,2024-04-18,Marketplace,PayPal,Refunded,BR,SAVE10,
ORD-107519,CUST-3851,03-Apr-2024,Phone Order,Crypto,Delivered,canada,none,
ORD-107520,CUST-1600,2025/07/23,MOBILE APP,Cash on Delivery,Completed,Brazil,WELCOME2025,
ORD-107521,CUST-3826,06/03/2025,Mobile App,Debit Card,Cancelled,Australia,N/A,
ORD-107522,CUST-2801,2024/04/24,Marketplace,PayPal,Cancelled,India,SAVE10,
ORD-101598,CUST-2013,23/12/2025,MOBILE APP,PayPal,Processing,AU,none,
ORD-106702,CUST-3282,"June 30, 2025",website,Cash on Delivery,Refunded,FR,SAVE10,
ORD-107525,CUST-2631,"September 21, 2024",MOBILE APP,Cash on Delivery,completed,India,,
ORD-107526,CUST-3347,"July 22, 2025",Website,Debit Card,Completed,Canada,SAVE10,
ORD-107527,CUST-3698,2025-09-27,Mobile App,PayPal,completed,Brasil,,
ORD-107528,CUST-2684,2024-10-22,Website,Debit Card,completed,France,N/A,
ORD-107529,CUST-1936,08/18/2025,Website,Crypto,Completed,nigeria,,
ORD-107530,CUST-2301,26-May-2026,website,credit card,completed,CA,,
ORD-107531,CUST-1161,06-Jul-2026,Phone Order,credit card,Refunded,india,SAVE10,
ORD-107532,CUST-1604,2024-12-22,Phone Order,Crypto,completed,AU,SAVE10,
ORD-107533,CUST-2414,06-Jul-2025,MOBILE APP,Credit Card,Completed,Brasil,WELCOME2025,
ORD-107534,CUST-2586,2025-04-17,Marketplace,Crypto,Pending,IN,save10,
ORD-107535,CUST-2033,18/05/2024,Website,Cash on Delivery,completed,UK,,
ORD-107536,CUST-3571,08/10/2025,In-Store,credit card,Delivered,United Kingdom,SAVE10,
ORD-107537,CUST-1954,2026/06/15,Website,credit card,Processing,Bharat,SAVE10,
ORD-107538,CUST-1541,"October 12, 2025",MOBILE APP,Crypto,Pending,FR,SAVE10,
ORD-107539,CUST-1306,2026/03/24,In-Store,Bank Transfer,Cancelled,france,N/A,
ORD-107540,CUST-2099,10/06/2025,website,Bank Transfer,Processing,india,WELCOME2025,
ORD-107541,CUST-3911,"June 20, 2024",website,Crypto,Pending,Brazil,SAVE10,
ORD-107542,CUST-3299,22/10/2025,Marketplace,Bank Transfer,completed,United Kingdom,N/A,
ORD-107543,CUST-1381,2025/08/03,Marketplace,Debit Card,Delivered,Bharat,WELCOME2025,
ORD-107544,CUST-1340,13/05/2025,In-Store,PayPal,completed,france,,
ORD-107545,CUST-2870,01/03/2025,MOBILE APP,Crypto,SHIPPED,S. Africa,SAVE10,
ORD-107546,CUST-1020,22/03/2024,Marketplace,PayPal,Pending,Canada,none,
ORD-107547,CUST-2968,23-Feb-2024,Mobile App,Cash on Delivery,Completed,Canada,,
ORD-107548,CUST-1671,"May 23, 2026",In-Store,Credit Card,completed,Canada,WELCOME2025,
ORD-107549,CUST-2147,2024-03-27,In-Store,credit card,Delivered,DE,,
ORD-107550,CUST-1458,2024-02-07,MOBILE APP,PayPal,Completed,United States of America,save10,
ORD-107551,CUST-1948,2025-12-10,MOBILE APP,Cash on Delivery,Processing,UK,N/A,
ORD-107552,CUST-3930,16/03/2025,Phone Order,Bank Transfer,Delivered,South Africa,none,
ORD-107553,CUST-2433,2026-06-04,website,Debit Card,Completed,Brasil,SAVE10,
ORD-107554,CUST-3704,"July 17, 2025",website,credit card,Cancelled,australia,none,
ORD-107555,CUST-2142,16-Feb-2026,Website,Credit Card,SHIPPED,australia,save10,
ORD-107556,CUST-2217,13/01/2026,Marketplace,Cash on Delivery,SHIPPED,BR,SAVE10,
ORD-107557,CUST-1723,2024/07/06,Mobile App,PayPal,Processing,FR,,
ORD-107558,CUST-3761,"March 31, 2025",Phone Order,Bank Transfer,Processing,DE,none,
ORD-107559,CUST-1414,09/18/2025,MOBILE APP,PayPal,SHIPPED,ZA,none,
ORD-107560,CUST-2362,2025/05/31,MOBILE APP,Cash on Delivery,Delivered,AU,N/A,
ORD-107561,CUST-2390,2025-02-30,In-Store,PayPal,Pending,Nigeria,save10,
ORD-107562,CUST-1886,24-Jun-2024,website,PayPal,Pending,Germany,,
ORD-107563,CUST-1133,"November 13, 2024",website,credit card,Refunded,germany,WELCOME2025,
ORD-107564,CUST-3767,"May 09, 2025",Marketplace,Cash on Delivery,SHIPPED,BR,save10,
ORD-107565,CUST-2384,17/01/2025,In-Store,Bank Transfer,Processing,Australia,N/A,
ORD-107566,CUST-3582,"May 15, 2024",website,Bank Transfer,Completed,ZA,save10,
ORD-107567,CUST-3833,12/05/2024,Mobile App,PayPal,Cancelled,india,WELCOME2025,
ORD-107568,CUST-1545,"November 17, 2024",Phone Order,Debit Card,completed,France,,
ORD-107569,CUST-2564,05/14/2026,Marketplace,Debit Card,Delivered,USA,,
ORD-107570,CUST-1976,2024/04/04,MOBILE APP,Credit Card,Pending,BR,SAVE10,
ORD-107571,CUST-2470,"March 14, 2024",MOBILE APP,Bank Transfer,Completed,France,,
ORD-107572,CUST-1775,22-Jan-2026,In-Store,PayPal,Refunded,U.S.A.,SAVE10,
ORD-107573,CUST-3298,2025/01/03,Website,PayPal,Pending,india,N/A,
ORD-107574,CUST-2196,08/09/2024,Phone Order,Cash on Delivery,Processing,FR,N/A,
ORD-107575,CUST-3762,01/29/2026,Phone Order,Crypto,Refunded,nigeria,,
ORD-107576,CUST-1763,05/07/2026,MOBILE APP,Cash on Delivery,Pending,AU,SAVE10,
ORD-107577,CUST-1781,27/11/2024,Mobile App,credit card,completed,United States of America,none,
ORD-107578,CUST-2876,02/02/2024,website,credit card,Pending,S. Africa,,
ORD-107579,CUST-3990,2025/06/29,Phone Order,credit card,Completed,Nigéria,,
ORD-107580,CUST-1111,"April 01, 2024",Marketplace,Bank Transfer,Processing,Deutschland,,
ORD-107581,CUST-3302,26/06/2026,website,Cash on Delivery,Delivered,india,,
ORD-107582,CUST-3127,2025-09-24,Marketplace,Credit Card,completed,India,SAVE10,
ORD-107583,CUST-1009,"September 07, 2025",website,Credit Card,Processing,India,save10,
ORD-107584,CUST-1291,2025/02/22,In-Store,Cash on Delivery,SHIPPED,DE,WELCOME2025,
ORD-107585,CUST-1866,11-Jun-2024,In-Store,Crypto,Delivered,U.K.,N/A,
ORD-107586,CUST-3768,03/11/2026,MOBILE APP,Debit Card,Cancelled,ZA,,
ORD-107587,CUST-3511,2025/11/17,Phone Order,Crypto,Delivered,RSA,save10,
ORD-107588,CUST-1143,02-Jul-2026,Mobile App,Credit Card,Processing,IN,WELCOME2025,
ORD-107589,CUST-3749,"June 05, 2025",Phone Order,Crypto,Delivered,U.S.A.,,
ORD-107590,CUST-2997,11/24/2025,In-Store,Bank Transfer,SHIPPED,Deutschland,N/A,
ORD-107591,CUST-2719,"July 08, 2025",MOBILE APP,Credit Card,Completed,france,SAVE10,
ORD-107592,CUST-2806,20-Feb-2026,website,Credit Card,Cancelled,India,SAVE10,
ORD-107593,CUST-2439,01/30/2026,Website,Debit Card,Cancelled,IN,WELCOME2025,
ORD-107594,CUST-2379,2026-04-29,Marketplace,Crypto,Processing,Brasil,,
ORD-107595,CUST-1223,2024/07/27,Phone Order,PayPal,Completed,S. Africa,save10,
ORD-107596,CUST-1654,2024/10/05,Mobile App,Cash on Delivery,completed,South Africa,none,
ORD-101821,CUST-3315,"May 07, 2025",Mobile App,PayPal,Cancelled,Deutschland,SAVE10,
ORD-107598,CUST-3240,25-Jun-2024,In-Store,PayPal,Pending,Nigeria,N/A,
ORD-107599,CUST-3901,2024-07-07,MOBILE APP,PayPal,SHIPPED,canada,N/A,
ORD-107600,CUST-3382,2024/05/29,In-Store,Bank Transfer,Processing,Brasil,,
ORD-107601,CUST-3730,"November 19, 2024",Marketplace,Bank Transfer,Processing,Canada,WELCOME2025,
ORD-107602,CUST-2784,"December 15, 2024",In-Store,Debit Card,completed,Brasil,SAVE10,
ORD-107603,CUST-1919,04/17/2026,Marketplace,Debit Card,Processing,South Africa,SAVE10,
ORD-107604,CUST-1181,2025-12-29,Mobile App,PayPal,Refunded,Nigéria,none,
ORD-107605,CUST-2417,26/09/2024,Marketplace,Crypto,Delivered,Nigeria,WELCOME2025,
ORD-107606,CUST-2534,01-Jul-2025,Marketplace,Cash on Delivery,Refunded,S. Africa,save10,
ORD-107607,CUST-1595,22-Jul-2025,MOBILE APP,Debit Card,completed,Germany,SAVE10,
ORD-107608,CUST-2957,2025/12/14,Mobile App,Bank Transfer,Processing,NG,WELCOME2025,
ORD-107609,CUST-3318,03/13/2024,Mobile App,Cash on Delivery,Cancelled,NG,N/A,
ORD-107610,CUST-2497,07/02/2026,Mobile App,Cash on Delivery,Completed,United Kingdom,,
ORD-107611,CUST-2431,2026/06/19,Website,Crypto,Completed,Nigeria,,
ORD-107612,CUST-1751,2025-11-08,Phone Order,Debit Card,Cancelled,South Africa,none,
ORD-107613,CUST-2369,"March 19, 2024",In-Store,Debit Card,Processing,AU,WELCOME2025,
ORD-107614,CUST-1077,06/04/2026,Mobile App,PayPal,SHIPPED,BR,save10,
ORD-107615,CUST-1400,19/04/2025,Website,Cash on Delivery,Pending,india,,
ORD-107616,CUST-3590,2024-06-24,Mobile App,Credit Card,Delivered,CA,save10,
ORD-107617,CUST-1565,2024-07-09,In-Store,Credit Card,Cancelled,S. Africa,SAVE10,
ORD-107618,CUST-3606,2026-02-24,In-Store,credit card,Processing,NG,,
ORD-107619,CUST-1895,19-Oct-2024,Mobile App,Crypto,Pending,Germany,SAVE10,
ORD-107620,CUST-1505,01-Oct-2025,Phone Order,Bank Transfer,SHIPPED,Australia,N/A,
ORD-107621,CUST-3532,2025/10/03,Mobile App,Debit Card,Cancelled,ZA,WELCOME2025,
ORD-107622,CUST-1689,01-Jun-2025,MOBILE APP,Debit Card,Cancelled,germany,none,
ORD-107623,CUST-2096,2025-03-20,MOBILE APP,Crypto,Pending,BR,SAVE10,
ORD-107624,CUST-1992,08-Jan-2024,website,Debit Card,completed,USA,,
ORD-107625,CUST-2443,04/10/2024,MOBILE APP,PayPal,Cancelled,ZA,none,
ORD-107626,CUST-1062,06/04/2026,In-Store,credit card,Refunded,india,N/A,
ORD-107627,CUST-2445,06/01/2025,In-Store,Cash on Delivery,completed,United Kingdom,N/A,
ORD-107628,CUST-3699,"December 08, 2025",website,PayPal,Completed,canada,N/A,
ORD-107629,CUST-2717,27/08/2025,MOBILE APP,Crypto,Refunded,Canada,save10,
ORD-107630,CUST-2472,2024/01/09,In-Store,credit card,completed,Britain,,
ORD-107631,CUST-3113,22-Jan-2026,Marketplace,credit card,Cancelled,USA,none,
ORD-107632,CUST-1015,"October 04, 2025",Mobile App,credit card,Delivered,AU,,
ORD-107633,CUST-3727,23-Nov-2024,Phone Order,Cash on Delivery,Cancelled,India,,
ORD-107634,CUST-1122,16-Apr-2024,Marketplace,Cash on Delivery,Completed,Brazil,save10,
ORD-107635,CUST-1756,2026-04-02,Phone Order,Credit Card,Refunded,Deutschland,save10,
ORD-107636,CUST-3596,2025/02/23,Phone Order,Cash on Delivery,Processing,S. Africa,save10,
ORD-107637,CUST-2035,"April 05, 2025",website,Crypto,completed,BR,N/A,
ORD-107638,CUST-3935,2026-05-17,Mobile App,credit card,SHIPPED,france,,
ORD-107639,CUST-2763,22-Jun-2024,In-Store,Credit Card,Refunded,Bharat,SAVE10,
ORD-107640,CUST-2186,01/03/2026,Mobile App,PayPal,completed,Deutschland,N/A,
ORD-107641,CUST-2961,"April 07, 2024",website,Crypto,Processing,CA,N/A,
ORD-107642,CUST-2080,20/10/2024,Website,Credit Card,Pending,germany,none,
ORD-107643,CUST-3094,15/12/2024,Marketplace,Credit Card,Processing,Deutschland,N/A,
ORD-107644,CUST-3162,2026/03/17,MOBILE APP,Credit Card,Cancelled,U.K.,,
ORD-107645,CUST-1474,08-Apr-2024,Website,Crypto,Completed,Canada,save10,
ORD-107646,CUST-3074,14/08/2024,website,Credit Card,SHIPPED,US,,
ORD-107647,CUST-1616,2026/06/28,website,PayPal,Processing,United States of America,WELCOME2025,
ORD-107648,CUST-3938,2025-10-14,Marketplace,Debit Card,Refunded,NG,SAVE10,
ORD-107649,CUST-3834,04/21/2026,In-Store,Bank Transfer,Refunded,BR,,
ORD-107650,CUST-3286,2025-07-05,Website,credit card,Completed,canada,,
ORD-107651,CUST-3109,2024-12-31,website,Bank Transfer,completed,RSA,SAVE10,
ORD-107652,CUST-2341,2025/12/08,Marketplace,Credit Card,Delivered,AU,N/A,
ORD-107653,CUST-1889,2025-01-10,MOBILE APP,PayPal,Cancelled,Britain,save10,
ORD-107654,CUST-2484,09/05/2024,Website,Credit Card,SHIPPED,CA,none,
ORD-107655,CUST-2478,"September 16, 2024",Phone Order,Crypto,SHIPPED,Deutschland,,
ORD-107656,CUST-2267,2024-12-24,Marketplace,credit card,Refunded,DE,SAVE10,
ORD-107657,CUST-1690,"June 17, 2024",Website,Bank Transfer,Processing,australia,SAVE10,
ORD-107658,CUST-2801,"November 04, 2024",Website,Cash on Delivery,completed,AU,,
ORD-107659,CUST-1491,2025-12-16,Phone Order,Bank Transfer,Completed,CA,,
ORD-107660,CUST-1353,2025-01-22,Marketplace,Bank Transfer,Delivered,ZA,WELCOME2025,
ORD-107661,CUST-1737,"April 28, 2026",Website,PayPal,Refunded,U.S.A.,,
ORD-107662,CUST-2489,03/14/2025,Phone Order,Crypto,Processing,US,SAVE10,
ORD-107663,CUST-1444,11/22/2024,Phone Order,Cash on Delivery,Refunded,ZA,WELCOME2025,
ORD-107664,CUST-3076,02/26/2025,Marketplace,Bank Transfer,Completed,Nigéria,,
ORD-107665,CUST-3601,05/30/2025,Marketplace,Cash on Delivery,Cancelled,US,N/A,
ORD-107666,CUST-3807,"July 10, 2026",Phone Order,credit card,Pending,NG,,
ORD-107667,CUST-2666,"July 25, 2025",Mobile App,credit card,Cancelled,Britain,,
ORD-107668,CUST-1121,2024/02/01,MOBILE APP,Cash on Delivery,Completed,Nigéria,,
ORD-107669,CUST-3859,03/07/2024,Mobile App,Debit Card,Delivered,australia,N/A,
ORD-107670,CUST-2820,2025/04/23,website,Bank Transfer,Delivered,UK,save10,
ORD-107671,CUST-3106,11/08/2024,In-Store,Cash on Delivery,Refunded,Brazil,,
ORD-107672,CUST-3000,01/31/2024,MOBILE APP,credit card,Processing,india,save10,
ORD-107673,CUST-2577,12/07/2026,Mobile App,credit card,completed,U.K.,,
ORD-107674,CUST-3606,01/04/2026,Mobile App,credit card,Processing,England,WELCOME2025,
ORD-107675,CUST-1156,27/10/2024,Website,credit card,Cancelled,France,none,
ORD-107676,CUST-2563,2024-12-13,Website,credit card,Completed,Nigéria,N/A,
ORD-107677,CUST-1976,09/29/2024,Marketplace,Crypto,SHIPPED,nigeria,WELCOME2025,
ORD-107678,CUST-1478,03/03/2024,Phone Order,Bank Transfer,Refunded,NG,,
ORD-107679,CUST-1010,2024/09/01,website,Bank Transfer,Pending,Brazil,none,
ORD-107680,CUST-1291,2025-08-31,Phone Order,PayPal,Refunded,RSA,save10,
ORD-107681,CUST-3230,28-Feb-2024,,Debit Card,completed,canada,,
ORD-107682,CUST-3086,"May 19, 2026",Marketplace,Crypto,Pending,Australia,none,
ORD-107683,CUST-2654,2026-04-28,In-Store,Debit Card,Processing,france,SAVE10,
ORD-107684,CUST-1317,2024/01/02,MOBILE APP,credit card,Delivered,IN,,
ORD-107685,CUST-3652,"January 01, 2024",MOBILE APP,Debit Card,Refunded,Britain,save10,
ORD-107686,CUST-3030,2024-02-16,Mobile App,Cash on Delivery,Cancelled,India,save10,
ORD-107687,CUST-2006,19/01/2026,Marketplace,Debit Card,Completed,UK,WELCOME2025,
ORD-107688,CUST-2666,04/05/2024,MOBILE APP,Debit Card,SHIPPED,france,none,
ORD-107689,CUST-2975,19-Aug-2025,Marketplace,credit card,Cancelled,England,N/A,
ORD-107690,CUST-1994,2024/05/12,In-Store,Bank Transfer,Completed,NG,WELCOME2025,
ORD-107691,CUST-3470,"May 15, 2026",Marketplace,Bank Transfer,completed,BR,,
ORD-107692,CUST-3108,17/04/2026,In-Store,Crypto,Delivered,Britain,,
ORD-107693,CUST-1163,"November 21, 2024",In-Store,Credit Card,Delivered,FR,WELCOME2025,
ORD-107694,CUST-1593,2024/06/08,Marketplace,Crypto,Pending,Nigéria,SAVE10,
ORD-107695,CUST-3688,2026-06-08,Website,PayPal,Completed,Canada,none,
ORD-107696,CUST-3366,08/28/2025,website,Crypto,Refunded,australia,,
ORD-107697,CUST-3241,2025/05/01,MOBILE APP,PayPal,Completed,S. Africa,,
ORD-107698,CUST-1214,19-Nov-2025,Mobile App,Credit Card,SHIPPED,AU,,
ORD-107699,CUST-1971,10/04/2025,In-Store,Credit Card,Cancelled,Brasil,save10,
ORD-107700,CUST-3208,29/03/2025,In-Store,Cash on Delivery,Pending,United Kingdom,,
ORD-107701,CUST-1797,11/21/2024,Website,Bank Transfer,SHIPPED,Germany,none,
ORD-107702,CUST-1769,02/04/2026,In-Store,Credit Card,Processing,france,SAVE10,
ORD-107703,CUST-1489,08-Jun-2024,Phone Order,Crypto,Processing,ZA,N/A,
ORD-107704,CUST-3091,18-Sep-2024,Phone Order,Credit Card,Processing,CA,WELCOME2025,
ORD-107705,CUST-2897,02-Feb-2026,MOBILE APP,Bank Transfer,Cancelled,Germany,none,
ORD-107706,CUST-1736,19-Jan-2025,Mobile App,Bank Transfer,SHIPPED,India,N/A,
ORD-107707,CUST-2073,30/12/2025,In-Store,PayPal,completed,Germany,save10,
ORD-107708,CUST-1075,12/06/2025,website,PayPal,Completed,United States of America,,
ORD-107709,CUST-1351,03/28/2026,website,Bank Transfer,Pending,canada,,
ORD-107710,CUST-2907,2026/04/10,Phone Order,Bank Transfer,Completed,France,,
ORD-107711,CUST-2414,2024-07-01,Mobile App,Cash on Delivery,Pending,IN,WELCOME2025,
ORD-107712,CUST-2326,2024-10-04,MOBILE APP,Bank Transfer,Pending,CA,,
ORD-107713,CUST-3892,2025/09/23,MOBILE APP,Bank Transfer,SHIPPED,UK,WELCOME2025,
ORD-107714,CUST-3739,2026/07/09,Marketplace,Bank Transfer,Refunded,France,,
ORD-107715,CUST-1084,01/02/2026,MOBILE APP,Credit Card,SHIPPED,United States of America,save10,
ORD-107716,CUST-2934,"April 24, 2026",Phone Order,Crypto,Processing,Brasil,none,
ORD-107717,CUST-2217,"April 20, 2024",In-Store,Bank Transfer,Refunded,Deutschland,WELCOME2025,
ORD-107718,CUST-3698,2024-08-20,Website,Credit Card,SHIPPED,NG,none,
ORD-107719,CUST-1018,2024/09/08,Mobile App,Crypto,Cancelled,Nigéria,N/A,
ORD-107720,CUST-1478,"May 30, 2026",website,Cash on Delivery,Completed,australia,none,
ORD-107721,CUST-1196,2024-08-28,Phone Order,credit card,completed,Canada,,
ORD-107722,CUST-1704,09/09/2024,website,PayPal,SHIPPED,United Kingdom,,
ORD-107723,CUST-1879,25-Jun-2026,In-Store,Credit Card,completed,IN,none,
ORD-107724,CUST-1273,2025/05/15,Mobile App,credit card,Refunded,UK,none,
ORD-107725,CUST-2263,08/12/2025,Marketplace,Bank Transfer,Delivered,india,N/A,
ORD-107726,CUST-3325,"August 25, 2025",Website,credit card,SHIPPED,Germany,WELCOME2025,
ORD-107727,CUST-1026,"September 30, 2025",Website,credit card,Delivered,germany,none,
ORD-107728,CUST-1744,2024-05-29,Phone Order,Bank Transfer,completed,Australia,,
ORD-107729,CUST-2598,01/19/2024,Marketplace,Cash on Delivery,completed,india,,
ORD-107730,CUST-3782,2024-06-20,MOBILE APP,Debit Card,SHIPPED,S. Africa,,
ORD-107731,CUST-2738,19/06/2025,Website,Bank Transfer,Pending,united states,,
ORD-107732,CUST-3302,"March 16, 2024",website,credit card,Refunded,Australia,none,
ORD-107733,CUST-1127,2026/03/22,MOBILE APP,Debit Card,Refunded,nigeria,N/A,
ORD-107734,CUST-1371,"March 25, 2024",Website,Debit Card,Cancelled,United States,N/A,
ORD-107735,CUST-2109,18-Jul-2024,Phone Order,PayPal,completed,France,WELCOME2025,
ORD-107736,CUST-3239,2025/05/22,MOBILE APP,PayPal,Pending,Australia,,
ORD-107737,CUST-1954,2026/01/21,Website,Credit Card,Processing,Brazil,SAVE10,
ORD-107738,CUST-2741,2024-04-25,MOBILE APP,Bank Transfer,completed,Nigéria,,
ORD-107739,CUST-3133,2024/03/25,Phone Order,Debit Card,Processing,U.S.A.,save10,
ORD-107740,CUST-1967,08/26/2024,Marketplace,Cash on Delivery,Cancelled,FR,N/A,
ORD-107741,CUST-3102,"July 11, 2025",Phone Order,Cash on Delivery,Processing,US,save10,
ORD-107742,CUST-1161,25-Aug-2025,Website,Credit Card,Completed,RSA,none,
ORD-107743,CUST-1570,26-Feb-2026,website,credit card,Pending,U.S.A.,none,
ORD-107744,CUST-3430,01/01/2024,website,credit card,SHIPPED,FR,save10,
ORD-107745,CUST-2950,04-Aug-2024,Phone Order,Cash on Delivery,Pending,australia,WELCOME2025,
ORD-107746,CUST-2999,"November 30, 2024",website,Credit Card,Delivered,Nigéria,none,
ORD-107463,CUST-1649,24-Nov-2025,In-Store,Crypto,Refunded,united states,,
ORD-107748,CUST-3309,2026-02-08,Website,Bank Transfer,Pending,germany,N/A,
ORD-107749,CUST-2878,15/07/2025,website,Crypto,Pending,RSA,WELCOME2025,
ORD-107750,CUST-1653,2025-13-05,MOBILE APP,PayPal,completed,AU,save10,
ORD-107751,CUST-2904,"February 19, 2026",Website,Credit Card,Processing,Germany,WELCOME2025,
ORD-107752,CUST-2828,26/05/2026,In-Store,PayPal,Pending,Canada,SAVE10,
ORD-107753,CUST-2787,"January 21, 2025",MOBILE APP,Debit Card,Delivered,United States of America,save10,
ORD-107754,CUST-2954,03/07/2024,Phone Order,Credit Card,SHIPPED,UK,none,
ORD-107755,CUST-1998,2025/08/23,Website,Credit Card,completed,United States of America,,
ORD-107756,CUST-2066,09/10/2024,website,PayPal,SHIPPED,canada,save10,
ORD-107757,CUST-1707,2024/08/05,MOBILE APP,Cash on Delivery,Processing,germany,SAVE10,
ORD-107758,CUST-2911,27/01/2026,Marketplace,Debit Card,Delivered,United States,,
ORD-107759,CUST-2989,18-Jul-2026,Marketplace,Credit Card,Pending,india,,
ORD-107760,CUST-2141,2024-01-12,In-Store,Cash on Delivery,Refunded,Deutschland,SAVE10,
ORD-107761,CUST-3318,2024-08-10,Mobile App,Crypto,Processing,United States,save10,
ORD-107762,CUST-2184,03/24/2024,MOBILE APP,Crypto,Delivered,UK,,
ORD-107763,CUST-2170,"May 10, 2025",In-Store,Crypto,completed,AU,none,
ORD-107764,CUST-2273,22/10/2024,Marketplace,Cash on Delivery,Completed,canada,WELCOME2025,
ORD-107765,CUST-1925,"November 25, 2025",Marketplace,PayPal,Delivered,nigeria,,
ORD-107766,CUST-2192,05/21/2026,Website,Crypto,Refunded,AU,none,
ORD-107767,CUST-1122,10-Dec-2025,Website,PayPal,SHIPPED,United Kingdom,SAVE10,
ORD-107768,CUST-2422,2024-03-16,MOBILE APP,Debit Card,Delivered,US,save10,
ORD-107769,CUST-2124,"June 02, 2025",Mobile App,Debit Card,Completed,Germany,,
ORD-107770,CUST-1460,2024/09/17,MOBILE APP,Cash on Delivery,Refunded,United Kingdom,,
ORD-107771,CUST-1108,"May 08, 2026",In-Store,PayPal,Pending,Nigéria,none,
ORD-107772,CUST-2308,30/08/2024,Marketplace,Cash on Delivery,Refunded,AU,,
ORD-107773,CUST-3206,2024/03/08,MOBILE APP,Crypto,completed,Germany,,
ORD-107774,CUST-2057,2025/04/13,MOBILE APP,Cash on Delivery,Refunded,United States,SAVE10,
ORD-107775,CUST-2847,"May 18, 2026",MOBILE APP,Crypto,Processing,nigeria,none,
ORD-107776,CUST-2208,"September 15, 2025",MOBILE APP,Crypto,Processing,Nigéria,SAVE10,
ORD-107777,CUST-1523,01/03/2025,website,Bank Transfer,completed,Brasil,SAVE10,
ORD-107778,CUST-2197,2025/01/17,Marketplace,Debit Card,Refunded,AU,,
ORD-107779,CUST-2768,24/04/2026,Mobile App,Crypto,Pending,South Africa,WELCOME2025,
ORD-107780,CUST-2183,29/09/2025,In-Store,Cash on Delivery,Processing,australia,WELCOME2025,
ORD-107781,CUST-3932,03/22/2026,MOBILE APP,Crypto,Processing,united states,SAVE10,
ORD-107782,CUST-1247,"March 12, 2025",MOBILE APP,Cash on Delivery,Processing,South Africa,,
ORD-107783,CUST-3250,23/08/2025,Website,credit card,Pending,India,,
ORD-107784,CUST-3795,12/20/2025,Website,Crypto,Processing,BR,,
ORD-107785,CUST-3750,"July 03, 2024",MOBILE APP,Cash on Delivery,Cancelled,IN,WELCOME2025,
ORD-107786,CUST-2848,06/03/2024,website,Bank Transfer,Delivered,FR,WELCOME2025,
ORD-107787,CUST-3161,02-Aug-2025,Marketplace,PayPal,Cancelled,RSA,N/A,
ORD-107788,CUST-1300,2026-05-23,MOBILE APP,Crypto,Processing,france,none,
ORD-107789,CUST-1950,01/11/2025,In-Store,Cash on Delivery,Delivered,ZA,none,
ORD-107790,CUST-3523,06/02/2025,MOBILE APP,Cash on Delivery,Completed,IN,WELCOME2025,
ORD-107791,CUST-2136,16-May-2024,Marketplace,Cash on Delivery,Cancelled,Australia,WELCOME2025,
ORD-107792,CUST-1189,2026-02-15,Phone Order,PayPal,Delivered,U.S.A.,N/A,
ORD-107793,CUST-3989,08/11/2025,Website,PayPal,Processing,Nigeria,,
ORD-107794,CUST-3735,"March 24, 2025",Website,Cash on Delivery,Processing,S. Africa,save10,
ORD-107795,CUST-1847,04-May-2025,MOBILE APP,Credit Card,completed,Germany,save10,
ORD-107796,CUST-1937,2026-03-24,Website,Debit Card,Pending,IN,,
ORD-107797,CUST-1380,24-Apr-2024,Mobile App,Debit Card,SHIPPED,CA,SAVE10,
ORD-107798,CUST-2137,09/10/2025,Mobile App,Credit Card,Refunded,france,N/A,
ORD-107799,CUST-1999,12/16/2024,Marketplace,Credit Card,Completed,IN,none,
ORD-107800,CUST-2871,2024-02-14,Mobile App,Cash on Delivery,SHIPPED,BR,,
ORD-107801,CUST-1487,26/06/2026,Website,Cash on Delivery,SHIPPED,US,save10,
ORD-107802,CUST-3502,2024-04-25,Marketplace,Cash on Delivery,Delivered,India,,
ORD-107803,CUST-2247,"February 08, 2025",Mobile App,Credit Card,Delivered,India,,
ORD-107804,CUST-1338,2025/02/02,Marketplace,PayPal,Completed,United States of America,save10,
ORD-107805,CUST-2448,2024/06/05,Phone Order,credit card,SHIPPED,S. Africa,none,
ORD-107806,CUST-1499,20/06/2026,Marketplace,Cash on Delivery,SHIPPED,AU,none,
ORD-107807,CUST-1011,18-May-2025,Marketplace,Crypto,Pending,Brasil,none,
ORD-107808,CUST-2319,23/02/2024,Mobile App,Bank Transfer,Completed,Deutschland,none,
ORD-107809,CUST-3475,2026/02/06,In-Store,Cash on Delivery,Pending,CA,save10,
ORD-107810,CUST-2212,19/06/2025,Phone Order,Cash on Delivery,Delivered,nigeria,,
ORD-107811,CUST-1247,2027-05-18,MOBILE APP,PayPal,Completed,S. Africa,,
ORD-107812,CUST-1305,2024/06/29,Marketplace,Credit Card,Refunded,FR,none,
ORD-107813,CUST-1720,13/11/2025,Phone Order,Crypto,Processing,RSA,,
ORD-107814,CUST-2653,20/02/2025,MOBILE APP,Debit Card,Refunded,CA,,
ORD-107815,CUST-3131,2024/04/07,website,Credit Card,Cancelled,Canada,none,
ORD-107816,CUST-3845,22-Apr-2024,website,Cash on Delivery,Processing,US,WELCOME2025,
ORD-107817,CUST-3419,2025-02-09,MOBILE APP,credit card,Completed,Nigeria,none,
ORD-107818,CUST-2876,2027/05/03,In-Store,credit card,Delivered,S. Africa,N/A,
ORD-107819,CUST-3502,29-Jan-2024,Mobile App,PayPal,Processing,Australia,N/A,
ORD-107820,CUST-2161,09/11/2025,Website,Bank Transfer,Delivered,England,SAVE10,
ORD-107821,CUST-3852,24-Jun-2025,Marketplace,Credit Card,Pending,RSA,N/A,
ORD-107822,CUST-2253,28/04/2024,website,Cash on Delivery,Completed,Bharat,none,
ORD-107823,CUST-3500,04/13/2024,In-Store,credit card,Processing,united states,,
ORD-107824,CUST-3601,10/10/2025,In-Store,Cash on Delivery,SHIPPED,ZA,,
ORD-107825,CUST-2741,2024-03-04,Phone Order,Bank Transfer,Pending,CA,,
ORD-107826,CUST-3060,2025-05-23,In-Store,credit card,SHIPPED,Germany,none,
ORD-107827,CUST-2772,"February 11, 2025",website,Crypto,SHIPPED,NG,WELCOME2025,
ORD-107828,CUST-2097,2026-04-24,MOBILE APP,Credit Card,Completed,Brasil,SAVE10,
ORD-107829,CUST-2004,26-Dec-2025,MOBILE APP,Crypto,Delivered,nigeria,SAVE10,
ORD-107830,CUST-1129,03/21/2025,website,Debit Card,Refunded,australia,N/A,
ORD-107831,CUST-1983,2024-06-16,Marketplace,Debit Card,completed,England,none,
ORD-107832,CUST-3188,"December 09, 2025",Mobile App,credit card,Delivered,canada,,
ORD-107833,CUST-1800,2024-10-10,Phone Order,Cash on Delivery,Delivered,FR,none,
ORD-107834,CUST-1964,10/17/2024,website,Bank Transfer,completed,United Kingdom,N/A,
ORD-107835,CUST-3830,03/11/2024,Website,Bank Transfer,Completed,germany,N/A,
ORD-107836,CUST-1423,05-Jun-2024,In-Store,Credit Card,completed,England,,
ORD-107837,CUST-3058,07-Dec-2024,Marketplace,Bank Transfer,Processing,canada,SAVE10,
ORD-107838,CUST-3749,2024-03-16,Marketplace,Crypto,Completed,France,SAVE10,
ORD-107839,CUST-2489,08/12/2024,MOBILE APP,credit card,completed,US,,
ORD-107840,CUST-2086,12/02/2025,website,credit card,Completed,france,N/A,
ORD-107841,CUST-1104,20/03/2026,Mobile App,credit card,completed,England,N/A,
ORD-107842,CUST-3433,10-Jun-2025,website,Debit Card,Pending,AU,,
ORD-107843,CUST-1797,15-Jul-2027,Marketplace,Cash on Delivery,Completed,France,N/A,
ORD-107844,CUST-2752,"February 24, 2025",website,Crypto,Processing,United States,none,
ORD-107845,CUST-1381,19/07/2026,website,Crypto,Cancelled,india,,
ORD-107846,CUST-3120,10/18/2024,Mobile App,PayPal,Pending,United States of America,none,
ORD-107847,CUST-3827,2024/02/20,Marketplace,Bank Transfer,Pending,australia,WELCOME2025,
ORD-107848,CUST-1251,15-Dec-2024,Mobile App,Debit Card,Completed,U.K.,SAVE10,
ORD-107849,CUST-2577,07/28/2024,website,Debit Card,completed,FR,,
ORD-107850,CUST-3498,2026/03/03,Website,credit card,Pending,nigeria,,
ORD-107851,CUST-3945,11/23/2024,MOBILE APP,Cash on Delivery,SHIPPED,Australia,,
ORD-107852,CUST-3636,14/05/2024,website,credit card,Completed,Brazil,N/A,
ORD-107853,CUST-2191,"February 12, 2026",Phone Order,Crypto,Processing,ZA,none,
ORD-107854,CUST-1528,2024-05-18,Website,PayPal,completed,RSA,WELCOME2025,
ORD-107855,CUST-2389,04/02/2024,Phone Order,Crypto,Delivered,US,,
ORD-107856,CUST-2572,11/10/2024,Phone Order,Debit Card,completed,united states,N/A,
ORD-107857,CUST-2002,01/24/2024,website,Cash on Delivery,completed,France,SAVE10,
ORD-107858,CUST-2391,01/27/2025,Website,Bank Transfer,Pending,France,,
ORD-107859,CUST-2734,"May 29, 2024",In-Store,Debit Card,Delivered,france,SAVE10,
ORD-107860,CUST-3656,08/01/2025,Phone Order,PayPal,SHIPPED,USA,,
ORD-107861,CUST-1926,2025/06/22,website,Cash on Delivery,Processing,Britain,SAVE10,
ORD-107862,CUST-2190,03/03/2025,Phone Order,Debit Card,Cancelled,nigeria,none,
ORD-107863,CUST-2405,"November 30, 2024",In-Store,PayPal,SHIPPED,South Africa,WELCOME2025,
ORD-107864,CUST-3441,08/06/2024,MOBILE APP,Crypto,Pending,France,SAVE10,
ORD-107865,CUST-1817,02/28/2026,Phone Order,PayPal,completed,Nigéria,N/A,
ORD-107866,CUST-3604,2024/02/11,Phone Order,credit card,Processing,IN,save10,
ORD-107867,CUST-1907,2024-11-05,In-Store,Bank Transfer,Delivered,UK,,
ORD-107868,CUST-2105,2026-01-20,Phone Order,Debit Card,completed,USA,,
ORD-107869,CUST-3708,12/11/2024,Marketplace,credit card,Completed,australia,,
ORD-107870,CUST-2173,2024-02-08,Phone Order,Cash on Delivery,Pending,india,,
ORD-107871,CUST-1061,2024/10/05,Marketplace,Bank Transfer,Refunded,CA,N/A,
ORD-107872,CUST-2529,10-Oct-2024,website,Bank Transfer,Cancelled,nigeria,,
ORD-107873,CUST-2282,04/13/2025,website,Crypto,Delivered,Canada,,
ORD-107874,CUST-2899,01/22/2024,Marketplace,PayPal,SHIPPED,Britain,SAVE10,
ORD-107875,CUST-2461,"November 02, 2025",In-Store,credit card,Delivered,S. Africa,,
ORD-107876,CUST-3172,"June 29, 2025",Website,Credit Card,SHIPPED,U.S.A.,save10,
ORD-107877,CUST-2723,02/20/2025,MOBILE APP,Cash on Delivery,SHIPPED,Nigéria,N/A,
ORD-107878,CUST-1111,02/07/2025,Website,credit card,SHIPPED,Australia,N/A,
ORD-107879,CUST-1555,13/11/2025,Website,credit card,Processing,United Kingdom,,
ORD-107880,CUST-2177,2025/07/23,Phone Order,Bank Transfer,Refunded,ZA,none,
ORD-107881,CUST-3911,05/26/2025,website,Debit Card,Delivered,India,WELCOME2025,
ORD-107882,CUST-3831,"November 09, 2025",Mobile App,Bank Transfer,completed,united states,save10,
ORD-107883,CUST-3781,2025/12/10,Mobile App,Bank Transfer,Completed,Brazil,WELCOME2025,
ORD-107884,CUST-1701,2026-05-01,website,credit card,Processing,South Africa,N/A,
ORD-107885,CUST-1070,06/11/2026,Mobile App,Bank Transfer,SHIPPED,nigeria,SAVE10,
ORD-107886,CUST-2392,2026/07/03,MOBILE APP,Crypto,completed,United Kingdom,none,
ORD-107887,CUST-1582,08/01/2024,website,credit card,Delivered,BR,none,
ORD-107888,CUST-1695,2024-07-30,In-Store,Credit Card,completed,india,none,
ORD-107889,CUST-2847,16/03/2024,Phone Order,PayPal,Refunded,FR,none,
ORD-107890,CUST-3303,2026/06/20,Website,Debit Card,Pending,Nigéria,save10,
ORD-107891,CUST-1770,"January 05, 2026",Mobile App,PayPal,Processing,Germany,N/A,
ORD-107892,CUST-2091,"January 06, 2026",MOBILE APP,PayPal,Pending,CA,,
ORD-107893,CUST-1535,05/11/2025,In-Store,Debit Card,Delivered,Germany,SAVE10,
ORD-104410,CUST-2078,2026-01-19,Phone Order,Crypto,Refunded,France,,
ORD-107895,CUST-1877,"March 31, 2026",Phone Order,Debit Card,Delivered,USA,,
ORD-107896,CUST-2957,2025-06-22,MOBILE APP,Bank Transfer,Cancelled,Nigéria,save10,
ORD-107897,CUST-3435,2026/05/15,Marketplace,Credit Card,Delivered,canada,,
ORD-107898,CUST-2979,2026/02/16,website,credit card,completed,USA,none,
ORD-107899,CUST-2228,"July 26, 2025",website,Credit Card,completed,AU,SAVE10,
ORD-107900,CUST-1915,2025/03/03,In-Store,PayPal,SHIPPED,USA,SAVE10,
ORD-107901,CUST-1701,12/03/2024,Website,Credit Card,Processing,DE,,
ORD-107902,CUST-1508,2025/07/27,Website,Cash on Delivery,Cancelled,Britain,WELCOME2025,
ORD-107903,CUST-2009,2024-10-29,MOBILE APP,PayPal,completed,Brazil,SAVE10,
ORD-107904,CUST-2599,2024/01/04,Phone Order,Credit Card,Delivered,United Kingdom,,
ORD-107905,CUST-1462,21/11/2025,Website,Credit Card,SHIPPED,Britain,N/A,
ORD-107906,CUST-2473,10/04/2025,website,Bank Transfer,completed,South Africa,WELCOME2025,
ORD-107907,CUST-2539,07/15/2026,Phone Order,credit card,Pending,Brazil,save10,
ORD-107908,CUST-3821,08/08/2025,Marketplace,Debit Card,completed,Germany,WELCOME2025,
ORD-107909,CUST-1737,14-Jun-2025,Website,credit card,Completed,Deutschland,save10,
ORD-107910,CUST-2796,2026-03-17,In-Store,credit card,Refunded,BR,,
ORD-107911,CUST-2306,2027/02/05,website,Bank Transfer,Pending,UK,none,
ORD-107912,CUST-3336,05/08/2025,website,Cash on Delivery,SHIPPED,Germany,,
ORD-107913,CUST-1012,2025-01-11,Mobile App,PayPal,Completed,germany,save10,
ORD-107914,CUST-3726,16/08/2025,In-Store,Cash on Delivery,SHIPPED,United States of America,,
ORD-107915,CUST-1271,23-Jun-2026,Website,Bank Transfer,Completed,AU,SAVE10,
ORD-107916,CUST-1334,00/00/2025,website,Crypto,Delivered,NG,SAVE10,
ORD-107917,CUST-2913,2024/02/28,Marketplace,Debit Card,SHIPPED,australia,,
ORD-107918,CUST-2304,2025/11/17,In-Store,credit card,Pending,FR,,
ORD-107919,CUST-3718,2025-05-14,Phone Order,Bank Transfer,Completed,india,none,
ORD-107920,CUST-3740,25/04/2024,Marketplace,Debit Card,Pending,Bharat,save10,
ORD-107921,CUST-1304,"November 11, 2024",Website,Debit Card,Completed,DE,none,
ORD-107922,CUST-3100,09/04/2024,website,Bank Transfer,Completed,Bharat,SAVE10,
ORD-107923,CUST-1428,"March 10, 2025",Website,Bank Transfer,Delivered,South Africa,SAVE10,
ORD-107924,CUST-3220,2025-06-04,Website,Crypto,Refunded,BR,N/A,
ORD-107925,CUST-1297,02/26/2026,Website,credit card,Cancelled,RSA,save10,
ORD-107926,CUST-2124,04/14/2026,Phone Order,Debit Card,SHIPPED,Brasil,,
ORD-107927,CUST-3585,19/10/2025,Website,Crypto,Completed,united states,SAVE10,
ORD-107928,CUST-1461,2025-09-24,MOBILE APP,credit card,Delivered,BR,,
ORD-107929,CUST-3024,28/06/2024,Marketplace,Cash on Delivery,SHIPPED,England,none,
ORD-107930,CUST-1559,"June 17, 2025",In-Store,Crypto,SHIPPED,Brasil,WELCOME2025,
ORD-107931,CUST-2367,"September 13, 2024",Phone Order,PayPal,Cancelled,ZA,WELCOME2025,
ORD-107932,CUST-2630,29/06/2025,Phone Order,PayPal,SHIPPED,Canada,none,
ORD-107933,CUST-3874,2024/05/16,Mobile App,Debit Card,Cancelled,UK,WELCOME2025,
ORD-107934,CUST-2959,2024/08/18,Marketplace,Bank Transfer,Cancelled,DE,WELCOME2025,
ORD-107935,CUST-3586,31-Mar-2026,Phone Order,credit card,Delivered,AU,,
ORD-107936,CUST-1358,2026-03-26,Marketplace,Debit Card,Cancelled,Australia,SAVE10,
ORD-107937,CUST-2020,02/15/2027,Website,Credit Card,Completed,Australia,,
ORD-107938,CUST-1457,20-Jul-2024,Mobile App,Bank Transfer,Refunded,S. Africa,save10,
ORD-107939,CUST-3218,28-Feb-2025,website,Credit Card,Completed,AU,N/A,
ORD-107940,CUST-3778,"April 07, 2025",Website,PayPal,Delivered,S. Africa,save10,
ORD-107941,CUST-3162,"December 08, 2024",Marketplace,Bank Transfer,Processing,BR,WELCOME2025,
ORD-107942,CUST-3270,06/07/2024,Website,Credit Card,Cancelled,CA,save10,
ORD-107943,CUST-1606,04/10/2025,MOBILE APP,Debit Card,SHIPPED,AU,save10,
ORD-107944,CUST-3277,2025-11-18,Phone Order,Credit Card,SHIPPED,canada,N/A,
ORD-107945,CUST-3672,20/02/2026,Marketplace,Credit Card,Completed,Australia,SAVE10,
ORD-107946,CUST-2269,2025/12/08,Phone Order,PayPal,completed,United States of America,N/A,
ORD-102041,CUST-3246,2025-09-13,Phone Order,Credit Card,Pending,IN,,
ORD-107948,CUST-3628,12/02/2026,Phone Order,Bank Transfer,Completed,U.K.,SAVE10,
ORD-107949,CUST-1765,2024-03-22,website,Crypto,completed,Canada,save10,
ORD-107950,CUST-2036,2024-09-24,website,Bank Transfer,completed,nigeria,WELCOME2025,
ORD-107951,CUST-3353,19-Aug-2025,website,Cash on Delivery,Processing,RSA,none,
ORD-107952,CUST-1928,"August 09, 2025",MOBILE APP,Credit Card,completed,France,WELCOME2025,
ORD-107953,CUST-1284,2024/08/02,MOBILE APP,Bank Transfer,Cancelled,Australia,N/A,
ORD-107954,CUST-1870,08/01/2024,Mobile App,PayPal,Processing,South Africa,N/A,
ORD-107955,CUST-2066,24/05/2026,MOBILE APP,Debit Card,Pending,United Kingdom,save10,
ORD-107956,CUST-3772,2024-09-17,Marketplace,Crypto,Delivered,united states,none,
ORD-107957,CUST-3302,2025-06-01,Phone Order,credit card,Completed,Germany,N/A,
ORD-107958,CUST-1732,06/24/2025,Website,Bank Transfer,Cancelled,france,none,
ORD-107959,CUST-3656,04-Sep-2024,Mobile App,Crypto,Delivered,Brazil,none,
ORD-107960,CUST-1499,06/05/2027,Phone Order,Crypto,completed,S. Africa,none,
ORD-107961,CUST-1070,2025-05-19,In-Store,PayPal,Cancelled,NG,,
ORD-107962,CUST-1036,30/04/2024,Mobile App,Crypto,SHIPPED,AU,N/A,
ORD-107963,CUST-4000,02/02/2024,Mobile App,credit card,SHIPPED,Bharat,SAVE10,
ORD-107964,CUST-1450,"July 27, 2025",Marketplace,PayPal,Refunded,india,save10,
ORD-106859,CUST-3606,28-Mar-2024,Website,Cash on Delivery,Cancelled,germany,none,
ORD-107966,CUST-3609,2025-03-06,In-Store,Crypto,Pending,france,SAVE10,
ORD-107967,CUST-1517,2026-01-23,Marketplace,Cash on Delivery,Refunded,canada,WELCOME2025,
ORD-107968,CUST-2165,27-Jul-2024,MOBILE APP,Crypto,Processing,France,,
ORD-107969,CUST-1339,08-Feb-2026,Marketplace,PayPal,SHIPPED,United Kingdom,,
ORD-107970,CUST-1031,2025/05/31,MOBILE APP,Cash on Delivery,Processing,canada,,
ORD-107971,CUST-3314,10/04/2024,Marketplace,credit card,Completed,England,save10,
ORD-107972,CUST-3797,07/07/2024,In-Store,Cash on Delivery,SHIPPED,RSA,SAVE10,
ORD-107973,CUST-2418,2025/04/05,In-Store,Crypto,Cancelled,germany,SAVE10,
ORD-107974,CUST-2866,"March 09, 2024",Phone Order,credit card,Processing,U.S.A.,none,
ORD-107975,CUST-2952,2025/02/21,Marketplace,Bank Transfer,Completed,India,none,
ORD-107976,CUST-3622,2025/04/22,Mobile App,Cash on Delivery,Processing,Canada,SAVE10,
ORD-107977,CUST-3422,15-Mar-2024,Website,Credit Card,Completed,NG,save10,
ORD-107978,CUST-3247,2024/10/02,MOBILE APP,credit card,Cancelled,Australia,,
ORD-107979,CUST-1368,31-May-2026,Phone Order,Cash on Delivery,Cancelled,Germany,N/A,
ORD-107980,CUST-1281,2024-01-24,Phone Order,Crypto,Refunded,AU,save10,
ORD-107981,CUST-2746,05/03/2024,Phone Order,credit card,Completed,Nigéria,none,
ORD-107982,CUST-3792,12-Feb-2024,Marketplace,Cash on Delivery,Refunded,RSA,WELCOME2025,
ORD-107983,CUST-1919,18-Nov-2025,MOBILE APP,credit card,SHIPPED,australia,none,
ORD-107984,CUST-3639,"October 13, 2025",Marketplace,Crypto,Completed,Brasil,,
ORD-107985,CUST-3502,"March 11, 2025",Phone Order,Bank Transfer,Cancelled,india,none,
ORD-107986,CUST-3104,2025/07/29,In-Store,Cash on Delivery,completed,Canada,SAVE10,
ORD-107987,CUST-1126,2026-06-20,MOBILE APP,Bank Transfer,Pending,BR,save10,
ORD-107988,CUST-2078,2026/05/11,MOBILE APP,Debit Card,SHIPPED,Brazil,save10,
ORD-107989,CUST-3863,28/04/2024,Website,credit card,Completed,USA,,
ORD-107990,CUST-1455,"August 13, 2025",website,Credit Card,completed,United States,,
ORD-107991,CUST-1636,2024/01/23,Phone Order,Crypto,Processing,Brazil,save10,
ORD-107992,CUST-2625,24/09/2025,website,Debit Card,Pending,United Kingdom,SAVE10,
ORD-107993,CUST-1360,"February 03, 2025",Website,Cash on Delivery,Completed,RSA,,
ORD-107994,CUST-3392,"July 05, 2025",Phone Order,credit card,Processing,DE,save10,
ORD-107995,CUST-1756,2025-12-19,Mobile App,PayPal,SHIPPED,DE,,
ORD-107996,CUST-2441,2024/10/21,website,credit card,Cancelled,U.K.,,
ORD-107997,CUST-1002,11/11/2024,Website,PayPal,Processing,FR,save10,
ORD-107998,CUST-2767,12/26/2025,Phone Order,Cash on Delivery,Cancelled,CA,WELCOME2025,
ORD-107999,CUST-2054,08/06/2024,Mobile App,Cash on Delivery,Pending,australia,WELCOME2025,
ORD-108000,CUST-2076,2025/10/25,In-Store,Crypto,Pending,Brasil,save10,
ORD-108001,CUST-3669,2025/06/26,In-Store,Cash on Delivery,Processing,Germany,WELCOME2025,
ORD-108002,CUST-2180,10/20/2025,Marketplace,Debit Card,Pending,CA,none,
ORD-108003,CUST-1170,10/27/2025,Phone Order,Credit Card,Refunded,Brasil,,
ORD-108004,CUST-3110,2025/05/20,Mobile App,Crypto,completed,Nigeria,,
ORD-108005,CUST-2909,"February 22, 2025",Marketplace,Cash on Delivery,completed,IN,SAVE10,
ORD-108006,CUST-2301,2025/01/21,MOBILE APP,PayPal,Cancelled,india,,
ORD-108007,CUST-3946,2025/05/06,website,Bank Transfer,Pending,Brasil,,
ORD-105788,CUST-1951,08/12/2024,MOBILE APP,Debit Card,Refunded,Brasil,SAVE10,
ORD-108009,CUST-2366,"November 18, 2024",Website,Debit Card,Delivered,FR,SAVE10,
ORD-108010,CUST-3478,2024-12-05,Mobile App,credit card,Processing,Australia,N/A,
ORD-108011,CUST-1984,"July 06, 2024",Website,PayPal,Processing,Brasil,save10,
ORD-108012,CUST-1561,2024/07/29,In-Store,PayPal,Processing,UK,N/A,
ORD-108013,CUST-3184,2024/10/11,Marketplace,PayPal,Pending,NG,none,
ORD-108014,CUST-3820,02/07/2026,In-Store,Bank Transfer,Cancelled,UK,,
ORD-108015,CUST-2389,2024/03/08,Phone Order,Credit Card,completed,Nigeria,save10,
ORD-108016,CUST-3899,2025/01/07,Phone Order,Crypto,Cancelled,Brazil,N/A,
ORD-108017,CUST-1024,"May 19, 2025",Website,Credit Card,Refunded,India,WELCOME2025,
ORD-108018,CUST-2221,"December 15, 2024",Mobile App,Crypto,Refunded,Brazil,save10,
ORD-108019,CUST-3330,2026/03/24,Mobile App,credit card,Cancelled,CA,,
ORD-108020,CUST-1940,20-Jan-2026,MOBILE APP,PayPal,Refunded,Deutschland,,
ORD-108021,CUST-3059,10/25/2025,Marketplace,credit card,Refunded,CA,SAVE10,
ORD-108022,CUST-3203,23-Apr-2024,Marketplace,Bank Transfer,Pending,BR,none,
ORD-108023,CUST-2238,2026/03/05,Marketplace,Credit Card,Cancelled,RSA,,
ORD-108024,CUST-3436,07/07/2026,Mobile App,Bank Transfer,Delivered,DE,none,
ORD-108025,CUST-3205,2024/07/31,Phone Order,credit card,Completed,UK,none,
ORD-108026,CUST-1311,02/16/2024,website,Credit Card,Pending,ZA,,
ORD-108027,CUST-2934,2024/03/24,Website,Debit Card,SHIPPED,france,WELCOME2025,
ORD-108028,CUST-3478,13-Apr-2024,MOBILE APP,PayPal,Processing,IN,none,
ORD-108029,CUST-2251,11/16/2025,Website,credit card,Refunded,Bharat,N/A,
ORD-108030,CUST-2266,2025-03-16,Marketplace,Bank Transfer,Processing,Brazil,,
ORD-100689,CUST-3292,20/04/2024,Mobile App,Crypto,Pending,australia,,
ORD-108032,CUST-2413,"August 02, 2024",MOBILE APP,Bank Transfer,Pending,india,save10,
ORD-108033,CUST-1963,"January 07, 2026",Website,Cash on Delivery,Processing,India,save10,
ORD-108034,CUST-1493,17-Jul-2024,Website,PayPal,Completed,India,SAVE10,
ORD-108035,CUST-3787,11-Nov-2025,MOBILE APP,PayPal,SHIPPED,U.K.,save10,
ORD-108036,CUST-2442,12/07/2026,In-Store,credit card,Cancelled,Brasil,,
ORD-108037,CUST-2385,02/16/2025,MOBILE APP,Debit Card,Pending,Brazil,,
ORD-108038,CUST-2891,03/08/2025,Phone Order,credit card,completed,nigeria,none,
ORD-108039,CUST-3123,04/02/2026,Marketplace,credit card,Processing,Australia,,
ORD-108040,CUST-3673,2024-08-20,Website,Cash on Delivery,Completed,UK,,
ORD-108041,CUST-2542,2025/05/24,Marketplace,PayPal,completed,nigeria,none,
ORD-108042,CUST-2733,02/01/2024,Website,PayPal,Completed,australia,SAVE10,
ORD-108043,CUST-1522,2027/03/26,Website,Crypto,Cancelled,Australia,WELCOME2025,
ORD-108044,CUST-3608,2024-03-04,Marketplace,Bank Transfer,completed,france,,
ORD-108045,CUST-3604,15/03/2026,Phone Order,Crypto,Pending,CA,,
ORD-108046,CUST-3934,"April 22, 2025",MOBILE APP,Cash on Delivery,Delivered,canada,save10,
ORD-108047,CUST-1508,05/06/2025,Phone Order,credit card,SHIPPED,nigeria,SAVE10,
ORD-108048,CUST-2751,2024-04-06,Website,Bank Transfer,Delivered,IN,save10,
ORD-108049,CUST-1756,06/07/2024,In-Store,Credit Card,Processing,France,,
ORD-108050,CUST-1164,"September 24, 2025",Phone Order,credit card,Processing,U.S.A.,SAVE10,
ORD-108051,CUST-1017,2025-02-23,website,Crypto,Refunded,AU,none,
ORD-108052,CUST-1672,04-Aug-2024,Website,Crypto,Delivered,England,WELCOME2025,
ORD-108053,CUST-3554,"April 26, 2027",Phone Order,credit card,completed,Nigéria,,
ORD-108054,CUST-2532,10/11/2025,Marketplace,Cash on Delivery,Processing,canada,WELCOME2025,
ORD-108055,CUST-3026,15/05/2024,Mobile App,PayPal,Cancelled,canada,SAVE10,
ORD-108056,CUST-1692,19/12/2025,website,credit card,Cancelled,canada,none,
ORD-108057,CUST-1644,05/27/2024,Website,PayPal,Processing,canada,save10,
ORD-108058,CUST-3558,2025/07/24,Marketplace,credit card,Cancelled,france,none,
ORD-108059,CUST-2926,03/04/2026,Phone Order,Credit Card,SHIPPED,South Africa,,
ORD-108060,CUST-2451,"January 12, 2025",Phone Order,Crypto,Processing,RSA,none,
ORD-108061,CUST-2677,"November 14, 2025",website,PayPal,Delivered,AU,SAVE10,
ORD-108062,CUST-1821,11/08/2025,Website,Crypto,Completed,India,N/A,
ORD-108063,CUST-1080,2024/07/02,Marketplace,Bank Transfer,completed,England,WELCOME2025,
ORD-108064,CUST-3730,"June 03, 2026",Mobile App,Credit Card,completed,Brasil,save10,
ORD-108065,CUST-3721,04/22/2024,Mobile App,Bank Transfer,Refunded,germany,SAVE10,
ORD-108066,CUST-1277,2025/03/14,In-Store,PayPal,Cancelled,S. Africa,WELCOME2025,
ORD-108067,CUST-3365,22-Aug-2024,MOBILE APP,Credit Card,Cancelled,AU,,
ORD-108068,CUST-3791,24-Feb-2026,Website,PayPal,SHIPPED,Canada,,
ORD-108069,CUST-1037,12/10/2025,In-Store,Credit Card,Delivered,FR,SAVE10,
ORD-108070,CUST-3943,09/11/2025,Phone Order,Debit Card,Delivered,Deutschland,N/A,
ORD-108071,CUST-2819,2024/10/14,website,Cash on Delivery,Processing,Deutschland,none,
ORD-108072,CUST-2681,02/01/2024,In-Store,Credit Card,Cancelled,united states,N/A,
ORD-108073,CUST-2758,2025/06/01,website,Cash on Delivery,Processing,South Africa,save10,
ORD-108074,CUST-1925,2024-05-09,Phone Order,Cash on Delivery,SHIPPED,Brasil,SAVE10,
ORD-108075,CUST-3016,2025/02/20,Phone Order,Credit Card,Cancelled,U.S.A.,save10,
ORD-108076,CUST-3359,2025-04-31,Phone Order,Credit Card,SHIPPED,canada,,
ORD-108077,CUST-1495,24-Dec-2024,website,Cash on Delivery,SHIPPED,England,none,
ORD-108078,CUST-1451,2026-03-09,Phone Order,Bank Transfer,Cancelled,Bharat,none,
ORD-108079,CUST-3654,2025/04/09,Mobile App,Bank Transfer,SHIPPED,U.K.,none,
ORD-108080,CUST-2835,2025-04-20,Website,Crypto,completed,canada,,
ORD-108081,CUST-2434,2025-05-23,In-Store,Cash on Delivery,Cancelled,NG,save10,
ORD-108082,CUST-1234,29/06/2026,Phone Order,Credit Card,completed,Australia,save10,
ORD-108083,CUST-1537,"January 04, 2024",Phone Order,Cash on Delivery,Refunded,united states,WELCOME2025,
ORD-108084,CUST-3568,12/06/2024,Phone Order,Bank Transfer,Pending,IN,SAVE10,
ORD-108085,CUST-2223,05-Apr-2024,Phone Order,Credit Card,Processing,S. Africa,N/A,
ORD-108086,CUST-3706,05-Jul-2025,In-Store,PayPal,Cancelled,Nigéria,,
ORD-108087,CUST-3726,10/19/2025,In-Store,Crypto,Delivered,france,SAVE10,
ORD-108088,CUST-1741,2024-10-24,MOBILE APP,Bank Transfer,Refunded,france,,
ORD-108089,CUST-1571,"February 16, 2026",Marketplace,Credit Card,Delivered,AU,N/A,
ORD-108090,CUST-1298,31/03/2024,Phone Order,Debit Card,Pending,United States,N/A,
ORD-108091,CUST-3109,06/16/2025,In-Store,Crypto,Cancelled,Brazil,N/A,
ORD-108092,CUST-1810,"September 27, 2025",Mobile App,Crypto,Pending,CA,N/A,
ORD-108093,CUST-2411,10/04/2024,Mobile App,Cash on Delivery,Processing,ZA,WELCOME2025,
ORD-108094,CUST-2177,02-Jun-2025,Marketplace,Crypto,Completed,canada,N/A,
ORD-108095,CUST-1428,26-Aug-2025,In-Store,Bank Transfer,Processing,canada,,
ORD-108096,CUST-1079,"February 08, 2026",Website,PayPal,Completed,Nigeria,save10,
ORD-108097,CUST-2043,03-Jul-2024,Mobile App,Crypto,SHIPPED,RSA,,
ORD-108098,CUST-2310,15-Apr-2025,In-Store,credit card,Pending,France,WELCOME2025,
ORD-108099,CUST-1306,13-Feb-2025,website,Cash on Delivery,Delivered,Brasil,,
ORD-108100,CUST-1659,27-Jun-2024,website,Cash on Delivery,Pending,NG,,
ORD-108101,CUST-1845,21/04/2024,Phone Order,Cash on Delivery,Cancelled,france,N/A,
ORD-108102,CUST-2896,2026-05-30,Mobile App,credit card,SHIPPED,ZA,SAVE10,
ORD-108103,CUST-3414,02-Jun-2024,MOBILE APP,Bank Transfer,Pending,Germany,,
ORD-106378,CUST-2435,2024/06/21,Marketplace,Debit Card,Processing,BR,none,
ORD-108105,CUST-3847,2026-06-11,Marketplace,Cash on Delivery,Refunded,Brazil,none,
ORD-108106,CUST-1290,2024-11-06,website,Debit Card,SHIPPED,NG,save10,
ORD-108107,CUST-1631,"June 29, 2026",Marketplace,PayPal,Pending,United States,SAVE10,
ORD-108108,CUST-2238,2025/07/27,In-Store,Credit Card,SHIPPED,france,N/A,
ORD-108109,CUST-1651,09/14/2024,Phone Order,Credit Card,Completed,india,,
ORD-108110,CUST-2305,07/07/2025,Website,credit card,completed,Brasil,WELCOME2025,
ORD-108111,CUST-3736,10/18/2025,In-Store,credit card,Pending,AU,N/A,
ORD-108112,CUST-2076,16-Jan-2026,In-Store,PayPal,completed,NG,WELCOME2025,
ORD-108113,CUST-3338,08/12/2024,website,PayPal,SHIPPED,Britain,,
ORD-108114,CUST-1271,"May 14, 2024",MOBILE APP,Bank Transfer,SHIPPED,Bharat,WELCOME2025,
ORD-108115,CUST-1329,06/05/2026,website,credit card,Pending,canada,none,
ORD-108116,CUST-1514,2024/02/22,Mobile App,Debit Card,Processing,australia,none,
ORD-108117,CUST-1134,11/12/2024,In-Store,credit card,Delivered,United Kingdom,save10,
ORD-108118,CUST-3270,2025/11/02,Mobile App,credit card,SHIPPED,U.S.A.,SAVE10,
ORD-108119,CUST-3854,"June 20, 2026",Marketplace,Credit Card,SHIPPED,Britain,N/A,
ORD-108120,CUST-2822,2024/06/20,In-Store,Debit Card,completed,AU,WELCOME2025,
ORD-108121,CUST-1334,"April 22, 2024",Website,Credit Card,Processing,canada,SAVE10,
ORD-108122,CUST-3458,06/04/2024,Website,credit card,Pending,france,WELCOME2025,
ORD-108123,CUST-2462,"July 02, 2025",website,Cash on Delivery,Pending,RSA,,
ORD-108124,CUST-3953,08-May-2025,Mobile App,Crypto,Refunded,DE,N/A,
ORD-108125,CUST-1577,16/11/2024,In-Store,Bank Transfer,Pending,USA,WELCOME2025,
ORD-108126,CUST-1129,2024/07/08,website,Crypto,Delivered,united states,SAVE10,
ORD-108127,CUST-1979,2026-02-10,In-Store,Cash on Delivery,Pending,England,WELCOME2025,
ORD-108128,CUST-1645,12-Jan-2026,Website,Credit Card,Refunded,France,SAVE10,
ORD-108129,CUST-2788,17-Nov-2025,Marketplace,credit card,Cancelled,Australia,SAVE10,
ORD-108130,CUST-1028,26-Jul-2025,website,Debit Card,SHIPPED,Brasil,,
ORD-108131,CUST-1667,2026-03-04,Marketplace,credit card,Completed,CA,N/A,
ORD-108132,CUST-2573,2025-04-02,MOBILE APP,credit card,SHIPPED,RSA,none,
ORD-108133,CUST-1665,2026/03/22,Website,credit card,Cancelled,BR,,
ORD-108134,CUST-2695,2024-08-21,website,Credit Card,SHIPPED,India,none,
ORD-108135,CUST-2484,14-May-2025,In-Store,Bank Transfer,completed,S. Africa,,
ORD-108136,CUST-3868,01-Jun-2026,Phone Order,PayPal,Delivered,India,save10,
ORD-108137,CUST-3695,2024/04/27,MOBILE APP,Cash on Delivery,Pending,FR,SAVE10,
ORD-108138,CUST-3141,12/15/2025,In-Store,Credit Card,Processing,Deutschland,,
ORD-108139,CUST-2315,2024/06/25,Mobile App,Credit Card,Cancelled,Brazil,WELCOME2025,
ORD-108140,CUST-1162,18/05/2025,Mobile App,credit card,Delivered,ZA,N/A,
ORD-108141,CUST-2892,31/08/2024,Website,Debit Card,Cancelled,RSA,SAVE10,
ORD-108142,CUST-2433,2025-13-05,Mobile App,Debit Card,completed,BR,,
ORD-108143,CUST-2586,30-Jun-2024,Mobile App,PayPal,SHIPPED,united states,N/A,
ORD-108144,CUST-1400,19/06/2025,Website,Cash on Delivery,Cancelled,Brazil,,
ORD-108145,CUST-3909,14/04/2024,website,Debit Card,Completed,DE,none,
ORD-108146,CUST-2565,18-Jul-2026,Marketplace,Bank Transfer,SHIPPED,U.K.,,
ORD-108147,CUST-1209,22/02/2025,Phone Order,Credit Card,Pending,Australia,save10,
ORD-108148,CUST-1807,05/06/2025,Mobile App,PayPal,Cancelled,U.S.A.,save10,
ORD-108149,CUST-3918,2024-05-15,Website,Bank Transfer,Cancelled,CA,none,
ORD-108150,CUST-1725,30/08/2024,website,Bank Transfer,Pending,NG,SAVE10,
ORD-108151,CUST-2857,04/12/2025,Mobile App,PayPal,Cancelled,BR,SAVE10,
ORD-108152,CUST-1664,2024/10/21,Phone Order,PayPal,Pending,Britain,,
ORD-108153,CUST-2818,07/14/2025,Mobile App,credit card,Cancelled,United States,none,
ORD-108154,CUST-2416,2025/09/17,Website,Debit Card,Refunded,S. Africa,SAVE10,
ORD-108155,CUST-2758,08/23/2025,In-Store,Crypto,Completed,U.S.A.,WELCOME2025,
ORD-108156,CUST-1980,"March 27, 2025",MOBILE APP,Credit Card,Completed,United Kingdom,SAVE10,
ORD-108157,CUST-2821,"March 27, 2026",In-Store,Credit Card,SHIPPED,US,save10,
ORD-108158,CUST-1518,02/28/2026,website,credit card,Pending,BR,none,
ORD-108159,CUST-3142,21/10/2025,website,Bank Transfer,Delivered,BR,none,
ORD-108160,CUST-1792,2025/07/01,Mobile App,Crypto,Pending,Canada,SAVE10,
ORD-108161,CUST-3819,07/14/2026,Marketplace,Debit Card,Completed,FR,,
ORD-108162,CUST-2786,"January 22, 2026",Mobile App,credit card,Cancelled,United Kingdom,,
ORD-108163,CUST-3488,09/27/2025,MOBILE APP,Bank Transfer,Cancelled,Brazil,,
ORD-108164,CUST-1807,"February 14, 2024",website,Credit Card,completed,S. Africa,,
ORD-108165,CUST-1674,2026/05/19,Website,Crypto,SHIPPED,BR,,
ORD-108166,CUST-2005,09/27/2025,Mobile App,Crypto,Cancelled,ZA,save10,
ORD-108167,CUST-3896,03/05/2024,In-Store,Cash on Delivery,Cancelled,UK,,
ORD-108168,CUST-1123,30-Jun-2024,Marketplace,Credit Card,Pending,Australia,save10,
ORD-108169,CUST-1752,02/28/2024,In-Store,Bank Transfer,Processing,South Africa,SAVE10,
ORD-108170,CUST-3175,05/27/2025,Mobile App,Cash on Delivery,Cancelled,IN,N/A,
ORD-108171,CUST-3525,17-May-2025,Website,Bank Transfer,Refunded,Australia,SAVE10,
ORD-108172,CUST-2069,26/09/2025,website,credit card,Pending,U.K.,none,
ORD-108173,CUST-3571,2024/04/24,website,Credit Card,Completed,US,SAVE10,
ORD-108174,CUST-1604,2026-06-08,website,Crypto,Refunded,IN,,
ORD-108175,CUST-3918,08/26/2025,In-Store,Bank Transfer,SHIPPED,india,WELCOME2025,
ORD-108176,CUST-2246,2025/11/20,Marketplace,PayPal,Completed,AU,none,
ORD-108177,CUST-3911,29/04/2024,Marketplace,Bank Transfer,Processing,Bharat,WELCOME2025,
ORD-108178,CUST-3073,21/04/2026,In-Store,Debit Card,Cancelled,South Africa,,
ORD-108179,CUST-2734,2024/01/25,MOBILE APP,Credit Card,Cancelled,Britain,WELCOME2025,
ORD-108180,CUST-1925,03-Aug-2024,Website,PayPal,Refunded,UK,SAVE10,
ORD-108181,CUST-3841,27-Nov-2024,Phone Order,Cash on Delivery,Pending,RSA,none,
ORD-108182,CUST-2657,05/04/2026,MOBILE APP,Cash on Delivery,Pending,nigeria,WELCOME2025,
ORD-108183,CUST-3708,2025/08/28,Marketplace,Crypto,Delivered,Bharat,SAVE10,
ORD-108184,CUST-1531,12/05/2024,In-Store,Bank Transfer,Processing,ZA,SAVE10,
ORD-108185,CUST-1208,"September 26, 2025",In-Store,Debit Card,Cancelled,Bharat,,
ORD-108186,CUST-2149,2026/04/09,Phone Order,PayPal,completed,ZA,save10,
ORD-108187,CUST-1595,07/09/2025,In-Store,Debit Card,Completed,United States,WELCOME2025,
ORD-108188,CUST-2052,2024-06-29,MOBILE APP,Cash on Delivery,completed,Germany,,
ORD-108189,CUST-2130,2024-03-20,Mobile App,credit card,Completed,Nigeria,,
ORD-108190,CUST-3233,06/12/2024,MOBILE APP,Debit Card,completed,canada,N/A,
ORD-108191,CUST-1734,05/23/2024,In-Store,Debit Card,SHIPPED,Germany,none,
ORD-108192,CUST-2660,2025-05-20,MOBILE APP,Credit Card,Processing,ZA,N/A,
ORD-108193,CUST-3779,01/07/2025,Phone Order,Cash on Delivery,SHIPPED,BR,N/A,
ORD-108194,CUST-2665,15-Nov-2024,Marketplace,Cash on Delivery,Delivered,Germany,save10,
ORD-108195,CUST-2451,16/06/2024,website,Crypto,Processing,UK,save10,
ORD-108196,CUST-1751,"March 18, 2024",website,Credit Card,Delivered,England,SAVE10,
ORD-108197,CUST-2624,06/10/2025,In-Store,PayPal,SHIPPED,australia,,
ORD-108198,CUST-2867,06/02/2026,Marketplace,Crypto,Cancelled,Brazil,SAVE10,
ORD-108199,CUST-2667,13-Sep-2024,Marketplace,Credit Card,SHIPPED,france,WELCOME2025,
ORD-108200,CUST-2267,08/28/2024,In-Store,Bank Transfer,SHIPPED,united states,save10,
ORD-108201,CUST-2352,2024-10-19,Marketplace,Bank Transfer,Processing,UK,none,
ORD-108202,CUST-2476,08/11/2024,Phone Order,Credit Card,Refunded,NG,,
ORD-108203,CUST-1901,07/10/2024,website,credit card,Refunded,canada,N/A,
ORD-108204,CUST-3614,"September 06, 2025",MOBILE APP,PayPal,SHIPPED,ZA,none,
ORD-108205,CUST-3587,"October 07, 2024",MOBILE APP,Crypto,Cancelled,france,N/A,
ORD-108206,CUST-2999,30/09/2025,MOBILE APP,Debit Card,Refunded,Germany,WELCOME2025,
ORD-108207,CUST-2528,2024/05/23,Website,Credit Card,Cancelled,Canada,save10,
ORD-108208,CUST-1453,"June 22, 2024",MOBILE APP,Crypto,Pending,Bharat,SAVE10,
ORD-108209,CUST-2270,2025-03-14,Marketplace,PayPal,SHIPPED,India,N/A,
ORD-108210,CUST-3049,16-Jun-2024,,Crypto,completed,nigeria,SAVE10,
ORD-108211,CUST-2675,"January 16, 2024",MOBILE APP,Crypto,Cancelled,Germany,WELCOME2025,
ORD-108212,CUST-3934,15-Feb-2025,Mobile App,Crypto,Refunded,India,,
ORD-108213,CUST-1760,2026-01-17,MOBILE APP,Crypto,Processing,Canada,WELCOME2025,
ORD-108214,CUST-1825,07/10/2024,Phone Order,Crypto,SHIPPED,United States,N/A,
ORD-108215,CUST-3894,04/22/2026,Website,Crypto,Pending,Brazil,SAVE10,
ORD-108216,CUST-3940,10/03/2026,Phone Order,credit card,completed,BR,,
ORD-108217,CUST-2222,2024-12-22,Marketplace,Debit Card,Delivered,France,,
ORD-108218,CUST-3168,07/13/2026,Phone Order,Credit Card,Processing,Brazil,none,
ORD-108219,CUST-2958,"August 09, 2024",website,credit card,Completed,india,SAVE10,
ORD-108220,CUST-3183,"February 22, 2026",Marketplace,Cash on Delivery,Cancelled,Canada,,
ORD-108221,CUST-2359,2025/05/07,In-Store,Bank Transfer,Refunded,AU,N/A,
ORD-108222,CUST-2534,01/31/2026,MOBILE APP,Crypto,Completed,nigeria,N/A,
ORD-108223,CUST-2097,27-Oct-2025,Marketplace,Bank Transfer,SHIPPED,FR,WELCOME2025,
ORD-108224,CUST-1521,24-May-2024,Phone Order,Debit Card,Cancelled,Germany,,
ORD-108225,CUST-3914,14-Mar-2026,Phone Order,Cash on Delivery,SHIPPED,Britain,none,
ORD-108226,CUST-2114,2025-04-02,website,Cash on Delivery,Refunded,Canada,none,
ORD-108227,CUST-2753,05/07/2026,website,Cash on Delivery,SHIPPED,France,WELCOME2025,
ORD-108228,CUST-1053,2025-10-16,MOBILE APP,Crypto,Pending,U.S.A.,save10,
ORD-108229,CUST-1731,08/11/2024,Website,Crypto,Processing,Deutschland,none,
ORD-108230,CUST-2864,25-Apr-2026,Website,credit card,Refunded,DE,none,
ORD-108231,CUST-2649,16-Nov-2024,Website,Cash on Delivery,Processing,Brasil,WELCOME2025,
ORD-108232,CUST-2770,11/28/2024,Phone Order,Cash on Delivery,Pending,germany,WELCOME2025,
ORD-108233,CUST-3036,"March 22, 2024",Mobile App,credit card,Processing,Nigéria,,
ORD-108234,CUST-2677,01/02/2026,Mobile App,PayPal,Processing,nigeria,SAVE10,
ORD-108235,CUST-3500,02-Jul-2025,Phone Order,Bank Transfer,SHIPPED,BR,WELCOME2025,
ORD-108236,CUST-1820,2024-01-07,MOBILE APP,Debit Card,Refunded,nigeria,WELCOME2025,
ORD-108237,CUST-3068,23-Jun-2024,Phone Order,Bank Transfer,Refunded,England,N/A,
ORD-108238,CUST-3745,12/03/2025,Website,credit card,Completed,australia,WELCOME2025,
ORD-108239,CUST-3609,12-Feb-2027,website,Debit Card,Pending,United Kingdom,,
ORD-108240,CUST-1448,"September 04, 2025",MOBILE APP,Crypto,Pending,S. Africa,,
ORD-108241,CUST-1816,2024/12/13,website,Debit Card,Delivered,CA,N/A,
ORD-108242,CUST-2959,2026-04-22,Mobile App,Cash on Delivery,Cancelled,australia,save10,
ORD-108243,CUST-2639,"October 28, 2025",Phone Order,Credit Card,Delivered,australia,SAVE10,
ORD-108244,CUST-2482,26/01/2024,Phone Order,Bank Transfer,Delivered,nigeria,none,
ORD-108245,CUST-2392,2024/03/14,Mobile App,Credit Card,Completed,AU,,
ORD-108246,CUST-2582,2024-08-08,Marketplace,credit card,Cancelled,France,save10,
ORD-108247,CUST-1211,31-Jan-2024,MOBILE APP,Crypto,Pending,Nigéria,N/A,
ORD-108248,CUST-1009,01/31/2026,Marketplace,Bank Transfer,Cancelled,Brazil,save10,
ORD-108249,CUST-3331,07/30/2025,Mobile App,Bank Transfer,Processing,United States,save10,
ORD-108250,CUST-3712,2025/03/25,website,Bank Transfer,Pending,IN,,
ORD-108251,CUST-1988,07/04/2026,Phone Order,Cash on Delivery,Completed,Bharat,save10,
ORD-108252,CUST-1834,02/22/2026,Mobile App,credit card,completed,FR,N/A,
ORD-108253,CUST-3712,2024/03/19,Marketplace,Crypto,Cancelled,RSA,SAVE10,
ORD-108254,CUST-3534,05/03/2024,website,Credit Card,Completed,USA,SAVE10,
ORD-108255,CUST-3807,02/07/2025,website,PayPal,Delivered,AU,save10,
ORD-108256,CUST-1557,2024-02-15,Website,Cash on Delivery,Pending,germany,WELCOME2025,
ORD-108257,CUST-3388,22-Nov-2025,In-Store,credit card,Pending,Brazil,,
ORD-108258,CUST-1339,2026/01/13,Marketplace,Crypto,Pending,Brazil,N/A,
ORD-108259,CUST-2957,2025-08-29,Mobile App,Cash on Delivery,Delivered,DE,none,
ORD-108260,CUST-1089,2025/03/21,MOBILE APP,Cash on Delivery,completed,U.S.A.,,
ORD-108261,CUST-3733,23-Apr-2024,Mobile App,Credit Card,Pending,United States of America,,
ORD-108262,CUST-3949,"June 28, 2024",Phone Order,Credit Card,completed,france,,
ORD-108263,CUST-3972,12/17/2024,Marketplace,Cash on Delivery,Delivered,united states,N/A,
ORD-108264,CUST-1245,2025-08-27,Mobile App,Cash on Delivery,Delivered,australia,SAVE10,
ORD-108265,CUST-1882,16-Jul-2024,In-Store,Bank Transfer,Refunded,BR,,
ORD-108266,CUST-3237,03/08/2024,Phone Order,Debit Card,Refunded,South Africa,WELCOME2025,
ORD-108267,CUST-3170,09/17/2024,Mobile App,Cash on Delivery,Refunded,IN,WELCOME2025,
ORD-108268,CUST-1957,04/07/2025,Phone Order,Crypto,Processing,Deutschland,none,
ORD-108269,CUST-3640,2024-12-19,MOBILE APP,PayPal,Cancelled,Brazil,SAVE10,
ORD-108270,CUST-2674,16-Jul-2026,Website,PayPal,SHIPPED,England,none,
ORD-108271,CUST-3505,"December 11, 2024",MOBILE APP,Debit Card,Processing,germany,,
ORD-108272,CUST-1010,2025/03/09,Website,PayPal,Cancelled,australia,save10,
ORD-108273,CUST-3008,04-Apr-2025,Website,Cash on Delivery,Completed,india,none,
ORD-108274,CUST-3065,10/25/2024,MOBILE APP,PayPal,Cancelled,India,SAVE10,
ORD-108275,CUST-3686,02/26/2025,Phone Order,Bank Transfer,SHIPPED,australia,N/A,
ORD-108276,CUST-3817,02/06/2026,MOBILE APP,Debit Card,completed,canada,N/A,
ORD-108277,CUST-2519,2024/07/11,website,Cash on Delivery,Refunded,Nigéria,WELCOME2025,
ORD-108278,CUST-1827,08/09/2024,website,PayPal,Processing,RSA,SAVE10,
ORD-108279,CUST-3955,01-Jun-2026,Marketplace,PayPal,SHIPPED,FR,WELCOME2025,
ORD-108280,CUST-3321,"August 24, 2025",Marketplace,credit card,Completed,Brazil,none,
ORD-108281,CUST-1679,"October 20, 2025",MOBILE APP,Bank Transfer,Delivered,CA,,
ORD-108282,CUST-2417,2024-11-22,website,Debit Card,Completed,canada,,
ORD-108283,CUST-2850,2024-05-21,Mobile App,credit card,completed,Britain,WELCOME2025,
ORD-108284,CUST-1619,18/12/2025,Marketplace,Cash on Delivery,Cancelled,germany,,
ORD-108285,CUST-2056,2025-02-02,Phone Order,credit card,Pending,CA,,
ORD-108286,CUST-3894,17-Apr-2024,MOBILE APP,PayPal,completed,FR,WELCOME2025,
ORD-108287,CUST-2153,2026-03-25,website,Crypto,Cancelled,FR,WELCOME2025,
ORD-108288,CUST-3054,02/09/2025,Mobile App,Crypto,completed,Brasil,WELCOME2025,
ORD-108289,CUST-1633,2027/05/12,website,Cash on Delivery,Delivered,United Kingdom,none,
ORD-108290,CUST-2403,2024/01/04,In-Store,Credit Card,Processing,England,N/A,
ORD-108291,CUST-1150,21/12/2025,Website,Crypto,Delivered,india,SAVE10,
ORD-108292,CUST-1717,2024/01/03,Phone Order,Bank Transfer,Completed,AU,save10,
ORD-108293,CUST-2146,2025/01/19,website,Cash on Delivery,Refunded,Brazil,SAVE10,
ORD-108294,CUST-1367,10/04/2025,In-Store,Credit Card,Refunded,france,SAVE10,
ORD-108295,CUST-2471,03/25/2026,Website,Bank Transfer,Pending,India,save10,
ORD-108296,CUST-2174,23-Jun-2025,Mobile App,PayPal,Delivered,france,WELCOME2025,
ORD-108297,CUST-1625,2024-11-06,In-Store,Cash on Delivery,completed,Brasil,N/A,
ORD-108298,CUST-1510,20-Jul-2024,Phone Order,PayPal,Refunded,France,none,
ORD-108299,CUST-3577,"February 07, 2025",Mobile App,PayPal,Refunded,Nigeria,,
ORD-108300,CUST-1212,05/03/2024,Website,Credit Card,Cancelled,germany,save10,
ORD-108301,CUST-2761,2025/04/19,Phone Order,Crypto,SHIPPED,Deutschland,N/A,
ORD-108302,CUST-2455,10/06/2025,Website,Cash on Delivery,Delivered,Canada,N/A,
ORD-108303,CUST-3394,2024/10/28,Marketplace,Credit Card,Pending,nigeria,,
ORD-108304,CUST-3697,2024-09-01,Mobile App,credit card,Pending,ZA,,
ORD-108305,CUST-3932,12/22/2025,website,Debit Card,Completed,US,,
ORD-108306,CUST-3806,02/20/2025,In-Store,credit card,Delivered,Nigeria,WELCOME2025,
ORD-108307,CUST-2455,2024-09-19,Marketplace,PayPal,completed,Brasil,,
ORD-108308,CUST-3302,03/26/2025,Website,Cash on Delivery,SHIPPED,germany,none,
ORD-108309,CUST-3535,"June 06, 2024",Website,Bank Transfer,Refunded,Nigeria,SAVE10,
ORD-108310,CUST-3688,10/03/2024,website,credit card,completed,ZA,none,
ORD-108311,CUST-3619,15/02/2025,In-Store,Credit Card,Completed,Germany,,
ORD-108312,CUST-3209,05/29/2024,MOBILE APP,Credit Card,Refunded,Brasil,N/A,
ORD-108313,CUST-3200,2026/03/28,Marketplace,PayPal,completed,DE,none,
ORD-108314,CUST-1743,"May 26, 2025",Marketplace,PayPal,Processing,S. Africa,SAVE10,
ORD-108315,CUST-1629,2026/02/13,Marketplace,Cash on Delivery,Refunded,DE,N/A,
ORD-108316,CUST-2160,07/16/2026,MOBILE APP,Credit Card,Cancelled,AU,N/A,
ORD-108317,CUST-3050,"April 02, 2025",Website,PayPal,Cancelled,nigeria,,
ORD-108318,CUST-1567,2024-11-03,Marketplace,Cash on Delivery,SHIPPED,Nigéria,none,
ORD-108319,CUST-2025,2025/04/22,website,credit card,completed,Nigéria,N/A,
ORD-107800,CUST-2940,06/10/2024,Marketplace,credit card,Completed,,none,
ORD-108321,CUST-2058,08/04/2024,MOBILE APP,Debit Card,Completed,United States of America,,
ORD-108322,CUST-3641,20/03/2026,Marketplace,Cash on Delivery,SHIPPED,United States of America,save10,
ORD-108323,CUST-3679,11/30/2024,MOBILE APP,Debit Card,Pending,FR,,
ORD-108324,CUST-3782,"April 14, 2026",website,credit card,Refunded,DE,,
ORD-108325,CUST-3389,2027/04/21,Phone Order,Credit Card,completed,Nigeria,save10,
ORD-108326,CUST-1793,05/28/2024,Marketplace,PayPal,SHIPPED,UK,none,
ORD-108327,CUST-2312,05/02/2024,website,Credit Card,Cancelled,ZA,save10,
ORD-108328,CUST-1450,27/01/2024,website,Crypto,SHIPPED,Deutschland,WELCOME2025,
ORD-108329,CUST-1316,02/05/2026,Website,Debit Card,SHIPPED,USA,N/A,
ORD-108330,CUST-3181,05-Mar-2026,Mobile App,Credit Card,Refunded,S. Africa,N/A,
ORD-108331,CUST-1146,2024/08/20,Phone Order,Cash on Delivery,Pending,NG,SAVE10,
ORD-108332,CUST-1424,30/10/2024,In-Store,Cash on Delivery,SHIPPED,IN,,
ORD-108333,CUST-2305,2025-04-17,Mobile App,Bank Transfer,Refunded,Deutschland,none,
ORD-108334,CUST-3529,2024-03-05,Phone Order,Debit Card,Pending,Canada,SAVE10,
ORD-108335,CUST-1777,07/30/2025,Mobile App,credit card,Pending,IN,N/A,
ORD-108336,CUST-2071,24/04/2026,In-Store,Crypto,Pending,IN,,
ORD-108337,CUST-1822,07/02/2025,Marketplace,Crypto,Delivered,Britain,none,
ORD-108338,CUST-3195,12/05/2025,Marketplace,Debit Card,Delivered,france,WELCOME2025,
ORD-108339,CUST-1345,2026/01/26,In-Store,Debit Card,completed,Brazil,save10,
ORD-108340,CUST-1120,13/04/2026,In-Store,Debit Card,Processing,India,,
ORD-108341,CUST-3159,02/26/2024,website,credit card,Delivered,Canada,N/A,
ORD-108342,CUST-2518,18/05/2026,In-Store,Debit Card,Delivered,australia,WELCOME2025,
ORD-108343,CUST-3888,2024/11/03,Phone Order,Credit Card,Cancelled,AU,save10,
ORD-108344,CUST-1606,2025/06/06,MOBILE APP,Cash on Delivery,Processing,australia,,
ORD-108345,CUST-1224,09/26/2024,Website,Crypto,Completed,Germany,WELCOME2025,
ORD-108346,CUST-2775,"May 08, 2025",website,Cash on Delivery,Pending,S. Africa,,
ORD-108347,CUST-2226,01/03/2024,website,Credit Card,SHIPPED,USA,save10,
ORD-108348,CUST-1568,"January 27, 2025",Marketplace,Debit Card,SHIPPED,RSA,save10,
ORD-108349,CUST-3513,06-Sep-2024,website,credit card,Refunded,FR,save10,
ORD-108350,CUST-3328,05/25/2025,Marketplace,credit card,Pending,canada,none,
ORD-106401,CUST-2079,12/13/2024,MOBILE APP,Cash on Delivery,SHIPPED,Brasil,,
ORD-108352,CUST-1852,"February 08, 2024",Marketplace,Credit Card,Refunded,germany,SAVE10,
ORD-108353,CUST-2336,22-Jan-2026,Phone Order,Crypto,Cancelled,NG,save10,
ORD-108354,CUST-2364,2025-10-05,MOBILE APP,Cash on Delivery,Delivered,S. Africa,,
ORD-108355,CUST-3367,06/06/2026,Website,Debit Card,Processing,South Africa,save10,
ORD-108356,CUST-1244,11/04/2027,website,credit card,SHIPPED,Canada,save10,
ORD-108357,CUST-1211,10-Oct-2025,Mobile App,Debit Card,Cancelled,france,N/A,
ORD-108358,CUST-1631,25/11/2025,Phone Order,Credit Card,Refunded,Canada,none,
ORD-108359,CUST-1598,2024/02/08,MOBILE APP,Crypto,Delivered,india,save10,
ORD-108360,CUST-2365,10/24/2025,In-Store,Credit Card,Delivered,BR,save10,
ORD-108361,CUST-2435,2026-04-26,Marketplace,Credit Card,Processing,U.K.,save10,
ORD-108362,CUST-3363,23-May-2026,website,PayPal,Refunded,United States,save10,
ORD-108363,CUST-3010,16/06/2024,Mobile App,credit card,Delivered,canada,N/A,
ORD-108364,CUST-3625,2025/12/15,Mobile App,Cash on Delivery,Processing,nigeria,SAVE10,
ORD-108365,CUST-3543,2026-04-02,Website,Crypto,Cancelled,Brazil,N/A,
ORD-104438,CUST-2458,2025-07-21,In-Store,PayPal,Cancelled,Canada,,
ORD-108367,CUST-3510,2025/06/07,Mobile App,Bank Transfer,Delivered,NG,WELCOME2025,
ORD-108368,CUST-1156,2024-02-25,website,Bank Transfer,Pending,S. Africa,N/A,
ORD-108369,CUST-2841,"December 06, 2025",Phone Order,Credit Card,Delivered,Canada,SAVE10,
ORD-108370,CUST-1845,"November 15, 2024",Website,Crypto,SHIPPED,Canada,none,
ORD-108371,CUST-2586,16/03/2026,In-Store,Bank Transfer,Delivered,Brasil,save10,
ORD-108372,CUST-1878,"November 08, 2024",In-Store,PayPal,Delivered,France,,
ORD-108373,CUST-2817,2026/03/16,website,Debit Card,Completed,England,SAVE10,
ORD-108374,CUST-1561,"April 27, 2025",In-Store,credit card,Processing,Britain,save10,
ORD-108375,CUST-2502,11/02/2025,In-Store,credit card,Delivered,Nigeria,SAVE10,
ORD-108376,CUST-1227,2026-06-19,Phone Order,Crypto,completed,Nigeria,,
ORD-108377,CUST-3415,03-Dec-2025,Mobile App,PayPal,Pending,Nigéria,N/A,
ORD-108378,CUST-2172,11-Feb-2025,Marketplace,Bank Transfer,Pending,australia,,
ORD-108379,CUST-3446,2026/04/07,MOBILE APP,Bank Transfer,Cancelled,Brasil,SAVE10,
ORD-108380,CUST-2655,09/08/2025,Phone Order,credit card,Delivered,australia,,
ORD-108381,CUST-1209,2026-03-26,MOBILE APP,Cash on Delivery,Delivered,Canada,SAVE10,
ORD-108382,CUST-2821,2025/08/06,website,credit card,completed,United States,save10,
ORD-108383,CUST-1817,2025-04-27,Website,Crypto,completed,IN,N/A,
ORD-108384,CUST-3998,"October 06, 2025",Mobile App,credit card,Pending,ZA,,
ORD-108385,CUST-1074,2024/01/09,website,Credit Card,SHIPPED,germany,N/A,
ORD-108386,CUST-2567,2025/12/02,Website,Crypto,completed,CA,WELCOME2025,
ORD-108387,CUST-1879,2025-03-17,Mobile App,credit card,Processing,united states,,
ORD-108388,CUST-2771,05/13/2026,Phone Order,Debit Card,Refunded,Bharat,SAVE10,
ORD-108389,CUST-1450,07-Jul-2026,website,Bank Transfer,Processing,South Africa,,
ORD-108390,CUST-3692,09/10/2025,Marketplace,Crypto,Cancelled,DE,WELCOME2025,
ORD-108391,CUST-1731,"January 28, 2026",Marketplace,Credit Card,Processing,Britain,SAVE10,
ORD-108392,CUST-1393,09/11/2024,Phone Order,Crypto,completed,IN,SAVE10,
ORD-108393,CUST-1892,"April 13, 2024",Mobile App,PayPal,SHIPPED,U.S.A.,none,
ORD-108394,CUST-3851,"January 06, 2024",website,PayPal,Completed,Canada,N/A,
ORD-108395,CUST-1763,25-Aug-2024,website,credit card,Processing,canada,,
ORD-108396,CUST-2893,12/02/2024,Marketplace,Crypto,Delivered,australia,save10,
ORD-108397,CUST-3669,2025/01/17,Website,Debit Card,SHIPPED,BR,save10,
ORD-108398,CUST-3413,2024/04/23,Marketplace,Crypto,Pending,Brasil,N/A,
ORD-108399,CUST-1119,29-Feb-2024,website,Cash on Delivery,Delivered,united states,WELCOME2025,
ORD-103024,CUST-3970,19-Oct-2025,Marketplace,Crypto,SHIPPED,Brazil,,
ORD-108401,CUST-3826,2027/08/06,MOBILE APP,Credit Card,SHIPPED,france,none,
ORD-108402,CUST-1885,12-May-2026,Marketplace,Bank Transfer,Completed,France,WELCOME2025,
ORD-108403,CUST-1164,05/31/2025,Phone Order,PayPal,Refunded,Nigeria,WELCOME2025,
ORD-108404,CUST-2956,21/02/2024,Phone Order,Crypto,Processing,France,,
ORD-108405,CUST-1610,2024/06/15,Phone Order,Credit Card,Processing,Australia,,
ORD-108406,CUST-2382,04-Sep-2025,MOBILE APP,Credit Card,Processing,US,none,
ORD-108407,CUST-1067,2026/02/07,Phone Order,credit card,Pending,UK,,
ORD-108408,CUST-2129,2025-02-16,Marketplace,PayPal,Cancelled,india,N/A,
ORD-108409,CUST-2109,2024/04/21,In-Store,Credit Card,completed,Australia,save10,
ORD-108410,CUST-1905,05/04/2024,Marketplace,Cash on Delivery,Cancelled,India,,
ORD-108411,CUST-2441,19-Jan-2025,In-Store,Credit Card,Refunded,England,SAVE10,
ORD-108412,CUST-2067,2026-01-12,Mobile App,Crypto,Cancelled,DE,N/A,
ORD-108413,CUST-1806,29/08/2024,Phone Order,credit card,Cancelled,Canada,N/A,
ORD-108414,CUST-2635,"May 05, 2025",In-Store,Debit Card,Processing,AU,WELCOME2025,
ORD-108415,CUST-2390,2024-07-16,website,Credit Card,Delivered,BR,WELCOME2025,
ORD-108416,CUST-1996,03/06/2024,MOBILE APP,Credit Card,SHIPPED,Bharat,N/A,
ORD-108417,CUST-1296,2025/12/12,Website,Bank Transfer,Pending,Bharat,N/A,
ORD-108418,CUST-3250,2025/05/05,Marketplace,Credit Card,Delivered,Bharat,save10,
ORD-108419,CUST-1504,19-Jan-2025,Website,Credit Card,Delivered,nigeria,N/A,
ORD-108420,CUST-2275,2024-11-13,Website,Credit Card,SHIPPED,United States of America,,
ORD-108421,CUST-3505,2025/02/06,MOBILE APP,Cash on Delivery,completed,South Africa,save10,
ORD-108422,CUST-1816,2026/03/22,Mobile App,Credit Card,Completed,NG,SAVE10,
ORD-108423,CUST-2013,10/17/2024,Phone Order,Cash on Delivery,Refunded,Brasil,save10,
ORD-108424,CUST-1036,16-Dec-2025,MOBILE APP,PayPal,completed,United States of America,N/A,
ORD-108425,CUST-2211,2024/05/07,Website,Debit Card,Cancelled,France,SAVE10,
ORD-108426,CUST-1124,10/30/2025,Website,credit card,Completed,United Kingdom,none,
ORD-108427,CUST-2071,10/18/2025,In-Store,Credit Card,completed,france,save10,
ORD-108428,CUST-1918,06/02/2025,Website,Bank Transfer,Cancelled,canada,WELCOME2025,
ORD-108429,CUST-2651,06-Jun-2025,In-Store,Crypto,Delivered,ZA,,
ORD-108430,CUST-1113,2024/06/17,In-Store,PayPal,Completed,FR,save10,
ORD-108431,CUST-1025,2024/07/25,In-Store,Cash on Delivery,Delivered,united states,N/A,
ORD-108432,CUST-2364,24/06/2026,Marketplace,Cash on Delivery,Cancelled,nigeria,SAVE10,
ORD-108433,CUST-3011,"March 15, 2024",website,Debit Card,completed,US,N/A,
ORD-108434,CUST-2763,03/11/2025,In-Store,PayPal,Pending,United Kingdom,save10,
ORD-108435,CUST-1249,"December 25, 2025",MOBILE APP,Bank Transfer,Cancelled,united states,N/A,
ORD-108436,CUST-2712,21/07/2024,MOBILE APP,Debit Card,Refunded,India,WELCOME2025,
ORD-108437,CUST-1848,2024/07/09,Mobile App,credit card,Delivered,United States of America,none,
ORD-108438,CUST-3548,05-Aug-2025,Website,PayPal,Completed,germany,WELCOME2025,
ORD-108439,CUST-2358,"February 19, 2025",Marketplace,Crypto,Completed,india,SAVE10,
ORD-108440,CUST-1799,"December 13, 2024",website,PayPal,SHIPPED,australia,WELCOME2025,
ORD-108441,CUST-3506,"December 25, 2024",Marketplace,Credit Card,Completed,india,save10,
ORD-101715,CUST-1235,2025-11-18,In-Store,Crypto,Completed,IN,N/A,
ORD-108443,CUST-1821,05-May-2024,Mobile App,credit card,completed,france,WELCOME2025,
ORD-108444,CUST-2832,07/08/2025,Marketplace,Crypto,Pending,AU,none,
ORD-108445,CUST-3653,2024/04/30,MOBILE APP,Bank Transfer,Processing,IN,N/A,
ORD-108446,CUST-1618,2024/12/06,Mobile App,Credit Card,SHIPPED,United States of America,WELCOME2025,
ORD-108447,CUST-3916,06/23/2025,In-Store,PayPal,Processing,S. Africa,,
ORD-108448,CUST-2201,2026-03-18,Phone Order,PayPal,SHIPPED,India,save10,
ORD-105877,CUST-2391,19/04/2026,In-Store,Crypto,Completed,UK,N/A,
ORD-108450,CUST-3485,01/27/2024,Mobile App,Debit Card,Delivered,IN,save10,
ORD-108451,CUST-1993,2025-01-25,In-Store,Crypto,Cancelled,ZA,none,
ORD-108452,CUST-1593,2024-08-29,Mobile App,Credit Card,Delivered,U.S.A.,save10,
ORD-108453,CUST-2015,"July 10, 2026",Mobile App,Cash on Delivery,Delivered,RSA,WELCOME2025,
ORD-108454,CUST-1210,2024-02-12,Website,Debit Card,Pending,U.S.A.,save10,
ORD-108455,CUST-1584,23/05/2026,Phone Order,PayPal,SHIPPED,Nigéria,none,
ORD-108456,CUST-1677,05/04/2026,MOBILE APP,Debit Card,Cancelled,australia,,
ORD-108457,CUST-2508,2026-04-05,Marketplace,Crypto,Cancelled,france,WELCOME2025,
ORD-108458,CUST-1512,12-Oct-2025,Website,Credit Card,SHIPPED,australia,save10,
ORD-108459,CUST-2260,"October 26, 2025",Marketplace,Debit Card,SHIPPED,australia,,
ORD-108460,CUST-2548,20-Jan-2024,Marketplace,PayPal,Completed,France,SAVE10,
ORD-103057,CUST-1076,2026/01/08,Marketplace,Debit Card,Processing,FR,,
ORD-108462,CUST-1208,06/18/2026,Mobile App,Bank Transfer,Processing,Deutschland,SAVE10,
ORD-108463,CUST-1540,02/19/2024,Website,credit card,Processing,U.S.A.,none,
ORD-108464,CUST-3914,"January 17, 2024",In-Store,Bank Transfer,Pending,IN,WELCOME2025,
ORD-108465,CUST-2644,13/03/2025,website,Cash on Delivery,completed,united states,SAVE10,
ORD-108466,CUST-3427,21/04/2026,MOBILE APP,credit card,Delivered,IN,N/A,
ORD-108467,CUST-2628,"February 03, 2025",Website,credit card,Completed,England,SAVE10,
ORD-108468,CUST-3658,09/05/2024,Website,credit card,Delivered,france,,
ORD-108469,CUST-1367,"January 01, 2025",Website,Credit Card,Refunded,Nigeria,,
ORD-108470,CUST-3886,2025-11-02,In-Store,Debit Card,Delivered,france,none,
ORD-108471,CUST-3752,02/18/2026,Mobile App,Crypto,Cancelled,germany,,
ORD-108472,CUST-2970,"March 31, 2025",Phone Order,Credit Card,Refunded,Brazil,N/A,
ORD-108473,CUST-3048,2025/02/21,Marketplace,credit card,Completed,Brazil,,
ORD-108474,CUST-2389,2027-05-23,website,Credit Card,Delivered,france,SAVE10,
ORD-108475,CUST-1482,"March 15, 2026",Website,Credit Card,Cancelled,india,,
ORD-108476,CUST-1363,29/01/2024,Website,PayPal,Cancelled,United Kingdom,,
ORD-108477,CUST-3035,"October 27, 2024",Website,credit card,Pending,United Kingdom,,
ORD-108478,CUST-3435,30-Jan-2024,Marketplace,Debit Card,SHIPPED,Nigéria,save10,
ORD-108479,CUST-1808,10/07/2024,Mobile App,Bank Transfer,Pending,France,WELCOME2025,
ORD-108480,CUST-2310,2024-02-26,website,PayPal,Refunded,RSA,N/A,
ORD-108481,CUST-2139,06/13/2024,In-Store,credit card,Cancelled,australia,,
ORD-108482,CUST-1514,2024/11/29,website,Bank Transfer,Completed,United Kingdom,SAVE10,
ORD-108483,CUST-2035,2025/04/10,Marketplace,PayPal,Delivered,Canada,,
ORD-108484,CUST-2390,03/24/2024,website,Debit Card,Cancelled,Brasil,,
ORD-108485,CUST-3351,2027-06-25,website,Debit Card,Pending,india,WELCOME2025,
ORD-108486,CUST-1294,28/03/2026,Phone Order,credit card,Refunded,France,,
ORD-108487,CUST-3641,"November 24, 2024",Website,Debit Card,SHIPPED,Germany,SAVE10,
ORD-108488,CUST-2927,"November 14, 2025",website,Credit Card,completed,Bharat,,
ORD-108489,CUST-2061,06/02/2025,In-Store,Bank Transfer,Delivered,germany,,
ORD-108490,CUST-2277,2025/11/19,Phone Order,Crypto,Refunded,Australia,WELCOME2025,
ORD-108491,CUST-3462,08/10/2025,Mobile App,Debit Card,Delivered,,save10,
ORD-108492,CUST-2625,22-May-2025,Website,Credit Card,SHIPPED,U.K.,save10,
ORD-108493,CUST-3554,2025-08-10,Website,Cash on Delivery,completed,france,WELCOME2025,
ORD-108494,CUST-1940,"June 10, 2026",In-Store,Crypto,Pending,canada,,
ORD-108495,CUST-3621,2024/12/04,MOBILE APP,PayPal,Processing,ZA,SAVE10,
ORD-108496,CUST-1140,"March 27, 2025",In-Store,Credit Card,completed,CA,,
ORD-108497,CUST-2415,03/07/2024,In-Store,Credit Card,Refunded,AU,N/A,
ORD-108498,CUST-3560,2025-12-20,Phone Order,Debit Card,completed,canada,SAVE10,
ORD-108499,CUST-2817,"September 08, 2024",Mobile App,Cash on Delivery,Refunded,U.S.A.,N/A,
ORD-108500,CUST-2148,2024/06/04,website,Credit Card,Refunded,germany,SAVE10,
ORD-108501,CUST-1150,"October 06, 2024",In-Store,Debit Card,Refunded,NG,save10,
ORD-108502,CUST-2659,2025-08-24,Marketplace,Credit Card,Cancelled,CA,SAVE10,
ORD-108503,CUST-2685,2025-11-26,In-Store,Credit Card,Cancelled,nigeria,WELCOME2025,
ORD-108504,CUST-2346,2026-05-30,Mobile App,Credit Card,Refunded,CA,SAVE10,
ORD-108505,CUST-2748,27/07/2024,MOBILE APP,Cash on Delivery,Completed,BR,SAVE10,
ORD-108506,CUST-1354,01/03/2024,Phone Order,Credit Card,Delivered,AU,,
ORD-108507,CUST-1069,2024/03/26,Mobile App,Debit Card,completed,U.K.,save10,
ORD-108508,CUST-1083,2026-02-21,MOBILE APP,Crypto,Delivered,United Kingdom,,
ORD-108509,CUST-2993,08/04/2025,MOBILE APP,Credit Card,Cancelled,United States,SAVE10,
ORD-108510,CUST-3590,2024/09/18,Phone Order,Cash on Delivery,Refunded,India,SAVE10,
ORD-108511,CUST-3021,"June 21, 2024",MOBILE APP,Bank Transfer,Pending,Canada,none,
ORD-108512,CUST-1035,28/06/2025,Phone Order,Bank Transfer,Refunded,South Africa,SAVE10,
ORD-108513,CUST-2910,09/06/2026,Marketplace,Credit Card,Completed,U.S.A.,,
ORD-108514,CUST-3401,18-Mar-2026,Phone Order,credit card,SHIPPED,nigeria,save10,
ORD-108515,CUST-3627,"August 18, 2025",website,Bank Transfer,Delivered,Brazil,WELCOME2025,
ORD-108516,CUST-1715,02/27/2026,Website,Cash on Delivery,Delivered,AU,none,
ORD-108517,CUST-2342,2024-08-01,Marketplace,credit card,SHIPPED,Britain,,
ORD-108518,CUST-3626,23/06/2025,Website,Cash on Delivery,Delivered,NG,,
ORD-108519,CUST-3096,2025-02-09,Phone Order,credit card,Delivered,United Kingdom,none,
ORD-108520,CUST-2278,14-Mar-2024,Marketplace,Cash on Delivery,Delivered,UK,WELCOME2025,
ORD-108521,CUST-3955,05/15/2024,Website,credit card,Completed,india,save10,
ORD-108522,CUST-3667,2025/05/10,Website,PayPal,completed,South Africa,,
ORD-108523,CUST-3764,2024/12/09,website,PayPal,Refunded,Deutschland,save10,
ORD-108524,CUST-1807,2025-11-03,Mobile App,Debit Card,Pending,nigeria,,
ORD-108525,CUST-2734,2025/10/27,Website,credit card,Refunded,CA,,
ORD-108526,CUST-3935,24/04/2025,Mobile App,Crypto,Completed,India,,
ORD-108527,CUST-3914,2025/05/27,website,Debit Card,Cancelled,Brasil,,
ORD-108528,CUST-2045,2026-03-26,MOBILE APP,Cash on Delivery,Refunded,FR,none,
ORD-108529,CUST-3141,11/30/2025,MOBILE APP,Cash on Delivery,completed,france,save10,
ORD-108530,CUST-1383,"January 20, 2025",In-Store,Debit Card,Cancelled,India,WELCOME2025,
ORD-108531,CUST-3071,08/21/2025,MOBILE APP,Crypto,SHIPPED,Deutschland,,
ORD-108532,CUST-2107,"December 30, 2025",In-Store,credit card,Delivered,RSA,save10,
ORD-108533,CUST-1205,05/06/2024,website,Bank Transfer,Refunded,canada,,
ORD-108534,CUST-2436,05/27/2024,Mobile App,Bank Transfer,Pending,canada,none,
ORD-108535,CUST-2775,07/04/2025,website,Cash on Delivery,Refunded,United Kingdom,,
ORD-108536,CUST-1994,10-Feb-2024,In-Store,Cash on Delivery,completed,DE,save10,
ORD-108537,CUST-2601,2024-07-11,Marketplace,Crypto,Delivered,Nigeria,SAVE10,
ORD-108538,CUST-3211,"February 22, 2024",In-Store,Credit Card,Processing,South Africa,save10,
ORD-108539,CUST-3902,2026/02/15,In-Store,Credit Card,Processing,U.K.,save10,
ORD-108540,CUST-2581,27-Nov-2024,Mobile App,PayPal,Completed,UK,,
ORD-108541,CUST-3239,"March 18, 2026",Marketplace,Crypto,Cancelled,Australia,,
ORD-108542,CUST-2940,04-Jan-2025,Mobile App,Bank Transfer,Completed,US,N/A,
ORD-108543,CUST-3919,05/30/2024,MOBILE APP,credit card,Delivered,canada,none,
ORD-108544,CUST-1667,03/19/2026,MOBILE APP,credit card,Pending,Germany,,
ORD-108545,CUST-3436,2024/08/26,Phone Order,Bank Transfer,completed,France,,
ORD-108546,CUST-3863,2026/03/28,MOBILE APP,Debit Card,Refunded,australia,save10,
ORD-108547,CUST-2980,03/22/2024,Website,Debit Card,Refunded,South Africa,save10,
ORD-108548,CUST-2298,12-Aug-2024,Website,Credit Card,Cancelled,India,SAVE10,
ORD-108549,CUST-3037,09/30/2025,Phone Order,credit card,Cancelled,AU,,
ORD-108550,CUST-3218,"March 14, 2026",Mobile App,Credit Card,completed,France,N/A,
ORD-108551,CUST-2283,"August 10, 2024",Mobile App,Bank Transfer,Pending,United States of America,save10,
ORD-108552,CUST-1278,10/29/2024,website,PayPal,Cancelled,Germany,save10,
ORD-108553,CUST-1652,06/16/2026,Mobile App,Cash on Delivery,Completed,france,N/A,
ORD-108554,CUST-2224,19/01/2026,Marketplace,Crypto,SHIPPED,Canada,none,
ORD-108555,CUST-3001,2025-05-31,MOBILE APP,Bank Transfer,Delivered,Canada,N/A,
ORD-108556,CUST-2635,04/02/2025,Website,credit card,SHIPPED,Nigeria,WELCOME2025,
ORD-108557,CUST-1936,2024-01-10,Website,Credit Card,Pending,nigeria,,
ORD-108558,CUST-2318,26-Apr-2025,MOBILE APP,Bank Transfer,Completed,England,WELCOME2025,
ORD-108559,CUST-1676,06/08/2025,Phone Order,credit card,Refunded,australia,WELCOME2025,
ORD-108560,CUST-1119,27-May-2025,Phone Order,credit card,Completed,South Africa,N/A,
ORD-108561,CUST-2611,05/31/2026,Phone Order,Debit Card,SHIPPED,IN,SAVE10,
ORD-108562,CUST-3168,27/03/2026,Phone Order,Crypto,completed,united states,save10,
ORD-108563,CUST-2173,2026-05-24,Mobile App,Bank Transfer,Delivered,canada,SAVE10,
ORD-108564,CUST-3076,2026-01-30,MOBILE APP,Crypto,SHIPPED,England,SAVE10,
ORD-108565,CUST-1358,25/05/2024,Mobile App,Bank Transfer,completed,US,,
ORD-108566,CUST-1050,11/06/2027,website,PayPal,Delivered,UK,WELCOME2025,
ORD-108567,CUST-2114,"May 10, 2024",Website,Crypto,SHIPPED,U.S.A.,,
ORD-108568,CUST-1014,04-May-2025,website,Debit Card,Delivered,France,WELCOME2025,
ORD-108569,CUST-2376,22/03/2024,MOBILE APP,credit card,Refunded,Germany,,
ORD-108570,CUST-2937,2025-12-15,Mobile App,Crypto,Refunded,United States of America,,
ORD-108571,CUST-3635,2025/01/31,Marketplace,Bank Transfer,Completed,BR,WELCOME2025,
ORD-108572,CUST-1056,2025-03-24,MOBILE APP,credit card,Refunded,S. Africa,N/A,
ORD-108573,CUST-2306,01-Oct-2024,Marketplace,Debit Card,completed,United Kingdom,,
ORD-108574,CUST-2659,2025-05-30,Website,Credit Card,SHIPPED,United States of America,,
ORD-108575,CUST-2135,2025-10-31,Phone Order,Cash on Delivery,Pending,Canada,N/A,
ORD-108576,CUST-2310,25-Feb-2026,In-Store,Credit Card,SHIPPED,United States of America,N/A,
ORD-108577,CUST-1267,08/28/2025,Mobile App,PayPal,Processing,germany,,
ORD-108578,CUST-2454,2025-07-12,Mobile App,Cash on Delivery,SHIPPED,Australia,SAVE10,
ORD-108579,CUST-2113,"January 07, 2026",Mobile App,Cash on Delivery,Pending,Nigeria,save10,
ORD-108580,CUST-3210,21/04/2024,Website,Bank Transfer,Pending,RSA,save10,
ORD-108581,CUST-2239,"April 07, 2025",Website,Bank Transfer,Pending,South Africa,,
ORD-108582,CUST-3309,"June 28, 2025",In-Store,credit card,Processing,BR,SAVE10,
ORD-108583,CUST-1099,03/07/2025,Mobile App,Credit Card,SHIPPED,India,none,
ORD-108584,CUST-3370,"May 24, 2026",In-Store,Bank Transfer,Delivered,australia,WELCOME2025,
ORD-108585,CUST-3083,2025/02/28,In-Store,Cash on Delivery,Completed,canada,,
ORD-108586,CUST-1051,"January 14, 2026",MOBILE APP,Credit Card,Completed,canada,,
ORD-108587,CUST-2807,19-Feb-2025,Website,PayPal,Pending,canada,SAVE10,
ORD-108588,CUST-3518,2024-03-01,Phone Order,Debit Card,Cancelled,US,,
ORD-108589,CUST-2240,2024-04-12,website,Credit Card,Completed,Canada,N/A,
ORD-108590,CUST-1391,18/08/2025,MOBILE APP,Credit Card,Processing,UK,save10,
ORD-108591,CUST-1260,"March 09, 2024",Mobile App,Credit Card,Refunded,RSA,N/A,
ORD-108592,CUST-1489,01/04/2025,MOBILE APP,PayPal,Refunded,Australia,,
ORD-108593,CUST-2442,2026/07/03,Website,credit card,Cancelled,france,N/A,
ORD-108594,CUST-1060,03/03/2024,Website,Debit Card,SHIPPED,England,N/A,
ORD-108595,CUST-1268,10-Nov-2024,Mobile App,Crypto,Cancelled,S. Africa,N/A,
ORD-108596,CUST-3235,06/14/2026,In-Store,Credit Card,Delivered,IN,,
ORD-108597,CUST-3505,23-Mar-2025,website,Debit Card,Cancelled,United Kingdom,none,
ORD-108598,CUST-3497,04/08/2024,MOBILE APP,PayPal,Pending,germany,none,
ORD-108599,CUST-1355,01/22/2024,Mobile App,Cash on Delivery,SHIPPED,U.K.,WELCOME2025,
ORD-108600,CUST-3135,26/09/2027,MOBILE APP,Debit Card,completed,United Kingdom,SAVE10,
ORD-108601,CUST-3878,2025/02/28,Marketplace,PayPal,Processing,AU,SAVE10,
ORD-108602,CUST-1355,01/07/2024,Marketplace,Cash on Delivery,Delivered,U.S.A.,,
ORD-108603,CUST-2686,07-Apr-2025,MOBILE APP,credit card,Pending,Australia,none,
ORD-108604,CUST-1063,2026/05/24,website,Credit Card,SHIPPED,Deutschland,SAVE10,
ORD-108605,CUST-1618,29-Jan-2026,Marketplace,Bank Transfer,SHIPPED,DE,,
ORD-108606,CUST-3424,01-Feb-2024,In-Store,PayPal,Delivered,canada,SAVE10,
ORD-108607,CUST-3689,01/16/2024,website,Credit Card,SHIPPED,ZA,,
ORD-108608,CUST-1121,29/06/2024,website,Debit Card,Delivered,NG,SAVE10,
ORD-108609,CUST-1379,30-Aug-2024,MOBILE APP,Bank Transfer,Processing,France,,
ORD-108610,CUST-2590,2025/10/30,In-Store,Crypto,SHIPPED,Nigeria,,
ORD-108611,CUST-2605,31/03/2026,Website,Credit Card,Processing,France,SAVE10,
ORD-108612,CUST-2768,"March 16, 2024",website,Cash on Delivery,Pending,canada,save10,
ORD-108613,CUST-3203,2024/08/21,Website,PayPal,Refunded,france,none,
ORD-108614,CUST-3073,18-Sep-2024,Marketplace,Cash on Delivery,Completed,USA,N/A,
ORD-108615,CUST-3458,"March 06, 2026",Mobile App,Bank Transfer,Refunded,U.S.A.,SAVE10,
ORD-108616,CUST-1527,09/01/2024,Phone Order,Bank Transfer,SHIPPED,BR,save10,
ORD-108617,CUST-1852,2025-06-11,Phone Order,Credit Card,Completed,france,none,
ORD-108618,CUST-1905,2025/08/11,website,Debit Card,Completed,Australia,SAVE10,
ORD-108619,CUST-2240,27-Feb-2025,In-Store,Bank Transfer,Completed,germany,none,
ORD-108620,CUST-2391,01/01/2025,Website,Crypto,Cancelled,CA,,
ORD-108621,CUST-1817,01/11/2024,Marketplace,PayPal,completed,BR,save10,
ORD-108622,CUST-1439,2025/03/03,Website,Credit Card,Delivered,Britain,WELCOME2025,
ORD-108623,CUST-3779,02/08/2025,Website,Crypto,Processing,AU,save10,
ORD-108624,CUST-1773,2024/05/21,MOBILE APP,Cash on Delivery,Processing,Britain,save10,
ORD-108625,CUST-1023,2025/03/25,Marketplace,Cash on Delivery,Processing,united states,SAVE10,
ORD-108626,CUST-2657,"May 17, 2026",Phone Order,Debit Card,Delivered,Britain,SAVE10,
ORD-108627,CUST-1418,02-Jun-2025,In-Store,Bank Transfer,completed,Brazil,WELCOME2025,
ORD-108628,CUST-2825,2026/06/24,Phone Order,Bank Transfer,Delivered,france,none,
ORD-108629,CUST-3182,01/17/2024,Mobile App,Crypto,Refunded,United States,N/A,
ORD-108630,CUST-2815,18-May-2024,Marketplace,Cash on Delivery,Processing,U.S.A.,,
ORD-108631,CUST-1136,"July 28, 2025",Marketplace,Bank Transfer,Completed,australia,,
ORD-108632,CUST-2207,2025/10/18,In-Store,PayPal,Completed,AU,,
ORD-108633,CUST-1507,2025/07/25,In-Store,Debit Card,Cancelled,S. Africa,SAVE10,
ORD-108634,CUST-1835,16/08/2025,Website,Bank Transfer,Refunded,Brasil,N/A,
ORD-108635,CUST-2444,2026/02/21,Website,credit card,Completed,united states,save10,
ORD-108636,CUST-1720,2026-04-22,Phone Order,Crypto,Completed,germany,N/A,
ORD-108637,CUST-3459,12-Jul-2025,Mobile App,Debit Card,SHIPPED,Brazil,save10,
ORD-105705,CUST-3021,03-May-2026,In-Store,Bank Transfer,Completed,USA,SAVE10,
ORD-108639,CUST-1640,15/05/2025,website,Credit Card,completed,france,none,
ORD-108640,CUST-2147,25-Nov-2025,Mobile App,PayPal,Completed,australia,N/A,
ORD-108641,CUST-3000,2025-08-02,Phone Order,Debit Card,Completed,Brazil,save10,
ORD-108642,CUST-1188,05/29/2025,website,Cash on Delivery,Completed,canada,,
ORD-108643,CUST-2193,22/06/2025,Website,Bank Transfer,completed,BR,,
ORD-108644,CUST-2667,2026/03/31,In-Store,Debit Card,Pending,United States,none,
ORD-108645,CUST-2787,2026/07/14,Website,Crypto,Refunded,germany,,
ORD-108646,CUST-3507,2024-09-30,In-Store,Bank Transfer,Processing,Brasil,,
ORD-108647,CUST-3562,2025/12/06,Mobile App,Debit Card,SHIPPED,DE,SAVE10,
ORD-108648,CUST-3803,"July 21, 2024",In-Store,PayPal,Refunded,DE,,
ORD-108649,CUST-2671,2026/07/07,In-Store,Cash on Delivery,Cancelled,Australia,N/A,
ORD-108650,CUST-3989,2024-12-17,Website,Cash on Delivery,Refunded,Australia,WELCOME2025,
ORD-108651,CUST-1681,13/02/2026,website,Bank Transfer,Refunded,S. Africa,WELCOME2025,
ORD-108652,CUST-1591,26-May-2026,Website,credit card,completed,India,WELCOME2025,
ORD-108653,CUST-1999,09/10/2025,Website,PayPal,completed,UK,save10,
ORD-108654,CUST-1901,2024-06-02,Phone Order,PayPal,Delivered,RSA,,
ORD-108655,CUST-1523,01/09/2024,In-Store,Debit Card,Cancelled,RSA,WELCOME2025,
ORD-108656,CUST-2431,"January 26, 2025",Mobile App,PayPal,Completed,CA,none,
ORD-108657,CUST-2370,2027-10-15,Website,Debit Card,Refunded,U.K.,save10,
ORD-108658,CUST-2203,01/04/2026,Mobile App,Credit Card,Refunded,Deutschland,,
ORD-108659,CUST-1372,2025-11-30,website,Bank Transfer,SHIPPED,France,SAVE10,
ORD-108660,CUST-2396,18-Apr-2025,Phone Order,PayPal,Processing,DE,none,
ORD-108661,CUST-1470,05/27/2025,In-Store,credit card,Processing,Nigeria,SAVE10,
ORD-108662,CUST-3741,2024-05-28,Marketplace,Crypto,completed,France,,
ORD-108663,CUST-2298,"November 12, 2025",Mobile App,Debit Card,Refunded,ZA,WELCOME2025,
ORD-108664,CUST-2269,08/05/2025,Marketplace,Debit Card,SHIPPED,canada,,
ORD-108665,CUST-3244,"December 23, 2024",MOBILE APP,credit card,Completed,united states,none,
ORD-108666,CUST-3723,2024-02-16,Mobile App,Credit Card,Processing,Britain,WELCOME2025,
ORD-108667,CUST-1933,05/12/2026,website,Bank Transfer,completed,Deutschland,WELCOME2025,
ORD-108668,CUST-3964,2024/04/01,Mobile App,Bank Transfer,Refunded,australia,save10,
ORD-108669,CUST-1582,02/21/2024,In-Store,Cash on Delivery,Processing,England,SAVE10,
ORD-108670,CUST-3697,02/22/2024,Website,Bank Transfer,Pending,England,WELCOME2025,
ORD-108671,CUST-2750,06/16/2024,website,PayPal,Cancelled,IN,,
ORD-108672,CUST-2401,26/06/2025,Mobile App,credit card,Cancelled,France,,
ORD-108673,CUST-2343,22-Jan-2026,website,Cash on Delivery,Pending,South Africa,,
ORD-108674,CUST-2557,"March 30, 2026",MOBILE APP,Cash on Delivery,completed,CA,,
ORD-108675,CUST-2126,2024-01-15,Mobile App,Crypto,Refunded,canada,SAVE10,
ORD-108676,CUST-1145,2025-02-11,Mobile App,credit card,completed,NG,N/A,
ORD-108677,CUST-2176,04/24/2026,Mobile App,PayPal,Pending,USA,save10,
ORD-108678,CUST-1195,07/07/2025,In-Store,Debit Card,Cancelled,Australia,WELCOME2025,
ORD-108679,CUST-2328,2024-08-09,MOBILE APP,Cash on Delivery,Completed,United States,none,
ORD-108680,CUST-3948,"January 07, 2024",Marketplace,credit card,Cancelled,Deutschland,,
ORD-108681,CUST-2575,2025-12-21,Mobile App,Cash on Delivery,SHIPPED,FR,,
ORD-108682,CUST-3400,00/00/2025,MOBILE APP,Credit Card,completed,canada,N/A,
ORD-108683,CUST-2243,04-Dec-2024,In-Store,credit card,completed,germany,,
ORD-108684,CUST-2959,10-Aug-2024,Marketplace,Cash on Delivery,completed,india,WELCOME2025,
ORD-108685,CUST-2590,17/07/2026,website,Crypto,Delivered,France,none,
ORD-108686,CUST-3098,03/31/2025,Website,credit card,Processing,NG,save10,
ORD-108687,CUST-3069,"December 19, 2024",Mobile App,Credit Card,Pending,united states,SAVE10,
ORD-108688,CUST-2581,05/08/2025,Mobile App,Crypto,Cancelled,Bharat,WELCOME2025,
ORD-108689,CUST-3863,29-May-2025,website,Credit Card,Cancelled,Brazil,SAVE10,
ORD-108690,CUST-2620,03/13/2025,Phone Order,credit card,Refunded,UK,,
ORD-108691,CUST-2511,2025-09-02,MOBILE APP,Bank Transfer,Cancelled,India,WELCOME2025,
ORD-108692,CUST-1028,01/04/2025,MOBILE APP,Crypto,SHIPPED,nigeria,none,
ORD-108693,CUST-1306,2025-07-30,Website,Bank Transfer,Completed,india,N/A,
ORD-108694,CUST-2406,02/03/2024,Marketplace,Credit Card,Completed,FR,N/A,
ORD-108695,CUST-3938,05-Mar-2024,In-Store,Credit Card,Processing,Canada,,
ORD-108696,CUST-2354,29/01/2026,website,PayPal,Cancelled,United States,save10,
ORD-108697,CUST-3882,"November 20, 2024",Mobile App,credit card,completed,Nigeria,SAVE10,
ORD-108698,CUST-1274,2024/11/28,MOBILE APP,Credit Card,completed,India,,
ORD-108699,CUST-2639,23-Feb-2025,Website,PayPal,Completed,FR,save10,
ORD-108700,CUST-1952,"October 25, 2025",In-Store,Cash on Delivery,Refunded,Brasil,,
ORD-108701,CUST-3835,2024/04/05,Phone Order,Crypto,Processing,IN,,
ORD-108702,CUST-3388,10-Sep-2024,Mobile App,PayPal,Pending,France,save10,
ORD-108703,CUST-1910,01/08/2026,In-Store,Debit Card,Delivered,ZA,save10,
ORD-108704,CUST-1111,07/10/2025,MOBILE APP,Debit Card,Completed,australia,none,
ORD-108705,CUST-1718,01/05/2026,Marketplace,credit card,Delivered,RSA,WELCOME2025,
ORD-108706,CUST-2233,2026/01/27,In-Store,Debit Card,Processing,Canada,SAVE10,
ORD-108707,CUST-3409,2026-01-08,,PayPal,Completed,UK,save10,
ORD-108708,CUST-3370,17-Jan-2025,Website,Cash on Delivery,completed,France,SAVE10,
ORD-108709,CUST-1643,2026/05/23,Marketplace,credit card,Processing,India,WELCOME2025,
ORD-108710,CUST-1499,2025/12/25,In-Store,Credit Card,Processing,RSA,,
ORD-108711,CUST-2293,2025/10/16,In-Store,Bank Transfer,Refunded,United States of America,,
ORD-108712,CUST-3566,2024/02/15,Phone Order,Cash on Delivery,Cancelled,FR,none,
ORD-108713,CUST-1581,29/08/2024,Marketplace,Crypto,Refunded,RSA,N/A,
ORD-108714,CUST-1899,25/09/2025,Website,Credit Card,SHIPPED,France,,
ORD-108715,CUST-1664,14/11/2024,Phone Order,credit card,Completed,Nigéria,WELCOME2025,
ORD-108716,CUST-1817,"June 03, 2025",Mobile App,PayPal,SHIPPED,France,N/A,
ORD-108717,CUST-2774,00/00/2025,Phone Order,credit card,Completed,united states,SAVE10,
ORD-108718,CUST-1065,"August 15, 2025",Phone Order,Crypto,Delivered,Brasil,,
ORD-108719,CUST-1092,26-Feb-2024,In-Store,Cash on Delivery,completed,BR,none,
ORD-108720,CUST-1555,18-Aug-2025,website,Crypto,Delivered,australia,,
ORD-108721,CUST-3860,23/09/2025,Mobile App,Cash on Delivery,Pending,Britain,SAVE10,
ORD-108722,CUST-3159,"February 28, 2025",In-Store,Debit Card,Completed,CA,N/A,
ORD-108723,CUST-2572,"July 02, 2026",Mobile App,Cash on Delivery,Pending,Nigéria,SAVE10,
ORD-108724,CUST-2995,05/07/2025,In-Store,credit card,completed,Australia,SAVE10,
ORD-108725,CUST-3494,30/09/2025,Phone Order,Cash on Delivery,Completed,UK,SAVE10,
ORD-108726,CUST-3889,2026-07-16,Mobile App,Debit Card,Delivered,Nigéria,WELCOME2025,
ORD-108727,CUST-1086,2025/02/08,Website,Bank Transfer,SHIPPED,RSA,,
ORD-108728,CUST-1714,16-Jun-2024,In-Store,Credit Card,SHIPPED,United Kingdom,,
ORD-108729,CUST-1672,11/08/2025,MOBILE APP,Crypto,Refunded,US,none,
ORD-108730,CUST-2383,"February 26, 2024",In-Store,Bank Transfer,Pending,Nigéria,none,
ORD-108731,CUST-3733,17-Nov-2024,Mobile App,credit card,Pending,france,WELCOME2025,
ORD-108732,CUST-1122,25-Feb-2024,Phone Order,Bank Transfer,Processing,India,SAVE10,
ORD-108733,CUST-2564,20-Jan-2025,In-Store,Crypto,Completed,Australia,none,
ORD-108734,CUST-1918,"June 30, 2025",In-Store,Debit Card,Delivered,Nigeria,WELCOME2025,
ORD-108735,CUST-2166,05/23/2024,Phone Order,Debit Card,SHIPPED,Brasil,SAVE10,
ORD-108736,CUST-2365,"June 21, 2026",Mobile App,Crypto,Processing,BR,WELCOME2025,
ORD-108737,CUST-3243,06/16/2025,MOBILE APP,Crypto,Pending,Canada,,
ORD-108738,CUST-1711,"May 14, 2026",Phone Order,Crypto,Cancelled,France,N/A,
ORD-108739,CUST-3987,01/06/2026,website,Credit Card,Pending,france,N/A,
ORD-108740,CUST-3638,16/06/2024,website,credit card,SHIPPED,CA,none,
ORD-108741,CUST-3394,2024/05/10,Phone Order,Debit Card,Cancelled,AU,,
ORD-108742,CUST-1313,2025/08/16,Mobile App,Crypto,completed,South Africa,N/A,
ORD-108743,CUST-1438,2025-04-29,Mobile App,Cash on Delivery,Pending,canada,,
ORD-108744,CUST-1715,02-Oct-2025,MOBILE APP,Crypto,Completed,ZA,SAVE10,
ORD-108745,CUST-3957,2024/12/30,Phone Order,Bank Transfer,SHIPPED,RSA,save10,
ORD-108746,CUST-1733,16-Sep-2025,website,Credit Card,Cancelled,BR,,
ORD-108747,CUST-2210,06/01/2025,MOBILE APP,Cash on Delivery,Completed,DE,SAVE10,
ORD-108748,CUST-2809,20/11/2027,website,PayPal,completed,United States,save10,
ORD-108749,CUST-2536,02/12/2024,Phone Order,Credit Card,completed,RSA,,
ORD-108750,CUST-3279,"March 15, 2024",Website,PayPal,Refunded,AU,SAVE10,
ORD-108751,CUST-3174,30/10/2024,Marketplace,PayPal,completed,Brazil,save10,
ORD-108752,CUST-2416,27-Jul-2025,Phone Order,Debit Card,Refunded,IN,WELCOME2025,
ORD-108753,CUST-1251,2025/02/07,In-Store,PayPal,completed,Australia,save10,
ORD-108754,CUST-2869,02/26/2025,Phone Order,credit card,Completed,CA,SAVE10,
ORD-108755,CUST-1863,22-Feb-2024,website,Debit Card,completed,USA,SAVE10,
ORD-108756,CUST-1527,"February 05, 2024",Mobile App,PayPal,completed,Britain,save10,
ORD-108757,CUST-2469,"September 01, 2024",Mobile App,Cash on Delivery,Cancelled,Brasil,WELCOME2025,
ORD-108758,CUST-1614,05/31/2025,Phone Order,Debit Card,completed,U.S.A.,,
ORD-108759,CUST-2794,11/12/2024,Marketplace,credit card,Cancelled,United Kingdom,N/A,
ORD-108760,CUST-2408,03/05/2025,Phone Order,Credit Card,Refunded,france,SAVE10,
ORD-108761,CUST-2632,30/05/2025,Phone Order,Bank Transfer,Delivered,Germany,,
ORD-108762,CUST-2517,06/01/2025,In-Store,Crypto,Cancelled,NG,N/A,
ORD-108763,CUST-1989,"May 30, 2025",MOBILE APP,Credit Card,Processing,IN,none,
ORD-108764,CUST-3884,2024-12-19,Phone Order,Crypto,Delivered,AU,,
ORD-108765,CUST-1359,2024/03/19,Marketplace,Cash on Delivery,Completed,United States of America,WELCOME2025,
ORD-108766,CUST-1560,2027/07/01,MOBILE APP,Cash on Delivery,Completed,france,SAVE10,
ORD-108767,CUST-1079,2025-09-19,website,PayPal,Refunded,NG,,
ORD-108768,CUST-2611,01/08/2024,Marketplace,Crypto,completed,Britain,save10,
ORD-108769,CUST-3919,2025-10-01,Marketplace,Bank Transfer,Pending,FR,save10,
ORD-108770,CUST-3136,2024-07-06,In-Store,Crypto,Cancelled,NG,WELCOME2025,
ORD-108771,CUST-1434,2027-09-27,Phone Order,Crypto,Pending,Nigéria,save10,
ORD-108772,CUST-1756,"February 20, 2024",Marketplace,Cash on Delivery,Delivered,germany,N/A,
ORD-108773,CUST-2308,25/04/2024,Phone Order,credit card,Processing,U.K.,,
ORD-108774,CUST-2756,15-Mar-2024,In-Store,PayPal,completed,Britain,none,
ORD-108775,CUST-2679,24/08/2024,In-Store,PayPal,Completed,England,N/A,
ORD-108776,CUST-1935,"September 12, 2024",Marketplace,Credit Card,Cancelled,United States of America,SAVE10,
ORD-108777,CUST-2172,2025-10-13,Marketplace,Debit Card,Cancelled,IN,N/A,
ORD-108778,CUST-1916,05/01/2026,Phone Order,Cash on Delivery,Delivered,United Kingdom,N/A,
ORD-108779,CUST-3377,17/09/2024,Phone Order,Credit Card,Cancelled,nigeria,,
ORD-108780,CUST-2829,02/10/2025,MOBILE APP,Credit Card,Pending,Canada,save10,
ORD-108781,CUST-2647,"December 15, 2024",Website,PayPal,Completed,France,none,
ORD-108782,CUST-1741,08/19/2024,In-Store,credit card,Completed,Nigéria,,
ORD-108783,CUST-2353,30/05/2025,Mobile App,PayPal,Refunded,S. Africa,save10,
ORD-108784,CUST-1695,2026-03-06,Website,Credit Card,SHIPPED,U.K.,N/A,
ORD-108785,CUST-2756,15/02/2026,website,Cash on Delivery,Delivered,india,save10,
ORD-108786,CUST-1490,20-Jan-2026,Website,Cash on Delivery,Refunded,canada,N/A,
ORD-108787,CUST-1726,20-Jan-2025,website,Crypto,Cancelled,Deutschland,,
ORD-108788,CUST-3315,2024/08/09,Website,Cash on Delivery,SHIPPED,Germany,,
ORD-108789,CUST-1242,24-Jan-2025,MOBILE APP,Credit Card,Refunded,FR,,
ORD-108790,CUST-1249,2026-01-02,Phone Order,PayPal,Processing,canada,SAVE10,
ORD-108791,CUST-3129,"November 08, 2025",Phone Order,Bank Transfer,SHIPPED,FR,SAVE10,
ORD-108792,CUST-3803,07/23/2024,Website,Crypto,Pending,australia,save10,
ORD-108793,CUST-2527,2026-04-22,website,Crypto,SHIPPED,FR,WELCOME2025,
ORD-108794,CUST-3103,2025-04-09,Mobile App,Credit Card,Pending,Australia,N/A,
ORD-108795,CUST-1191,19/04/2026,Phone Order,credit card,Processing,india,,
ORD-108796,CUST-3714,2025/03/31,Mobile App,Debit Card,SHIPPED,Bharat,save10,
ORD-108797,CUST-3691,2025/03/13,In-Store,Credit Card,Completed,U.K.,SAVE10,
ORD-108798,CUST-3056,17-Mar-2026,website,Bank Transfer,Cancelled,Australia,SAVE10,
ORD-108799,CUST-3521,2024-06-24,MOBILE APP,Credit Card,Delivered,India,save10,
ORD-108800,CUST-3759,03-Jun-2026,Website,Bank Transfer,SHIPPED,South Africa,,
ORD-108801,CUST-1927,2026/06/13,Website,PayPal,SHIPPED,CA,save10,
ORD-108802,CUST-2975,05-Aug-2024,Website,Debit Card,SHIPPED,England,SAVE10,
ORD-108803,CUST-2864,2024-01-22,Website,PayPal,SHIPPED,Nigéria,save10,
ORD-108804,CUST-2938,30-Jul-2025,website,Cash on Delivery,Refunded,Nigéria,none,
ORD-108805,CUST-3159,04/20/2027,MOBILE APP,Bank Transfer,Completed,DE,,
ORD-108806,CUST-2978,06/27/2025,Marketplace,credit card,Pending,nigeria,N/A,
ORD-108807,CUST-1726,06/16/2025,Marketplace,Debit Card,completed,FR,,
ORD-108808,CUST-1950,05/14/2025,MOBILE APP,PayPal,Delivered,Canada,,
ORD-108809,CUST-3729,2024/06/08,Mobile App,Cash on Delivery,completed,nigeria,,
ORD-108810,CUST-3181,21-Feb-2024,Website,Cash on Delivery,Delivered,canada,WELCOME2025,
ORD-108811,CUST-1869,09/28/2024,In-Store,Cash on Delivery,Processing,Brasil,WELCOME2025,
ORD-108812,CUST-1151,2025-03-13,Website,Credit Card,Cancelled,AU,,
ORD-108813,CUST-1477,2025-12-23,In-Store,Credit Card,Completed,india,none,
ORD-108814,CUST-2593,"October 21, 2024",Marketplace,Credit Card,Processing,Brazil,N/A,
ORD-108815,CUST-3646,"May 31, 2025",Website,PayPal,Cancelled,S. Africa,N/A,
ORD-108816,CUST-1546,05/02/2024,MOBILE APP,Bank Transfer,Pending,IN,,
ORD-108817,CUST-1655,27-Mar-2026,Mobile App,credit card,Delivered,AU,N/A,
ORD-108818,CUST-1939,"May 28, 2025",Phone Order,PayPal,Pending,England,save10,
ORD-108819,CUST-2561,2025-13-05,MOBILE APP,Bank Transfer,Refunded,USA,save10,
ORD-108820,CUST-1849,02/08/2026,website,Debit Card,Delivered,US,save10,
ORD-108821,CUST-3752,17/10/2025,Mobile App,Debit Card,Delivered,india,,
ORD-108822,CUST-3393,12/16/2025,Phone Order,Credit Card,Cancelled,CA,N/A,
ORD-108823,CUST-2440,06/02/2025,MOBILE APP,Bank Transfer,Cancelled,Nigéria,save10,
ORD-108824,CUST-3586,2024-01-03,MOBILE APP,Crypto,SHIPPED,United Kingdom,SAVE10,
ORD-108825,CUST-1546,"May 22, 2025",In-Store,Credit Card,Cancelled,india,SAVE10,
ORD-108826,CUST-3005,2025-04-13,website,Credit Card,Cancelled,South Africa,SAVE10,
ORD-108827,CUST-2580,2025/04/27,Mobile App,PayPal,completed,Canada,SAVE10,
ORD-108828,CUST-1056,"February 02, 2024",In-Store,Credit Card,Refunded,CA,N/A,
ORD-108829,CUST-1013,"July 30, 2025",Mobile App,Debit Card,Cancelled,Germany,,
ORD-108830,CUST-1134,02/26/2024,Mobile App,Bank Transfer,Completed,RSA,,
ORD-108831,CUST-2173,2024/11/26,Marketplace,Bank Transfer,Cancelled,FR,save10,
ORD-108832,CUST-3366,2024-10-02,MOBILE APP,Credit Card,Pending,BR,none,
ORD-108833,CUST-3030,2026/05/10,Phone Order,Cash on Delivery,Delivered,CA,,
ORD-108834,CUST-2707,02/06/2026,website,Crypto,Delivered,United States,none,
ORD-108835,CUST-1072,26/12/2025,Marketplace,Cash on Delivery,Delivered,AU,none,
ORD-108836,CUST-3019,05/01/2025,Mobile App,Credit Card,Delivered,South Africa,save10,
ORD-108837,CUST-1205,04/03/2024,In-Store,credit card,completed,nigeria,N/A,
ORD-108838,CUST-2460,06/02/2025,website,credit card,Pending,NG,SAVE10,
ORD-108839,CUST-3294,07/21/2024,In-Store,Crypto,SHIPPED,canada,save10,
ORD-108840,CUST-1356,20/07/2026,Website,Credit Card,Cancelled,Britain,none,
ORD-108841,CUST-1562,17/08/2024,MOBILE APP,Bank Transfer,Delivered,Nigeria,,
ORD-108842,CUST-1632,2026-02-10,website,Debit Card,completed,Bharat,WELCOME2025,
ORD-108843,CUST-1617,01/05/2026,Website,PayPal,Pending,canada,save10,
ORD-108844,CUST-3668,2025-11-03,Website,Cash on Delivery,Completed,Brazil,,
ORD-108845,CUST-3962,17/01/2025,Phone Order,Debit Card,completed,United States of America,SAVE10,
ORD-108846,CUST-3244,2025-01-25,In-Store,credit card,SHIPPED,S. Africa,SAVE10,
ORD-108847,CUST-1747,2025-01-16,MOBILE APP,credit card,Processing,Brasil,,
ORD-108848,CUST-3443,2024-04-10,Website,Bank Transfer,Completed,IN,N/A,
ORD-108849,CUST-1561,12/07/2025,Website,PayPal,Processing,australia,SAVE10,
ORD-108850,CUST-1565,2025-01-11,Marketplace,Bank Transfer,Processing,Brasil,none,
ORD-108851,CUST-1941,01/24/2025,Website,Bank Transfer,SHIPPED,nigeria,none,
ORD-108852,CUST-1039,"October 21, 2025",In-Store,credit card,Delivered,Germany,none,
ORD-108853,CUST-3597,"August 26, 2025",Marketplace,Credit Card,Completed,united states,WELCOME2025,
ORD-108854,CUST-2963,2025-05-21,Marketplace,Credit Card,Pending,England,SAVE10,
ORD-108855,CUST-2953,16/02/2024,Mobile App,credit card,Pending,UK,none,
ORD-108856,CUST-3448,"June 06, 2025",website,Debit Card,Cancelled,U.S.A.,save10,
ORD-108857,CUST-3931,2025-02-24,website,Debit Card,Pending,Brasil,,
ORD-108858,CUST-2278,"September 12, 2024",Mobile App,Crypto,SHIPPED,Nigeria,save10,
ORD-108859,CUST-2736,2025/11/05,In-Store,PayPal,Cancelled,france,none,
ORD-108860,CUST-2456,11/06/2026,MOBILE APP,PayPal,completed,U.K.,,
ORD-108861,CUST-3174,05/28/2026,Phone Order,Crypto,Pending,South Africa,N/A,
ORD-108862,CUST-2589,2025-01-10,Mobile App,Debit Card,Cancelled,germany,,
ORD-108863,CUST-3687,27-Nov-2024,Phone Order,Debit Card,Cancelled,RSA,,
ORD-108864,CUST-1521,2025-06-26,website,Debit Card,Completed,Deutschland,WELCOME2025,
ORD-108865,CUST-3901,15-Jan-2026,Website,Debit Card,Completed,IN,,
ORD-108866,CUST-3248,2024-08-17,MOBILE APP,Cash on Delivery,completed,South Africa,none,
ORD-108867,CUST-2150,"June 28, 2025",website,Debit Card,Completed,CA,none,
ORD-108868,CUST-1180,2026-06-20,Phone Order,Credit Card,Refunded,France,SAVE10,
ORD-108869,CUST-3074,2025-02-26,Mobile App,Cash on Delivery,Delivered,CA,WELCOME2025,
ORD-108870,CUST-1504,2026/03/11,MOBILE APP,Bank Transfer,Completed,Nigeria,N/A,
ORD-108871,CUST-1670,2024/04/19,website,Cash on Delivery,Processing,S. Africa,N/A,
ORD-108872,CUST-2230,04/29/2026,website,Bank Transfer,Delivered,france,,
ORD-108873,CUST-1664,2024/05/24,In-Store,PayPal,completed,Bharat,WELCOME2025,
ORD-108874,CUST-2792,2024/05/15,Mobile App,Cash on Delivery,Cancelled,U.K.,N/A,
ORD-108875,CUST-3141,2026/03/27,Marketplace,credit card,Delivered,Canada,SAVE10,
ORD-108876,CUST-1076,"July 19, 2026",MOBILE APP,credit card,Pending,Deutschland,,
ORD-108877,CUST-1733,2026-01-29,website,Cash on Delivery,SHIPPED,Canada,save10,
ORD-108878,CUST-3203,20-Sep-2024,MOBILE APP,Debit Card,Delivered,USA,N/A,
ORD-108879,CUST-2361,2025/06/02,Mobile App,Cash on Delivery,completed,australia,save10,
ORD-108880,CUST-1671,2024/11/09,Marketplace,Crypto,Refunded,RSA,,
ORD-108881,CUST-1470,05/29/2026,In-Store,Debit Card,Delivered,United Kingdom,none,
ORD-108882,CUST-2316,"May 10, 2024",MOBILE APP,Credit Card,completed,nigeria,,
ORD-108883,CUST-2298,09/18/2025,MOBILE APP,Debit Card,Processing,USA,none,
ORD-108884,CUST-2239,02/21/2026,Website,PayPal,Completed,S. Africa,SAVE10,
ORD-108885,CUST-3417,15/03/2026,Marketplace,credit card,Pending,ZA,save10,
ORD-108886,CUST-1382,25-Jul-2025,Marketplace,Cash on Delivery,Delivered,FR,save10,
ORD-108887,CUST-1789,2024-12-15,Marketplace,Bank Transfer,Pending,U.S.A.,,
ORD-108888,CUST-3979,19/02/2026,Website,Bank Transfer,SHIPPED,United Kingdom,N/A,
ORD-108889,CUST-3225,"October 08, 2024",Website,Credit Card,Cancelled,France,save10,
ORD-108890,CUST-1563,01-Feb-2026,MOBILE APP,Credit Card,Completed,UK,SAVE10,
ORD-108891,CUST-2580,04-Sep-2024,MOBILE APP,PayPal,Pending,AU,,
ORD-108892,CUST-3062,15/08/2024,MOBILE APP,Cash on Delivery,Completed,Britain,SAVE10,
ORD-105948,CUST-1625,2024-01-07,In-Store,PayPal,completed,Britain,,
ORD-108894,CUST-2435,11/28/2025,Marketplace,Cash on Delivery,Pending,Deutschland,,
ORD-108895,CUST-1694,16/08/2024,website,Bank Transfer,completed,Nigéria,SAVE10,
ORD-108896,CUST-1544,2026/04/04,In-Store,Bank Transfer,SHIPPED,france,N/A,
ORD-108897,CUST-2022,"July 10, 2026",Website,Debit Card,SHIPPED,IN,,
ORD-108898,CUST-1574,10/04/2025,MOBILE APP,Credit Card,Completed,australia,N/A,
ORD-108899,CUST-1842,2025-10-25,Mobile App,Cash on Delivery,Processing,Brasil,N/A,
ORD-108900,CUST-1758,04/16/2024,Phone Order,credit card,completed,France,,
ORD-108901,CUST-2132,07-Apr-2024,In-Store,Credit Card,completed,United States of America,N/A,
ORD-108902,CUST-1462,2024/02/12,MOBILE APP,Crypto,Pending,Canada,,
ORD-108903,CUST-2933,04/10/2025,website,Cash on Delivery,Refunded,ZA,WELCOME2025,
ORD-108904,CUST-2896,"June 01, 2025",In-Store,Debit Card,Refunded,AU,WELCOME2025,
ORD-108905,CUST-2637,2025/07/13,In-Store,Bank Transfer,Refunded,Nigeria,none,
ORD-108906,CUST-1097,2024/05/01,In-Store,Bank Transfer,Cancelled,United States,,
ORD-108907,CUST-1926,"April 29, 2024",MOBILE APP,PayPal,Cancelled,South Africa,,
ORD-108908,CUST-3568,12-May-2024,In-Store,Bank Transfer,Completed,canada,WELCOME2025,
ORD-108909,CUST-2116,24/01/2024,Mobile App,Bank Transfer,Processing,England,,
ORD-108910,CUST-3904,02/16/2024,In-Store,Bank Transfer,Completed,ZA,,
ORD-108911,CUST-1963,18-Apr-2024,Mobile App,Debit Card,Refunded,England,,
ORD-108912,CUST-1639,02/01/2026,Phone Order,PayPal,Completed,nigeria,WELCOME2025,
ORD-108913,CUST-3334,22/03/2026,Website,PayPal,Completed,india,none,
ORD-108914,CUST-3448,2024/01/21,Mobile App,credit card,completed,FR,SAVE10,
ORD-108915,CUST-3920,14/05/2025,Website,Cash on Delivery,Completed,United States,,
ORD-108916,CUST-3772,21/10/2024,Marketplace,Cash on Delivery,completed,BR,,
ORD-108917,CUST-3575,08-Sep-2024,In-Store,Crypto,Delivered,BR,save10,
ORD-108918,CUST-2032,2025-12-11,Marketplace,Debit Card,Refunded,Britain,SAVE10,
ORD-108919,CUST-2243,2024-03-28,In-Store,Credit Card,SHIPPED,united states,N/A,
ORD-108920,CUST-2379,18-Oct-2024,Mobile App,Cash on Delivery,Refunded,united states,,
ORD-108921,CUST-2359,10/28/2024,Mobile App,Cash on Delivery,SHIPPED,India,,
ORD-108922,CUST-2658,01/05/2026,Phone Order,Crypto,SHIPPED,South Africa,,
ORD-108923,CUST-2761,03/30/2026,MOBILE APP,PayPal,Cancelled,Canada,none,
ORD-108924,CUST-3637,2024/03/04,Website,credit card,Pending,Brazil,N/A,
ORD-108925,CUST-2284,11-Apr-2025,In-Store,credit card,Cancelled,Deutschland,save10,
ORD-108926,CUST-3347,11/24/2025,website,Crypto,completed,BR,N/A,
ORD-108927,CUST-3551,08/12/2025,MOBILE APP,PayPal,SHIPPED,Germany,N/A,
ORD-108928,CUST-2099,18/09/2024,Marketplace,credit card,Completed,Australia,N/A,
ORD-108929,CUST-1962,"January 04, 2025",MOBILE APP,PayPal,Completed,United States of America,,
ORD-108930,CUST-2697,2024/04/12,website,PayPal,SHIPPED,ZA,N/A,
ORD-108931,CUST-2508,2025-01-23,MOBILE APP,Crypto,Delivered,England,save10,
ORD-102792,CUST-1415,"December 03, 2025",Website,Debit Card,Delivered,nigeria,WELCOME2025,
ORD-108933,CUST-2260,2026/01/28,In-Store,Credit Card,Processing,ZA,none,
ORD-108934,CUST-3728,2025/08/18,MOBILE APP,Bank Transfer,Pending,Nigéria,,
ORD-108935,CUST-1191,"June 20, 2024",In-Store,Bank Transfer,SHIPPED,Germany,SAVE10,
ORD-108936,CUST-1900,2024/09/20,Mobile App,PayPal,Delivered,AU,N/A,
ORD-108937,CUST-1172,01-Jul-2026,MOBILE APP,PayPal,SHIPPED,france,none,
ORD-108938,CUST-2519,13-Feb-2024,website,credit card,SHIPPED,Deutschland,,
ORD-108939,CUST-1580,02/10/2024,website,Debit Card,completed,united states,SAVE10,
ORD-108940,CUST-1591,13-Feb-2026,website,Credit Card,Cancelled,USA,WELCOME2025,
ORD-108941,CUST-3955,2024-07-14,Phone Order,Cash on Delivery,Processing,South Africa,WELCOME2025,
ORD-108942,CUST-3030,"January 07, 2026",Website,credit card,Completed,france,save10,
ORD-108943,CUST-1300,2025/10/27,In-Store,Bank Transfer,SHIPPED,BR,,
ORD-108944,CUST-2474,05/09/2026,website,Credit Card,Processing,IN,,
ORD-103745,CUST-2734,2025-08-26,Website,Cash on Delivery,Refunded,canada,N/A,
ORD-108946,CUST-1123,2025-04-22,Mobile App,Cash on Delivery,SHIPPED,france,N/A,
ORD-108947,CUST-2178,09-May-2024,In-Store,Credit Card,SHIPPED,United States,,
ORD-108948,CUST-1758,"August 10, 2025",website,credit card,Completed,USA,,
ORD-108949,CUST-2532,2025/09/08,Mobile App,Bank Transfer,Refunded,australia,N/A,
ORD-108950,CUST-3782,02-Feb-2026,In-Store,Bank Transfer,Delivered,germany,save10,
ORD-108951,CUST-1332,02/19/2024,Phone Order,Cash on Delivery,Delivered,australia,save10,
ORD-108952,CUST-1666,"May 19, 2025",Marketplace,Debit Card,SHIPPED,FR,SAVE10,
ORD-108953,CUST-2853,2024-11-30,website,PayPal,Cancelled,nigeria,,
ORD-108954,CUST-3332,01/03/2026,MOBILE APP,Crypto,Pending,Canada,,
ORD-108955,CUST-2526,2024-03-14,Website,Cash on Delivery,Refunded,nigeria,none,
ORD-108956,CUST-2024,2025-06-20,website,Debit Card,Cancelled,Bharat,SAVE10,
ORD-108957,CUST-1438,17-Nov-2025,Phone Order,PayPal,Refunded,Nigeria,save10,
ORD-108958,CUST-3495,2024/03/14,Marketplace,PayPal,completed,CA,,
ORD-108959,CUST-1023,24-Jan-2024,Website,Credit Card,Pending,australia,N/A,
ORD-108960,CUST-3234,02-Jan-2024,Mobile App,Cash on Delivery,Processing,Australia,none,
ORD-108961,CUST-2353,15/09/2024,website,Cash on Delivery,Cancelled,ZA,WELCOME2025,
ORD-108962,CUST-3975,25/05/2026,Website,Cash on Delivery,Pending,USA,WELCOME2025,
ORD-108963,CUST-3721,09/03/2024,MOBILE APP,credit card,Cancelled,Nigéria,none,
ORD-108964,CUST-1552,"April 30, 2026",Marketplace,Crypto,Processing,india,none,
ORD-108965,CUST-2305,2026/01/06,Mobile App,credit card,Completed,united states,WELCOME2025,
ORD-108966,CUST-2788,2025-01-17,MOBILE APP,PayPal,Refunded,S. Africa,SAVE10,
ORD-108967,CUST-2168,"January 25, 2025",Phone Order,PayPal,Completed,india,N/A,
ORD-108968,CUST-2505,"March 18, 2025",In-Store,Cash on Delivery,Completed,Nigéria,save10,
ORD-108969,CUST-2647,07/02/2025,Mobile App,credit card,SHIPPED,Canada,none,
ORD-108970,CUST-2024,2025/11/24,Website,Bank Transfer,completed,UK,,
ORD-108971,CUST-2078,11-Sep-2025,In-Store,credit card,Completed,Canada,save10,
ORD-108972,CUST-2837,13-May-2025,Phone Order,Debit Card,completed,germany,WELCOME2025,
ORD-108973,CUST-1769,16/03/2024,Mobile App,Debit Card,Pending,australia,,
ORD-108974,CUST-3540,"June 21, 2026",Mobile App,PayPal,Processing,BR,none,
ORD-108975,CUST-1772,25/05/2026,Phone Order,Bank Transfer,Completed,DE,SAVE10,
ORD-108976,CUST-3021,07-Jul-2024,Mobile App,Bank Transfer,completed,Britain,,
ORD-108977,CUST-2513,"December 23, 2025",In-Store,Bank Transfer,Cancelled,UK,,
ORD-108978,CUST-2559,2025/11/25,Phone Order,Bank Transfer,Completed,United States,SAVE10,
ORD-108979,CUST-2577,2025/07/29,In-Store,Credit Card,Processing,Nigéria,N/A,
ORD-108980,CUST-2762,"January 30, 2026",MOBILE APP,Credit Card,Completed,Brasil,,
ORD-108981,CUST-1993,2024/12/19,Phone Order,Credit Card,completed,BR,SAVE10,
ORD-108982,CUST-2227,2025/03/09,In-Store,Bank Transfer,Completed,India,,
ORD-108983,CUST-3412,2024/09/10,Phone Order,Debit Card,completed,CA,,
ORD-108984,CUST-2521,01/07/2024,MOBILE APP,PayPal,Delivered,U.K.,SAVE10,
ORD-108985,CUST-2784,2027-02-15,Mobile App,Cash on Delivery,Completed,US,,
ORD-108986,CUST-2206,"July 21, 2024",website,PayPal,Cancelled,Britain,save10,
ORD-108987,CUST-2586,06/02/2024,Phone Order,Credit Card,Cancelled,australia,,
ORD-108988,CUST-3240,"August 19, 2025",website,Credit Card,Processing,U.S.A.,WELCOME2025,
ORD-108989,CUST-2378,21-Jan-2024,Marketplace,Crypto,Pending,NG,,
ORD-108990,CUST-2486,2024-12-03,Website,Crypto,completed,S. Africa,N/A,
ORD-108991,CUST-3912,06/05/2025,Mobile App,Debit Card,SHIPPED,india,N/A,
ORD-108992,CUST-3463,14-Aug-2025,Mobile App,Crypto,Refunded,UK,,
ORD-108993,CUST-2762,28-Sep-2024,Phone Order,Credit Card,Pending,india,,
ORD-108994,CUST-3931,"March 15, 2024",In-Store,Cash on Delivery,Refunded,india,,
ORD-108995,CUST-2199,16-Sep-2024,In-Store,Credit Card,SHIPPED,Brazil,WELCOME2025,
ORD-108996,CUST-3417,06/01/2026,In-Store,Cash on Delivery,SHIPPED,france,,
ORD-108997,CUST-2520,02-Aug-2024,Mobile App,PayPal,Refunded,Germany,SAVE10,
ORD-108998,CUST-1286,27/08/2027,Phone Order,Credit Card,Processing,United States of America,WELCOME2025,
ORD-108999,CUST-1610,14-Jan-2025,website,Cash on Delivery,SHIPPED,Deutschland,WELCOME2025,
ORD-109000,CUST-1566,2024/03/19,Marketplace,Crypto,completed,US,save10,
