OrderLineID,Order_ID,product_id,Qty Ordered,Unit Price at Sale,Line Total,Currency
OL500001,ORD-103113,PRD2065,999,388.96,388571.04,GBP
OL500002,ORD-101133,PRD2145,1,86.95,86.95,USD
OL500003,ORD-103187,PRD2157,999,11.16,11148.84,usd
OL500004,ORD-100043,PRD2065,-1,$46.57,,usd
OL500005,ORD-101510,PRD2157,5,421.43,2107.15,USD
OL500006,ORD-105298,PRD2011,0,366.13,,GBP
OL500007,ORD-106133,PRD2108,3,419.74,1259.22,EUR
OL500008,ORD-106748,PRD2206,999,$291.05,290758.95,GBP
OL500009,ORD-103038,PRD2230,2,367.48,734.96,USD
OL500010,ORD-103968,PRD2187,5,92.75,463.75,US Dollar
OL500011,ORD-100018,PRD2088,1,458.87,458.87,usd
OL500012,ORD-107882,PRD2107,3,344.13,1032.39,EUR
OL500013,ORD-100362,PRD2223,-1,88.85,,US Dollar
OL500014,ORD-108762,PRD2168,2,71.42,142.84,GBP
OL500015,ORD-103335,PRD2242,2,166.79,333.58,GBP
OL500016,ORD-106232,PRD2102,1,$85.72,85.72,GBP
OL500017,ORD-103316,PRD2144,-1,$440.69,,usd
OL500018,ORD-108251,PRD2045,1,171.14,171.14,USD
OL500019,ORD-107552,PRD2222,3,$136.37,409.11,NGN
OL500020,ORD-100261,PRD2105,5,31.14,155.7,NGN
OL500021,ORD-106793,PRD2080,1,286.84,286.84,EUR
OL500022,ORD-106661,PRD2010,3,477.26,1431.78,US Dollar
OL500023,ORD-100704,PRD2114,4,154.58,618.32,usd
OL500024,ORD-103403,PRD2226,0,218.14,,NGN
OL500025,ORD-107265,PRD2123,1,80.64,80.64,NGN
OL500026,ORD-102150,PRD2125,0,$27.55,,usd
OL500027,ORD-106445,PRD2241,1,293.63,293.63,US Dollar
OL500028,ORD-102794,PRD2146,5,224.35,1121.75,US Dollar
OL500029,ORD-100560,PRD2078,5,69.18,345.9,EUR
OL500030,ORD-107196,PRD2017,1,$484.6,484.6,GBP
OL500031,ORD-107903,PRD2081,-1,214.6,,GBP
OL500032,ORD-105170,PRD2095,2,190.86,381.72,GBP
OL500033,ORD-107222,PRD2017,5,247.0,1235.0,NGN
OL500034,ORD-103045,PRD2061,3,479.99,1439.97,USD
OL500035,ORD-101093,PRD2191,4,$237.7,950.8,USD
OL500036,ORD-102987,PRD2100,999,7.62,7612.38,EUR
OL500037,ORD-100840,PRD2141,2,312.23,624.46,USD
OL500038,ORD-107908,PRD2164,1,31.64,31.64,EUR
OL500039,ORD-104550,PRD2207,-1,311.4,,US Dollar
OL500040,ORD-108480,PRD2045,3,188.44,565.32,usd
OL500041,ORD-107143,PRD2206,3,448.04,1344.12,US Dollar
OL500042,ORD-108957,PRD2016,4,377.71,1510.84,USD
OL500043,ORD-100458,PRD2093,-1,96.81,,USD
OL500044,ORD-104319,PRD2169,5,51.94,259.7,usd
OL500045,ORD-107850,PRD2135,0,$45.03,,EUR
OL500046,ORD-105796,PRD2060,4,474.88,1899.52,NGN
OL500047,ORD-107258,PRD2078,4,189.93,759.72,US Dollar
OL500048,ORD-107838,PRD2051,4,21.15,84.6,EUR
OL500049,ORD-108979,PRD2080,5,16.72,83.6,GBP
OL500050,ORD-105041,PRD2129,5,69.52,347.6,GBP
OL500051,ORD-102883,PRD2080,2,201.95,403.9,NGN
OL500052,ORD-108719,PRD2024,2,490.54,981.08,US Dollar
OL500053,ORD-106006,PRD2106,4,387.82,1551.28,EUR
OL500054,ORD-103888,PRD2158,1,54.38,54.38,NGN
OL500055,ORD-106998,PRD2144,-1,122.52,,NGN
OL500056,ORD-103748,PRD2030,2,251.59,503.18,NGN
OL500057,ORD-103727,PRD2105,5,333.04,1665.2,NGN
OL500058,ORD-107369,PRD2192,3,456.77,1370.31,NGN
OL500059,ORD-103415,PRD2248,1,333.2,333.2,NGN
OL500060,ORD-104852,PRD2149,1,263.07,263.07,GBP
OL500061,ORD-105489,PRD2192,4,227.01,908.04,NGN
OL500062,ORD-105841,PRD2119,999,$87.58,87492.42,US Dollar
OL500063,ORD-100626,PRD2013,4,441.37,1765.48,EUR
OL500064,ORD-108650,PRD2166,1,108.95,108.95,usd
OL500065,ORD-101635,PRD2067,4,122.62,490.48,EUR
OL500066,ORD-101018,PRD2092,5,291.87,1459.35,EUR
OL500067,ORD-106251,PRD2091,2,323.7,647.4,GBP
OL500068,ORD-105528,PRD2031,2,$415.57,831.14,NGN
OL500069,ORD-104523,PRD2022,4,$71.38,285.52,GBP
OL500070,ORD-105282,PRD2221,5,146.85,734.25,NGN
OL500071,ORD-101076,PRD2073,5,461.85,2309.25,NGN
OL500072,ORD-100191,PRD2237,1,216.29,216.29,US Dollar
OL500073,ORD-101709,PRD2165,5,$88.76,443.8,NGN
OL500074,ORD-105347,PRD2072,1,$170.68,170.68,USD
OL500075,ORD-105734,PRD2177,4,277.59,1110.36,usd
OL500076,ORD-107452,PRD2072,3,365.01,1095.03,USD
OL500077,ORD-105444,PRD2134,4,41.2,164.8,USD
OL500078,ORD-101271,PRD2241,3,160.08,480.24,USD
OL500079,ORD-108193,PRD2020,2,140.48,280.96,NGN
OL500080,ORD-100201,PRD2186,2,404.85,809.7,GBP
OL500081,ORD-107632,PRD2229,1,$102.93,102.93,USD
OL500082,ORD-108488,PRD2065,5,115.32,576.6,GBP
OL500083,ORD-107853,PRD2016,5,399.52,1997.6,GBP
OL500084,ORD-108065,PRD2091,1,423.26,423.26,GBP
OL500085,ORD-101162,PRD2018,2,448.63,897.26,EUR
OL500086,ORD-103304,PRD2030,-1,$312.76,,USD
OL500087,ORD-108837,PRD2225,4,299.19,1196.76,NGN
OL500088,ORD-100618,PRD2178,1,13.33,13.33,USD
OL500089,ORD-100552,PRD2078,2,105.19,210.38,US Dollar
OL500090,ORD-101715,PRD2188,5,332.42,1662.1,GBP
OL500091,ORD-105326,PRD2207,1,217.16,217.16,NGN
OL500092,ORD-106822,PRD2117,1,76.6,76.6,US Dollar
OL500093,ORD-106714,PRD2128,1,234.5,234.5,NGN
OL500094,ORD-101846,PRD2165,1,206.63,206.63,GBP
OL500095,ORD-103773,PRD2222,4,315.74,1262.96,US Dollar
OL500096,ORD-105548,PRD2194,999,289.26,288970.74,NGN
OL500097,ORD-101923,PRD2032,3,27.2,81.6,GBP
OL500098,ORD-108762,PRD2151,1,138.41,138.41,EUR
OL500099,ORD-105348,PRD2241,5,371.23,1856.15,EUR
OL500100,ORD-108610,PRD2207,4,361.54,1446.16,USD
OL500101,ORD-105334,PRD2082,3,$114.16,342.48,GBP
OL500102,ORD-105247,PRD2055,2,62.15,124.3,US Dollar
OL500103,ORD-104304,PRD2008,1,467.6,467.6,EUR
OL500104,ORD-106755,PRD2125,999,76.49,76413.51,NGN
OL500105,ORD-103856,PRD2214,3,399.25,1197.75,usd
OL500106,ORD-107853,PRD2149,999,326.51,326183.49,NGN
OL500107,ORD-103628,PRD2195,1,497.37,497.37,usd
OL500108,ORD-107158,PRD2004,2,294.46,588.92,usd
OL500109,ORD-108217,PRD2046,4,242.59,970.36,NGN
OL500110,ORD-101674,PRD2242,2,447.93,895.86,GBP
OL500111,ORD-103569,PRD2174,3,$87.6,262.8,US Dollar
OL500112,ORD-108347,PRD2204,999,262.65,262387.35,US Dollar
OL500113,ORD-107698,PRD2066,4,334.04,1336.16,US Dollar
OL500114,ORD-105590,PRD2092,999,362.73,362367.27,USD
OL500115,ORD-101661,PRD2214,-1,95.4,,GBP
OL500116,ORD-100430,PRD2106,999,198.53,198331.47,NGN
OL500117,ORD-100085,PRD2120,999,$150.95,150799.05,USD
OL500118,ORD-107799,PRD2049,5,99.4,497.0,USD
OL500119,ORD-103169,PRD2048,2,88.38,176.76,NGN
OL500120,ORD-105791,PRD2159,3,134.4,403.2,US Dollar
OL500121,ORD-100412,PRD2004,0,436.12,,usd
OL500122,ORD-102534,PRD2038,2,95.03,190.06,usd
OL500123,ORD-107795,PRD2137,4,303.26,1213.04,GBP
OL500124,ORD-105291,PRD2147,2,202.85,405.7,US Dollar
OL500125,ORD-108203,PRD2227,5,301.64,1508.2,US Dollar
OL500126,ORD-102872,PRD2200,3,310.64,931.92,NGN
OL500127,ORD-106269,PRD2175,5,398.73,1993.65,NGN
OL500128,ORD-108521,PRD2072,2,$320.13,640.26,usd
OL500129,ORD-108764,PRD2128,-1,$426.06,,USD
OL500130,ORD-101124,PRD2169,2,$232.12,464.24,USD
OL500131,ORD-104496,PRD2014,2,$75.42,150.84,NGN
OL500132,ORD-105435,PRD2231,1,338.61,338.61,EUR
OL500133,ORD-100894,PRD2215,0,198.86,,NGN
OL500134,ORD-102038,PRD2134,999,223.62,223396.38,GBP
OL500135,ORD-106588,PRD2061,2,304.47,608.94,NGN
OL500136,ORD-104451,PRD2218,4,$494.39,1977.56,USD
OL500137,ORD-105248,PRD2008,4,328.55,1314.2,GBP
OL500138,ORD-105666,PRD2216,2,436.29,872.58,NGN
OL500139,ORD-101636,PRD2121,5,20.07,100.35,usd
OL500140,ORD-107042,PRD2250,2,146.3,292.6,GBP
OL500141,ORD-108285,PRD2213,0,2.05,,NGN
OL500142,ORD-108614,PRD2138,3,440.09,1320.27,GBP
OL500143,ORD-100304,PRD2232,4,164.26,657.04,USD
OL500144,ORD-103132,PRD2167,2,495.48,990.96,US Dollar
OL500145,ORD-107483,PRD2141,999,307.62,307312.38,GBP
OL500146,ORD-107742,PRD2207,2,445.06,890.12,EUR
OL500147,ORD-107231,PRD2101,3,369.14,1107.42,GBP
OL500148,ORD-108756,PRD2162,2,205.19,410.38,USD
OL500149,ORD-100192,PRD2049,2,70.5,141.0,NGN
OL500150,ORD-105568,PRD2217,3,3.02,9.06,usd
OL500151,ORD-103356,PRD2223,2,176.66,353.32,GBP
OL500152,ORD-103990,PRD2204,3,450.09,1350.27,US Dollar
OL500153,ORD-107694,PRD2117,3,72.99,218.97,US Dollar
OL500154,ORD-103444,PRD2229,4,158.08,632.32,USD
OL500155,ORD-106117,PRD2206,3,108.89,326.67,usd
OL500156,ORD-100882,PRD2006,5,$8.2,41.0,GBP
OL500157,ORD-101513,PRD2195,1,26.9,26.9,GBP
OL500158,ORD-102376,PRD2016,3,22.5,67.5,USD
OL500159,ORD-106157,PRD2229,1,357.95,357.95,US Dollar
OL500160,ORD-104273,PRD2203,3,275.46,826.38,EUR
OL500161,ORD-101689,PRD2223,3,130.95,392.85,usd
OL500162,ORD-105970,PRD2108,0,73.8,,NGN
OL500163,ORD-102350,PRD2010,4,341.19,1364.76,US Dollar
OL500164,ORD-108511,PRD2117,2,119.77,239.54,NGN
OL500165,ORD-103550,PRD2076,2,201.2,402.4,NGN
OL500166,ORD-100871,PRD2155,5,301.72,1508.6,USD
OL500167,ORD-100673,PRD2008,-1,491.15,,GBP
OL500168,ORD-103557,PRD2234,4,472.95,1891.8,NGN
OL500169,ORD-108389,PRD2061,999,402.54,402137.46,EUR
OL500170,ORD-103734,PRD2243,3,17.11,51.33,usd
OL500171,ORD-103647,PRD2120,2,284.74,569.48,usd
OL500172,ORD-102150,PRD2104,2,57.3,114.6,US Dollar
OL500173,ORD-105304,PRD2018,3,$5.0,15.0,GBP
OL500174,ORD-107353,PRD2215,5,191.53,957.65,EUR
OL500175,ORD-103645,PRD2228,-1,279.29,,NGN
OL500176,ORD-102150,PRD2055,1,362.37,362.37,NGN
OL500177,ORD-104475,PRD2227,5,394.5,1972.5,USD
OL500178,ORD-104751,PRD2021,3,261.76,785.28,usd
OL500179,ORD-102017,PRD2070,0,38.31,,usd
OL500180,ORD-103739,PRD2166,4,25.53,102.12,GBP
OL500181,ORD-105806,PRD2035,4,370.77,1483.08,US Dollar
OL500182,ORD-108792,PRD2115,5,43.4,217.0,usd
OL500183,ORD-100005,PRD2235,0,320.79,,US Dollar
OL500184,ORD-102740,PRD2153,1,472.16,472.16,GBP
OL500185,ORD-103874,PRD2245,3,313.92,941.76,USD
OL500186,ORD-102516,PRD2235,2,125.78,251.56,US Dollar
OL500187,ORD-102544,PRD2029,2,388.61,777.22,GBP
OL500188,ORD-104501,PRD2013,3,362.13,1086.39,US Dollar
OL500189,ORD-102603,PRD2035,0,379.46,,usd
OL500190,ORD-108994,PRD2171,4,198.53,794.12,US Dollar
OL500191,ORD-100771,PRD2201,5,103.11,515.55,NGN
OL500192,ORD-101941,PRD2048,3,76.14,228.42,GBP
OL500193,ORD-102536,PRD2105,999,167.24,167072.76,EUR
OL500194,ORD-106580,PRD2199,0,25.58,,usd
OL500195,ORD-102511,PRD2089,5,438.7,2193.5,NGN
OL500196,ORD-103154,PRD2010,4,$234.4,937.6,EUR
OL500197,ORD-108273,PRD2084,1,132.41,132.41,USD
OL500198,ORD-107123,PRD2198,2,171.97,343.94,GBP
OL500199,ORD-100230,PRD2173,1,$125.77,125.77,NGN
OL500200,ORD-105514,PRD2089,3,379.1,1137.3,usd
OL500201,ORD-103809,PRD2113,2,270.22,540.44,GBP
OL500202,ORD-106598,PRD2108,4,17.81,71.24,USD
OL500203,ORD-103652,PRD2082,2,467.66,935.32,NGN
OL500204,ORD-108070,PRD2089,3,315.71,947.13,GBP
OL500205,ORD-105531,PRD2135,-1,45.83,,US Dollar
OL500206,ORD-103472,PRD2172,4,31.68,126.72,NGN
OL500207,ORD-108930,PRD2073,0,383.16,,USD
OL500208,ORD-104467,PRD2016,1,401.62,401.62,usd
OL500209,ORD-101118,PRD2092,2,303.56,607.12,GBP
OL500210,ORD-103601,PRD2046,1,136.89,136.89,EUR
OL500211,ORD-107140,PRD2170,2,371.04,742.08,EUR
OL500212,ORD-105977,PRD2211,-1,269.08,,USD
OL500213,ORD-104511,PRD2188,1,290.06,290.06,US Dollar
OL500214,ORD-102938,PRD2077,0,461.51,,US Dollar
OL500215,ORD-102514,PRD2072,999,$258.78,258521.22,NGN
OL500216,ORD-104735,PRD2056,4,424.53,1698.12,USD
OL500217,ORD-102253,PRD2175,0,$294.56,,US Dollar
OL500218,ORD-101684,PRD2031,-1,309.49,,USD
OL500219,ORD-100677,PRD2012,2,347.74,695.48,USD
OL500220,ORD-100602,PRD2065,4,335.86,1343.44,US Dollar
OL500221,ORD-106152,PRD2028,5,310.04,1550.2,usd
OL500222,ORD-104594,PRD2052,3,$427.33,1281.99,NGN
OL500223,ORD-105645,PRD2151,4,$309.13,1236.52,EUR
OL500224,ORD-104859,PRD2056,3,416.27,1248.81,usd
OL500225,ORD-107423,PRD2017,1,289.83,289.83,EUR
OL500226,ORD-102638,PRD2041,0,$272.08,,GBP
OL500227,ORD-103893,PRD2242,999,132.31,132177.69,USD
OL500228,ORD-106218,PRD2136,5,164.39,821.95,EUR
OL500229,ORD-108500,PRD2099,3,90.31,270.93,usd
OL500230,ORD-106041,PRD2027,0,330.49,,usd
OL500231,ORD-100356,PRD2217,3,$482.57,1447.71,NGN
OL500232,ORD-101339,PRD2100,2,155.36,310.72,NGN
OL500233,ORD-100030,PRD2043,-1,214.01,,NGN
OL500234,ORD-104154,PRD2093,999,125.15,125024.85,EUR
OL500235,ORD-105653,PRD2068,1,407.15,407.15,US Dollar
OL500236,ORD-103000,PRD2167,-1,$320.76,,GBP
OL500237,ORD-106327,PRD2125,-1,161.63,,GBP
OL500238,ORD-101802,PRD2185,4,428.15,1712.6,EUR
OL500239,ORD-105155,PRD2217,2,$278.18,556.36,GBP
OL500240,ORD-102807,PRD2132,4,490.94,1963.76,US Dollar
OL500241,ORD-103164,PRD2245,2,75.57,151.14,GBP
OL500242,ORD-106368,PRD2037,5,272.69,1363.45,GBP
OL500243,ORD-104614,PRD2038,0,184.05,,NGN
OL500244,ORD-100065,PRD2105,4,47.53,190.12,NGN
OL500245,ORD-107366,PRD2171,5,325.42,1627.1,USD
OL500246,ORD-100225,PRD2053,0,257.35,,US Dollar
OL500247,ORD-106978,PRD2186,999,363.14,362776.86,US Dollar
OL500248,ORD-103407,PRD2063,1,$422.36,422.36,USD
OL500249,ORD-108156,PRD2025,4,20.34,81.36,EUR
OL500250,ORD-102785,PRD2207,1,290.1,290.1,USD
OL500251,ORD-108683,PRD2100,4,$5.78,23.12,EUR
OL500252,ORD-107756,PRD2183,4,149.78,599.12,EUR
OL500253,ORD-100192,PRD2039,1,328.08,328.08,NGN
OL500254,ORD-105025,PRD2158,1,118.43,118.43,EUR
OL500255,ORD-104462,PRD2021,5,148.15,740.75,usd
OL500256,ORD-108251,PRD2130,-1,354.87,,GBP
OL500257,ORD-100459,PRD2157,0,78.3,,USD
OL500258,ORD-104093,PRD2203,3,475.12,1425.36,US Dollar
OL500259,ORD-100288,PRD2056,2,315.99,631.98,USD
OL500260,ORD-105030,PRD2020,3,55.86,167.58,USD
OL500261,ORD-107551,PRD2171,2,354.75,709.5,usd
OL500262,ORD-107814,PRD2227,999,132.09,131957.91,usd
OL500263,ORD-106147,PRD2048,4,38.54,154.16,USD
OL500264,ORD-101566,PRD2231,-1,208.52,,NGN
OL500265,ORD-107980,PRD2165,0,462.17,,GBP
OL500266,ORD-108373,PRD2216,5,150.36,751.8,GBP
OL500267,ORD-101498,PRD2187,4,293.09,1172.36,EUR
OL500268,ORD-102935,PRD2145,1,80.04,80.04,NGN
OL500269,ORD-108261,PRD2122,2,$363.77,727.54,US Dollar
OL500270,ORD-100531,PRD2137,-1,317.85,,USD
OL500271,ORD-103373,PRD2064,4,$82.13,328.52,NGN
OL500272,ORD-105844,PRD2100,0,351.12,,usd
OL500273,ORD-106342,PRD2045,999,473.19,472716.81,EUR
OL500274,ORD-101269,PRD2129,5,195.88,979.4,EUR
OL500275,ORD-102477,PRD2145,1,166.65,166.65,GBP
OL500276,ORD-107738,PRD2145,4,99.4,397.6,NGN
OL500277,ORD-108239,PRD2008,999,449.94,449490.06,NGN
OL500278,ORD-106966,PRD2145,3,271.06,813.18,usd
OL500279,ORD-107397,PRD9417,999,196.48,196283.52,NGN
OL500280,ORD-106390,PRD2227,1,365.74,365.74,usd
OL500281,ORD-105884,PRD2015,999,86.76,86673.24,usd
OL500282,ORD-105744,PRD2172,1,247.83,247.83,NGN
OL500283,ORD-104866,PRD2207,1,41.68,41.68,USD
OL500284,ORD-103259,PRD2069,-1,193.95,,usd
OL500285,ORD-101018,PRD2125,3,447.77,1343.31,USD
OL500286,ORD-101662,PRD2185,999,439.91,439470.09,EUR
OL500287,ORD-100494,PRD2246,4,434.8,1739.2,EUR
OL500288,ORD-107128,PRD2041,999,307.14,306832.86,usd
OL500289,ORD-101437,PRD2096,2,493.08,986.16,US Dollar
OL500290,ORD-101772,PRD2082,5,483.61,2418.05,NGN
OL500291,ORD-103249,PRD2031,4,491.36,1965.44,US Dollar
OL500292,ORD-100401,PRD2078,4,50.73,202.92,EUR
OL500293,ORD-105860,PRD2245,1,359.38,359.38,GBP
OL500294,ORD-106855,PRD2249,3,104.09,312.27,EUR
OL500295,ORD-104402,PRD2010,5,$272.37,1361.85,NGN
OL500296,ORD-100083,PRD2108,5,218.74,1093.7,usd
OL500297,ORD-108311,PRD2019,3,$146.88,440.64,US Dollar
OL500298,ORD-100652,PRD2046,5,71.29,356.45,EUR
OL500299,ORD-105862,PRD2144,1,246.65,246.65,USD
OL500300,ORD-101863,PRD2205,4,132.71,530.84,US Dollar
OL500301,ORD-107641,PRD2249,3,380.59,1141.77,GBP
OL500302,ORD-106193,PRD2117,1,110.83,110.83,NGN
OL500303,ORD-104147,PRD2173,5,24.64,123.2,USD
OL500304,ORD-101078,PRD2086,2,383.02,766.04,usd
OL500305,ORD-105184,PRD2194,3,270.94,812.82,US Dollar
OL500306,ORD-101433,PRD2218,1,407.75,407.75,NGN
OL500307,ORD-107492,PRD2126,4,249.5,998.0,GBP
OL500308,ORD-105540,PRD2193,2,463.77,927.54,EUR
OL500309,ORD-105722,PRD2069,5,161.0,805.0,USD
OL500310,ORD-100886,PRD2212,4,10.43,41.72,USD
OL500311,ORD-101711,PRD2122,2,487.69,975.38,US Dollar
OL500312,ORD-102899,PRD9721,1,153.96,153.96,USD
OL500313,ORD-100246,PRD2038,3,464.33,1392.99,NGN
OL500314,ORD-102509,PRD2186,1,268.26,268.26,GBP
OL500315,ORD-105942,PRD2034,5,289.52,1447.6,GBP
OL500316,ORD-100994,PRD2063,2,489.09,978.18,EUR
OL500317,ORD-100931,PRD2208,-1,34.66,,EUR
OL500318,ORD-106562,PRD2207,1,83.75,83.75,usd
OL500319,ORD-106570,PRD2126,2,99.41,198.82,US Dollar
OL500320,ORD-108074,PRD2067,2,$442.92,885.84,US Dollar
OL500321,ORD-104661,PRD2187,1,241.1,241.1,USD
OL500322,ORD-104077,PRD2171,5,$320.69,1603.45,GBP
OL500323,ORD-101295,PRD2134,5,491.61,2458.05,USD
OL500324,ORD-100626,PRD2223,-1,118.88,,usd
OL500325,ORD-103174,PRD2055,4,404.46,1617.84,US Dollar
OL500326,ORD-101385,PRD2143,4,388.09,1552.36,NGN
OL500327,ORD-100114,PRD2075,1,127.09,127.09,USD
OL500328,ORD-101042,PRD2066,4,23.01,92.04,USD
OL500329,ORD-103049,PRD2106,3,377.27,1131.81,GBP
OL500330,ORD-103986,PRD2116,2,$394.06,788.12,US Dollar
OL500331,ORD-104283,PRD2163,2,235.37,470.74,usd
OL500332,ORD-107642,PRD2028,999,395.54,395144.46,usd
OL500333,ORD-104608,PRD2211,2,40.51,81.02,GBP
OL500334,ORD-102182,PRD2212,0,150.75,,USD
OL500335,ORD-104221,PRD2237,2,461.04,922.08,usd
OL500336,ORD-102354,PRD2027,-1,$385.66,,USD
OL500337,ORD-105642,PRD2104,2,85.96,171.92,US Dollar
OL500338,ORD-102015,PRD2095,999,94.28,94185.72,US Dollar
OL500339,ORD-100853,PRD2223,4,462.59,1850.36,NGN
OL500340,ORD-100877,PRD2185,3,$345.8,1037.4,NGN
OL500341,ORD-108807,PRD2078,999,360.86,360499.14,US Dollar
OL500342,ORD-105438,PRD2199,3,380.14,1140.42,GBP
OL500343,ORD-103133,PRD2080,0,186.36,,GBP
OL500344,ORD-103019,PRD2104,5,96.67,483.35,NGN
OL500345,ORD-100185,PRD2067,1,494.95,494.95,NGN
OL500346,ORD-108465,PRD2073,-1,401.25,,GBP
OL500347,ORD-107735,PRD2031,4,178.31,713.24,US Dollar
OL500348,ORD-108046,PRD2129,-1,139.84,,US Dollar
OL500349,ORD-102605,PRD2226,0,424.79,,USD
OL500350,ORD-104192,PRD2029,5,257.33,1286.65,NGN
OL500351,ORD-100022,PRD2230,5,151.33,756.65,EUR
OL500352,ORD-102321,PRD2245,2,197.21,394.42,EUR
OL500353,ORD-105402,PRD2208,5,$434.45,2172.25,EUR
OL500354,ORD-102427,PRD2160,2,66.39,132.78,NGN
OL500355,ORD-105532,PRD2120,5,$74.76,373.8,EUR
OL500356,ORD-104839,PRD2249,999,343.91,343566.09,GBP
OL500357,ORD-106123,PRD2012,1,$103.97,103.97,NGN
OL500358,ORD-106000,PRD2079,999,489.13,488640.87,NGN
OL500359,ORD-101877,PRD2162,999,174.35,174175.65,NGN
OL500360,ORD-100708,PRD2177,1,290.21,290.21,NGN
OL500361,ORD-107522,PRD2186,0,124.63,,US Dollar
OL500362,ORD-100866,PRD2044,999,153.37,153216.63,EUR
OL500363,ORD-104811,PRD2188,2,443.93,887.86,EUR
OL500364,ORD-103274,PRD2041,4,351.48,1405.92,GBP
OL500365,ORD-104277,PRD2139,2,94.68,189.36,US Dollar
OL500366,ORD-101613,PRD2019,2,374.85,749.7,GBP
OL500367,ORD-104342,PRD2126,1,331.54,331.54,usd
OL500368,ORD-100840,PRD2151,0,273.3,,usd
OL500369,ORD-102023,PRD2149,0,$110.92,,USD
OL500370,ORD-104009,PRD2211,3,$299.0,897.0,US Dollar
OL500371,ORD-103019,PRD2106,4,254.75,1019.0,GBP
OL500372,ORD-103195,PRD2120,4,286.22,1144.88,NGN
OL500373,ORD-100948,PRD2192,4,108.0,432.0,NGN
OL500374,ORD-103325,PRD2056,5,$452.29,2261.45,USD
OL500375,ORD-104318,PRD2201,4,263.54,1054.16,NGN
OL500376,ORD-107077,PRD2063,0,243.02,,EUR
OL500377,ORD-107668,PRD2248,5,187.52,937.6,EUR
OL500378,ORD-106559,PRD2241,5,397.65,1988.25,GBP
OL500379,ORD-103555,PRD2194,2,$428.1,856.2,usd
OL500380,ORD-102596,PRD2044,1,9.92,9.92,EUR
OL500381,ORD-107439,PRD2234,0,438.87,,US Dollar
OL500382,ORD-106964,PRD2023,5,238.81,1194.05,EUR
OL500383,ORD-104295,PRD2226,1,$367.17,367.17,GBP
OL500384,ORD-106306,PRD2226,2,14.2,28.4,US Dollar
OL500385,ORD-100240,PRD2097,3,278.18,834.54,EUR
OL500386,ORD-106158,PRD2175,5,242.93,1214.65,US Dollar
OL500387,ORD-104937,PRD2118,3,371.4,1114.2,EUR
OL500388,ORD-102247,PRD2038,3,181.62,544.86,US Dollar
OL500389,ORD-107226,PRD2110,-1,39.12,,GBP
OL500390,ORD-105855,PRD2063,4,$280.83,1123.32,usd
OL500391,ORD-103815,PRD2180,1,$245.17,245.17,EUR
OL500392,ORD-105450,PRD2123,5,437.65,2188.25,usd
OL500393,ORD-104551,PRD2099,1,$207.07,207.07,NGN
OL500394,ORD-102436,PRD2161,2,281.51,563.02,US Dollar
OL500395,ORD-107863,PRD2224,4,126.7,506.8,GBP
OL500396,ORD-106749,PRD2027,5,$22.07,110.35,EUR
OL500397,ORD-108917,PRD2134,5,214.56,1072.8,GBP
OL500398,ORD-106115,PRD2106,1,$194.09,194.09,GBP
OL500399,ORD-104836,PRD2193,3,429.73,1289.19,usd
OL500400,ORD-106127,PRD2135,3,$167.68,503.04,GBP
OL500401,ORD-100235,PRD2244,999,255.27,255014.73,GBP
OL500402,ORD-108459,PRD2085,5,153.95,769.75,NGN
OL500403,ORD-100267,PRD2227,3,244.51,733.53,USD
OL500404,ORD-106556,PRD2195,3,484.37,1453.11,GBP
OL500405,ORD-108805,PRD2106,4,470.42,1881.68,GBP
OL500406,ORD-103622,PRD2241,0,424.81,,EUR
OL500407,ORD-108338,PRD2212,4,138.61,554.44,US Dollar
OL500408,ORD-100022,PRD9985,1,286.31,286.31,US Dollar
OL500409,ORD-101523,PRD2092,5,141.92,709.6,EUR
OL500410,ORD-108690,PRD2139,5,174.48,872.4,NGN
OL500411,ORD-102400,PRD2218,2,215.16,430.32,GBP
OL500412,ORD-108401,PRD2178,2,392.96,785.92,USD
OL500413,ORD-108665,PRD2092,-1,$467.95,,NGN
OL500414,ORD-106867,PRD2038,4,483.45,1933.8,NGN
OL500415,ORD-107673,PRD2212,5,108.42,542.1,usd
OL500416,ORD-105859,PRD2177,1,$434.12,434.12,NGN
OL500417,ORD-104235,PRD2097,5,265.69,1328.45,USD
OL500418,ORD-102567,PRD2102,3,324.72,974.16,EUR
OL500419,ORD-101467,PRD2209,2,92.4,184.8,EUR
OL500420,ORD-104884,PRD2151,1,348.39,348.39,USD
OL500421,ORD-101581,PRD2092,4,288.86,1155.44,GBP
OL500422,ORD-106471,PRD2133,3,354.78,1064.34,usd
OL500423,ORD-104914,PRD2221,1,407.96,407.96,GBP
OL500424,ORD-102704,PRD2242,3,207.86,623.58,EUR
OL500425,ORD-106080,PRD2195,999,368.06,367691.94,EUR
OL500426,ORD-108291,PRD2131,-1,264.28,,usd
OL500427,ORD-103095,PRD2233,999,211.34,211128.66,USD
OL500428,ORD-103612,PRD2144,5,$406.23,2031.15,NGN
OL500429,ORD-104736,PRD2129,1,59.93,59.93,EUR
OL500430,ORD-103105,PRD2146,4,50.27,201.08,usd
OL500431,ORD-100458,PRD2127,1,18.96,18.96,US Dollar
OL500432,ORD-102352,PRD2130,4,370.94,1483.76,US Dollar
OL500433,ORD-101826,PRD2194,2,197.8,395.6,GBP
OL500434,ORD-105569,PRD2192,2,451.23,902.46,US Dollar
OL500435,ORD-101640,PRD2212,3,$220.11,660.33,usd
OL500436,ORD-101206,PRD2091,5,379.74,1898.7,usd
OL500437,ORD-106552,PRD2112,3,$478.22,1434.66,usd
OL500438,ORD-107614,PRD2135,3,8.06,24.18,USD
OL500439,ORD-107225,PRD2018,4,$76.58,306.32,US Dollar
OL500440,ORD-105594,PRD2141,5,$364.96,1824.8,USD
OL500441,ORD-101183,PRD2080,3,125.13,375.39,USD
OL500442,ORD-101509,PRD2235,3,339.17,1017.51,GBP
OL500443,ORD-103000,PRD2114,2,307.28,614.56,US Dollar
OL500444,ORD-107673,PRD2225,1,299.9,299.9,EUR
OL500445,ORD-105125,PRD2193,4,375.63,1502.52,US Dollar
OL500446,ORD-107753,PRD2037,2,100.43,200.86,US Dollar
OL500447,ORD-100293,PRD2007,3,50.27,150.81,EUR
OL500448,ORD-102898,PRD2180,2,314.82,629.64,GBP
OL500449,ORD-100905,PRD2132,1,333.51,333.51,usd
OL500450,ORD-106989,PRD2038,1,294.38,294.38,US Dollar
OL500451,ORD-102022,PRD2173,4,469.16,1876.64,USD
OL500452,ORD-103381,PRD2048,5,101.24,506.2,USD
OL500453,ORD-105639,PRD2114,3,318.35,955.05,USD
OL500454,ORD-103188,PRD2038,5,188.81,944.05,NGN
OL500455,ORD-102826,PRD2133,4,34.63,138.52,EUR
OL500456,ORD-103761,PRD2090,2,74.3,148.6,NGN
OL500457,ORD-102585,PRD2060,-1,365.02,,GBP
OL500458,ORD-103849,PRD2057,5,113.15,565.75,NGN
OL500459,ORD-102769,PRD2047,4,315.24,1260.96,GBP
OL500460,ORD-102931,PRD2063,2,217.55,435.1,EUR
OL500461,ORD-103592,PRD2215,3,282.53,847.59,usd
OL500462,ORD-105494,PRD2139,1,85.14,85.14,NGN
OL500463,ORD-106066,PRD2099,3,242.11,726.33,NGN
OL500464,ORD-101925,PRD2238,1,320.98,320.98,NGN
OL500465,ORD-106371,PRD2177,3,419.97,1259.91,US Dollar
OL500466,ORD-101305,PRD2010,0,63.21,,usd
OL500467,ORD-103418,PRD2218,3,135.2,405.6,usd
OL500468,ORD-108794,PRD2127,999,345.34,344994.66,usd
OL500469,ORD-102858,PRD2167,3,436.72,1310.16,US Dollar
OL500470,ORD-101097,PRD2225,5,472.34,2361.7,USD
OL500471,ORD-107857,PRD2217,2,383.38,766.76,GBP
OL500472,ORD-103610,PRD2039,3,123.51,370.53,GBP
OL500473,ORD-105788,PRD2097,3,72.78,218.34,usd
OL500474,ORD-106826,PRD2101,0,328.93,,USD
OL500475,ORD-102137,PRD2080,4,$259.48,1037.92,GBP
OL500476,ORD-104533,PRD2047,1,480.97,480.97,GBP
OL500477,ORD-102672,PRD2106,2,76.58,153.16,NGN
OL500478,ORD-105437,PRD2075,5,$383.68,1918.4,USD
OL500479,ORD-103719,PRD2213,-1,89.34,,NGN
OL500480,ORD-107675,PRD2068,4,391.0,1564.0,US Dollar
OL500481,ORD-101637,PRD2177,3,107.58,322.74,EUR
OL500482,ORD-100593,PRD2248,1,207.67,207.67,NGN
OL500483,ORD-103140,PRD2172,3,495.02,1485.06,USD
OL500484,ORD-104946,PRD2041,4,382.91,1531.64,usd
OL500485,ORD-108901,PRD2119,0,116.92,,US Dollar
OL500486,ORD-104342,PRD2068,0,214.76,,NGN
OL500487,ORD-105263,PRD2161,2,305.48,610.96,EUR
OL500488,ORD-102096,PRD2145,2,264.95,529.9,USD
OL500489,ORD-101244,PRD2147,999,61.79,61728.21,GBP
OL500490,ORD-106113,PRD2168,1,3.69,3.69,NGN
OL500491,ORD-102423,PRD2040,5,315.82,1579.1,USD
OL500492,ORD-101047,PRD2213,0,225.7,,NGN
OL500493,ORD-108324,PRD2190,3,364.18,1092.54,USD
OL500494,ORD-103918,PRD2078,1,$342.38,342.38,usd
OL500495,ORD-108373,PRD2224,-1,$87.99,,GBP
OL500496,ORD-106645,PRD2213,1,387.59,387.59,NGN
OL500497,ORD-107526,PRD2119,1,53.15,53.15,EUR
OL500498,ORD-108603,PRD2193,4,23.49,93.96,usd
OL500499,ORD-108422,PRD2057,5,$438.89,2194.45,EUR
OL500500,ORD-100773,PRD2137,3,493.85,1481.55,usd
OL500501,ORD-106291,PRD2029,999,227.46,227232.54,GBP
OL500502,ORD-103131,PRD2109,-1,451.94,,GBP
OL500503,ORD-103900,PRD2097,0,482.28,,US Dollar
OL500504,ORD-102471,PRD2109,3,27.66,82.98,NGN
OL500505,ORD-101181,PRD2155,1,24.95,24.95,usd
OL500506,ORD-107172,PRD2216,999,$62.22,62157.78,US Dollar
OL500507,ORD-100892,PRD2157,5,316.16,1580.8,NGN
OL500508,ORD-107076,PRD2100,2,178.76,357.52,NGN
OL500509,ORD-105543,PRD2189,5,286.25,1431.25,EUR
OL500510,ORD-101009,PRD2053,4,$161.49,645.96,EUR
OL500511,ORD-101648,PRD2124,999,260.63,260369.37,EUR
OL500512,ORD-101807,PRD2220,3,454.57,1363.71,USD
OL500513,ORD-106378,PRD2235,2,$165.28,330.56,NGN
OL500514,ORD-104476,PRD2095,3,372.76,1118.28,NGN
OL500515,ORD-101979,PRD2077,3,354.34,1063.02,NGN
OL500516,ORD-106779,PRD2232,1,$336.15,336.15,USD
OL500517,ORD-104318,PRD2175,3,46.87,140.61,EUR
OL500518,ORD-106828,PRD2057,1,370.31,370.31,US Dollar
OL500519,ORD-100926,PRD2119,4,339.51,1358.04,usd
OL500520,ORD-102210,PRD2169,999,292.53,292237.47,EUR
OL500521,ORD-103887,PRD2068,3,444.73,1334.19,USD
OL500522,ORD-107000,PRD2230,4,385.21,1540.84,NGN
OL500523,ORD-104910,PRD2141,2,449.29,898.58,USD
OL500524,ORD-102697,PRD2212,3,355.77,1067.31,NGN
OL500525,ORD-103518,PRD2183,2,342.32,684.64,EUR
OL500526,ORD-103246,PRD2177,-1,38.55,,NGN
OL500527,ORD-102460,PRD2084,3,416.61,1249.83,USD
OL500528,ORD-107064,PRD2146,999,261.16,260898.84,GBP
OL500529,ORD-100001,PRD2141,3,229.01,687.03,usd
OL500530,ORD-107917,PRD2004,0,237.46,,US Dollar
OL500531,ORD-104876,PRD2220,5,131.16,655.8,USD
OL500532,ORD-104304,PRD2117,3,$320.69,962.07,NGN
OL500533,ORD-104453,PRD2053,2,261.93,523.86,NGN
OL500534,ORD-103481,PRD2067,999,210.47,210259.53,usd
OL500535,ORD-104925,PRD2228,3,497.72,1493.16,US Dollar
OL500536,ORD-100097,PRD2216,-1,236.39,,EUR
OL500537,ORD-103162,PRD2163,999,420.41,419989.59,NGN
OL500538,ORD-102189,PRD2169,-1,28.3,,GBP
OL500539,ORD-106391,PRD2046,3,275.2,825.6,US Dollar
OL500540,ORD-104270,PRD2191,2,28.28,56.56,usd
OL500541,ORD-103616,PRD2017,5,$76.35,381.75,NGN
OL500542,ORD-108226,PRD2173,1,236.79,236.79,EUR
OL500543,ORD-104050,PRD2193,0,264.29,,GBP
OL500544,ORD-101852,PRD2032,2,$375.64,751.28,USD
OL500545,ORD-106459,PRD2147,5,311.28,1556.4,usd
OL500546,ORD-105537,PRD2249,1,41.66,41.66,NGN
OL500547,ORD-106061,PRD2099,2,110.21,220.42,GBP
OL500548,ORD-108856,PRD2246,5,389.17,1945.85,GBP
OL500549,ORD-104129,PRD2010,0,14.44,,GBP
OL500550,ORD-106471,PRD2228,5,248.64,1243.2,usd
OL500551,ORD-101684,PRD2088,3,346.97,1040.91,GBP
OL500552,ORD-103715,PRD2138,1,288.87,288.87,EUR
OL500553,ORD-100087,PRD2135,5,403.76,2018.8,EUR
OL500554,ORD-104819,PRD2059,-1,152.16,,USD
OL500555,ORD-105118,PRD2132,5,477.46,2387.3,usd
OL500556,ORD-100498,PRD2122,5,58.15,290.75,USD
OL500557,ORD-100939,PRD2194,3,$49.83,149.49,usd
OL500558,ORD-105299,PRD2194,5,431.88,2159.4,US Dollar
OL500559,ORD-106204,PRD2096,3,369.15,1107.45,USD
OL500560,ORD-100349,PRD2016,1,$208.05,208.05,US Dollar
OL500561,ORD-106720,PRD2052,1,$112.51,112.51,GBP
OL500562,ORD-100995,PRD2121,4,258.25,1033.0,usd
OL500563,ORD-104229,PRD2129,2,$464.51,929.02,EUR
OL500564,ORD-102301,PRD2113,4,428.48,1713.92,usd
OL500565,ORD-102306,PRD2093,0,8.46,,USD
OL500566,ORD-105974,PRD2064,5,59.21,296.05,US Dollar
OL500567,ORD-107251,PRD2116,4,343.02,1372.08,NGN
OL500568,ORD-103111,PRD2093,-1,330.28,,usd
OL500569,ORD-106734,PRD2136,-1,86.4,,GBP
OL500570,ORD-108963,PRD2193,1,$444.24,444.24,GBP
OL500571,ORD-108137,PRD2125,1,$397.43,397.43,USD
OL500572,ORD-107537,PRD2104,5,117.83,589.15,USD
OL500573,ORD-107253,PRD2185,0,$45.5,,GBP
OL500574,ORD-107663,PRD2140,1,249.93,249.93,US Dollar
OL500575,ORD-103084,PRD2220,-1,267.34,,GBP
OL500576,ORD-100372,PRD2240,1,163.29,163.29,usd
OL500577,ORD-107145,PRD2125,0,161.12,,usd
OL500578,ORD-106093,PRD2193,1,365.74,365.74,EUR
OL500579,ORD-107382,PRD2155,3,194.21,582.63,EUR
OL500580,ORD-103159,PRD2171,2,270.18,540.36,usd
OL500581,ORD-106343,PRD2102,-1,213.33,,USD
OL500582,ORD-107311,PRD2148,1,$370.21,370.21,USD
OL500583,ORD-108216,PRD2163,0,51.85,,GBP
OL500584,ORD-108402,PRD2070,1,205.41,205.41,EUR
OL500585,ORD-104035,PRD2229,1,313.78,313.78,GBP
OL500586,ORD-101109,PRD2207,-1,$341.37,,usd
OL500587,ORD-108474,PRD2094,0,93.93,,USD
OL500588,ORD-103535,PRD2102,0,438.34,,US Dollar
OL500589,ORD-101075,PRD2200,5,158.97,794.85,usd
OL500590,ORD-105491,PRD2022,3,$33.83,101.49,NGN
OL500591,ORD-108299,PRD9726,2,$470.08,940.16,GBP
OL500592,ORD-105587,PRD2183,3,282.5,847.5,US Dollar
OL500593,ORD-101564,PRD2172,4,286.83,1147.32,US Dollar
OL500594,ORD-101018,PRD2134,3,$159.72,479.16,GBP
OL500595,ORD-108306,PRD2137,-1,258.07,,GBP
OL500596,ORD-107572,PRD2237,999,362.08,361717.92,usd
OL500597,ORD-108084,PRD2073,2,43.58,87.16,USD
OL500598,ORD-106985,PRD2150,4,$447.7,1790.8,US Dollar
OL500599,ORD-106271,PRD2056,3,38.18,114.54,EUR
OL500600,ORD-106274,PRD2196,-1,468.77,,US Dollar
OL500601,ORD-104133,PRD2020,4,55.01,220.04,EUR
OL500602,ORD-104657,PRD2250,4,426.65,1706.6,EUR
OL500603,ORD-103615,PRD2215,999,288.58,288291.42,USD
OL500604,ORD-104406,PRD2147,5,258.74,1293.7,NGN
OL500605,ORD-103752,PRD2242,999,309.03,308720.97,USD
OL500606,ORD-104665,PRD2209,5,340.13,1700.65,usd
OL500607,ORD-105315,PRD2084,-1,83.93,,GBP
OL500608,ORD-100264,PRD2186,999,333.49,333156.51,USD
OL500609,ORD-100748,PRD2195,4,267.91,1071.64,NGN
OL500610,ORD-108552,PRD2240,1,7.25,7.25,usd
OL500611,ORD-104555,PRD2219,1,476.03,476.03,usd
OL500612,ORD-103808,PRD2013,-1,$218.14,,US Dollar
OL500613,ORD-102904,PRD2056,4,393.86,1575.44,NGN
OL500614,ORD-100342,PRD2071,0,473.85,,US Dollar
OL500615,ORD-100668,PRD2154,-1,482.59,,NGN
OL500616,ORD-106455,PRD2112,2,8.26,16.52,USD
OL500617,ORD-102004,PRD2098,2,300.04,600.08,GBP
OL500618,ORD-106286,PRD2229,4,30.85,123.4,NGN
OL500619,ORD-107626,PRD2031,2,199.73,399.46,US Dollar
OL500620,ORD-102733,PRD2224,0,59.13,,GBP
OL500621,ORD-104123,PRD2194,1,235.07,235.07,US Dollar
OL500622,ORD-103912,PRD2190,2,$102.49,204.98,GBP
OL500623,ORD-104572,PRD2146,3,$177.09,531.27,EUR
OL500624,ORD-103272,PRD2128,2,74.85,149.7,EUR
OL500625,ORD-105391,PRD2053,3,132.58,397.74,USD
OL500626,ORD-104593,PRD2058,2,421.01,842.02,USD
OL500627,ORD-101320,PRD2049,3,460.4,1381.2,NGN
OL500628,ORD-101914,PRD2213,5,250.09,1250.45,usd
OL500629,ORD-105409,PRD2018,2,385.93,771.86,NGN
OL500630,ORD-104855,PRD2203,999,257.21,256952.79,US Dollar
OL500631,ORD-105981,PRD2058,5,107.08,535.4,NGN
OL500632,ORD-101474,PRD2213,1,271.34,271.34,US Dollar
OL500633,ORD-105470,PRD2220,1,22.42,22.42,US Dollar
OL500634,ORD-107269,PRD2028,3,432.56,1297.68,NGN
OL500635,ORD-103122,PRD2121,2,74.72,149.44,NGN
OL500636,ORD-106259,PRD2029,1,$354.35,354.35,US Dollar
OL500637,ORD-108807,PRD2031,4,472.63,1890.52,GBP
OL500638,ORD-105813,PRD2172,4,75.15,300.6,NGN
OL500639,ORD-106624,PRD2005,3,371.14,1113.42,NGN
OL500640,ORD-103159,PRD2107,3,111.58,334.74,usd
OL500641,ORD-101520,PRD2033,3,152.72,458.16,usd
OL500642,ORD-100199,PRD2013,999,225.54,225314.46,EUR
OL500643,ORD-106401,PRD2190,1,72.79,72.79,EUR
OL500644,ORD-105520,PRD2041,4,84.93,339.72,GBP
OL500645,ORD-104662,PRD2041,5,469.4,2347.0,usd
OL500646,ORD-101162,PRD2191,2,269.52,539.04,GBP
OL500647,ORD-103231,PRD2059,999,353.15,352796.85,NGN
OL500648,ORD-107247,PRD2235,1,494.82,494.82,USD
OL500649,ORD-103244,PRD2145,999,$296.24,295943.76,US Dollar
OL500650,ORD-107318,PRD2079,999,192.9,192707.1,usd
OL500651,ORD-106869,PRD2163,1,142.74,142.74,NGN
OL500652,ORD-101655,PRD2056,5,74.74,373.7,USD
OL500653,ORD-100537,PRD2087,3,197.18,591.54,EUR
OL500654,ORD-106593,PRD2236,5,49.8,249.0,NGN
OL500655,ORD-100796,PRD2190,5,180.41,902.05,EUR
OL500656,ORD-104965,PRD2140,3,323.49,970.47,EUR
OL500657,ORD-108772,PRD2196,5,55.6,278.0,USD
OL500658,ORD-106508,PRD2004,1,9.41,9.41,GBP
OL500659,ORD-103747,PRD2170,-1,385.72,,GBP
OL500660,ORD-100464,PRD2056,3,442.21,1326.63,NGN
OL500661,ORD-100861,PRD2098,2,360.02,720.04,NGN
OL500662,ORD-100107,PRD2143,2,187.09,374.18,USD
OL500663,ORD-108994,PRD2176,0,455.4,,US Dollar
OL500664,ORD-106676,PRD2117,4,159.2,636.8,US Dollar
OL500665,ORD-106079,PRD2181,5,21.74,108.7,US Dollar
OL500666,ORD-103867,PRD2180,999,$123.94,123816.06,EUR
OL500667,ORD-103663,PRD2195,1,59.14,59.14,EUR
OL500668,ORD-103600,PRD2134,-1,259.2,,US Dollar
OL500669,ORD-107620,PRD2079,4,75.68,302.72,GBP
OL500670,ORD-100529,PRD2180,-1,192.8,,GBP
OL500671,ORD-100109,PRD2096,0,462.47,,usd
OL500672,ORD-104807,PRD2218,0,55.77,,NGN
OL500673,ORD-103333,PRD2079,1,73.26,73.26,NGN
OL500674,ORD-106352,PRD2024,4,318.06,1272.24,usd
OL500675,ORD-103451,PRD2206,1,401.23,401.23,NGN
OL500676,ORD-105011,PRD2183,4,365.66,1462.64,US Dollar
OL500677,ORD-102166,PRD2202,1,$355.65,355.65,US Dollar
OL500678,ORD-104891,PRD2145,4,238.9,955.6,USD
OL500679,ORD-102909,PRD2201,1,9.21,9.21,EUR
OL500680,ORD-105096,PRD2172,3,223.99,671.97,USD
OL500681,ORD-108338,PRD2061,4,451.21,1804.84,usd
OL500682,ORD-107327,PRD2018,2,235.07,470.14,usd
OL500683,ORD-104238,PRD2030,3,$299.87,899.61,US Dollar
OL500684,ORD-100386,PRD2164,1,$354.31,354.31,US Dollar
OL500685,ORD-101846,PRD2208,1,151.05,151.05,GBP
OL500686,ORD-100172,PRD2208,5,$109.51,547.55,US Dollar
OL500687,ORD-107670,PRD2189,-1,425.59,,US Dollar
OL500688,ORD-107988,PRD2075,2,201.06,402.12,US Dollar
OL500689,ORD-101866,PRD2010,999,93.94,93846.06,EUR
OL500690,ORD-104921,PRD2164,999,87.35,87262.65,USD
OL500691,ORD-106551,PRD2099,5,367.9,1839.5,US Dollar
OL500692,ORD-108589,PRD2029,3,$120.19,360.57,NGN
OL500693,ORD-100505,PRD2094,4,465.57,1862.28,GBP
OL500694,ORD-102941,PRD2078,999,299.44,299140.56,USD
OL500695,ORD-104659,PRD2241,5,384.28,1921.4,EUR
OL500696,ORD-106875,PRD2231,1,$206.46,206.46,GBP
OL500697,ORD-102487,PRD2049,5,$37.07,185.35,US Dollar
OL500698,ORD-104174,PRD2058,999,179.74,179560.26,NGN
OL500699,ORD-104038,PRD2022,5,346.53,1732.65,US Dollar
OL500700,ORD-106320,PRD2019,999,380.86,380479.14,EUR
OL500701,ORD-102910,PRD2006,3,28.4,85.2,EUR
OL500702,ORD-106294,PRD2045,0,434.62,,US Dollar
OL500703,ORD-101573,PRD2139,2,297.0,594.0,NGN
OL500704,ORD-107978,PRD2214,1,27.46,27.46,GBP
OL500705,ORD-104408,PRD2007,3,286.26,858.78,NGN
OL500706,ORD-101095,PRD2150,3,336.54,1009.62,US Dollar
OL500707,ORD-107991,PRD2218,1,257.12,257.12,NGN
OL500708,ORD-102260,PRD2037,4,15.39,61.56,NGN
OL500709,ORD-105400,PRD2128,2,42.51,85.02,EUR
OL500710,ORD-102711,PRD2125,999,464.85,464385.15,EUR
OL500711,ORD-106148,PRD2103,2,59.32,118.64,EUR
OL500712,ORD-107392,PRD2052,2,214.69,429.38,GBP
OL500713,ORD-103713,PRD2139,1,$271.35,271.35,GBP
OL500714,ORD-101467,PRD2056,-1,80.85,,US Dollar
OL500715,ORD-107628,PRD2200,4,18.77,75.08,usd
OL500716,ORD-104659,PRD2046,4,356.54,1426.16,NGN
OL500717,ORD-104401,PRD2152,999,14.95,14935.05,US Dollar
OL500718,ORD-102778,PRD2066,0,498.0,,EUR
OL500719,ORD-101809,PRD2208,5,81.49,407.45,GBP
OL500720,ORD-101696,PRD2007,999,12.8,12787.2,NGN
OL500721,ORD-103311,PRD2086,1,$498.08,498.08,GBP
OL500722,ORD-108057,PRD2129,1,$160.43,160.43,usd
OL500723,ORD-102922,PRD2058,-1,104.36,,usd
OL500724,ORD-106152,PRD2090,1,480.46,480.46,US Dollar
OL500725,ORD-106654,PRD2152,1,346.98,346.98,usd
OL500726,ORD-107255,PRD2106,0,131.59,,EUR
OL500727,ORD-100802,PRD2181,5,4.01,20.05,EUR
OL500728,ORD-100877,PRD2119,3,481.79,1445.37,GBP
OL500729,ORD-102477,PRD2135,-1,304.69,,GBP
OL500730,ORD-108920,PRD2153,4,69.08,276.32,usd
OL500731,ORD-100284,PRD2215,3,88.23,264.69,EUR
OL500732,ORD-107059,PRD2021,2,$445.38,890.76,US Dollar
OL500733,ORD-101135,PRD2116,5,421.93,2109.65,usd
OL500734,ORD-103140,PRD2137,3,304.88,914.64,EUR
OL500735,ORD-103609,PRD2201,5,40.3,201.5,usd
OL500736,ORD-106060,PRD2239,0,121.06,,USD
OL500737,ORD-106569,PRD2147,3,212.67,638.01,EUR
OL500738,ORD-102872,PRD2016,5,$304.18,1520.9,usd
OL500739,ORD-106468,PRD2224,4,217.61,870.44,USD
OL500740,ORD-101815,PRD2214,-1,241.48,,usd
OL500741,ORD-103897,PRD2194,-1,262.03,,USD
OL500742,ORD-105912,PRD2068,0,324.56,,usd
OL500743,ORD-104619,PRD2192,2,242.85,485.7,NGN
OL500744,ORD-105324,PRD2067,5,27.79,138.95,usd
OL500745,ORD-100942,PRD2015,4,343.22,1372.88,US Dollar
OL500746,ORD-106368,PRD2224,0,227.99,,US Dollar
OL500747,ORD-107275,PRD2059,4,378.29,1513.16,US Dollar
OL500748,ORD-100194,PRD2080,4,86.9,347.6,US Dollar
OL500749,ORD-101315,PRD2017,5,312.73,1563.65,USD
OL500750,ORD-100838,PRD2115,1,87.54,87.54,usd
OL500751,ORD-105315,PRD2059,2,450.63,901.26,USD
OL500752,ORD-108160,PRD2133,1,263.25,263.25,USD
OL500753,ORD-104236,PRD2212,4,$304.38,1217.52,EUR
OL500754,ORD-101046,PRD2134,-1,417.15,,USD
OL500755,ORD-100668,PRD2245,3,213.55,640.65,EUR
OL500756,ORD-104043,PRD2199,1,75.51,75.51,usd
OL500757,ORD-101911,PRD2156,-1,338.04,,EUR
OL500758,ORD-107709,PRD2132,-1,$232.48,,US Dollar
OL500759,ORD-108471,PRD2224,4,491.21,1964.84,GBP
OL500760,ORD-104091,PRD2099,0,146.18,,usd
OL500761,ORD-108727,PRD2144,3,471.31,1413.93,NGN
OL500762,ORD-100227,PRD2178,0,261.01,,GBP
OL500763,ORD-104657,PRD2147,999,44.43,44385.57,usd
OL500764,ORD-106357,PRD2056,999,496.96,496463.04,USD
OL500765,ORD-107505,PRD2212,5,253.9,1269.5,GBP
OL500766,ORD-103411,PRD2125,2,209.18,418.36,GBP
OL500767,ORD-105325,PRD2098,4,256.07,1024.28,USD
OL500768,ORD-100995,PRD2122,2,$437.3,874.6,GBP
OL500769,ORD-108380,PRD2174,4,247.24,988.96,usd
OL500770,ORD-101872,PRD2082,5,$378.96,1894.8,GBP
OL500771,ORD-105266,PRD2223,3,411.09,1233.27,NGN
OL500772,ORD-104905,PRD2081,1,$351.99,351.99,NGN
OL500773,ORD-101140,PRD2208,2,26.5,53.0,USD
OL500774,ORD-102307,PRD2023,4,213.35,853.4,NGN
OL500775,ORD-103107,PRD2101,5,463.9,2319.5,NGN
OL500776,ORD-106550,PRD2100,-1,178.01,,GBP
OL500777,ORD-102539,PRD2050,2,$392.01,784.02,NGN
OL500778,ORD-103620,PRD2184,1,120.73,120.73,USD
OL500779,ORD-108733,PRD2232,1,425.56,425.56,US Dollar
OL500780,ORD-105609,PRD2134,1,$348.84,348.84,EUR
OL500781,ORD-105263,PRD2082,2,312.04,624.08,GBP
OL500782,ORD-104372,PRD2213,0,275.8,,US Dollar
OL500783,ORD-101883,PRD2175,4,432.57,1730.28,USD
OL500784,ORD-102088,PRD2029,2,$63.61,127.22,NGN
OL500785,ORD-105573,PRD2103,5,$386.77,1933.85,NGN
OL500786,ORD-104827,PRD2194,2,496.75,993.5,usd
OL500787,ORD-104827,PRD2089,-1,318.07,,US Dollar
OL500788,ORD-103935,PRD2162,2,$145.87,291.74,US Dollar
OL500789,ORD-108043,PRD2179,999,147.32,147172.68,NGN
OL500790,ORD-103473,PRD2017,3,185.63,556.89,GBP
OL500791,ORD-102550,PRD2066,1,102.18,102.18,GBP
OL500792,ORD-103291,PRD2108,0,417.61,,NGN
OL500793,ORD-102723,PRD2198,999,216.56,216343.44,US Dollar
OL500794,ORD-108565,PRD2106,1,157.71,157.71,usd
OL500795,ORD-104119,PRD2019,0,118.1,,GBP
OL500796,ORD-104995,PRD2016,-1,235.77,,EUR
OL500797,ORD-108792,PRD2007,-1,106.83,,GBP
OL500798,ORD-105434,PRD2141,1,188.57,188.57,USD
OL500799,ORD-103356,PRD2002,4,191.45,765.8,NGN
OL500800,ORD-100057,PRD2219,4,$170.06,680.24,usd
OL500801,ORD-107838,PRD2099,1,260.41,260.41,USD
OL500802,ORD-100192,PRD2248,2,126.62,253.24,NGN
OL500803,ORD-100285,PRD2048,4,446.64,1786.56,USD
OL500804,ORD-102324,PRD2035,-1,26.7,,GBP
OL500805,ORD-105811,PRD2160,0,44.03,,GBP
OL500806,ORD-102496,PRD2168,4,35.89,143.56,NGN
OL500807,ORD-102423,PRD2171,1,9.72,9.72,US Dollar
OL500808,ORD-108669,PRD2195,2,388.22,776.44,usd
OL500809,ORD-107768,PRD2151,4,468.44,1873.76,GBP
OL500810,ORD-100828,PRD2111,1,198.44,198.44,GBP
OL500811,ORD-108395,PRD2147,-1,135.33,,GBP
OL500812,ORD-103633,PRD2126,999,190.0,189810.0,usd
OL500813,ORD-108867,PRD2091,3,130.35,391.05,USD
OL500814,ORD-107403,PRD2014,4,$166.17,664.68,NGN
OL500815,ORD-102494,PRD2094,1,244.07,244.07,GBP
OL500816,ORD-103772,PRD2014,1,106.78,106.78,USD
OL500817,ORD-105404,PRD2085,1,480.17,480.17,US Dollar
OL500818,ORD-103947,PRD2059,-1,343.3,,GBP
OL500819,ORD-108069,PRD2205,2,125.25,250.5,US Dollar
OL500820,ORD-100477,PRD2149,3,167.09,501.27,US Dollar
OL500821,ORD-108918,PRD2194,999,447.19,446742.81,US Dollar
OL500822,ORD-108611,PRD2124,4,406.42,1625.68,USD
OL500823,ORD-106230,PRD2098,-1,375.38,,usd
OL500824,ORD-106739,PRD2045,-1,$350.22,,US Dollar
OL500825,ORD-103497,PRD2169,4,199.69,798.76,usd
OL500826,ORD-100611,PRD2037,-1,466.47,,US Dollar
OL500827,ORD-102786,PRD2184,1,286.96,286.96,NGN
OL500828,ORD-107807,PRD2244,5,285.04,1425.2,US Dollar
OL500829,ORD-108789,PRD2147,5,230.98,1154.9,GBP
OL500830,ORD-102740,PRD2123,4,96.03,384.12,EUR
OL500831,ORD-106293,PRD2071,4,451.23,1804.92,EUR
OL500832,ORD-100965,PRD2169,2,431.94,863.88,usd
OL500833,ORD-105463,PRD2003,2,$302.16,604.32,EUR
OL500834,ORD-100475,PRD2232,1,417.33,417.33,GBP
OL500835,ORD-101271,PRD2047,4,296.7,1186.8,usd
OL500836,ORD-103705,PRD2244,-1,79.99,,US Dollar
OL500837,ORD-106111,PRD2111,999,44.48,44435.52,GBP
OL500838,ORD-104639,PRD9431,4,190.23,760.92,usd
OL500839,ORD-107988,PRD2145,4,276.1,1104.4,US Dollar
OL500840,ORD-106072,PRD2072,999,55.87,55814.13,NGN
OL500841,ORD-105113,PRD2195,1,326.28,326.28,US Dollar
OL500842,ORD-103275,PRD2085,2,92.42,184.84,USD
OL500843,ORD-106471,PRD2161,0,469.91,,usd
OL500844,ORD-106819,PRD2076,3,176.03,528.09,NGN
OL500845,ORD-100597,PRD2208,5,254.64,1273.2,usd
OL500846,ORD-101906,PRD2127,5,194.01,970.05,NGN
OL500847,ORD-108352,PRD2110,-1,$479.6,,EUR
OL500848,ORD-107462,PRD2107,5,264.77,1323.85,NGN
OL500849,ORD-100720,PRD2185,5,$205.09,1025.45,US Dollar
OL500850,ORD-101628,PRD2141,-1,490.66,,US Dollar
OL500851,ORD-101276,PRD2056,5,$4.43,22.15,US Dollar
OL500852,ORD-100216,PRD2046,2,395.21,790.42,USD
OL500853,ORD-108598,PRD2021,-1,401.39,,usd
OL500854,ORD-101316,PRD2146,5,133.56,667.8,usd
OL500855,ORD-103093,PRD2133,5,287.15,1435.75,GBP
OL500856,ORD-106487,PRD2168,-1,456.25,,GBP
OL500857,ORD-101967,PRD2135,2,150.06,300.12,US Dollar
OL500858,ORD-100138,PRD2222,0,292.28,,NGN
OL500859,ORD-103847,PRD2139,1,389.26,389.26,GBP
OL500860,ORD-101930,PRD2145,0,$120.86,,EUR
OL500861,ORD-106608,PRD2173,3,57.2,171.6,USD
OL500862,ORD-107224,PRD2195,2,10.35,20.7,usd
OL500863,ORD-103655,PRD2037,5,$96.34,481.7,GBP
OL500864,ORD-108077,PRD2091,3,339.53,1018.59,GBP
OL500865,ORD-104862,PRD2156,1,299.32,299.32,NGN
OL500866,ORD-108325,PRD2086,3,460.61,1381.83,USD
OL500867,ORD-106138,PRD2011,0,306.92,,NGN
OL500868,ORD-104025,PRD2025,3,341.01,1023.03,usd
OL500869,ORD-103477,PRD2236,1,314.6,314.6,NGN
OL500870,ORD-100595,PRD2203,5,400.08,2000.4,NGN
OL500871,ORD-103881,PRD2077,5,378.78,1893.9,USD
OL500872,ORD-105565,PRD2202,5,191.05,955.25,USD
OL500873,ORD-104240,PRD2239,2,433.71,867.42,GBP
OL500874,ORD-108127,PRD2007,2,181.83,363.66,EUR
OL500875,ORD-102249,PRD2125,1,$198.17,198.17,US Dollar
OL500876,ORD-107330,PRD2023,2,249.37,498.74,NGN
OL500877,ORD-106319,PRD2057,1,377.18,377.18,usd
OL500878,ORD-108490,PRD2248,2,368.43,736.86,EUR
OL500879,ORD-105624,PRD2016,1,$214.81,214.81,USD
OL500880,ORD-100855,PRD2167,-1,414.61,,usd
OL500881,ORD-105995,PRD2008,0,57.66,,US Dollar
OL500882,ORD-108761,PRD2019,5,$284.37,1421.85,USD
OL500883,ORD-101618,PRD2100,2,$407.79,815.58,US Dollar
OL500884,ORD-101370,PRD2222,1,75.5,75.5,USD
OL500885,ORD-101391,PRD2240,3,70.92,212.76,US Dollar
OL500886,ORD-104948,PRD2159,0,98.32,,USD
OL500887,ORD-104034,PRD2015,2,99.51,199.02,usd
OL500888,ORD-102443,PRD2217,1,$72.66,72.66,US Dollar
OL500889,ORD-104074,PRD2173,2,495.29,990.58,GBP
OL500890,ORD-100063,PRD2195,5,463.17,2315.85,NGN
OL500891,ORD-106642,PRD2020,2,434.1,868.2,NGN
OL500892,ORD-103722,PRD2151,4,302.01,1208.04,GBP
OL500893,ORD-104624,PRD2150,1,423.02,423.02,US Dollar
OL500894,ORD-100840,PRD2214,1,$238.94,238.94,US Dollar
OL500895,ORD-106824,PRD2162,-1,$441.62,,USD
OL500896,ORD-107063,PRD2050,1,479.88,479.88,NGN
OL500897,ORD-106122,PRD2233,1,201.41,201.41,usd
OL500898,ORD-107235,PRD2158,999,57.91,57852.09,US Dollar
OL500899,ORD-107119,PRD2231,1,146.12,146.12,USD
OL500900,ORD-100117,PRD2051,2,73.77,147.54,usd
OL500901,ORD-104299,PRD2081,1,436.8,436.8,GBP
OL500902,ORD-105073,PRD2136,1,472.12,472.12,USD
OL500903,ORD-100329,PRD2236,5,$486.48,2432.4,usd
OL500904,ORD-101380,PRD2220,3,496.18,1488.54,NGN
OL500905,ORD-105510,PRD2009,2,151.73,303.46,NGN
OL500906,ORD-105441,PRD2180,5,191.01,955.05,US Dollar
OL500907,ORD-108759,PRD2147,0,272.86,,EUR
OL500908,ORD-103592,PRD2198,1,47.77,47.77,NGN
OL500909,ORD-107558,PRD2058,4,458.78,1835.12,US Dollar
OL500910,ORD-102613,PRD2118,3,174.45,523.35,usd
OL500911,ORD-107624,PRD2169,3,335.82,1007.46,US Dollar
OL500912,ORD-108686,PRD2066,5,$260.44,1302.2,usd
OL500913,ORD-108299,PRD2154,2,55.41,110.82,US Dollar
OL500914,ORD-108319,PRD2058,-1,306.62,,GBP
OL500915,ORD-103517,PRD2013,4,260.3,1041.2,USD
OL500916,ORD-100302,PRD2225,4,238.45,953.8,GBP
OL500917,ORD-100389,PRD2010,5,153.95,769.75,usd
OL500918,ORD-107517,PRD2205,5,67.35,336.75,US Dollar
OL500919,ORD-106612,PRD2047,2,471.31,942.62,NGN
OL500920,ORD-106027,PRD2247,3,44.23,132.69,usd
OL500921,ORD-103598,PRD2014,1,290.38,290.38,US Dollar
OL500922,ORD-106822,PRD2188,999,$388.96,388571.04,usd
OL500923,ORD-102690,PRD2147,999,$476.37,475893.63,USD
OL500924,ORD-108197,PRD2071,2,77.95,155.9,usd
OL500925,ORD-105201,PRD2249,3,405.27,1215.81,USD
OL500926,ORD-108049,PRD2144,1,55.62,55.62,GBP
OL500927,ORD-106147,PRD2187,4,$91.17,364.68,EUR
OL500928,ORD-105602,PRD2030,5,470.45,2352.25,usd
OL500929,ORD-100480,PRD2098,1,126.89,126.89,EUR
OL500930,ORD-108790,PRD2111,3,135.99,407.97,GBP
OL500931,ORD-103272,PRD2222,-1,230.53,,US Dollar
OL500932,ORD-100777,PRD2170,999,$470.41,469939.59,NGN
OL500933,ORD-106581,PRD2112,3,452.7,1358.1,GBP
OL500934,ORD-106696,PRD2092,-1,97.16,,US Dollar
OL500935,ORD-100442,PRD2213,3,263.08,789.24,NGN
OL500936,ORD-107358,PRD2038,5,464.1,2320.5,GBP
OL500937,ORD-102072,PRD2010,4,329.19,1316.76,NGN
OL500938,ORD-105572,PRD2207,999,72.0,71928.0,GBP
OL500939,ORD-103344,PRD2234,5,468.45,2342.25,usd
OL500940,ORD-102023,PRD2157,999,223.59,223366.41,GBP
OL500941,ORD-104154,PRD2059,1,485.49,485.49,US Dollar
OL500942,ORD-108283,PRD2139,0,250.08,,US Dollar
OL500943,ORD-103903,PRD2002,2,22.98,45.96,usd
OL500944,ORD-104013,PRD2134,2,482.19,964.38,US Dollar
OL500945,ORD-104143,PRD2095,5,380.87,1904.35,usd
OL500946,ORD-107983,PRD2241,5,167.45,837.25,EUR
OL500947,ORD-105826,PRD9644,3,261.52,784.56,NGN
OL500948,ORD-107624,PRD2069,4,368.09,1472.36,usd
OL500949,ORD-106464,PRD2063,4,203.19,812.76,NGN
OL500950,ORD-107178,PRD2179,3,196.56,589.68,EUR
OL500951,ORD-106634,PRD2159,5,$289.09,1445.45,EUR
OL500952,ORD-107262,PRD2013,3,187.7,563.1,NGN
OL500953,ORD-108355,PRD2143,3,247.34,742.02,USD
OL500954,ORD-101074,PRD2063,5,362.93,1814.65,usd
OL500955,ORD-102599,PRD2081,3,38.34,115.02,NGN
OL500956,ORD-101569,PRD2090,1,327.03,327.03,USD
OL500957,ORD-102852,PRD2249,0,$71.19,,USD
OL500958,ORD-107612,PRD2048,1,4.38,4.38,USD
OL500959,ORD-105522,PRD2015,4,299.2,1196.8,NGN
OL500960,ORD-100976,PRD2193,4,219.86,879.44,US Dollar
OL500961,ORD-105971,PRD2079,3,$217.83,653.49,GBP
OL500962,ORD-103756,PRD2047,3,463.9,1391.7,EUR
OL500963,ORD-106227,PRD2004,4,206.41,825.64,GBP
OL500964,ORD-106607,PRD2016,3,113.6,340.8,NGN
OL500965,ORD-102598,PRD2224,5,276.77,1383.85,EUR
OL500966,ORD-102849,PRD2132,999,295.93,295634.07,GBP
OL500967,ORD-104394,PRD2236,-1,86.96,,USD
OL500968,ORD-100664,PRD2113,2,52.72,105.44,GBP
OL500969,ORD-102793,PRD2067,-1,42.38,,US Dollar
OL500970,ORD-108050,PRD2001,5,$392.23,1961.15,NGN
OL500971,ORD-108652,PRD2103,4,363.29,1453.16,EUR
OL500972,ORD-106042,PRD2162,1,109.44,109.44,US Dollar
OL500973,ORD-106971,PRD2067,5,69.28,346.4,USD
OL500974,ORD-105267,PRD2248,0,219.55,,GBP
OL500975,ORD-104750,PRD2218,3,157.31,471.93,EUR
OL500976,ORD-106143,PRD2164,5,442.96,2214.8,usd
OL500977,ORD-108411,PRD2071,999,147.57,147422.43,USD
OL500978,ORD-108187,PRD2065,5,204.11,1020.55,NGN
OL500979,ORD-101708,PRD2177,-1,38.89,,USD
OL500980,ORD-102623,PRD2157,2,$31.04,62.08,usd
OL500981,ORD-102286,PRD2209,1,81.88,81.88,EUR
OL500982,ORD-108843,PRD2199,2,92.75,185.5,GBP
OL500983,ORD-106647,PRD2123,3,344.11,1032.33,usd
OL500984,ORD-106906,PRD2235,4,245.36,981.44,NGN
OL500985,ORD-108042,PRD2085,5,319.1,1595.5,US Dollar
OL500986,ORD-103523,PRD2075,1,210.78,210.78,GBP
OL500987,ORD-102000,PRD2132,1,$53.33,53.33,US Dollar
OL500988,ORD-102273,PRD2030,0,$18.47,,usd
OL500989,ORD-105203,PRD2229,3,$245.77,737.31,EUR
OL500990,ORD-107478,PRD2213,4,307.45,1229.8,NGN
OL500991,ORD-107648,PRD2119,1,199.1,199.1,NGN
OL500992,ORD-102787,PRD2076,1,112.85,112.85,NGN
OL500993,ORD-105090,PRD2154,0,425.63,,GBP
OL500994,ORD-101207,PRD2019,5,304.41,1522.05,usd
OL500995,ORD-105399,PRD2176,3,123.54,370.62,usd
OL500996,ORD-101271,PRD2192,3,319.53,958.59,EUR
OL500997,ORD-108065,PRD2093,4,424.54,1698.16,GBP
OL500998,ORD-106840,PRD2012,999,279.5,279220.5,USD
OL500999,ORD-107686,PRD2202,2,142.37,284.74,EUR
OL501000,ORD-100468,PRD2220,5,171.0,855.0,usd
OL501001,ORD-104176,PRD2041,3,106.29,318.87,EUR
OL501002,ORD-102054,PRD2250,0,407.48,,GBP
OL501003,ORD-100624,PRD2137,4,485.91,1943.64,usd
OL501004,ORD-101715,PRD2024,5,348.08,1740.4,NGN
OL501005,ORD-105079,PRD2089,999,37.2,37162.8,usd
OL501006,ORD-108350,PRD2154,3,$16.72,50.16,GBP
OL501007,ORD-104981,PRD2012,5,263.99,1319.95,USD
OL501008,ORD-101651,PRD2116,0,311.07,,NGN
OL501009,ORD-108598,PRD2123,999,488.39,487901.61,US Dollar
OL501010,ORD-104921,PRD2006,2,$75.46,150.92,NGN
OL501011,ORD-101635,PRD2111,-1,12.84,,usd
OL501012,ORD-107367,PRD2060,4,46.39,185.56,USD
OL501013,ORD-100684,PRD2156,2,$324.18,648.36,USD
OL501014,ORD-105321,PRD2199,1,149.63,149.63,NGN
OL501015,ORD-101824,PRD2017,2,84.68,169.36,US Dollar
OL501016,ORD-105792,PRD2122,3,$36.49,109.47,NGN
OL501017,ORD-107375,PRD2107,1,380.92,380.92,EUR
OL501018,ORD-101660,PRD2086,4,32.16,128.64,usd
OL501019,ORD-100703,PRD2189,0,63.92,,US Dollar
OL501020,ORD-102086,PRD2109,4,171.07,684.28,NGN
OL501021,ORD-104021,PRD2196,999,195.59,195394.41,NGN
OL501022,ORD-105137,PRD2033,-1,194.82,,GBP
OL501023,ORD-108755,PRD2078,1,135.57,135.57,USD
OL501024,ORD-103284,PRD2008,4,$351.16,1404.64,EUR
OL501025,ORD-107961,PRD2046,4,$152.67,610.68,US Dollar
OL501026,ORD-100462,PRD2003,5,217.93,1089.65,US Dollar
OL501027,ORD-100716,PRD2121,1,163.24,163.24,usd
OL501028,ORD-105245,PRD2211,3,$248.19,744.57,usd
OL501029,ORD-104701,PRD2051,0,320.91,,usd
OL501030,ORD-107560,PRD2149,3,486.01,1458.03,EUR
OL501031,ORD-106812,PRD2015,2,$134.4,268.8,usd
OL501032,ORD-102253,PRD2104,2,140.46,280.92,EUR
OL501033,ORD-101217,PRD2052,2,369.11,738.22,USD
OL501034,ORD-108086,PRD2079,2,$23.66,47.32,usd
OL501035,ORD-100239,PRD2161,5,431.46,2157.3,GBP
OL501036,ORD-102059,PRD2190,1,450.89,450.89,NGN
OL501037,ORD-108539,PRD2068,1,373.62,373.62,USD
OL501038,ORD-108604,PRD2004,4,409.22,1636.88,US Dollar
OL501039,ORD-105773,PRD2199,0,391.94,,USD
OL501040,ORD-101137,PRD2197,3,457.65,1372.95,EUR
OL501041,ORD-104657,PRD2008,999,484.54,484055.46,usd
OL501042,ORD-102650,PRD2013,999,142.93,142787.07,GBP
OL501043,ORD-108662,PRD2215,3,253.7,761.1,NGN
OL501044,ORD-102151,PRD2138,0,490.15,,EUR
OL501045,ORD-106532,PRD2193,999,53.62,53566.38,USD
OL501046,ORD-104773,PRD2063,4,201.98,807.92,NGN
OL501047,ORD-103765,PRD2012,1,439.44,439.44,US Dollar
OL501048,ORD-101498,PRD2243,3,431.27,1293.81,NGN
OL501049,ORD-100273,PRD2054,999,324.12,323795.88,usd
OL501050,ORD-105087,PRD2064,3,249.82,749.46,GBP
OL501051,ORD-101269,PRD2235,4,90.64,362.56,EUR
OL501052,ORD-104664,PRD2087,4,401.55,1606.2,GBP
OL501053,ORD-107654,PRD2042,5,12.11,60.55,usd
OL501054,ORD-103844,PRD2049,1,398.33,398.33,USD
OL501055,ORD-107548,PRD2009,3,257.75,773.25,GBP
OL501056,ORD-100818,PRD2066,999,392.02,391627.98,EUR
OL501057,ORD-108079,PRD2135,4,409.13,1636.52,EUR
OL501058,ORD-100324,PRD2188,2,212.9,425.8,usd
OL501059,ORD-104487,PRD2205,-1,253.58,,EUR
OL501060,ORD-103126,PRD2043,5,4.25,21.25,GBP
OL501061,ORD-101489,PRD2007,0,448.68,,GBP
OL501062,ORD-101715,PRD2033,2,278.52,557.04,GBP
OL501063,ORD-103926,PRD2216,1,334.69,334.69,USD
OL501064,ORD-102307,PRD2144,4,74.85,299.4,US Dollar
OL501065,ORD-103662,PRD2085,3,195.2,585.6,USD
OL501066,ORD-108036,PRD2103,5,12.24,61.2,US Dollar
OL501067,ORD-103230,PRD2211,2,249.75,499.5,usd
OL501068,ORD-102578,PRD2159,1,333.49,333.49,US Dollar
OL501069,ORD-108187,PRD2077,2,268.68,537.36,usd
OL501070,ORD-108840,PRD2128,0,164.11,,US Dollar
OL501071,ORD-104702,PRD2193,2,170.38,340.76,NGN
OL501072,ORD-102155,PRD2159,5,250.01,1250.05,EUR
OL501073,ORD-108741,PRD2211,4,$111.7,446.8,NGN
OL501074,ORD-105772,PRD2199,1,189.89,189.89,EUR
OL501075,ORD-107242,PRD2039,3,454.12,1362.36,usd
OL501076,ORD-101017,PRD2210,3,489.52,1468.56,NGN
OL501077,ORD-108712,PRD2212,2,122.94,245.88,usd
OL501078,ORD-101432,PRD2153,4,$14.79,59.16,US Dollar
OL501079,ORD-102514,PRD2151,1,306.06,306.06,NGN
OL501080,ORD-106433,PRD2131,3,339.21,1017.63,NGN
OL501081,ORD-106465,PRD2193,1,468.04,468.04,NGN
OL501082,ORD-108733,PRD2216,5,492.29,2461.45,EUR
OL501083,ORD-108534,PRD2200,4,$286.64,1146.56,USD
OL501084,ORD-105637,PRD2142,1,488.52,488.52,GBP
OL501085,ORD-101496,PRD2084,2,$51.33,102.66,US Dollar
OL501086,ORD-103768,PRD2200,3,$394.87,1184.61,US Dollar
OL501087,ORD-105715,PRD2247,4,4.37,17.48,EUR
OL501088,ORD-101537,PRD2106,3,419.59,1258.77,GBP
OL501089,ORD-108091,PRD2149,1,199.95,199.95,EUR
OL501090,ORD-101728,PRD2230,5,260.96,1304.8,usd
OL501091,ORD-102816,PRD2224,2,$223.21,446.42,NGN
OL501092,ORD-103103,PRD2214,4,375.09,1500.36,usd
OL501093,ORD-100231,PRD2246,3,358.85,1076.55,usd
OL501094,ORD-100092,PRD2196,1,94.83,94.83,NGN
OL501095,ORD-103794,PRD2041,5,8.64,43.2,GBP
OL501096,ORD-103405,PRD2249,2,226.02,452.04,usd
OL501097,ORD-102337,PRD2220,4,$307.73,1230.92,US Dollar
OL501098,ORD-101848,PRD2108,2,$122.26,244.52,GBP
OL501099,ORD-104487,PRD2077,3,309.3,927.9,EUR
OL501100,ORD-103527,PRD2199,2,$141.29,282.58,EUR
OL501101,ORD-107058,PRD2216,1,254.72,254.72,GBP
OL501102,ORD-101072,PRD2066,3,165.48,496.44,USD
OL501103,ORD-104015,PRD2175,1,264.26,264.26,US Dollar
OL501104,ORD-105487,PRD2162,1,461.93,461.93,EUR
OL501105,ORD-106650,PRD2154,0,318.82,,usd
OL501106,ORD-104833,PRD2125,-1,$426.11,,US Dollar
OL501107,ORD-100475,PRD2024,4,287.38,1149.52,GBP
OL501108,ORD-108379,PRD2097,2,179.46,358.92,GBP
OL501109,ORD-100502,PRD2047,5,333.29,1666.45,GBP
OL501110,ORD-107160,PRD2005,3,265.41,796.23,usd
OL501111,ORD-106497,PRD2039,2,45.76,91.52,NGN
OL501112,ORD-104736,PRD2203,1,33.46,33.46,NGN
OL501113,ORD-107515,PRD2221,4,266.07,1064.28,EUR
OL501114,ORD-101094,PRD2022,3,34.48,103.44,USD
OL501115,ORD-108321,PRD2119,2,$111.0,222.0,US Dollar
OL501116,ORD-101579,PRD2244,4,46.45,185.8,EUR
OL501117,ORD-101591,PRD2039,2,111.22,222.44,GBP
OL501118,ORD-103998,PRD2146,2,472.5,945.0,US Dollar
OL501119,ORD-108607,PRD2229,4,18.97,75.88,usd
OL501120,ORD-105736,PRD2163,1,5.84,5.84,USD
OL501121,ORD-100495,PRD2199,1,330.94,330.94,NGN
OL501122,ORD-104151,PRD2070,0,121.51,,US Dollar
OL501123,ORD-101759,PRD2155,3,454.31,1362.93,USD
OL501124,ORD-103493,PRD2118,2,425.93,851.86,usd
OL501125,ORD-100102,PRD2164,999,463.5,463036.5,usd
OL501126,ORD-101169,PRD2121,0,73.79,,usd
OL501127,ORD-103660,PRD2214,-1,270.42,,US Dollar
OL501128,ORD-108666,PRD2008,5,313.57,1567.85,USD
OL501129,ORD-104898,PRD2116,4,142.28,569.12,GBP
OL501130,ORD-103363,PRD2037,5,468.18,2340.9,GBP
OL501131,ORD-106943,PRD2059,4,$249.49,997.96,GBP
OL501132,ORD-102454,PRD2199,1,$339.25,339.25,NGN
OL501133,ORD-106117,PRD2194,5,15.55,77.75,US Dollar
OL501134,ORD-106257,PRD2097,0,497.74,,GBP
OL501135,ORD-100896,PRD2211,2,427.46,854.92,usd
OL501136,ORD-105742,PRD2007,5,$69.54,347.7,EUR
OL501137,ORD-105948,PRD2010,3,212.03,636.09,usd
OL501138,ORD-100304,PRD2132,1,254.57,254.57,usd
OL501139,ORD-105509,PRD2184,999,14.33,14315.67,US Dollar
OL501140,ORD-100075,PRD2073,0,355.69,,USD
OL501141,ORD-102057,PRD2146,3,74.82,224.46,GBP
OL501142,ORD-105201,PRD2111,2,57.04,114.08,NGN
OL501143,ORD-104685,PRD2155,1,$274.23,274.23,US Dollar
OL501144,ORD-104690,PRD2003,2,85.32,170.64,GBP
OL501145,ORD-100286,PRD2080,2,334.5,669.0,USD
OL501146,ORD-106160,PRD2210,2,352.42,704.84,EUR
OL501147,ORD-108194,PRD2166,0,53.93,,US Dollar
OL501148,ORD-103021,PRD2164,-1,$412.31,,NGN
OL501149,ORD-105543,PRD2059,1,$342.27,342.27,NGN
OL501150,ORD-100823,PRD2158,0,176.12,,USD
OL501151,ORD-108512,PRD2225,5,176.28,881.4,NGN
OL501152,ORD-101748,PRD2163,5,157.15,785.75,US Dollar
OL501153,ORD-103677,PRD2111,2,58.88,117.76,usd
OL501154,ORD-108929,PRD2116,-1,170.97,,USD
OL501155,ORD-107466,PRD2001,1,$285.54,285.54,GBP
OL501156,ORD-103855,PRD2086,1,468.09,468.09,NGN
OL501157,ORD-106236,PRD2132,5,$389.0,1945.0,NGN
OL501158,ORD-107030,PRD2028,5,456.32,2281.6,US Dollar
OL501159,ORD-104633,PRD2017,4,453.62,1814.48,USD
OL501160,ORD-101267,PRD2007,3,125.79,377.37,USD
OL501161,ORD-107576,PRD2049,999,16.78,16763.22,USD
OL501162,ORD-104401,PRD2076,5,105.11,525.55,GBP
OL501163,ORD-106322,PRD2075,1,487.47,487.47,NGN
OL501164,ORD-107492,PRD2231,5,$361.25,1806.25,USD
OL501165,ORD-104666,PRD2058,2,243.62,487.24,NGN
OL501166,ORD-108957,PRD2222,-1,$215.46,,NGN
OL501167,ORD-105359,PRD2006,1,499.17,499.17,NGN
OL501168,ORD-103623,PRD2200,4,365.09,1460.36,GBP
OL501169,ORD-105920,PRD2241,999,194.13,193935.87,US Dollar
OL501170,ORD-100569,PRD2034,-1,216.8,,GBP
OL501171,ORD-104617,PRD2241,2,375.02,750.04,NGN
OL501172,ORD-108500,PRD2091,999,404.55,404145.45,GBP
OL501173,ORD-103371,PRD2091,3,348.89,1046.67,EUR
OL501174,ORD-101237,PRD2172,5,147.9,739.5,GBP
OL501175,ORD-100208,PRD2211,0,3.21,,EUR
OL501176,ORD-101034,PRD2131,1,108.33,108.33,US Dollar
OL501177,ORD-108419,PRD2081,5,498.57,2492.85,US Dollar
OL501178,ORD-100628,PRD2076,-1,$363.78,,usd
OL501179,ORD-107797,PRD2229,5,$276.62,1383.1,US Dollar
OL501180,ORD-106160,PRD2110,4,294.02,1176.08,NGN
OL501181,ORD-107076,PRD2079,5,86.41,432.05,EUR
OL501182,ORD-104320,PRD2005,4,287.55,1150.2,GBP
OL501183,ORD-102645,PRD2068,1,159.9,159.9,NGN
OL501184,ORD-107267,PRD2071,999,200.76,200559.24,EUR
OL501185,ORD-106784,PRD2052,-1,482.99,,usd
OL501186,ORD-105265,PRD2007,3,161.04,483.12,NGN
OL501187,ORD-100283,PRD2218,3,177.2,531.6,EUR
OL501188,ORD-107409,PRD2202,4,365.7,1462.8,NGN
OL501189,ORD-107140,PRD2098,5,107.53,537.65,USD
OL501190,ORD-108295,PRD2014,5,123.63,618.15,GBP
OL501191,ORD-103931,PRD2144,2,$381.62,763.24,USD
OL501192,ORD-101802,PRD2089,2,35.19,70.38,GBP
OL501193,ORD-100489,PRD2235,2,239.21,478.42,USD
OL501194,ORD-101328,PRD2031,3,407.52,1222.56,EUR
OL501195,ORD-101311,PRD2028,3,55.47,166.41,USD
OL501196,ORD-102432,PRD2031,5,$160.41,802.05,EUR
OL501197,ORD-106575,PRD2168,0,354.9,,GBP
OL501198,ORD-102033,PRD2164,-1,$272.12,,US Dollar
OL501199,ORD-104147,PRD2107,5,355.27,1776.35,US Dollar
OL501200,ORD-105877,PRD2138,5,387.81,1939.05,EUR
OL501201,ORD-108526,PRD2149,2,$269.11,538.22,EUR
OL501202,ORD-106605,PRD2128,2,74.11,148.22,EUR
OL501203,ORD-104981,PRD2195,3,407.77,1223.31,US Dollar
OL501204,ORD-107991,PRD2191,5,435.28,2176.4,GBP
OL501205,ORD-106482,PRD2162,999,124.98,124855.02,EUR
OL501206,ORD-102127,PRD2170,1,202.73,202.73,US Dollar
OL501207,ORD-107478,PRD2061,1,139.98,139.98,US Dollar
OL501208,ORD-106888,PRD2178,-1,59.34,,NGN
OL501209,ORD-102026,PRD2065,2,495.24,990.48,GBP
OL501210,ORD-100548,PRD2011,5,229.82,1149.1,GBP
OL501211,ORD-103076,PRD2032,4,137.9,551.6,usd
OL501212,ORD-103205,PRD2151,1,286.06,286.06,EUR
OL501213,ORD-107179,PRD2087,5,230.51,1152.55,GBP
OL501214,ORD-105024,PRD2095,2,$215.64,431.28,EUR
OL501215,ORD-100478,PRD2097,3,26.87,80.61,USD
OL501216,ORD-107883,PRD2204,1,242.81,242.81,USD
OL501217,ORD-101593,PRD2241,3,431.33,1293.99,NGN
OL501218,ORD-101810,PRD2160,5,272.6,1363.0,GBP
OL501219,ORD-102500,PRD2225,1,344.97,344.97,USD
OL501220,ORD-105942,PRD2078,4,102.3,409.2,US Dollar
OL501221,ORD-100165,PRD2250,3,356.2,1068.6,GBP
OL501222,ORD-107062,PRD2217,1,225.87,225.87,USD
OL501223,ORD-104162,PRD2065,0,124.36,,USD
OL501224,ORD-105780,PRD2089,0,59.01,,usd
OL501225,ORD-104714,PRD2005,-1,$376.46,,usd
OL501226,ORD-103947,PRD2047,-1,26.6,,USD
OL501227,ORD-108333,PRD2111,2,273.04,546.08,USD
OL501228,ORD-100635,PRD2198,1,166.37,166.37,NGN
OL501229,ORD-107183,PRD2200,4,$293.28,1173.12,EUR
OL501230,ORD-105780,PRD2126,3,381.32,1143.96,USD
OL501231,ORD-108733,PRD2099,3,434.02,1302.06,EUR
OL501232,ORD-101867,PRD2056,3,361.53,1084.59,EUR
OL501233,ORD-108079,PRD2130,1,114.75,114.75,NGN
OL501234,ORD-100474,PRD2036,1,$68.26,68.26,GBP
OL501235,ORD-107850,PRD2053,0,260.58,,EUR
OL501236,ORD-103556,PRD2182,5,347.02,1735.1,USD
OL501237,ORD-104768,PRD2247,0,220.64,,usd
OL501238,ORD-106863,PRD2001,4,265.62,1062.48,NGN
OL501239,ORD-102198,PRD2096,3,253.06,759.18,NGN
OL501240,ORD-107372,PRD2110,3,71.55,214.65,EUR
OL501241,ORD-103577,PRD2221,0,168.24,,usd
OL501242,ORD-103163,PRD2101,5,458.87,2294.35,USD
OL501243,ORD-106378,PRD2195,4,351.45,1405.8,usd
OL501244,ORD-108703,PRD2078,3,232.14,696.42,US Dollar
OL501245,ORD-103924,PRD2224,-1,419.28,,EUR
OL501246,ORD-104515,PRD2235,0,286.28,,usd
OL501247,ORD-104243,PRD2068,4,336.82,1347.28,US Dollar
OL501248,ORD-106006,PRD2223,5,152.45,762.25,usd
OL501249,ORD-100205,PRD2159,1,176.12,176.12,NGN
OL501250,ORD-103631,PRD2150,3,110.32,330.96,usd
OL501251,ORD-104935,PRD2023,999,472.63,472157.37,US Dollar
OL501252,ORD-107806,PRD2018,2,301.87,603.74,USD
OL501253,ORD-100421,PRD2079,0,160.05,,NGN
OL501254,ORD-105634,PRD2047,1,415.89,415.89,GBP
OL501255,ORD-102499,PRD2080,2,282.46,564.92,usd
OL501256,ORD-106138,PRD2135,1,466.35,466.35,GBP
OL501257,ORD-100669,PRD2151,3,189.01,567.03,NGN
OL501258,ORD-107296,PRD2045,999,51.75,51698.25,EUR
OL501259,ORD-105979,PRD2250,1,163.42,163.42,USD
OL501260,ORD-103146,PRD2232,0,$35.88,,NGN
OL501261,ORD-107648,PRD2068,5,431.2,2156.0,GBP
OL501262,ORD-100708,PRD2214,5,216.61,1083.05,usd
OL501263,ORD-100772,PRD2016,4,79.34,317.36,usd
OL501264,ORD-100513,PRD2122,1,191.39,191.39,usd
OL501265,ORD-102448,PRD2041,3,323.82,971.46,USD
OL501266,ORD-108077,PRD2042,-1,454.68,,GBP
OL501267,ORD-104562,PRD2183,3,321.77,965.31,USD
OL501268,ORD-102917,PRD2183,4,68.65,274.6,USD
OL501269,ORD-101313,PRD2149,-1,$24.04,,NGN
OL501270,ORD-102338,PRD2204,1,482.16,482.16,GBP
OL501271,ORD-108244,PRD2213,2,155.01,310.02,usd
OL501272,ORD-102235,PRD2175,999,10.89,10879.11,US Dollar
OL501273,ORD-105696,PRD2120,1,374.03,374.03,GBP
OL501274,ORD-103804,PRD2172,5,$319.19,1595.95,GBP
OL501275,ORD-102969,PRD2204,2,452.28,904.56,usd
OL501276,ORD-104397,PRD2125,5,451.71,2258.55,USD
OL501277,ORD-104545,PRD2009,3,336.25,1008.75,USD
OL501278,ORD-108127,PRD2160,4,107.18,428.72,usd
OL501279,ORD-108209,PRD2100,-1,392.11,,EUR
OL501280,ORD-105767,PRD2109,3,374.3,1122.9,GBP
OL501281,ORD-107718,PRD2218,3,123.03,369.09,EUR
OL501282,ORD-100214,PRD2161,3,217.86,653.58,GBP
OL501283,ORD-103020,PRD2239,5,315.35,1576.75,GBP
OL501284,ORD-104341,PRD2225,5,498.8,2494.0,US Dollar
OL501285,ORD-108291,PRD2007,2,4.0,8.0,US Dollar
OL501286,ORD-102449,PRD2032,999,321.2,320878.8,USD
OL501287,ORD-101677,PRD2170,2,$141.55,283.1,USD
OL501288,ORD-106738,PRD2204,5,303.77,1518.85,USD
OL501289,ORD-104290,PRD2023,999,174.0,173826.0,GBP
OL501290,ORD-105432,PRD2091,999,307.42,307112.58,usd
OL501291,ORD-103976,PRD2099,5,470.65,2353.25,usd
OL501292,ORD-105537,PRD2174,3,120.39,361.17,EUR
OL501293,ORD-108146,PRD2085,-1,47.55,,usd
OL501294,ORD-103674,PRD2242,1,58.73,58.73,EUR
OL501295,ORD-107070,PRD2178,3,124.13,372.39,usd
OL501296,ORD-103397,PRD2243,3,106.64,319.92,EUR
OL501297,ORD-105705,PRD2082,2,$41.13,82.26,USD
OL501298,ORD-102427,PRD2218,4,158.83,635.32,GBP
OL501299,ORD-104355,PRD2116,4,$352.17,1408.68,GBP
OL501300,ORD-100169,PRD2181,5,407.97,2039.85,NGN
OL501301,ORD-100498,PRD2108,999,252.07,251817.93,usd
OL501302,ORD-100599,PRD2185,5,$186.93,934.65,US Dollar
OL501303,ORD-106462,PRD2145,2,110.8,221.6,US Dollar
OL501304,ORD-102793,PRD2102,1,251.87,251.87,USD
OL501305,ORD-106707,PRD2233,4,376.39,1505.56,GBP
OL501306,ORD-100421,PRD2223,3,425.08,1275.24,EUR
OL501307,ORD-101237,PRD2136,999,$223.98,223756.02,USD
OL501308,ORD-106570,PRD2090,4,185.74,742.96,usd
OL501309,ORD-106433,PRD2155,-1,43.73,,EUR
OL501310,ORD-104432,PRD2162,5,276.03,1380.15,EUR
OL501311,ORD-101965,PRD2226,2,61.83,123.66,NGN
OL501312,ORD-108722,PRD2199,5,$479.51,2397.55,NGN
OL501313,ORD-101870,PRD2248,4,$76.11,304.44,NGN
OL501314,ORD-100708,PRD2064,2,$156.1,312.2,EUR
OL501315,ORD-107539,PRD2144,4,12.17,48.68,USD
OL501316,ORD-101766,PRD2164,1,462.84,462.84,EUR
OL501317,ORD-100962,PRD2067,4,$268.98,1075.92,GBP
OL501318,ORD-102834,PRD2025,4,119.99,479.96,GBP
OL501319,ORD-108089,PRD2069,5,328.99,1644.95,GBP
OL501320,ORD-104496,PRD2184,0,6.59,,GBP
OL501321,ORD-102113,PRD2159,1,224.89,224.89,GBP
OL501322,ORD-102498,PRD2168,5,363.05,1815.25,usd
OL501323,ORD-100899,PRD2062,1,$401.38,401.38,usd
OL501324,ORD-100720,PRD2054,0,$310.64,,EUR
OL501325,ORD-105545,PRD2133,2,$225.52,451.04,EUR
OL501326,ORD-103509,PRD2042,4,$115.75,463.0,usd
OL501327,ORD-101788,PRD2082,5,58.14,290.7,US Dollar
OL501328,ORD-102339,PRD2132,999,296.07,295773.93,US Dollar
OL501329,ORD-107087,PRD2053,4,203.3,813.2,US Dollar
OL501330,ORD-101504,PRD2209,999,17.54,17522.46,USD
OL501331,ORD-104647,PRD2157,3,$298.24,894.72,USD
OL501332,ORD-101583,PRD2119,2,416.71,833.42,NGN
OL501333,ORD-100493,PRD2167,4,345.53,1382.12,EUR
OL501334,ORD-100407,PRD2204,1,345.56,345.56,usd
OL501335,ORD-101428,PRD2091,0,412.28,,NGN
OL501336,ORD-104471,PRD2238,5,46.18,230.9,NGN
OL501337,ORD-100967,PRD2219,5,$496.42,2482.1,US Dollar
OL501338,ORD-106351,PRD2040,1,$307.89,307.89,EUR
OL501339,ORD-107845,PRD2009,1,176.6,176.6,GBP
OL501340,ORD-101321,PRD2075,5,451.15,2255.75,US Dollar
OL501341,ORD-101812,PRD2237,4,258.18,1032.72,usd
OL501342,ORD-103337,PRD2209,1,102.85,102.85,usd
OL501343,ORD-100149,PRD2089,1,408.66,408.66,US Dollar
OL501344,ORD-107125,PRD2169,0,429.04,,US Dollar
OL501345,ORD-102498,PRD2044,4,356.59,1426.36,GBP
OL501346,ORD-102391,PRD2153,0,261.81,,usd
OL501347,ORD-101772,PRD2177,999,215.51,215294.49,usd
OL501348,ORD-101035,PRD2009,1,348.87,348.87,EUR
OL501349,ORD-101800,PRD2200,3,81.84,245.52,GBP
OL501350,ORD-102097,PRD2134,0,497.76,,GBP
OL501351,ORD-107882,PRD2010,2,430.35,860.7,GBP
OL501352,ORD-105618,PRD2024,2,$81.75,163.5,usd
OL501353,ORD-108660,PRD2228,5,94.62,473.1,USD
OL501354,ORD-108311,PRD2068,5,44.21,221.05,EUR
OL501355,ORD-105912,PRD2007,2,$283.47,566.94,USD
OL501356,ORD-107632,PRD2068,4,144.44,577.76,EUR
OL501357,ORD-100615,PRD2082,0,195.03,,USD
OL501358,ORD-103715,PRD2142,5,207.43,1037.15,USD
OL501359,ORD-106119,PRD2173,3,9.12,27.36,NGN
OL501360,ORD-106925,PRD2236,999,261.93,261668.07,EUR
OL501361,ORD-101342,PRD2023,5,23.21,116.05,GBP
OL501362,ORD-108327,PRD2224,1,$144.8,144.8,GBP
OL501363,ORD-104330,PRD2084,3,181.84,545.52,NGN
OL501364,ORD-108213,PRD2076,2,274.62,549.24,GBP
OL501365,ORD-106053,PRD2094,-1,224.15,,USD
OL501366,ORD-107388,PRD2145,2,$15.6,31.2,US Dollar
OL501367,ORD-106135,PRD2136,5,184.87,924.35,usd
OL501368,ORD-107767,PRD2007,4,342.63,1370.52,EUR
OL501369,ORD-101484,PRD2239,4,$178.17,712.68,NGN
OL501370,ORD-106485,PRD2015,4,467.17,1868.68,EUR
OL501371,ORD-106292,PRD2210,5,246.27,1231.35,EUR
OL501372,ORD-101753,PRD2084,-1,204.31,,GBP
OL501373,ORD-104310,PRD2156,3,248.71,746.13,EUR
OL501374,ORD-101979,PRD2097,5,167.93,839.65,USD
OL501375,ORD-100019,PRD2005,3,462.19,1386.57,NGN
OL501376,ORD-107490,PRD2038,5,441.1,2205.5,USD
OL501377,ORD-105081,PRD2051,3,485.6,1456.8,NGN
OL501378,ORD-103273,PRD2113,1,$32.56,32.56,usd
OL501379,ORD-100420,PRD2089,3,53.41,160.23,GBP
OL501380,ORD-101884,PRD2246,1,144.72,144.72,NGN
OL501381,ORD-104972,PRD2080,999,437.97,437532.03,NGN
OL501382,ORD-107193,PRD2237,2,226.33,452.66,usd
OL501383,ORD-101883,PRD2057,1,453.56,453.56,EUR
OL501384,ORD-106347,PRD2073,3,66.97,200.91,NGN
OL501385,ORD-100849,PRD2061,4,373.32,1493.28,USD
OL501386,ORD-102119,PRD2147,2,108.94,217.88,NGN
OL501387,ORD-100156,PRD2129,0,479.46,,EUR
OL501388,ORD-100684,PRD2171,4,$14.57,58.28,USD
OL501389,ORD-108697,PRD2034,999,7.79,7782.21,GBP
OL501390,ORD-100928,PRD2230,5,178.15,890.75,US Dollar
OL501391,ORD-105894,PRD2020,1,262.09,262.09,USD
OL501392,ORD-103817,PRD2217,2,204.9,409.8,NGN
OL501393,ORD-104693,PRD2059,4,346.23,1384.92,usd
OL501394,ORD-105826,PRD2071,5,$303.43,1517.15,EUR
OL501395,ORD-101442,PRD2230,0,5.7,,USD
OL501396,ORD-102721,PRD2236,0,57.7,,EUR
OL501397,ORD-107781,PRD2018,0,396.0,,usd
OL501398,ORD-105245,PRD2242,1,113.78,113.78,US Dollar
OL501399,ORD-104691,PRD2158,1,51.8,51.8,EUR
OL501400,ORD-108144,PRD2120,2,154.42,308.84,usd
OL501401,ORD-100802,PRD2018,4,$254.91,1019.64,GBP
OL501402,ORD-101937,PRD2067,5,75.57,377.85,USD
OL501403,ORD-107690,PRD2151,999,453.01,452556.99,NGN
OL501404,ORD-108493,PRD2104,0,290.29,,USD
OL501405,ORD-100765,PRD2080,1,$486.61,486.61,US Dollar
OL501406,ORD-100517,PRD2106,3,63.21,189.63,USD
OL501407,ORD-107578,PRD2012,3,331.94,995.82,EUR
OL501408,ORD-104760,PRD2015,2,65.06,130.12,EUR
OL501409,ORD-101975,PRD2057,5,147.38,736.9,NGN
OL501410,ORD-107717,PRD2166,999,413.51,413096.49,GBP
OL501411,ORD-105961,PRD2096,3,$475.75,1427.25,USD
OL501412,ORD-101736,PRD2071,4,$243.48,973.92,usd
OL501413,ORD-101859,PRD2058,0,162.42,,EUR
OL501414,ORD-102423,PRD2235,2,99.72,199.44,US Dollar
OL501415,ORD-105163,PRD2039,4,49.97,199.88,EUR
OL501416,ORD-103666,PRD2086,4,16.04,64.16,US Dollar
OL501417,ORD-106707,PRD2213,4,390.63,1562.52,EUR
OL501418,ORD-102186,PRD2168,5,76.2,381.0,usd
OL501419,ORD-103086,PRD2048,2,234.15,468.3,USD
OL501420,ORD-100128,PRD2008,999,364.75,364385.25,EUR
OL501421,ORD-104484,PRD2004,1,442.55,442.55,US Dollar
OL501422,ORD-103398,PRD2060,1,114.5,114.5,GBP
OL501423,ORD-107281,PRD2007,3,456.91,1370.73,US Dollar
OL501424,ORD-104198,PRD2210,3,14.22,42.66,US Dollar
OL501425,ORD-104322,PRD2016,2,6.46,12.92,USD
OL501426,ORD-100691,PRD2226,-1,414.66,,GBP
OL501427,ORD-101153,PRD2160,5,319.44,1597.2,GBP
OL501428,ORD-105613,PRD2175,4,245.9,983.6,US Dollar
OL501429,ORD-105921,PRD2210,999,359.74,359380.26,GBP
OL501430,ORD-106839,PRD2069,1,446.36,446.36,USD
OL501431,ORD-107554,PRD2145,3,152.69,458.07,EUR
OL501432,ORD-108922,PRD2209,4,412.18,1648.72,US Dollar
OL501433,ORD-103937,PRD2098,0,458.57,,USD
OL501434,ORD-103728,PRD2047,0,234.76,,US Dollar
OL501435,ORD-108857,PRD2105,5,245.61,1228.05,GBP
OL501436,ORD-107531,PRD2128,999,146.22,146073.78,EUR
OL501437,ORD-104304,PRD2167,4,170.52,682.08,EUR
OL501438,ORD-107753,PRD2124,3,461.12,1383.36,US Dollar
OL501439,ORD-108033,PRD2086,4,263.31,1053.24,US Dollar
OL501440,ORD-104212,PRD2184,3,384.98,1154.94,NGN
OL501441,ORD-101130,PRD2082,1,348.88,348.88,EUR
OL501442,ORD-100620,PRD2023,2,96.92,193.84,usd
OL501443,ORD-103771,PRD2039,3,123.89,371.67,NGN
OL501444,ORD-102246,PRD2014,3,368.16,1104.48,EUR
OL501445,ORD-101873,PRD2017,3,158.43,475.29,NGN
OL501446,ORD-103417,PRD2220,-1,$214.2,,US Dollar
OL501447,ORD-101998,PRD2188,2,438.67,877.34,NGN
OL501448,ORD-102488,PRD2210,1,482.85,482.85,GBP
OL501449,ORD-105143,PRD2126,1,$377.24,377.24,USD
OL501450,ORD-103148,PRD2154,999,$51.44,51388.56,EUR
OL501451,ORD-103624,PRD2028,1,241.94,241.94,NGN
OL501452,ORD-106152,PRD2110,2,52.33,104.66,NGN
OL501453,ORD-102760,PRD2116,1,456.35,456.35,NGN
OL501454,ORD-102814,PRD2202,999,107.11,107002.89,USD
OL501455,ORD-102157,PRD2171,4,195.2,780.8,EUR
OL501456,ORD-104655,PRD2093,2,$82.31,164.62,US Dollar
OL501457,ORD-104046,PRD2094,5,$454.58,2272.9,NGN
OL501458,ORD-106151,PRD2023,5,14.29,71.45,usd
OL501459,ORD-106118,PRD2017,1,$382.2,382.2,US Dollar
OL501460,ORD-104574,PRD2035,2,278.14,556.28,USD
OL501461,ORD-101122,PRD2132,5,347.96,1739.8,EUR
OL501462,ORD-101579,PRD2215,-1,267.17,,US Dollar
OL501463,ORD-108891,PRD2188,0,106.63,,usd
OL501464,ORD-107373,PRD2115,2,$162.88,325.76,GBP
OL501465,ORD-101598,PRD2133,5,102.36,511.8,usd
OL501466,ORD-103480,PRD2140,1,$405.03,405.03,USD
OL501467,ORD-106751,PRD2007,-1,486.08,,NGN
OL501468,ORD-103819,PRD2140,-1,373.86,,usd
OL501469,ORD-101613,PRD2237,999,79.48,79400.52,usd
OL501470,ORD-107298,PRD2162,-1,$386.23,,USD
OL501471,ORD-103997,PRD2159,4,65.5,262.0,US Dollar
OL501472,ORD-107971,PRD2069,1,478.43,478.43,usd
OL501473,ORD-104850,PRD2142,2,$361.81,723.62,EUR
OL501474,ORD-105536,PRD2090,5,40.9,204.5,EUR
OL501475,ORD-103318,PRD2239,3,238.67,716.01,EUR
OL501476,ORD-104986,PRD2128,4,300.95,1203.8,EUR
OL501477,ORD-106398,PRD2214,-1,418.23,,USD
OL501478,ORD-104289,PRD2116,0,58.01,,NGN
OL501479,ORD-102481,PRD2071,5,$267.58,1337.9,EUR
OL501480,ORD-102748,PRD2184,0,153.9,,EUR
OL501481,ORD-108757,PRD2079,4,$88.37,353.48,US Dollar
OL501482,ORD-100946,PRD2199,999,119.37,119250.63,EUR
OL501483,ORD-100417,PRD2014,999,178.06,177881.94,US Dollar
OL501484,ORD-105367,PRD2133,0,338.22,,usd
OL501485,ORD-100425,PRD2107,4,$162.39,649.56,GBP
OL501486,ORD-106128,PRD2187,1,412.08,412.08,EUR
OL501487,ORD-105910,PRD2200,1,296.0,296.0,US Dollar
OL501488,ORD-103735,PRD2186,3,215.44,646.32,EUR
OL501489,ORD-106694,PRD2019,999,319.97,319650.03,EUR
OL501490,ORD-105483,PRD2054,2,231.53,463.06,US Dollar
OL501491,ORD-104972,PRD2165,2,414.65,829.3,US Dollar
OL501492,ORD-106401,PRD2196,999,386.75,386363.25,GBP
OL501493,ORD-103851,PRD2075,999,82.01,81927.99,GBP
OL501494,ORD-105930,PRD2007,1,$457.67,457.67,USD
OL501495,ORD-105242,PRD2154,4,413.56,1654.24,NGN
OL501496,ORD-106478,PRD2219,0,$397.97,,usd
OL501497,ORD-105325,PRD2067,0,$315.16,,GBP
OL501498,ORD-102461,PRD2125,2,$164.39,328.78,GBP
OL501499,ORD-103583,PRD9908,4,49.46,197.84,GBP
OL501500,ORD-104207,PRD2219,5,$243.41,1217.05,USD
OL501501,ORD-102832,PRD2139,5,476.96,2384.8,USD
OL501502,ORD-102732,PRD2141,4,$137.11,548.44,USD
OL501503,ORD-101486,PRD2065,5,33.66,168.3,US Dollar
OL501504,ORD-101057,PRD2055,4,75.71,302.84,USD
OL501505,ORD-102374,PRD2123,2,140.62,281.24,usd
OL501506,ORD-100434,PRD2146,4,280.22,1120.88,USD
OL501507,ORD-105398,PRD2180,999,$465.1,464634.9,usd
OL501508,ORD-108935,PRD2215,3,216.17,648.51,USD
OL501509,ORD-108998,PRD2045,4,277.42,1109.68,US Dollar
OL501510,ORD-102187,PRD2066,5,464.31,2321.55,EUR
OL501511,ORD-103373,PRD2156,5,25.17,125.85,NGN
OL501512,ORD-104447,PRD2175,1,233.26,233.26,US Dollar
OL501513,ORD-101910,PRD2118,0,$169.23,,GBP
OL501514,ORD-106336,PRD2244,3,180.4,541.2,usd
OL501515,ORD-107923,PRD2096,3,224.93,674.79,usd
OL501516,ORD-106723,PRD2125,3,279.89,839.67,EUR
OL501517,ORD-106251,PRD2079,2,21.41,42.82,usd
OL501518,ORD-103400,PRD2068,5,132.99,664.95,NGN
OL501519,ORD-103283,PRD2151,3,$499.54,1498.62,US Dollar
OL501520,ORD-106682,PRD2169,0,$31.75,,EUR
OL501521,ORD-102797,PRD2062,-1,437.89,,NGN
OL501522,ORD-103813,PRD2238,4,493.59,1974.36,EUR
OL501523,ORD-100580,PRD2140,2,5.08,10.16,NGN
OL501524,ORD-108724,PRD2064,2,210.03,420.06,usd
OL501525,ORD-105946,PRD2211,4,419.85,1679.4,EUR
OL501526,ORD-101680,PRD2065,1,133.04,133.04,US Dollar
OL501527,ORD-103142,PRD2125,1,223.12,223.12,EUR
OL501528,ORD-105752,PRD2110,4,185.36,741.44,EUR
OL501529,ORD-107124,PRD2187,0,299.11,,EUR
OL501530,ORD-102930,PRD2149,4,176.46,705.84,EUR
OL501531,ORD-108724,PRD2152,-1,4.16,,NGN
OL501532,ORD-101031,PRD2104,3,187.96,563.88,GBP
OL501533,ORD-107228,PRD2022,4,300.0,1200.0,NGN
OL501534,ORD-104673,PRD2139,-1,$147.27,,US Dollar
OL501535,ORD-101672,PRD2185,5,65.39,326.95,usd
OL501536,ORD-106495,PRD2112,5,171.37,856.85,usd
OL501537,ORD-108043,PRD2070,5,98.54,492.7,USD
OL501538,ORD-108195,PRD2070,3,29.92,89.76,usd
OL501539,ORD-104123,PRD2245,1,339.86,339.86,US Dollar
OL501540,ORD-108189,PRD2006,1,248.35,248.35,NGN
OL501541,ORD-101658,PRD2160,1,$478.77,478.77,GBP
OL501542,ORD-101637,PRD2061,4,351.19,1404.76,usd
OL501543,ORD-106639,PRD2222,1,457.96,457.96,EUR
OL501544,ORD-103794,PRD2249,3,392.16,1176.48,usd
OL501545,ORD-103372,PRD2046,1,14.72,14.72,usd
OL501546,ORD-105507,PRD2141,999,152.8,152647.2,EUR
OL501547,ORD-103620,PRD2070,2,446.79,893.58,US Dollar
OL501548,ORD-105648,PRD2152,1,95.98,95.98,GBP
OL501549,ORD-103872,PRD2141,0,$36.36,,NGN
OL501550,ORD-106012,PRD2131,3,137.01,411.03,US Dollar
OL501551,ORD-107128,PRD2171,5,281.38,1406.9,GBP
OL501552,ORD-106866,PRD2119,0,$400.31,,EUR
OL501553,ORD-104152,PRD2053,4,193.66,774.64,USD
OL501554,ORD-103984,PRD2135,2,147.21,294.42,usd
OL501555,ORD-106792,PRD2223,1,407.09,407.09,US Dollar
OL501556,ORD-108866,PRD2227,999,148.75,148601.25,EUR
OL501557,ORD-105639,PRD2235,999,193.76,193566.24,GBP
OL501558,ORD-106278,PRD2127,-1,266.41,,EUR
OL501559,ORD-100136,PRD2098,4,466.52,1866.08,EUR
OL501560,ORD-108779,PRD2148,5,159.1,795.5,GBP
OL501561,ORD-102535,PRD2035,5,443.56,2217.8,USD
OL501562,ORD-107909,PRD2095,2,281.92,563.84,EUR
OL501563,ORD-104837,PRD2238,-1,76.96,,USD
OL501564,ORD-104955,PRD2056,999,167.94,167772.06,US Dollar
OL501565,ORD-106212,PRD2206,1,330.38,330.38,USD
OL501566,ORD-103976,PRD2142,0,340.67,,EUR
OL501567,ORD-102890,PRD2050,1,299.55,299.55,GBP
OL501568,ORD-102030,PRD2177,1,$144.23,144.23,usd
OL501569,ORD-104445,PRD2102,5,369.1,1845.5,NGN
OL501570,ORD-103345,PRD2030,2,307.91,615.82,EUR
OL501571,ORD-103868,PRD2185,5,176.5,882.5,GBP
OL501572,ORD-100861,PRD2221,5,460.1,2300.5,US Dollar
OL501573,ORD-102883,PRD2062,0,428.61,,GBP
OL501574,ORD-105291,PRD2066,2,200.03,400.06,NGN
OL501575,ORD-101203,PRD2223,1,$150.15,150.15,usd
OL501576,ORD-101876,PRD2055,3,88.74,266.22,usd
OL501577,ORD-100007,PRD2111,1,36.36,36.36,usd
OL501578,ORD-106741,PRD2028,1,402.94,402.94,EUR
OL501579,ORD-104119,PRD2049,5,483.34,2416.7,GBP
OL501580,ORD-106340,PRD2138,3,390.73,1172.19,EUR
OL501581,ORD-102696,PRD2204,999,6.4,6393.6,NGN
OL501582,ORD-105312,PRD2117,2,366.09,732.18,USD
OL501583,ORD-102120,PRD2100,2,$160.77,321.54,NGN
OL501584,ORD-108032,PRD2011,999,134.56,134425.44,NGN
OL501585,ORD-108927,PRD2098,0,184.82,,usd
OL501586,ORD-107293,PRD2230,0,$219.65,,USD
OL501587,ORD-103131,PRD2070,3,$473.48,1420.44,usd
OL501588,ORD-106411,PRD2015,2,447.05,894.1,US Dollar
OL501589,ORD-108726,PRD2024,4,421.68,1686.72,GBP
OL501590,ORD-105737,PRD2119,0,364.02,,EUR
OL501591,ORD-102550,PRD2107,4,105.3,421.2,USD
OL501592,ORD-102610,PRD2167,3,20.52,61.56,NGN
OL501593,ORD-106028,PRD2107,2,248.82,497.64,USD
OL501594,ORD-104050,PRD2006,3,341.38,1024.14,GBP
OL501595,ORD-104607,PRD2075,4,498.32,1993.28,EUR
OL501596,ORD-102683,PRD2152,5,374.93,1874.65,NGN
OL501597,ORD-102500,PRD2095,4,175.37,701.48,US Dollar
OL501598,ORD-100456,PRD2061,-1,181.74,,EUR
OL501599,ORD-102510,PRD2054,1,96.48,96.48,NGN
OL501600,ORD-100047,PRD2107,5,282.89,1414.45,US Dollar
OL501601,ORD-100262,PRD2099,999,$108.26,108151.74,US Dollar
OL501602,ORD-102071,PRD2158,5,317.56,1587.8,usd
OL501603,ORD-101363,PRD2165,5,219.49,1097.45,usd
OL501604,ORD-101504,PRD2102,3,307.87,923.61,usd
OL501605,ORD-107111,PRD2228,-1,85.62,,US Dollar
OL501606,ORD-103459,PRD2056,4,490.07,1960.28,GBP
OL501607,ORD-101828,PRD2012,-1,380.98,,US Dollar
OL501608,ORD-102518,PRD2115,3,425.89,1277.67,usd
OL501609,ORD-108975,PRD2157,2,278.54,557.08,EUR
OL501610,ORD-103649,PRD2207,5,213.46,1067.3,US Dollar
OL501611,ORD-106403,PRD2025,5,94.93,474.65,USD
OL501612,ORD-105023,PRD2245,3,241.64,724.92,EUR
OL501613,ORD-102179,PRD2108,2,$342.71,685.42,usd
OL501614,ORD-106115,PRD2192,1,20.61,20.61,US Dollar
OL501615,ORD-105981,PRD2067,5,$453.55,2267.75,EUR
OL501616,ORD-104893,PRD2007,999,218.43,218211.57,USD
OL501617,ORD-105426,PRD2132,999,407.95,407542.05,GBP
OL501618,ORD-100987,PRD2022,-1,73.0,,usd
OL501619,ORD-108776,PRD9788,2,163.66,327.32,NGN
OL501620,ORD-100985,PRD2235,999,428.26,427831.74,USD
OL501621,ORD-107211,PRD2039,-1,87.11,,usd
OL501622,ORD-101011,PRD2106,2,317.31,634.62,US Dollar
OL501623,ORD-108646,PRD2140,-1,413.4,,GBP
OL501624,ORD-102814,PRD2090,1,112.67,112.67,USD
OL501625,ORD-100243,PRD2096,3,52.9,158.7,usd
OL501626,ORD-103391,PRD2102,2,$256.83,513.66,NGN
OL501627,ORD-101186,PRD2023,3,448.54,1345.62,USD
OL501628,ORD-102875,PRD2115,5,40.16,200.8,EUR
OL501629,ORD-102472,PRD2038,5,90.51,452.55,NGN
OL501630,ORD-105284,PRD2042,-1,172.57,,EUR
OL501631,ORD-103562,PRD2180,5,$292.83,1464.15,USD
OL501632,ORD-107609,PRD2193,999,221.93,221708.07,USD
OL501633,ORD-106730,PRD2111,5,285.84,1429.2,US Dollar
OL501634,ORD-101633,PRD2157,4,469.21,1876.84,GBP
OL501635,ORD-106086,PRD2193,4,255.11,1020.44,US Dollar
OL501636,ORD-108076,PRD2063,4,267.75,1071.0,US Dollar
OL501637,ORD-101076,PRD2200,2,268.1,536.2,US Dollar
OL501638,ORD-104822,PRD2071,2,$415.65,831.3,USD
OL501639,ORD-106012,PRD2177,-1,17.86,,USD
OL501640,ORD-100305,PRD2086,2,$355.11,710.22,EUR
OL501641,ORD-104434,PRD2082,1,375.38,375.38,GBP
OL501642,ORD-108971,PRD2006,4,353.29,1413.16,USD
OL501643,ORD-107501,PRD2215,1,$385.41,385.41,EUR
OL501644,ORD-102107,PRD2041,4,$30.98,123.92,USD
OL501645,ORD-106232,PRD2126,3,20.89,62.67,US Dollar
OL501646,ORD-107726,PRD2220,5,25.35,126.75,USD
OL501647,ORD-105342,PRD2061,999,58.99,58931.01,USD
OL501648,ORD-102914,PRD2097,3,$496.24,1488.72,EUR
OL501649,ORD-107962,PRD2007,4,72.19,288.76,GBP
OL501650,ORD-104432,PRD2250,999,480.93,480449.07,usd
OL501651,ORD-103067,PRD2210,5,193.86,969.3,usd
OL501652,ORD-104400,PRD2053,1,97.55,97.55,GBP
OL501653,ORD-104915,PRD2060,1,$13.38,13.38,NGN
OL501654,ORD-103281,PRD2213,5,403.11,2015.55,GBP
OL501655,ORD-106295,PRD2131,2,22.32,44.64,US Dollar
OL501656,ORD-104227,PRD2200,2,$374.63,749.26,EUR
OL501657,ORD-108887,PRD2110,2,$401.39,802.78,usd
OL501658,ORD-102547,PRD2245,999,$25.54,25514.46,GBP
OL501659,ORD-100205,PRD2048,2,235.25,470.5,US Dollar
OL501660,ORD-103017,PRD2037,5,114.5,572.5,NGN
OL501661,ORD-108640,PRD2186,5,55.67,278.35,EUR
OL501662,ORD-102574,PRD2134,3,231.75,695.25,NGN
OL501663,ORD-104854,PRD2208,3,188.46,565.38,US Dollar
OL501664,ORD-101218,PRD2043,3,480.92,1442.76,EUR
OL501665,ORD-105543,PRD2211,0,439.25,,EUR
OL501666,ORD-108365,PRD2108,2,389.22,778.44,NGN
OL501667,ORD-108892,PRD2012,5,244.99,1224.95,US Dollar
OL501668,ORD-108459,PRD2077,1,479.49,479.49,EUR
OL501669,ORD-101589,PRD2003,1,422.56,422.56,EUR
OL501670,ORD-105979,PRD2078,3,336.9,1010.7,GBP
OL501671,ORD-102691,PRD2168,2,255.32,510.64,EUR
OL501672,ORD-106770,PRD2052,4,28.49,113.96,usd
OL501673,ORD-103814,PRD2142,4,343.52,1374.08,US Dollar
OL501674,ORD-107141,PRD2183,4,298.14,1192.56,EUR
OL501675,ORD-101113,PRD2029,-1,266.05,,EUR
OL501676,ORD-102095,PRD2114,1,429.46,429.46,EUR
OL501677,ORD-105344,PRD2129,0,450.51,,NGN
OL501678,ORD-103220,PRD2132,3,363.12,1089.36,usd
OL501679,ORD-105072,PRD2033,3,$211.74,635.22,US Dollar
OL501680,ORD-104709,PRD2039,4,365.61,1462.44,NGN
OL501681,ORD-101562,PRD2109,4,$464.19,1856.76,USD
OL501682,ORD-103302,PRD2001,4,28.66,114.64,EUR
OL501683,ORD-105010,PRD2148,4,154.26,617.04,US Dollar
OL501684,ORD-107436,PRD2108,5,177.81,889.05,US Dollar
OL501685,ORD-100194,PRD2170,4,142.24,568.96,usd
OL501686,ORD-105025,PRD2037,3,339.97,1019.91,USD
OL501687,ORD-106562,PRD2241,1,27.67,27.67,US Dollar
OL501688,ORD-105953,PRD2141,3,$220.88,662.64,usd
OL501689,ORD-103780,PRD2077,5,$9.56,47.8,US Dollar
OL501690,ORD-108018,PRD2140,999,353.31,352956.69,US Dollar
OL501691,ORD-107420,PRD2233,999,266.17,265903.83,usd
OL501692,ORD-100363,PRD2084,5,267.56,1337.8,NGN
OL501693,ORD-102075,PRD2089,999,147.13,146982.87,GBP
OL501694,ORD-101518,PRD2072,2,236.26,472.52,US Dollar
OL501695,ORD-104530,PRD2149,1,170.83,170.83,USD
OL501696,ORD-102362,PRD2205,0,$481.49,,GBP
OL501697,ORD-101175,PRD2139,3,$286.77,860.31,GBP
OL501698,ORD-102122,PRD2136,999,435.96,435524.04,US Dollar
OL501699,ORD-103193,PRD2012,4,19.34,77.36,EUR
OL501700,ORD-106679,PRD2225,0,177.56,,NGN
OL501701,ORD-101202,PRD2163,4,$463.23,1852.92,EUR
OL501702,ORD-102441,PRD2233,2,91.0,182.0,EUR
OL501703,ORD-101631,PRD2108,4,357.18,1428.72,NGN
OL501704,ORD-100678,PRD2190,1,377.94,377.94,GBP
OL501705,ORD-105384,PRD2245,1,396.93,396.93,NGN
OL501706,ORD-100124,PRD2100,2,455.35,910.7,GBP
OL501707,ORD-101060,PRD2133,5,111.35,556.75,US Dollar
OL501708,ORD-108114,PRD2079,3,164.88,494.64,GBP
OL501709,ORD-102434,PRD2247,0,$40.4,,USD
OL501710,ORD-106315,PRD2224,5,321.58,1607.9,USD
OL501711,ORD-107260,PRD2069,-1,255.8,,US Dollar
OL501712,ORD-106542,PRD2084,-1,71.0,,EUR
OL501713,ORD-108410,PRD2137,-1,224.88,,NGN
OL501714,ORD-103238,PRD2024,2,401.86,803.72,usd
OL501715,ORD-104952,PRD2034,3,$93.75,281.25,US Dollar
OL501716,ORD-103632,PRD2022,4,397.99,1591.96,EUR
OL501717,ORD-103271,PRD2148,5,13.38,66.9,EUR
OL501718,ORD-104519,PRD2164,3,487.7,1463.1,EUR
OL501719,ORD-101687,PRD2172,5,498.48,2492.4,usd
OL501720,ORD-101888,PRD2079,999,497.22,496722.78,USD
OL501721,ORD-102020,PRD2188,4,317.01,1268.04,usd
OL501722,ORD-104602,PRD2165,1,20.85,20.85,NGN
OL501723,ORD-101986,PRD2233,5,156.75,783.75,EUR
OL501724,ORD-108513,PRD2170,4,128.13,512.52,usd
OL501725,ORD-104728,PRD2022,3,356.84,1070.52,GBP
OL501726,ORD-104993,PRD2209,-1,255.03,,EUR
OL501727,ORD-102041,PRD2116,3,365.57,1096.71,US Dollar
OL501728,ORD-106066,PRD2162,4,490.2,1960.8,NGN
OL501729,ORD-105261,PRD2147,5,186.68,933.4,USD
OL501730,ORD-101029,PRD2239,5,486.19,2430.95,NGN
OL501731,ORD-100172,PRD2172,3,329.32,987.96,usd
OL501732,ORD-103156,PRD2201,-1,65.46,,EUR
OL501733,ORD-103631,PRD2139,999,404.53,404125.47,GBP
OL501734,ORD-103411,PRD2109,3,$415.91,1247.73,GBP
OL501735,ORD-108447,PRD2159,4,325.65,1302.6,NGN
OL501736,ORD-107685,PRD2231,3,185.64,556.92,USD
OL501737,ORD-100541,PRD2141,0,210.11,,NGN
OL501738,ORD-107023,PRD2195,2,166.05,332.1,US Dollar
OL501739,ORD-108726,PRD2005,4,$6.76,27.04,GBP
OL501740,ORD-103816,PRD2070,3,$345.45,1036.35,US Dollar
OL501741,ORD-106799,PRD2094,5,348.03,1740.15,NGN
OL501742,ORD-101207,PRD2044,1,50.36,50.36,USD
OL501743,ORD-108113,PRD2228,2,339.48,678.96,USD
OL501744,ORD-101558,PRD2129,5,416.64,2083.2,US Dollar
OL501745,ORD-103043,PRD2146,2,61.45,122.9,US Dollar
OL501746,ORD-104936,PRD2028,1,416.73,416.73,USD
OL501747,ORD-103852,PRD2164,5,$120.45,602.25,USD
OL501748,ORD-101927,PRD2146,2,420.06,840.12,USD
OL501749,ORD-104278,PRD2113,4,409.48,1637.92,GBP
OL501750,ORD-100955,PRD2199,999,201.41,201208.59,usd
OL501751,ORD-103654,PRD2217,3,56.3,168.9,US Dollar
OL501752,ORD-108305,PRD2029,5,438.39,2191.95,EUR
OL501753,ORD-101788,PRD2015,5,25.36,126.8,USD
OL501754,ORD-106308,PRD2248,5,244.34,1221.7,US Dollar
OL501755,ORD-104364,PRD2069,1,247.38,247.38,EUR
OL501756,ORD-101615,PRD2230,3,491.28,1473.84,usd
OL501757,ORD-100888,PRD2165,999,3.91,3906.09,usd
OL501758,ORD-100920,PRD2187,0,228.03,,usd
OL501759,ORD-108505,PRD2176,999,346.51,346163.49,usd
OL501760,ORD-105390,PRD2186,2,462.75,925.5,USD
OL501761,ORD-104690,PRD2124,4,233.02,932.08,NGN
OL501762,ORD-100496,PRD2016,1,94.45,94.45,NGN
OL501763,ORD-106717,PRD2092,3,371.29,1113.87,GBP
OL501764,ORD-105205,PRD2166,999,$234.23,233995.77,GBP
OL501765,ORD-106204,PRD2188,999,109.12,109010.88,EUR
OL501766,ORD-100051,PRD2113,1,181.98,181.98,GBP
OL501767,ORD-108334,PRD2242,5,$236.47,1182.35,usd
OL501768,ORD-101362,PRD2235,4,240.86,963.44,GBP
OL501769,ORD-104491,PRD2117,1,127.35,127.35,NGN
OL501770,ORD-108110,PRD2244,2,349.13,698.26,GBP
OL501771,ORD-108271,PRD2139,999,107.38,107272.62,usd
OL501772,ORD-104519,PRD2177,2,362.94,725.88,US Dollar
OL501773,ORD-103938,PRD2052,3,244.16,732.48,EUR
OL501774,ORD-101791,PRD2245,1,$271.0,271.0,NGN
OL501775,ORD-102534,PRD2012,2,$92.61,185.22,USD
OL501776,ORD-100996,PRD2246,3,222.26,666.78,GBP
OL501777,ORD-107386,PRD2173,0,354.61,,usd
OL501778,ORD-102341,PRD2013,0,155.04,,NGN
OL501779,ORD-101016,PRD2029,3,167.35,502.05,EUR
OL501780,ORD-106623,PRD2144,999,433.46,433026.54,US Dollar
OL501781,ORD-104211,PRD2156,5,278.0,1390.0,US Dollar
OL501782,ORD-107912,PRD2128,4,274.83,1099.32,USD
OL501783,ORD-108208,PRD2113,-1,414.82,,GBP
OL501784,ORD-102725,PRD2069,1,410.77,410.77,EUR
OL501785,ORD-101635,PRD2146,5,459.15,2295.75,usd
OL501786,ORD-103822,PRD2114,5,403.5,2017.5,EUR
OL501787,ORD-103441,PRD2231,1,$383.09,383.09,GBP
OL501788,ORD-103592,PRD2190,1,$382.1,382.1,US Dollar
OL501789,ORD-101072,PRD2089,5,6.72,33.6,GBP
OL501790,ORD-101375,PRD2052,2,308.34,616.68,EUR
OL501791,ORD-102663,PRD2187,5,381.89,1909.45,US Dollar
OL501792,ORD-104613,PRD2067,4,421.32,1685.28,NGN
OL501793,ORD-106517,PRD2197,1,480.19,480.19,GBP
OL501794,ORD-100885,PRD2181,1,$209.97,209.97,NGN
OL501795,ORD-105019,PRD2239,-1,250.22,,NGN
OL501796,ORD-102270,PRD2038,1,472.82,472.82,usd
OL501797,ORD-100547,PRD2110,0,334.76,,usd
OL501798,ORD-101901,PRD2019,3,190.82,572.46,GBP
OL501799,ORD-108948,PRD2155,1,375.1,375.1,USD
OL501800,ORD-107999,PRD2078,4,170.57,682.28,USD
OL501801,ORD-104862,PRD2125,0,259.29,,USD
OL501802,ORD-104927,PRD2231,2,295.16,590.32,GBP
OL501803,ORD-101824,PRD2216,2,385.32,770.64,NGN
OL501804,ORD-105442,PRD2223,4,$57.05,228.2,EUR
OL501805,ORD-104691,PRD2077,2,181.88,363.76,USD
OL501806,ORD-107107,PRD2079,1,$23.92,23.92,NGN
OL501807,ORD-103989,PRD2010,2,$426.35,852.7,USD
OL501808,ORD-103381,PRD2077,4,27.95,111.8,NGN
OL501809,ORD-100973,PRD2128,2,170.7,341.4,usd
OL501810,ORD-101819,PRD2162,1,211.76,211.76,NGN
OL501811,ORD-106474,PRD2065,0,$228.04,,GBP
OL501812,ORD-102417,PRD2144,0,22.92,,USD
OL501813,ORD-101805,PRD2070,2,$464.42,928.84,usd
OL501814,ORD-107133,PRD2114,2,26.64,53.28,USD
OL501815,ORD-101181,PRD2001,999,487.17,486682.83,USD
OL501816,ORD-108726,PRD2029,999,109.87,109760.13,EUR
OL501817,ORD-103590,PRD2174,1,68.05,68.05,usd
OL501818,ORD-100003,PRD2178,2,291.31,582.62,EUR
OL501819,ORD-100227,PRD2002,4,304.62,1218.48,NGN
OL501820,ORD-102336,PRD2129,1,74.2,74.2,usd
OL501821,ORD-101221,PRD2147,5,$224.72,1123.6,usd
OL501822,ORD-103102,PRD2233,2,27.08,54.16,USD
OL501823,ORD-108214,PRD2097,3,392.63,1177.89,EUR
OL501824,ORD-108077,PRD2021,-1,214.03,,GBP
OL501825,ORD-101808,PRD2234,4,178.98,715.92,EUR
OL501826,ORD-108967,PRD2237,999,437.04,436602.96,USD
OL501827,ORD-100412,PRD2226,3,282.49,847.47,GBP
OL501828,ORD-100304,PRD2023,0,413.64,,usd
OL501829,ORD-106299,PRD2139,5,176.95,884.75,EUR
OL501830,ORD-105591,PRD2134,2,$135.3,270.6,NGN
OL501831,ORD-101697,PRD2034,1,143.61,143.61,EUR
OL501832,ORD-100689,PRD2104,4,193.28,773.12,USD
OL501833,ORD-108580,PRD2148,3,7.18,21.54,US Dollar
OL501834,ORD-102853,PRD2227,4,196.28,785.12,GBP
OL501835,ORD-108858,PRD2199,0,298.51,,EUR
OL501836,ORD-106991,PRD2202,0,327.11,,US Dollar
OL501837,ORD-106154,PRD2078,0,294.7,,USD
OL501838,ORD-106306,PRD9417,4,144.15,576.6,GBP
OL501839,ORD-102116,PRD2121,5,224.41,1122.05,GBP
OL501840,ORD-105937,PRD2051,1,100.59,100.59,EUR
OL501841,ORD-103459,PRD2028,2,$412.22,824.44,USD
OL501842,ORD-106077,PRD2089,5,327.53,1637.65,GBP
OL501843,ORD-104680,PRD2051,3,234.89,704.67,US Dollar
OL501844,ORD-106917,PRD2185,1,74.07,74.07,NGN
OL501845,ORD-107196,PRD2135,5,233.99,1169.95,USD
OL501846,ORD-101599,PRD2037,3,55.79,167.37,US Dollar
OL501847,ORD-102635,PRD2057,3,310.81,932.43,US Dollar
OL501848,ORD-101913,PRD2099,4,27.74,110.96,GBP
OL501849,ORD-107818,PRD2189,999,$44.09,44045.91,US Dollar
OL501850,ORD-108937,PRD2137,1,254.3,254.3,usd
OL501851,ORD-108777,PRD2245,-1,471.79,,GBP
OL501852,ORD-106993,PRD2040,-1,7.38,,US Dollar
OL501853,ORD-103396,PRD2006,3,144.43,433.29,US Dollar
OL501854,ORD-101687,PRD2089,2,449.91,899.82,NGN
OL501855,ORD-108911,PRD2184,2,$391.11,782.22,usd
OL501856,ORD-105031,PRD2143,4,70.88,283.52,NGN
OL501857,ORD-100194,PRD2115,2,483.27,966.54,usd
OL501858,ORD-102919,PRD2107,3,72.63,217.89,USD
OL501859,ORD-108755,PRD2080,1,270.46,270.46,usd
OL501860,ORD-105128,PRD2067,-1,25.81,,US Dollar
OL501861,ORD-103823,PRD2212,3,72.84,218.52,USD
OL501862,ORD-103063,PRD2214,5,$462.33,2311.65,US Dollar
OL501863,ORD-101161,PRD2249,5,33.27,166.35,NGN
OL501864,ORD-103888,PRD2050,-1,117.0,,usd
OL501865,ORD-104331,PRD2142,0,339.27,,NGN
OL501866,ORD-107064,PRD2054,3,268.11,804.33,US Dollar
OL501867,ORD-103047,PRD2108,1,344.82,344.82,EUR
OL501868,ORD-108513,PRD2114,3,174.7,524.1,NGN
OL501869,ORD-102644,PRD2155,1,176.24,176.24,GBP
OL501870,ORD-106934,PRD2200,1,48.17,48.17,US Dollar
OL501871,ORD-100076,PRD2105,4,459.63,1838.52,GBP
OL501872,ORD-106898,PRD2048,2,433.98,867.96,USD
OL501873,ORD-107662,PRD9799,-1,19.13,,usd
OL501874,ORD-102609,PRD2155,2,10.62,21.24,usd
OL501875,ORD-102496,PRD2078,5,440.5,2202.5,usd
OL501876,ORD-101645,PRD2203,-1,482.14,,US Dollar
OL501877,ORD-104272,PRD2148,1,$202.66,202.66,usd
OL501878,ORD-106932,PRD2068,1,224.36,224.36,EUR
OL501879,ORD-103526,PRD2250,1,$303.05,303.05,EUR
OL501880,ORD-107099,PRD2241,1,56.56,56.56,GBP
OL501881,ORD-107088,PRD2184,-1,180.41,,NGN
OL501882,ORD-108269,PRD2206,0,471.36,,EUR
OL501883,ORD-108928,PRD2114,5,$442.4,2212.0,GBP
OL501884,ORD-107167,PRD2160,5,390.13,1950.65,US Dollar
OL501885,ORD-105992,PRD2209,-1,151.15,,NGN
OL501886,ORD-102857,PRD2012,3,284.81,854.43,EUR
OL501887,ORD-105297,PRD2210,0,190.29,,GBP
OL501888,ORD-103745,PRD2129,2,202.11,404.22,NGN
OL501889,ORD-102203,PRD2038,5,453.67,2268.35,EUR
OL501890,ORD-103643,PRD2250,5,276.43,1382.15,usd
OL501891,ORD-105772,PRD2076,1,$357.53,357.53,usd
OL501892,ORD-106411,PRD2173,0,376.65,,EUR
OL501893,ORD-106415,PRD2109,4,151.12,604.48,US Dollar
OL501894,ORD-105058,PRD2092,2,242.07,484.14,GBP
OL501895,ORD-104091,PRD2009,1,83.25,83.25,EUR
OL501896,ORD-100538,PRD2123,3,448.86,1346.58,USD
OL501897,ORD-105745,PRD2147,2,279.8,559.6,GBP
OL501898,ORD-100569,PRD2148,1,104.86,104.86,USD
OL501899,ORD-101315,PRD2075,4,435.93,1743.72,EUR
OL501900,ORD-105881,PRD2213,5,404.81,2024.05,EUR
OL501901,ORD-103280,PRD2210,3,217.66,652.98,usd
OL501902,ORD-104638,PRD2206,1,$367.4,367.4,EUR
OL501903,ORD-100859,PRD2243,3,$470.26,1410.78,US Dollar
OL501904,ORD-100116,PRD2154,5,52.99,264.95,USD
OL501905,ORD-108648,PRD2046,-1,323.05,,EUR
OL501906,ORD-100023,PRD2080,4,109.14,436.56,usd
OL501907,ORD-100420,PRD2097,5,$478.92,2394.6,GBP
OL501908,ORD-104809,PRD2098,3,$11.23,33.69,USD
OL501909,ORD-105383,PRD2147,-1,289.29,,GBP
OL501910,ORD-100360,PRD2031,1,10.79,10.79,US Dollar
OL501911,ORD-105862,PRD2042,3,66.56,199.68,US Dollar
OL501912,ORD-104550,PRD2182,4,$116.58,466.32,usd
OL501913,ORD-101256,PRD2231,2,88.77,177.54,EUR
OL501914,ORD-104727,PRD2153,0,69.87,,GBP
OL501915,ORD-100699,PRD2067,2,123.51,247.02,EUR
OL501916,ORD-103965,PRD2121,1,376.77,376.77,GBP
OL501917,ORD-106741,PRD2194,2,60.65,121.3,usd
OL501918,ORD-100268,PRD2237,3,279.53,838.59,GBP
OL501919,ORD-106477,PRD2133,3,225.27,675.81,NGN
OL501920,ORD-102708,PRD2228,0,141.85,,US Dollar
OL501921,ORD-105021,PRD2130,4,44.08,176.32,USD
OL501922,ORD-107112,PRD2168,4,$424.19,1696.76,GBP
OL501923,ORD-105455,PRD2229,3,171.21,513.63,NGN
OL501924,ORD-102306,PRD2222,1,103.6,103.6,USD
OL501925,ORD-105239,PRD2205,5,311.22,1556.1,GBP
OL501926,ORD-108566,PRD2167,5,18.41,92.05,usd
OL501927,ORD-105088,PRD2192,1,337.85,337.85,usd
OL501928,ORD-105827,PRD2155,3,79.13,237.39,usd
OL501929,ORD-100421,PRD2088,2,49.59,99.18,EUR
OL501930,ORD-100639,PRD2199,999,33.3,33266.7,NGN
OL501931,ORD-107487,PRD2028,4,310.98,1243.92,US Dollar
OL501932,ORD-106830,PRD2033,5,429.19,2145.95,GBP
OL501933,ORD-107522,PRD2097,5,44.91,224.55,USD
OL501934,ORD-102540,PRD2226,5,339.84,1699.2,NGN
OL501935,ORD-107862,PRD2127,999,65.13,65064.87,EUR
OL501936,ORD-106578,PRD2143,0,253.96,,GBP
OL501937,ORD-107719,PRD2237,1,477.92,477.92,EUR
OL501938,ORD-103091,PRD2054,999,127.26,127132.74,NGN
OL501939,ORD-100248,PRD2184,1,375.85,375.85,NGN
OL501940,ORD-102001,PRD2046,3,94.92,284.76,NGN
OL501941,ORD-106736,PRD2053,4,335.56,1342.24,GBP
OL501942,ORD-107261,PRD2066,-1,129.24,,GBP
OL501943,ORD-104515,PRD2133,3,293.02,879.06,usd
OL501944,ORD-103032,PRD2156,5,322.15,1610.75,GBP
OL501945,ORD-104379,PRD2196,0,440.22,,NGN
OL501946,ORD-101010,PRD2123,4,317.65,1270.6,usd
OL501947,ORD-102234,PRD2089,3,208.36,625.08,USD
OL501948,ORD-106442,PRD2221,0,344.73,,US Dollar
OL501949,ORD-100946,PRD2095,2,342.35,684.7,EUR
OL501950,ORD-102949,PRD2238,3,$48.98,146.94,USD
OL501951,ORD-106744,PRD2230,5,153.9,769.5,EUR
OL501952,ORD-105387,PRD2040,4,363.03,1452.12,usd
OL501953,ORD-105312,PRD2018,1,148.06,148.06,EUR
OL501954,ORD-101514,PRD2247,3,52.44,157.32,USD
OL501955,ORD-108100,PRD2076,3,464.83,1394.49,USD
OL501956,ORD-105777,PRD2205,1,$284.65,284.65,NGN
OL501957,ORD-104553,PRD2111,0,$52.33,,usd
OL501958,ORD-108482,PRD2190,1,327.92,327.92,USD
OL501959,ORD-108884,PRD2198,2,324.54,649.08,USD
OL501960,ORD-101141,PRD2236,4,64.68,258.72,USD
OL501961,ORD-102837,PRD2061,5,$200.95,1004.75,NGN
OL501962,ORD-103038,PRD2214,999,126.7,126573.3,NGN
OL501963,ORD-101296,PRD2022,5,215.11,1075.55,USD
OL501964,ORD-100878,PRD2224,1,383.43,383.43,usd
OL501965,ORD-103221,PRD2187,-1,191.45,,EUR
OL501966,ORD-105442,PRD2011,-1,308.42,,US Dollar
OL501967,ORD-101766,PRD2247,999,424.96,424535.04,NGN
OL501968,ORD-105104,PRD2006,0,242.71,,USD
OL501969,ORD-104972,PRD2021,999,$25.0,24975.0,EUR
OL501970,ORD-103205,PRD2012,3,174.6,523.8,EUR
OL501971,ORD-102823,PRD2014,2,$276.96,553.92,GBP
OL501972,ORD-101279,PRD2196,1,155.32,155.32,USD
OL501973,ORD-105559,PRD2006,3,169.17,507.51,US Dollar
OL501974,ORD-107658,PRD2075,2,142.07,284.14,NGN
OL501975,ORD-101897,PRD2110,3,452.61,1357.83,usd
OL501976,ORD-105678,PRD2248,-1,420.95,,GBP
OL501977,ORD-105116,PRD2128,4,$227.32,909.28,GBP
OL501978,ORD-103792,PRD2077,1,46.2,46.2,usd
OL501979,ORD-103122,PRD2122,5,$217.26,1086.3,usd
OL501980,ORD-106908,PRD2119,2,$235.55,471.1,EUR
OL501981,ORD-103503,PRD2038,3,262.36,787.08,USD
OL501982,ORD-100803,PRD2190,5,463.53,2317.65,EUR
OL501983,ORD-106864,PRD2206,4,$491.51,1966.04,USD
OL501984,ORD-102170,PRD2141,-1,$452.47,,usd
OL501985,ORD-106512,PRD2217,1,178.48,178.48,US Dollar
OL501986,ORD-103350,PRD2185,0,148.08,,US Dollar
OL501987,ORD-105466,PRD2002,5,88.54,442.7,EUR
OL501988,ORD-105110,PRD2151,2,151.28,302.56,EUR
OL501989,ORD-103453,PRD2006,1,218.41,218.41,US Dollar
OL501990,ORD-103224,PRD2067,2,106.54,213.08,USD
OL501991,ORD-103714,PRD2223,5,343.89,1719.45,GBP
OL501992,ORD-108311,PRD2224,3,329.76,989.28,EUR
OL501993,ORD-106596,PRD2166,4,143.53,574.12,US Dollar
OL501994,ORD-108045,PRD2134,2,11.62,23.24,EUR
OL501995,ORD-108323,PRD2106,2,$487.34,974.68,EUR
OL501996,ORD-108381,PRD2047,999,$465.32,464854.68,GBP
OL501997,ORD-105724,PRD2208,4,295.05,1180.2,NGN
OL501998,ORD-103967,PRD2078,4,143.8,575.2,usd
OL501999,ORD-100819,PRD2146,1,443.83,443.83,GBP
OL502000,ORD-102128,PRD2109,4,287.59,1150.36,EUR
OL502001,ORD-101143,PRD2003,1,47.27,47.27,USD
OL502002,ORD-103708,PRD9565,3,144.84,434.52,US Dollar
OL502003,ORD-106134,PRD2031,1,124.52,124.52,NGN
OL502004,ORD-103971,PRD2197,1,121.71,121.71,US Dollar
OL502005,ORD-102009,PRD2222,1,370.9,370.9,US Dollar
OL502006,ORD-104134,PRD2137,4,$492.31,1969.24,EUR
OL502007,ORD-100559,PRD2089,0,450.23,,USD
OL502008,ORD-103247,PRD2087,3,$438.67,1316.01,usd
OL502009,ORD-100389,PRD2015,2,378.84,757.68,usd
OL502010,ORD-102571,PRD2035,5,335.03,1675.15,EUR
OL502011,ORD-106174,PRD2030,999,472.37,471897.63,usd
OL502012,ORD-107442,PRD2200,3,196.0,588.0,US Dollar
OL502013,ORD-100699,PRD2111,999,$345.38,345034.62,GBP
OL502014,ORD-108175,PRD2120,2,$354.58,709.16,usd
OL502015,ORD-103618,PRD2221,3,$301.93,905.79,usd
OL502016,ORD-106213,PRD2219,3,345.29,1035.87,usd
OL502017,ORD-100029,PRD2177,1,183.1,183.1,EUR
OL502018,ORD-100303,PRD2099,2,328.36,656.72,GBP
OL502019,ORD-102543,PRD9071,3,83.61,250.83,EUR
OL502020,ORD-107376,PRD2160,3,343.63,1030.89,NGN
OL502021,ORD-106294,PRD2182,5,166.51,832.55,NGN
OL502022,ORD-103225,PRD2028,3,294.33,882.99,US Dollar
OL502023,ORD-105205,PRD2156,0,398.24,,EUR
OL502024,ORD-103162,PRD2187,5,217.63,1088.15,usd
OL502025,ORD-100843,PRD2063,2,$288.59,577.18,GBP
OL502026,ORD-108768,PRD2180,4,473.63,1894.52,US Dollar
OL502027,ORD-103338,PRD2023,2,$499.61,999.22,GBP
OL502028,ORD-101380,PRD2011,4,214.43,857.72,USD
OL502029,ORD-106376,PRD2160,2,48.05,96.1,NGN
OL502030,ORD-104653,PRD2050,5,180.14,900.7,NGN
OL502031,ORD-101511,PRD2010,4,468.37,1873.48,EUR
OL502032,ORD-104639,PRD2050,4,287.28,1149.12,EUR
OL502033,ORD-102937,PRD2214,-1,$102.69,,EUR
OL502034,ORD-106135,PRD2228,2,$153.12,306.24,US Dollar
OL502035,ORD-105462,PRD2088,-1,382.49,,usd
OL502036,ORD-104226,PRD2020,4,$418.58,1674.32,EUR
OL502037,ORD-105279,PRD2119,2,405.81,811.62,NGN
OL502038,ORD-105863,PRD2096,1,378.55,378.55,USD
OL502039,ORD-100302,PRD2161,4,395.54,1582.16,US Dollar
OL502040,ORD-103700,PRD2230,4,$230.59,922.36,USD
OL502041,ORD-101386,PRD2055,999,347.3,346952.7,EUR
OL502042,ORD-103091,PRD2101,3,$32.7,98.1,GBP
OL502043,ORD-102374,PRD2113,5,11.76,58.8,USD
OL502044,ORD-107001,PRD2075,5,369.17,1845.85,US Dollar
OL502045,ORD-101829,PRD2108,4,402.28,1609.12,US Dollar
OL502046,ORD-106600,PRD2036,3,25.51,76.53,USD
OL502047,ORD-100265,PRD2138,0,37.03,,GBP
OL502048,ORD-105153,PRD2107,2,356.0,712.0,EUR
OL502049,ORD-104745,PRD2202,5,110.37,551.85,USD
OL502050,ORD-105235,PRD2011,3,402.19,1206.57,NGN
OL502051,ORD-105098,PRD2093,4,466.66,1866.64,usd
OL502052,ORD-103575,PRD2077,0,204.35,,GBP
OL502053,ORD-106623,PRD2082,5,345.23,1726.15,USD
OL502054,ORD-102307,PRD2008,-1,188.17,,USD
OL502055,ORD-101432,PRD2076,1,$309.12,309.12,GBP
OL502056,ORD-105293,PRD2096,5,$224.44,1122.2,NGN
OL502057,ORD-106662,PRD2085,-1,439.45,,EUR
OL502058,ORD-103710,PRD2012,1,137.55,137.55,USD
OL502059,ORD-104493,PRD2168,1,313.15,313.15,US Dollar
OL502060,ORD-107669,PRD2154,2,78.65,157.3,NGN
OL502061,ORD-107101,PRD2130,5,306.41,1532.05,EUR
OL502062,ORD-105448,PRD2097,-1,149.45,,USD
OL502063,ORD-106471,PRD2153,0,448.45,,USD
OL502064,ORD-107280,PRD2006,2,$192.72,385.44,GBP
OL502065,ORD-108491,PRD2173,2,204.03,408.06,EUR
OL502066,ORD-101575,PRD2022,5,$211.16,1055.8,usd
OL502067,ORD-105011,PRD2235,0,$190.85,,usd
OL502068,ORD-104501,PRD2201,999,403.88,403476.12,NGN
OL502069,ORD-108623,PRD2100,0,308.17,,NGN
OL502070,ORD-103227,PRD2140,-1,430.77,,USD
OL502071,ORD-101787,PRD2235,3,$209.72,629.16,USD
OL502072,ORD-102482,PRD2245,5,293.24,1466.2,EUR
OL502073,ORD-103819,PRD2064,0,152.09,,EUR
OL502074,ORD-105656,PRD2050,-1,424.5,,usd
OL502075,ORD-103841,PRD2006,4,$297.89,1191.56,US Dollar
OL502076,ORD-104731,PRD2169,5,262.03,1310.15,usd
OL502077,ORD-104051,PRD2249,2,431.94,863.88,EUR
OL502078,ORD-101290,PRD2064,2,$404.82,809.64,USD
OL502079,ORD-108982,PRD2077,2,$270.85,541.7,EUR
OL502080,ORD-104219,PRD2017,4,366.26,1465.04,usd
OL502081,ORD-100573,PRD2218,4,295.99,1183.96,usd
OL502082,ORD-100854,PRD2088,1,101.48,101.48,usd
OL502083,ORD-106851,PRD2002,3,284.4,853.2,US Dollar
OL502084,ORD-101040,PRD2049,4,53.44,213.76,GBP
OL502085,ORD-100845,PRD2001,-1,46.74,,EUR
OL502086,ORD-107983,PRD2021,-1,88.33,,US Dollar
OL502087,ORD-108981,PRD2243,999,376.8,376423.2,USD
OL502088,ORD-107803,PRD2204,1,230.5,230.5,GBP
OL502089,ORD-104633,PRD2210,5,209.53,1047.65,GBP
OL502090,ORD-108561,PRD2018,1,293.83,293.83,USD
OL502091,ORD-102240,PRD2143,999,251.55,251298.45,usd
OL502092,ORD-105196,PRD2111,5,9.89,49.45,US Dollar
OL502093,ORD-105092,PRD2221,0,334.09,,usd
OL502094,ORD-101588,PRD2136,2,273.49,546.98,GBP
OL502095,ORD-108844,PRD2153,1,210.64,210.64,NGN
OL502096,ORD-101538,PRD2022,5,333.88,1669.4,USD
OL502097,ORD-107326,PRD2232,1,173.77,173.77,usd
OL502098,ORD-107762,PRD2027,4,331.99,1327.96,GBP
OL502099,ORD-104736,PRD2002,5,396.36,1981.8,usd
OL502100,ORD-108716,PRD2237,0,20.47,,US Dollar
OL502101,ORD-100552,PRD2006,0,298.89,,EUR
OL502102,ORD-101589,PRD2134,3,97.15,291.45,US Dollar
OL502103,ORD-107726,PRD2147,5,383.35,1916.75,NGN
OL502104,ORD-105502,PRD2124,999,$30.41,30379.59,GBP
OL502105,ORD-104237,PRD2090,999,$424.3,423875.7,US Dollar
OL502106,ORD-100820,PRD2173,4,225.91,903.64,GBP
OL502107,ORD-102826,PRD2186,5,335.42,1677.1,NGN
OL502108,ORD-101800,PRD2095,999,487.0,486513.0,US Dollar
OL502109,ORD-100643,PRD2226,4,321.82,1287.28,USD
OL502110,ORD-100224,PRD2142,1,433.63,433.63,NGN
OL502111,ORD-105642,PRD2126,999,374.41,374035.59,US Dollar
OL502112,ORD-107457,PRD2123,999,89.45,89360.55,GBP
OL502113,ORD-108186,PRD2022,-1,117.73,,US Dollar
OL502114,ORD-103230,PRD2153,5,$12.26,61.3,EUR
OL502115,ORD-108286,PRD2223,5,$456.7,2283.5,EUR
OL502116,ORD-103838,PRD2173,2,173.18,346.36,US Dollar
OL502117,ORD-105466,PRD2215,5,38.44,192.2,GBP
OL502118,ORD-101345,PRD2121,999,267.55,267282.45,US Dollar
OL502119,ORD-103632,PRD2230,1,84.98,84.98,EUR
OL502120,ORD-107952,PRD2181,5,53.81,269.05,USD
OL502121,ORD-105385,PRD2082,5,421.2,2106.0,NGN
OL502122,ORD-106764,PRD2222,2,$163.61,327.22,GBP
OL502123,ORD-100460,PRD2229,3,270.93,812.79,NGN
OL502124,ORD-104864,PRD2237,-1,$389.7,,GBP
OL502125,ORD-105320,PRD2024,3,494.02,1482.06,USD
OL502126,ORD-102235,PRD2198,1,$417.84,417.84,GBP
OL502127,ORD-103947,PRD2169,1,277.3,277.3,NGN
OL502128,ORD-104631,PRD2139,4,300.24,1200.96,US Dollar
OL502129,ORD-107221,PRD2236,1,203.56,203.56,USD
OL502130,ORD-104804,PRD2189,1,$65.93,65.93,NGN
OL502131,ORD-104352,PRD2168,5,288.68,1443.4,EUR
OL502132,ORD-102913,PRD2050,0,354.3,,USD
OL502133,ORD-101177,PRD2135,1,229.87,229.87,USD
OL502134,ORD-103675,PRD2239,4,80.29,321.16,USD
OL502135,ORD-104727,PRD2030,999,24.75,24725.25,EUR
OL502136,ORD-101518,PRD2077,5,301.15,1505.75,usd
OL502137,ORD-101813,PRD2227,0,233.1,,usd
OL502138,ORD-100442,PRD2044,2,429.89,859.78,usd
OL502139,ORD-106711,PRD2101,3,213.97,641.91,US Dollar
OL502140,ORD-102582,PRD2247,0,12.5,,GBP
OL502141,ORD-100216,PRD2159,2,418.88,837.76,USD
OL502142,ORD-105116,PRD2020,0,344.7,,usd
OL502143,ORD-107163,PRD2072,4,$148.17,592.68,EUR
OL502144,ORD-107970,PRD2082,-1,430.97,,GBP
OL502145,ORD-104040,PRD2168,2,241.7,483.4,NGN
OL502146,ORD-106305,PRD2007,999,328.57,328241.43,GBP
OL502147,ORD-105795,PRD2218,5,$165.67,828.35,usd
OL502148,ORD-100316,PRD2097,0,$382.27,,EUR
OL502149,ORD-104941,PRD2119,5,361.91,1809.55,usd
OL502150,ORD-100963,PRD2125,4,425.18,1700.72,GBP
OL502151,ORD-102042,PRD2005,4,357.23,1428.92,US Dollar
OL502152,ORD-101634,PRD2134,1,229.13,229.13,USD
OL502153,ORD-104613,PRD2004,1,244.63,244.63,NGN
OL502154,ORD-104786,PRD2010,999,16.77,16753.23,US Dollar
OL502155,ORD-100530,PRD2058,5,187.89,939.45,US Dollar
OL502156,ORD-107486,PRD2105,3,429.4,1288.2,EUR
OL502157,ORD-104577,PRD2047,1,341.03,341.03,USD
OL502158,ORD-105612,PRD2029,4,459.97,1839.88,US Dollar
OL502159,ORD-103811,PRD2129,-1,37.22,,usd
OL502160,ORD-106357,PRD2166,1,199.32,199.32,USD
OL502161,ORD-100848,PRD2130,3,233.23,699.69,US Dollar
OL502162,ORD-105662,PRD2224,999,394.83,394435.17,usd
OL502163,ORD-103199,PRD2003,5,6.72,33.6,EUR
OL502164,ORD-104708,PRD9230,2,203.31,406.62,EUR
OL502165,ORD-104045,PRD2021,3,189.49,568.47,GBP
OL502166,ORD-101279,PRD2249,5,107.53,537.65,US Dollar
OL502167,ORD-101458,PRD2112,4,472.61,1890.44,NGN
OL502168,ORD-108395,PRD2244,1,443.16,443.16,EUR
OL502169,ORD-100476,PRD2020,0,16.71,,usd
OL502170,ORD-101935,PRD2135,999,349.87,349520.13,EUR
OL502171,ORD-102945,PRD2159,-1,126.03,,US Dollar
OL502172,ORD-108612,PRD2236,0,153.76,,EUR
OL502173,ORD-107117,PRD2233,4,370.62,1482.48,NGN
OL502174,ORD-107096,PRD2056,1,$293.85,293.85,EUR
OL502175,ORD-107163,PRD2244,-1,378.47,,NGN
OL502176,ORD-104097,PRD2070,1,$73.15,73.15,NGN
OL502177,ORD-103227,PRD2236,3,419.5,1258.5,NGN
OL502178,ORD-105283,PRD2050,999,323.4,323076.6,NGN
OL502179,ORD-102723,PRD2137,4,148.78,595.12,USD
OL502180,ORD-107211,PRD2174,2,481.21,962.42,GBP
OL502181,ORD-100418,PRD2109,3,$6.44,19.32,usd
OL502182,ORD-101940,PRD2213,2,414.82,829.64,usd
OL502183,ORD-104372,PRD2178,4,9.38,37.52,usd
OL502184,ORD-101621,PRD2121,5,163.33,816.65,usd
OL502185,ORD-104432,PRD2008,1,437.11,437.11,EUR
OL502186,ORD-100454,PRD2209,999,341.46,341118.54,NGN
OL502187,ORD-100530,PRD2002,4,275.14,1100.56,USD
OL502188,ORD-103810,PRD2090,-1,44.36,,USD
OL502189,ORD-106961,PRD2221,4,213.3,853.2,EUR
OL502190,ORD-105140,PRD2097,3,$301.75,905.25,NGN
OL502191,ORD-107353,PRD2217,2,216.57,433.14,usd
OL502192,ORD-103613,PRD2157,4,119.45,477.8,GBP
OL502193,ORD-100859,PRD2231,1,103.13,103.13,EUR
OL502194,ORD-108834,PRD2168,3,93.92,281.76,US Dollar
OL502195,ORD-103796,PRD2168,5,480.8,2404.0,GBP
OL502196,ORD-100776,PRD2080,5,$95.2,476.0,usd
OL502197,ORD-106072,PRD2153,3,$367.26,1101.78,GBP
OL502198,ORD-106004,PRD2130,2,$164.53,329.06,USD
OL502199,ORD-107652,PRD2060,999,389.15,388760.85,EUR
OL502200,ORD-100281,PRD2196,2,145.35,290.7,GBP
OL502201,ORD-104699,PRD2022,-1,139.47,,EUR
OL502202,ORD-106929,PRD2173,3,326.66,979.98,US Dollar
OL502203,ORD-106221,PRD2010,5,78.95,394.75,NGN
OL502204,ORD-106365,PRD2160,3,$178.9,536.7,NGN
OL502205,ORD-102559,PRD2149,2,168.88,337.76,NGN
OL502206,ORD-103906,PRD2122,4,37.09,148.36,usd
OL502207,ORD-100830,PRD2171,2,$402.44,804.88,NGN
OL502208,ORD-105068,PRD2177,4,158.08,632.32,US Dollar
OL502209,ORD-100471,PRD2133,4,$417.14,1668.56,USD
OL502210,ORD-107494,PRD2210,5,$258.63,1293.15,US Dollar
OL502211,ORD-102548,PRD2140,-1,$296.22,,EUR
OL502212,ORD-108407,PRD2219,4,307.43,1229.72,NGN
OL502213,ORD-102624,PRD2062,0,79.07,,EUR
OL502214,ORD-105769,PRD2166,4,403.41,1613.64,GBP
OL502215,ORD-103811,PRD2180,3,132.69,398.07,usd
OL502216,ORD-107265,PRD2051,1,131.14,131.14,USD
OL502217,ORD-101584,PRD2248,0,145.11,,usd
OL502218,ORD-108587,PRD2194,4,209.24,836.96,USD
OL502219,ORD-105318,PRD2191,0,114.0,,NGN
OL502220,ORD-102041,PRD2232,-1,432.88,,GBP
OL502221,ORD-107664,PRD2166,-1,113.14,,usd
OL502222,ORD-102798,PRD2015,3,185.49,556.47,USD
OL502223,ORD-102029,PRD2096,4,197.52,790.08,usd
OL502224,ORD-105831,PRD2126,3,251.5,754.5,US Dollar
OL502225,ORD-107769,PRD2061,3,384.48,1153.44,EUR
OL502226,ORD-104876,PRD2167,-1,476.93,,NGN
OL502227,ORD-103854,PRD2013,4,403.24,1612.96,usd
OL502228,ORD-104430,PRD2144,5,456.12,2280.6,NGN
OL502229,ORD-103521,PRD2001,2,309.68,619.36,USD
OL502230,ORD-103314,PRD2134,3,49.84,149.52,NGN
OL502231,ORD-103033,PRD2229,-1,126.82,,USD
OL502232,ORD-106609,PRD2175,5,425.56,2127.8,NGN
OL502233,ORD-106491,PRD2072,4,71.4,285.6,usd
OL502234,ORD-105355,PRD2246,3,452.99,1358.97,usd
OL502235,ORD-107278,PRD2175,5,493.42,2467.1,NGN
OL502236,ORD-103590,PRD2117,2,165.85,331.7,usd
OL502237,ORD-105113,PRD2022,1,33.15,33.15,EUR
OL502238,ORD-103059,PRD2169,4,472.06,1888.24,USD
OL502239,ORD-102729,PRD2184,4,283.95,1135.8,US Dollar
OL502240,ORD-103401,PRD2242,2,171.66,343.32,usd
OL502241,ORD-103853,PRD2070,999,$87.86,87772.14,USD
OL502242,ORD-104128,PRD2007,-1,301.28,,EUR
OL502243,ORD-103086,PRD2085,1,280.93,280.93,EUR
OL502244,ORD-105880,PRD2200,3,426.72,1280.16,NGN
OL502245,ORD-104167,PRD2230,2,$328.56,657.12,EUR
OL502246,ORD-104422,PRD2236,3,187.21,561.63,NGN
OL502247,ORD-101247,PRD2192,1,$444.94,444.94,NGN
OL502248,ORD-101715,PRD2147,0,303.07,,NGN
OL502249,ORD-100681,PRD2078,2,196.92,393.84,USD
OL502250,ORD-105113,PRD2127,-1,163.07,,EUR
OL502251,ORD-103208,PRD2036,4,292.11,1168.44,US Dollar
OL502252,ORD-107011,PRD2250,5,$203.85,1019.25,EUR
OL502253,ORD-108990,PRD2221,1,141.24,141.24,usd
OL502254,ORD-100329,PRD2108,4,23.95,95.8,EUR
OL502255,ORD-102519,PRD2193,1,151.86,151.86,NGN
OL502256,ORD-101485,PRD2228,999,443.45,443006.55,EUR
OL502257,ORD-106955,PRD2011,1,162.51,162.51,US Dollar
OL502258,ORD-103198,PRD2039,0,243.19,,usd
OL502259,ORD-100231,PRD2041,2,288.29,576.58,NGN
OL502260,ORD-103761,PRD2160,1,407.73,407.73,usd
OL502261,ORD-103678,PRD2022,4,$126.73,506.92,NGN
OL502262,ORD-108393,PRD2054,3,437.74,1313.22,GBP
OL502263,ORD-108354,PRD2008,4,159.06,636.24,USD
OL502264,ORD-106873,PRD2080,999,53.64,53586.36,USD
OL502265,ORD-107534,PRD2176,3,292.17,876.51,GBP
OL502266,ORD-102695,PRD2209,-1,272.31,,EUR
OL502267,ORD-106231,PRD2058,2,75.44,150.88,NGN
OL502268,ORD-105269,PRD2179,4,$196.84,787.36,EUR
OL502269,ORD-105938,PRD2172,0,93.43,,US Dollar
OL502270,ORD-100522,PRD2101,4,105.67,422.68,usd
OL502271,ORD-106882,PRD2178,5,472.11,2360.55,NGN
OL502272,ORD-104452,PRD2032,2,63.77,127.54,usd
OL502273,ORD-101108,PRD2231,3,278.51,835.53,US Dollar
OL502274,ORD-105927,PRD2065,1,301.58,301.58,GBP
OL502275,ORD-102126,PRD2168,5,449.65,2248.25,usd
OL502276,ORD-106228,PRD2033,4,480.54,1922.16,usd
OL502277,ORD-101715,PRD2070,1,245.02,245.02,NGN
OL502278,ORD-100017,PRD2141,5,86.71,433.55,US Dollar
OL502279,ORD-105503,PRD2116,1,241.67,241.67,EUR
OL502280,ORD-100781,PRD2062,-1,235.28,,US Dollar
OL502281,ORD-100135,PRD2111,4,468.75,1875.0,EUR
OL502282,ORD-105876,PRD2201,4,112.86,451.44,EUR
OL502283,ORD-106688,PRD2097,4,76.14,304.56,GBP
OL502284,ORD-102755,PRD2011,1,$286.04,286.04,US Dollar
OL502285,ORD-100082,PRD2185,1,239.12,239.12,EUR
OL502286,ORD-104287,PRD2235,2,134.13,268.26,NGN
OL502287,ORD-100903,PRD2054,2,464.2,928.4,GBP
OL502288,ORD-105512,PRD2209,1,281.06,281.06,usd
OL502289,ORD-104065,PRD2195,1,176.4,176.4,NGN
OL502290,ORD-102092,PRD2229,1,357.1,357.1,usd
OL502291,ORD-100042,PRD2007,3,184.34,553.02,US Dollar
OL502292,ORD-101212,PRD2169,0,421.98,,US Dollar
OL502293,ORD-100820,PRD2033,2,218.85,437.7,NGN
OL502294,ORD-102526,PRD2141,3,232.01,696.03,EUR
OL502295,ORD-108720,PRD2229,5,363.14,1815.7,EUR
OL502296,ORD-104850,PRD2174,0,142.47,,EUR
OL502297,ORD-105710,PRD2203,5,150.84,754.2,NGN
OL502298,ORD-108994,PRD2080,2,297.64,595.28,USD
OL502299,ORD-100041,PRD2212,2,287.96,575.92,NGN
OL502300,ORD-101918,PRD2120,2,437.37,874.74,EUR
OL502301,ORD-107004,PRD2030,1,486.12,486.12,US Dollar
OL502302,ORD-107536,PRD2178,-1,279.43,,GBP
OL502303,ORD-107172,PRD2090,0,370.29,,NGN
OL502304,ORD-102824,PRD2092,5,182.5,912.5,EUR
OL502305,ORD-108983,PRD2227,999,6.07,6063.93,USD
OL502306,ORD-103100,PRD2242,2,39.96,79.92,NGN
OL502307,ORD-101821,PRD2122,1,255.46,255.46,NGN
OL502308,ORD-101541,PRD2125,999,463.49,463026.51,EUR
OL502309,ORD-100286,PRD2063,1,236.13,236.13,usd
OL502310,ORD-101204,PRD2069,3,29.35,88.05,usd
OL502311,ORD-102452,PRD2247,5,327.17,1635.85,NGN
OL502312,ORD-103050,PRD2174,2,412.77,825.54,USD
OL502313,ORD-106764,PRD2077,999,$297.27,296972.73,EUR
OL502314,ORD-107380,PRD2160,5,7.28,36.4,usd
OL502315,ORD-101577,PRD2102,3,54.72,164.16,usd
OL502316,ORD-108111,PRD2003,0,247.91,,USD
OL502317,ORD-108656,PRD2229,5,104.8,524.0,US Dollar
OL502318,ORD-104505,PRD2246,2,43.47,86.94,US Dollar
OL502319,ORD-103803,PRD9262,999,$297.01,296712.99,NGN
OL502320,ORD-101696,PRD2103,999,338.49,338151.51,usd
OL502321,ORD-105592,PRD2016,5,280.5,1402.5,usd
OL502322,ORD-108162,PRD2204,4,354.88,1419.52,US Dollar
OL502323,ORD-107806,PRD2207,5,134.0,670.0,EUR
OL502324,ORD-107007,PRD2019,5,222.72,1113.6,USD
OL502325,ORD-107274,PRD2195,-1,282.17,,NGN
OL502326,ORD-103169,PRD2028,2,363.35,726.7,NGN
OL502327,ORD-107335,PRD2105,4,219.13,876.52,US Dollar
OL502328,ORD-103465,PRD2068,3,123.97,371.91,EUR
OL502329,ORD-101252,PRD2136,999,$473.71,473236.29,USD
OL502330,ORD-106741,PRD2031,2,495.55,991.1,US Dollar
OL502331,ORD-103794,PRD2003,0,375.08,,usd
OL502332,ORD-106958,PRD2003,0,264.37,,NGN
OL502333,ORD-104330,PRD2073,3,209.35,628.05,EUR
OL502334,ORD-108619,PRD2086,5,350.01,1750.05,USD
OL502335,ORD-103223,PRD2114,2,90.5,181.0,NGN
OL502336,ORD-106059,PRD2169,1,497.97,497.97,USD
OL502337,ORD-106317,PRD2241,0,$47.18,,GBP
OL502338,ORD-102044,PRD2045,0,252.71,,usd
OL502339,ORD-102283,PRD2021,2,277.14,554.28,EUR
OL502340,ORD-107561,PRD2100,3,46.32,138.96,NGN
OL502341,ORD-107190,PRD2092,4,222.95,891.8,EUR
OL502342,ORD-107885,PRD2213,999,17.09,17072.91,NGN
OL502343,ORD-107280,PRD2213,1,64.57,64.57,USD
OL502344,ORD-107672,PRD2162,5,472.82,2364.1,EUR
OL502345,ORD-101932,PRD2198,-1,$353.75,,NGN
OL502346,ORD-105393,PRD2133,-1,477.96,,US Dollar
OL502347,ORD-103924,PRD2079,1,438.53,438.53,NGN
OL502348,ORD-103209,PRD2174,3,257.98,773.94,USD
OL502349,ORD-107833,PRD2186,-1,170.03,,usd
OL502350,ORD-107708,PRD2170,-1,52.95,,usd
OL502351,ORD-105147,PRD2212,3,77.71,233.13,US Dollar
OL502352,ORD-101090,PRD2095,4,336.2,1344.8,usd
OL502353,ORD-105020,PRD2090,2,$354.33,708.66,US Dollar
OL502354,ORD-103888,PRD2036,-1,338.78,,GBP
OL502355,ORD-102552,PRD2070,4,135.47,541.88,usd
OL502356,ORD-106801,PRD2241,4,$485.62,1942.48,GBP
OL502357,ORD-101262,PRD2203,4,87.89,351.56,usd
OL502358,ORD-106452,PRD2048,0,105.2,,NGN
OL502359,ORD-102638,PRD2216,-1,9.9,,GBP
OL502360,ORD-107435,PRD2225,2,252.86,505.72,USD
OL502361,ORD-108215,PRD2034,2,131.78,263.56,EUR
OL502362,ORD-103399,PRD2106,1,45.8,45.8,US Dollar
OL502363,ORD-104399,PRD2060,3,252.07,756.21,NGN
OL502364,ORD-102157,PRD2048,1,93.07,93.07,GBP
OL502365,ORD-106378,PRD2117,5,$31.26,156.3,NGN
OL502366,ORD-106658,PRD2184,2,350.88,701.76,GBP
OL502367,ORD-106857,PRD2090,5,383.67,1918.35,US Dollar
OL502368,ORD-102320,PRD2237,3,$318.21,954.63,NGN
OL502369,ORD-101826,PRD2142,-1,$476.86,,USD
OL502370,ORD-107526,PRD2134,3,342.47,1027.41,EUR
OL502371,ORD-105417,PRD2081,2,388.02,776.04,US Dollar
OL502372,ORD-101075,PRD2079,4,436.42,1745.68,GBP
OL502373,ORD-100841,PRD2133,4,491.81,1967.24,EUR
OL502374,ORD-107986,PRD2040,4,400.19,1600.76,NGN
OL502375,ORD-107115,PRD2089,1,269.37,269.37,US Dollar
OL502376,ORD-105081,PRD2167,2,197.69,395.38,usd
OL502377,ORD-105915,PRD2066,4,440.15,1760.6,NGN
OL502378,ORD-108078,PRD2029,1,185.6,185.6,GBP
OL502379,ORD-104527,PRD2089,5,344.61,1723.05,EUR
OL502380,ORD-105934,PRD2028,2,486.29,972.58,USD
OL502381,ORD-105392,PRD2036,4,413.15,1652.6,USD
OL502382,ORD-106638,PRD2152,5,$465.04,2325.2,USD
OL502383,ORD-101740,PRD2137,3,200.82,602.46,EUR
OL502384,ORD-102746,PRD2043,2,302.95,605.9,EUR
OL502385,ORD-101729,PRD2085,1,43.97,43.97,USD
OL502386,ORD-101701,PRD2045,3,77.69,233.07,NGN
OL502387,ORD-101358,PRD2174,3,189.0,567.0,NGN
OL502388,ORD-108110,PRD2240,0,3.7,,US Dollar
OL502389,ORD-104955,PRD2173,0,54.57,,usd
OL502390,ORD-107306,PRD2170,5,46.22,231.1,usd
OL502391,ORD-104005,PRD2114,4,16.56,66.24,EUR
OL502392,ORD-106974,PRD2245,1,$447.59,447.59,NGN
OL502393,ORD-102504,PRD2156,999,466.73,466263.27,usd
OL502394,ORD-107907,PRD2118,3,476.71,1430.13,GBP
OL502395,ORD-102710,PRD2053,3,381.53,1144.59,US Dollar
OL502396,ORD-102453,PRD2240,4,12.69,50.76,NGN
OL502397,ORD-101919,PRD2223,0,192.42,,EUR
OL502398,ORD-107388,PRD2063,1,292.85,292.85,EUR
OL502399,ORD-108333,PRD2175,3,70.16,210.48,NGN
OL502400,ORD-102136,PRD2221,5,239.12,1195.6,usd
OL502401,ORD-100767,PRD2225,4,139.0,556.0,NGN
OL502402,ORD-102431,PRD2245,2,$440.65,881.3,USD
OL502403,ORD-101025,PRD2046,4,395.9,1583.6,GBP
OL502404,ORD-102011,PRD2053,4,$192.51,770.04,GBP
OL502405,ORD-103911,PRD2194,0,464.8,,NGN
OL502406,ORD-100430,PRD2123,4,218.12,872.48,NGN
OL502407,ORD-102178,PRD2019,4,493.2,1972.8,USD
OL502408,ORD-100833,PRD2211,0,447.66,,GBP
OL502409,ORD-107372,PRD2032,4,$379.29,1517.16,EUR
OL502410,ORD-108468,PRD2028,999,86.15,86063.85,NGN
OL502411,ORD-101210,PRD2176,-1,486.76,,usd
OL502412,ORD-101420,PRD2045,999,466.4,465933.6,usd
OL502413,ORD-100494,PRD2198,0,187.93,,NGN
OL502414,ORD-106334,PRD2221,2,139.0,278.0,EUR
OL502415,ORD-106407,PRD2181,5,243.48,1217.4,usd
OL502416,ORD-107237,PRD2177,2,178.21,356.42,NGN
OL502417,ORD-108662,PRD2175,5,$325.64,1628.2,usd
OL502418,ORD-107886,PRD2149,3,386.82,1160.46,GBP
OL502419,ORD-107845,PRD2185,2,349.09,698.18,EUR
OL502420,ORD-105318,PRD2233,2,455.39,910.78,EUR
OL502421,ORD-102436,PRD2031,-1,229.29,,USD
OL502422,ORD-103919,PRD2038,5,253.64,1268.2,US Dollar
OL502423,ORD-104593,PRD2250,4,125.53,502.12,usd
OL502424,ORD-101292,PRD2242,5,280.32,1401.6,usd
OL502425,ORD-103338,PRD2239,5,13.59,67.95,NGN
OL502426,ORD-105796,PRD2067,2,418.17,836.34,US Dollar
OL502427,ORD-100393,PRD2125,4,$379.56,1518.24,US Dollar
OL502428,ORD-107014,PRD2205,5,464.42,2322.1,US Dollar
OL502429,ORD-105533,PRD2060,4,$247.31,989.24,GBP
OL502430,ORD-107209,PRD2135,3,2.33,6.99,NGN
OL502431,ORD-102154,PRD2027,3,60.72,182.16,USD
OL502432,ORD-102576,PRD2211,5,189.3,946.5,usd
OL502433,ORD-104047,PRD2174,5,364.56,1822.8,USD
OL502434,ORD-104330,PRD2039,3,$48.25,144.75,EUR
OL502435,ORD-105257,PRD2144,0,$407.93,,USD
OL502436,ORD-104409,PRD2185,-1,178.7,,GBP
OL502437,ORD-101471,PRD2209,5,2.59,12.95,USD
OL502438,ORD-103612,PRD2161,5,438.98,2194.9,US Dollar
OL502439,ORD-101411,PRD2006,2,142.12,284.24,EUR
OL502440,ORD-106722,PRD2209,5,282.7,1413.5,GBP
OL502441,ORD-101151,PRD2020,0,48.38,,US Dollar
OL502442,ORD-103291,PRD2036,4,293.09,1172.36,usd
OL502443,ORD-100180,PRD2037,5,308.51,1542.55,usd
OL502444,ORD-103079,PRD2196,1,336.89,336.89,NGN
OL502445,ORD-108384,PRD2134,4,407.71,1630.84,USD
OL502446,ORD-105620,PRD2040,2,323.68,647.36,GBP
OL502447,ORD-105608,PRD2090,0,$260.19,,GBP
OL502448,ORD-108174,PRD2093,3,471.13,1413.39,USD
OL502449,ORD-102753,PRD2046,2,$30.05,60.1,usd
OL502450,ORD-101627,PRD2111,3,86.6,259.8,usd
OL502451,ORD-101528,PRD2248,999,$380.79,380409.21,EUR
OL502452,ORD-107529,PRD2178,1,380.59,380.59,NGN
OL502453,ORD-108172,PRD2116,-1,$94.13,,EUR
OL502454,ORD-101329,PRD2239,5,80.11,400.55,EUR
OL502455,ORD-104264,PRD2128,3,220.18,660.54,USD
OL502456,ORD-108680,PRD2191,5,269.67,1348.35,USD
OL502457,ORD-102548,PRD2177,5,495.15,2475.75,GBP
OL502458,ORD-107050,PRD2179,999,247.94,247692.06,usd
OL502459,ORD-107570,PRD2071,1,353.62,353.62,US Dollar
OL502460,ORD-103032,PRD2176,1,38.96,38.96,NGN
OL502461,ORD-107274,PRD2052,5,155.48,777.4,EUR
OL502462,ORD-105957,PRD2140,3,164.28,492.84,usd
OL502463,ORD-108563,PRD2236,3,192.74,578.22,GBP
OL502464,ORD-103679,PRD2079,3,$70.38,211.14,US Dollar
OL502465,ORD-106424,PRD2100,3,140.42,421.26,NGN
OL502466,ORD-100182,PRD2078,2,121.4,242.8,GBP
OL502467,ORD-102875,PRD2249,-1,384.25,,EUR
OL502468,ORD-102974,PRD2190,0,355.48,,NGN
OL502469,ORD-103734,PRD2158,4,150.65,602.6,USD
OL502470,ORD-104483,PRD2105,5,$352.3,1761.5,EUR
OL502471,ORD-103778,PRD2133,-1,$434.41,,EUR
OL502472,ORD-103961,PRD2022,3,124.86,374.58,NGN
OL502473,ORD-102945,PRD2098,5,356.17,1780.85,US Dollar
OL502474,ORD-106271,PRD2186,3,213.71,641.13,usd
OL502475,ORD-103758,PRD2048,-1,$400.56,,NGN
OL502476,ORD-100877,PRD2158,4,367.58,1470.32,GBP
OL502477,ORD-107186,PRD2201,4,487.71,1950.84,GBP
OL502478,ORD-103666,PRD2154,3,287.38,862.14,usd
OL502479,ORD-107682,PRD2057,999,152.39,152237.61,EUR
OL502480,ORD-104262,PRD2006,0,$305.87,,USD
OL502481,ORD-108475,PRD2058,3,213.08,639.24,NGN
OL502482,ORD-106236,PRD2157,999,265.48,265214.52,US Dollar
OL502483,ORD-103959,PRD2005,1,278.75,278.75,US Dollar
OL502484,ORD-108127,PRD2135,4,234.41,937.64,NGN
OL502485,ORD-105785,PRD2099,3,$388.1,1164.3,NGN
OL502486,ORD-108322,PRD2168,3,175.6,526.8,US Dollar
OL502487,ORD-103283,PRD2188,5,200.81,1004.05,EUR
OL502488,ORD-103429,PRD2052,5,368.47,1842.35,USD
OL502489,ORD-105231,PRD2219,3,331.99,995.97,NGN
OL502490,ORD-105098,PRD2153,2,3.68,7.36,GBP
OL502491,ORD-102211,PRD2096,4,415.09,1660.36,USD
OL502492,ORD-100497,PRD2209,1,427.3,427.3,GBP
OL502493,ORD-104675,PRD2114,1,324.44,324.44,EUR
OL502494,ORD-108016,PRD2183,4,345.83,1383.32,GBP
OL502495,ORD-103446,PRD2174,3,170.44,511.32,USD
OL502496,ORD-103959,PRD2092,2,182.65,365.3,EUR
OL502497,ORD-108821,PRD2224,-1,487.35,,EUR
OL502498,ORD-104972,PRD2047,4,411.66,1646.64,EUR
OL502499,ORD-102397,PRD2119,3,132.11,396.33,GBP
OL502500,ORD-105458,PRD2082,2,306.77,613.54,usd
OL502501,ORD-105374,PRD2150,2,82.77,165.54,usd
OL502502,ORD-102482,PRD2248,5,454.94,2274.7,EUR
OL502503,ORD-107852,PRD2113,5,208.38,1041.9,NGN
OL502504,ORD-100882,PRD2118,4,167.52,670.08,US Dollar
OL502505,ORD-102551,PRD2132,1,187.5,187.5,USD
OL502506,ORD-107313,PRD2110,3,111.88,335.64,usd
OL502507,ORD-103836,PRD2034,0,384.41,,EUR
OL502508,ORD-108642,PRD2023,1,348.48,348.48,EUR
OL502509,ORD-100921,PRD2205,-1,$449.45,,NGN
OL502510,ORD-102948,PRD2061,5,$135.54,677.7,usd
OL502511,ORD-100140,PRD2123,1,382.0,382.0,US Dollar
OL502512,ORD-103967,PRD2072,5,17.3,86.5,usd
OL502513,ORD-102064,PRD2105,-1,56.27,,NGN
OL502514,ORD-108779,PRD2214,2,$446.98,893.96,EUR
OL502515,ORD-103623,PRD2148,-1,73.04,,GBP
OL502516,ORD-106322,PRD2084,3,83.11,249.33,usd
OL502517,ORD-107166,PRD2157,4,356.6,1426.4,USD
OL502518,ORD-103651,PRD2042,5,72.9,364.5,USD
OL502519,ORD-101806,PRD2205,5,120.53,602.65,GBP
OL502520,ORD-108225,PRD2211,4,292.82,1171.28,NGN
OL502521,ORD-102498,PRD2041,-1,463.93,,EUR
OL502522,ORD-107595,PRD2164,4,50.72,202.88,usd
OL502523,ORD-103419,PRD2132,1,$339.79,339.79,EUR
OL502524,ORD-101319,PRD2189,5,466.06,2330.3,usd
OL502525,ORD-104508,PRD2032,-1,363.9,,US Dollar
OL502526,ORD-105355,PRD2126,1,292.87,292.87,USD
OL502527,ORD-104155,PRD2098,3,122.28,366.84,USD
OL502528,ORD-107783,PRD2019,2,$335.9,671.8,GBP
OL502529,ORD-105328,PRD2186,2,474.14,948.28,USD
OL502530,ORD-104247,PRD2080,-1,27.91,,NGN
OL502531,ORD-108811,PRD2056,0,110.46,,usd
OL502532,ORD-107221,PRD2094,4,372.98,1491.92,usd
OL502533,ORD-108144,PRD2177,2,$371.63,743.26,NGN
OL502534,ORD-101508,PRD2036,1,276.91,276.91,usd
OL502535,ORD-104378,PRD2210,999,$185.78,185594.22,EUR
OL502536,ORD-105609,PRD2190,2,242.41,484.82,USD
OL502537,ORD-100689,PRD2239,2,408.89,817.78,NGN
OL502538,ORD-104272,PRD2111,1,327.89,327.89,usd
OL502539,ORD-105002,PRD2173,5,269.53,1347.65,USD
OL502540,ORD-104911,PRD2227,1,$201.05,201.05,USD
OL502541,ORD-103384,PRD2095,999,44.37,44325.63,GBP
OL502542,ORD-103622,PRD2042,2,427.04,854.08,USD
OL502543,ORD-105134,PRD2212,5,155.07,775.35,USD
OL502544,ORD-104298,PRD2244,3,79.64,238.92,GBP
OL502545,ORD-106464,PRD2059,5,455.2,2276.0,USD
OL502546,ORD-100465,PRD2238,0,161.62,,GBP
OL502547,ORD-105851,PRD2071,3,25.23,75.69,NGN
OL502548,ORD-100997,PRD2235,1,410.67,410.67,US Dollar
OL502549,ORD-108129,PRD2120,-1,45.05,,EUR
OL502550,ORD-102523,PRD2093,2,43.01,86.02,GBP
OL502551,ORD-108849,PRD2243,4,$111.44,445.76,US Dollar
OL502552,ORD-101128,PRD2196,5,105.82,529.1,EUR
OL502553,ORD-103203,PRD2114,4,238.22,952.88,USD
OL502554,ORD-106396,PRD2181,5,116.79,583.95,USD
OL502555,ORD-107586,PRD2188,2,74.26,148.52,US Dollar
OL502556,ORD-105785,PRD2217,-1,184.21,,GBP
OL502557,ORD-102564,PRD2100,2,2.63,5.26,NGN
OL502558,ORD-103279,PRD2201,1,181.13,181.13,NGN
OL502559,ORD-101474,PRD2220,-1,59.72,,GBP
OL502560,ORD-106852,PRD2192,0,378.35,,usd
OL502561,ORD-102434,PRD2228,4,403.11,1612.44,USD
OL502562,ORD-106429,PRD2127,3,184.53,553.59,NGN
OL502563,ORD-102999,PRD2018,1,214.96,214.96,US Dollar
OL502564,ORD-101282,PRD2244,5,309.65,1548.25,GBP
OL502565,ORD-103152,PRD2211,0,103.23,,GBP
OL502566,ORD-102388,PRD2084,1,445.05,445.05,US Dollar
OL502567,ORD-108251,PRD2191,3,315.02,945.06,EUR
OL502568,ORD-106494,PRD2226,5,372.52,1862.6,EUR
OL502569,ORD-108328,PRD2071,2,349.72,699.44,US Dollar
OL502570,ORD-102274,PRD2069,1,175.73,175.73,EUR
OL502571,ORD-104172,PRD2152,-1,$491.03,,NGN
OL502572,ORD-100614,PRD2065,1,$115.67,115.67,NGN
OL502573,ORD-104518,PRD2201,0,70.33,,usd
OL502574,ORD-105727,PRD2213,1,$101.18,101.18,EUR
OL502575,ORD-101515,PRD2140,2,61.47,122.94,EUR
OL502576,ORD-108513,PRD2150,1,188.94,188.94,EUR
OL502577,ORD-105478,PRD2184,1,217.78,217.78,NGN
OL502578,ORD-105317,PRD2197,-1,258.86,,USD
OL502579,ORD-104286,PRD2191,4,164.89,659.56,USD
OL502580,ORD-108333,PRD2170,1,316.01,316.01,USD
OL502581,ORD-100614,PRD2015,4,5.21,20.84,usd
OL502582,ORD-105172,PRD2231,0,382.77,,NGN
OL502583,ORD-101261,PRD2162,4,69.79,279.16,EUR
OL502584,ORD-103776,PRD2174,5,197.89,989.45,usd
OL502585,ORD-106174,PRD2224,2,136.97,273.94,GBP
OL502586,ORD-101513,PRD2215,-1,354.95,,usd
OL502587,ORD-108310,PRD2210,5,230.91,1154.55,NGN
OL502588,ORD-103019,PRD2213,1,188.84,188.84,GBP
OL502589,ORD-102234,PRD2250,2,268.02,536.04,GBP
OL502590,ORD-106843,PRD2192,3,299.52,898.56,US Dollar
OL502591,ORD-104372,PRD2220,4,196.65,786.6,US Dollar
OL502592,ORD-104820,PRD2101,4,$165.28,661.12,GBP
OL502593,ORD-106905,PRD2092,4,111.2,444.8,USD
OL502594,ORD-101486,PRD2162,2,259.27,518.54,EUR
OL502595,ORD-104521,PRD2125,1,58.87,58.87,US Dollar
OL502596,ORD-101160,PRD2115,5,$257.23,1286.15,usd
OL502597,ORD-108064,PRD2112,1,130.59,130.59,usd
OL502598,ORD-106902,PRD2198,999,304.85,304545.15,USD
OL502599,ORD-100750,PRD2099,1,427.92,427.92,NGN
OL502600,ORD-104515,PRD2222,0,105.76,,EUR
OL502601,ORD-108580,PRD2096,2,31.24,62.48,GBP
OL502602,ORD-106579,PRD2055,999,138.02,137881.98,EUR
OL502603,ORD-105102,PRD2249,4,249.06,996.24,USD
OL502604,ORD-106280,PRD2132,1,$76.9,76.9,NGN
OL502605,ORD-103440,PRD2169,3,498.4,1495.2,EUR
OL502606,ORD-102873,PRD2046,1,291.51,291.51,GBP
OL502607,ORD-107976,PRD2082,999,499.28,498780.72,EUR
OL502608,ORD-103449,PRD2061,5,22.62,113.1,GBP
OL502609,ORD-100257,PRD2128,2,227.78,455.56,EUR
OL502610,ORD-108912,PRD2091,5,365.11,1825.55,usd
OL502611,ORD-100085,PRD2105,2,465.38,930.76,US Dollar
OL502612,ORD-104252,PRD2019,1,366.91,366.91,GBP
OL502613,ORD-102830,PRD2094,0,246.33,,EUR
OL502614,ORD-106149,PRD2232,4,137.4,549.6,NGN
OL502615,ORD-107404,PRD2218,5,252.22,1261.1,US Dollar
OL502616,ORD-104717,PRD2017,4,107.52,430.08,US Dollar
OL502617,ORD-105516,PRD2130,1,381.93,381.93,EUR
OL502618,ORD-105358,PRD2014,5,36.42,182.1,EUR
OL502619,ORD-102476,PRD2225,2,180.81,361.62,US Dollar
OL502620,ORD-107539,PRD2197,5,74.1,370.5,USD
OL502621,ORD-106247,PRD2050,-1,364.27,,NGN
OL502622,ORD-102036,PRD2005,4,479.47,1917.88,EUR
OL502623,ORD-103857,PRD2037,3,237.6,712.8,GBP
OL502624,ORD-104510,PRD2164,3,$358.59,1075.77,EUR
OL502625,ORD-100261,PRD2214,3,$112.49,337.47,USD
OL502626,ORD-104758,PRD2138,5,242.29,1211.45,usd
OL502627,ORD-100778,PRD2230,3,464.83,1394.49,NGN
OL502628,ORD-103387,PRD2213,3,478.56,1435.68,USD
OL502629,ORD-104163,PRD2166,4,202.3,809.2,US Dollar
OL502630,ORD-103759,PRD2169,999,474.34,473865.66,NGN
OL502631,ORD-100980,PRD2134,2,292.24,584.48,usd
OL502632,ORD-102603,PRD2243,3,$444.52,1333.56,USD
OL502633,ORD-103700,PRD2032,3,312.69,938.07,USD
OL502634,ORD-104347,PRD2079,5,276.02,1380.1,GBP
OL502635,ORD-108961,PRD2191,999,317.92,317602.08,EUR
OL502636,ORD-101075,PRD2205,3,275.59,826.77,USD
OL502637,ORD-103455,PRD2158,4,393.9,1575.6,EUR
OL502638,ORD-108382,PRD2159,5,331.64,1658.2,US Dollar
OL502639,ORD-101473,PRD2098,1,43.63,43.63,NGN
OL502640,ORD-106506,PRD2110,0,$192.59,,NGN
OL502641,ORD-101715,PRD2081,1,$359.9,359.9,EUR
OL502642,ORD-103348,PRD2250,4,269.2,1076.8,NGN
OL502643,ORD-107473,PRD2062,999,348.38,348031.62,USD
OL502644,ORD-105681,PRD2053,3,471.67,1415.01,NGN
OL502645,ORD-103244,PRD2089,2,384.71,769.42,NGN
OL502646,ORD-102855,PRD2055,4,164.45,657.8,usd
OL502647,ORD-102450,PRD2029,0,$425.42,,NGN
OL502648,ORD-101742,PRD2192,0,441.57,,EUR
OL502649,ORD-105592,PRD2071,-1,48.86,,US Dollar
OL502650,ORD-100228,PRD2136,2,384.01,768.02,NGN
OL502651,ORD-106535,PRD2230,5,379.09,1895.45,GBP
OL502652,ORD-101064,PRD2186,1,113.39,113.39,US Dollar
OL502653,ORD-101023,PRD2107,5,233.68,1168.4,NGN
OL502654,ORD-108573,PRD2159,3,253.24,759.72,USD
OL502655,ORD-103434,PRD2171,1,124.0,124.0,EUR
OL502656,ORD-103012,PRD2035,1,273.85,273.85,US Dollar
OL502657,ORD-107735,PRD2120,1,232.28,232.28,EUR
OL502658,ORD-104759,PRD2102,3,215.92,647.76,USD
OL502659,ORD-100556,PRD2062,-1,221.69,,usd
OL502660,ORD-108953,PRD2016,3,333.98,1001.94,EUR
OL502661,ORD-103807,PRD2247,2,232.24,464.48,usd
OL502662,ORD-107161,PRD2094,1,22.71,22.71,NGN
OL502663,ORD-106025,PRD2135,4,202.9,811.6,GBP
OL502664,ORD-101268,PRD2164,4,390.29,1561.16,NGN
OL502665,ORD-106405,PRD2153,999,$265.91,265644.09,GBP
OL502666,ORD-104829,PRD2080,999,$71.26,71188.74,EUR
OL502667,ORD-103484,PRD2168,-1,120.36,,GBP
OL502668,ORD-107327,PRD2163,1,$408.76,408.76,GBP
OL502669,ORD-104214,PRD2119,-1,164.28,,usd
OL502670,ORD-102987,PRD2034,-1,280.35,,NGN
OL502671,ORD-108397,PRD2046,5,341.15,1705.75,US Dollar
OL502672,ORD-101693,PRD2070,0,$399.15,,usd
OL502673,ORD-101876,PRD2183,3,178.77,536.31,US Dollar
OL502674,ORD-108687,PRD2057,1,$240.53,240.53,usd
OL502675,ORD-100198,PRD2015,0,224.75,,EUR
OL502676,ORD-107028,PRD2046,3,25.58,76.74,USD
OL502677,ORD-105325,PRD2051,0,$375.74,,USD
OL502678,ORD-106036,PRD2105,4,415.67,1662.68,EUR
OL502679,ORD-103477,PRD2185,-1,268.49,,usd
OL502680,ORD-102378,PRD2211,0,484.65,,usd
OL502681,ORD-103441,PRD2246,1,316.34,316.34,GBP
OL502682,ORD-102121,PRD2146,3,13.21,39.63,usd
OL502683,ORD-105071,PRD2221,1,239.38,239.38,GBP
OL502684,ORD-105508,PRD2223,4,207.06,828.24,USD
OL502685,ORD-101633,PRD2212,3,316.28,948.84,usd
OL502686,ORD-101125,PRD2122,1,300.43,300.43,EUR
OL502687,ORD-108920,PRD2019,2,390.69,781.38,US Dollar
OL502688,ORD-107048,PRD2236,-1,96.3,,GBP
OL502689,ORD-100196,PRD2097,-1,389.95,,EUR
OL502690,ORD-107018,PRD2217,3,$145.29,435.87,USD
OL502691,ORD-106246,PRD2093,2,313.84,627.68,usd
OL502692,ORD-104992,PRD2151,1,226.79,226.79,EUR
OL502693,ORD-108516,PRD2046,5,167.11,835.55,EUR
OL502694,ORD-101664,PRD2123,1,195.56,195.56,usd
OL502695,ORD-105259,PRD2205,-1,496.82,,GBP
OL502696,ORD-107165,PRD2125,5,267.57,1337.85,US Dollar
OL502697,ORD-102541,PRD2075,2,92.95,185.9,USD
OL502698,ORD-106344,PRD2056,999,$335.61,335274.39,USD
OL502699,ORD-105925,PRD2028,-1,$278.06,,US Dollar
OL502700,ORD-104943,PRD2137,1,$205.43,205.43,NGN
OL502701,ORD-107594,PRD2031,2,229.66,459.32,US Dollar
OL502702,ORD-101538,PRD2114,0,10.1,,USD
OL502703,ORD-105504,PRD2097,5,$283.7,1418.5,GBP
OL502704,ORD-102135,PRD2133,999,100.27,100169.73,usd
OL502705,ORD-108164,PRD2201,5,496.94,2484.7,EUR
OL502706,ORD-102654,PRD2105,-1,457.95,,usd
OL502707,ORD-103182,PRD2196,999,220.34,220119.66,USD
OL502708,ORD-102904,PRD2007,3,192.55,577.65,usd
OL502709,ORD-107633,PRD2001,-1,445.12,,USD
OL502710,ORD-102144,PRD2195,2,135.91,271.82,NGN
OL502711,ORD-100379,PRD2111,4,290.42,1161.68,GBP
OL502712,ORD-105106,PRD2230,3,204.07,612.21,US Dollar
OL502713,ORD-108288,PRD2159,5,$470.06,2350.3,GBP
OL502714,ORD-102197,PRD2146,2,273.98,547.96,USD
OL502715,ORD-108867,PRD2087,3,187.02,561.06,US Dollar
OL502716,ORD-104441,PRD2122,1,497.63,497.63,usd
OL502717,ORD-106919,PRD2092,0,482.67,,EUR
OL502718,ORD-103245,PRD2185,2,78.46,156.92,EUR
OL502719,ORD-104950,PRD2172,4,194.23,776.92,GBP
OL502720,ORD-102060,PRD2113,4,235.48,941.92,NGN
OL502721,ORD-102790,PRD2146,2,443.74,887.48,EUR
OL502722,ORD-103612,PRD2042,5,$383.84,1919.2,usd
OL502723,ORD-100003,PRD2028,4,37.31,149.24,US Dollar
OL502724,ORD-107006,PRD2168,3,$105.87,317.61,NGN
OL502725,ORD-104563,PRD2108,3,374.33,1122.99,US Dollar
OL502726,ORD-107026,PRD2210,1,409.56,409.56,USD
OL502727,ORD-108285,PRD2068,4,174.88,699.52,GBP
OL502728,ORD-101241,PRD2219,0,244.38,,EUR
OL502729,ORD-102182,PRD2185,5,394.27,1971.35,NGN
OL502730,ORD-101306,PRD2144,1,407.1,407.1,EUR
OL502731,ORD-102159,PRD2041,5,355.07,1775.35,USD
OL502732,ORD-101516,PRD2205,999,97.44,97342.56,usd
OL502733,ORD-105239,PRD2032,5,413.35,2066.75,USD
OL502734,ORD-100736,PRD2146,5,419.69,2098.45,GBP
OL502735,ORD-108289,PRD2121,1,403.85,403.85,NGN
OL502736,ORD-105850,PRD2129,4,459.68,1838.72,US Dollar
OL502737,ORD-102094,PRD2124,2,331.49,662.98,USD
OL502738,ORD-106999,PRD2023,2,374.1,748.2,NGN
OL502739,ORD-106349,PRD2114,4,188.84,755.36,GBP
OL502740,ORD-108653,PRD2157,1,65.38,65.38,NGN
OL502741,ORD-104567,PRD2146,2,$250.69,501.38,EUR
OL502742,ORD-100264,PRD2164,3,113.99,341.97,GBP
OL502743,ORD-100523,PRD2021,-1,151.02,,US Dollar
OL502744,ORD-102338,PRD2153,3,$162.54,487.62,USD
OL502745,ORD-108075,PRD2243,3,440.19,1320.57,GBP
OL502746,ORD-104410,PRD2163,4,7.73,30.92,usd
OL502747,ORD-102471,PRD2181,-1,148.9,,US Dollar
OL502748,ORD-108758,PRD2173,3,289.74,869.22,NGN
OL502749,ORD-108779,PRD2227,1,217.61,217.61,USD
OL502750,ORD-102050,PRD2182,1,82.11,82.11,usd
OL502751,ORD-107723,PRD2057,999,8.94,8931.06,US Dollar
OL502752,ORD-103052,PRD2059,4,295.1,1180.4,usd
OL502753,ORD-107434,PRD2132,4,486.73,1946.92,US Dollar
OL502754,ORD-101857,PRD2164,3,192.43,577.29,GBP
OL502755,ORD-103547,PRD2207,4,141.26,565.04,GBP
OL502756,ORD-107602,PRD2058,2,229.05,458.1,EUR
OL502757,ORD-103960,PRD2049,4,443.19,1772.76,GBP
OL502758,ORD-101171,PRD2246,3,$363.77,1091.31,usd
OL502759,ORD-106971,PRD2043,2,329.2,658.4,usd
OL502760,ORD-107356,PRD2001,-1,304.53,,US Dollar
OL502761,ORD-103760,PRD2118,999,40.19,40149.81,NGN
OL502762,ORD-103399,PRD2176,2,279.18,558.36,USD
OL502763,ORD-108935,PRD2175,4,$11.73,46.92,NGN
OL502764,ORD-103879,PRD2131,2,486.21,972.42,NGN
OL502765,ORD-107584,PRD2057,2,363.97,727.94,USD
OL502766,ORD-101643,PRD2167,5,476.23,2381.15,USD
OL502767,ORD-106142,PRD2025,-1,494.39,,NGN
OL502768,ORD-104857,PRD2157,-1,479.93,,US Dollar
OL502769,ORD-105847,PRD2220,5,120.61,603.05,usd
OL502770,ORD-102178,PRD2223,5,268.72,1343.6,GBP
OL502771,ORD-104331,PRD2004,3,199.88,599.64,US Dollar
OL502772,ORD-104773,PRD2113,3,260.21,780.63,USD
OL502773,ORD-101478,PRD2114,3,489.81,1469.43,EUR
OL502774,ORD-101459,PRD2045,-1,$406.51,,US Dollar
OL502775,ORD-103081,PRD2023,999,41.02,40978.98,NGN
OL502776,ORD-105703,PRD2088,999,223.02,222796.98,USD
OL502777,ORD-107014,PRD2087,0,$44.64,,USD
OL502778,ORD-105057,PRD2155,1,167.24,167.24,NGN
OL502779,ORD-102978,PRD2058,4,257.28,1029.12,US Dollar
OL502780,ORD-100059,PRD2241,0,327.18,,NGN
OL502781,ORD-105001,PRD2020,999,315.13,314814.87,USD
OL502782,ORD-101919,PRD2231,2,330.2,660.4,EUR
OL502783,ORD-105454,PRD2094,2,416.72,833.44,usd
OL502784,ORD-106732,PRD2117,1,325.41,325.41,EUR
OL502785,ORD-107418,PRD2121,999,126.36,126233.64,US Dollar
OL502786,ORD-106082,PRD2165,2,348.34,696.68,GBP
OL502787,ORD-100376,PRD2143,4,346.2,1384.8,US Dollar
OL502788,ORD-100068,PRD2077,999,246.5,246253.5,US Dollar
OL502789,ORD-108720,PRD2128,1,242.39,242.39,GBP
OL502790,ORD-107080,PRD2082,3,$471.35,1414.05,GBP
OL502791,ORD-103915,PRD2014,2,59.3,118.6,USD
OL502792,ORD-106922,PRD2005,2,444.93,889.86,usd
OL502793,ORD-104743,PRD2218,5,225.0,1125.0,EUR
OL502794,ORD-105276,PRD2019,-1,$171.36,,EUR
OL502795,ORD-106713,PRD2166,4,449.23,1796.92,US Dollar
OL502796,ORD-108943,PRD2047,4,294.34,1177.36,EUR
OL502797,ORD-107182,PRD9515,2,418.38,836.76,US Dollar
OL502798,ORD-105187,PRD2095,3,246.69,740.07,USD
OL502799,ORD-101031,PRD2235,1,$291.32,291.32,usd
OL502800,ORD-102419,PRD2189,1,$349.46,349.46,NGN
OL502801,ORD-108025,PRD2007,5,279.52,1397.6,EUR
OL502802,ORD-105424,PRD2041,999,8.03,8021.97,GBP
OL502803,ORD-106183,PRD2227,5,426.2,2131.0,GBP
OL502804,ORD-101750,PRD2093,999,455.27,454814.73,NGN
OL502805,ORD-101595,PRD2233,0,483.13,,GBP
OL502806,ORD-101168,PRD2091,5,307.4,1537.0,GBP
OL502807,ORD-102750,PRD2250,999,407.85,407442.15,US Dollar
OL502808,ORD-100172,PRD2192,-1,95.85,,USD
OL502809,ORD-103376,PRD2197,5,272.9,1364.5,usd
OL502810,ORD-104579,PRD2005,1,177.5,177.5,USD
OL502811,ORD-107666,PRD2192,-1,97.22,,US Dollar
OL502812,ORD-101989,PRD2129,999,296.3,296003.7,USD
OL502813,ORD-104764,PRD2066,5,457.87,2289.35,EUR
OL502814,ORD-101866,PRD2078,999,266.43,266163.57,US Dollar
OL502815,ORD-101383,PRD2014,0,$63.71,,NGN
OL502816,ORD-104480,PRD2034,4,225.61,902.44,GBP
OL502817,ORD-106245,PRD2091,999,383.15,382766.85,EUR
OL502818,ORD-104074,PRD2078,3,$293.91,881.73,GBP
OL502819,ORD-102786,PRD2003,-1,302.45,,EUR
OL502820,ORD-102983,PRD2115,1,26.23,26.23,usd
OL502821,ORD-101800,PRD2171,4,389.26,1557.04,EUR
OL502822,ORD-106654,PRD2183,5,106.04,530.2,usd
OL502823,ORD-107599,PRD2031,5,336.43,1682.15,usd
OL502824,ORD-106972,PRD2211,4,$176.95,707.8,usd
OL502825,ORD-105024,PRD2222,2,$277.42,554.84,US Dollar
OL502826,ORD-101687,PRD2203,5,$294.74,1473.7,USD
OL502827,ORD-102185,PRD2023,4,464.35,1857.4,USD
OL502828,ORD-102867,PRD2104,-1,423.98,,US Dollar
OL502829,ORD-108304,PRD2101,3,264.67,794.01,usd
OL502830,ORD-101551,PRD2243,2,188.05,376.1,GBP
OL502831,ORD-107140,PRD2170,0,269.02,,usd
OL502832,ORD-101733,PRD2019,5,127.51,637.55,EUR
OL502833,ORD-107123,PRD2086,0,137.44,,US Dollar
OL502834,ORD-101078,PRD2064,5,$158.23,791.15,NGN
OL502835,ORD-106506,PRD2211,5,489.19,2445.95,usd
OL502836,ORD-108752,PRD2162,0,277.3,,usd
OL502837,ORD-103726,PRD2076,-1,$241.88,,GBP
OL502838,ORD-107820,PRD2096,3,114.96,344.88,EUR
OL502839,ORD-100144,PRD2076,-1,$82.74,,NGN
OL502840,ORD-101812,PRD2175,4,273.22,1092.88,NGN
OL502841,ORD-108808,PRD2098,3,23.62,70.86,usd
OL502842,ORD-108654,PRD2043,-1,162.14,,US Dollar
OL502843,ORD-106335,PRD2120,4,$481.65,1926.6,usd
OL502844,ORD-104987,PRD2196,2,207.0,414.0,usd
OL502845,ORD-105070,PRD2204,3,495.65,1486.95,EUR
OL502846,ORD-107647,PRD9704,1,$358.41,358.41,EUR
OL502847,ORD-100150,PRD2142,1,$124.48,124.48,usd
OL502848,ORD-106053,PRD2129,0,$221.68,,EUR
OL502849,ORD-102905,PRD2104,0,47.12,,EUR
OL502850,ORD-108517,PRD2149,5,440.7,2203.5,usd
OL502851,ORD-107377,PRD2035,2,$73.01,146.02,US Dollar
OL502852,ORD-101375,PRD2170,999,129.75,129620.25,usd
OL502853,ORD-106087,PRD2152,1,374.12,374.12,EUR
OL502854,ORD-104798,PRD2170,-1,216.53,,NGN
OL502855,ORD-100996,PRD2216,3,6.21,18.63,NGN
OL502856,ORD-106216,PRD2016,999,248.87,248621.13,GBP
OL502857,ORD-105109,PRD2016,2,220.0,440.0,US Dollar
OL502858,ORD-103572,PRD2190,3,117.23,351.69,US Dollar
OL502859,ORD-102446,PRD2247,1,305.45,305.45,EUR
OL502860,ORD-106447,PRD2140,999,280.41,280129.59,EUR
OL502861,ORD-105627,PRD2139,4,213.23,852.92,USD
OL502862,ORD-102629,PRD2124,3,$485.95,1457.85,USD
OL502863,ORD-100439,PRD2011,999,158.29,158131.71,usd
OL502864,ORD-108804,PRD2187,1,382.04,382.04,USD
OL502865,ORD-107302,PRD2112,5,432.33,2161.65,EUR
OL502866,ORD-108441,PRD2215,5,151.54,757.7,EUR
OL502867,ORD-107939,PRD2066,0,298.78,,USD
OL502868,ORD-108653,PRD2043,4,359.59,1438.36,GBP
OL502869,ORD-102466,PRD2131,2,$347.06,694.12,US Dollar
OL502870,ORD-106385,PRD2245,5,$189.2,946.0,GBP
OL502871,ORD-105548,PRD2218,3,43.86,131.58,NGN
OL502872,ORD-107360,PRD2169,5,$266.51,1332.55,usd
OL502873,ORD-103283,PRD2104,1,438.52,438.52,EUR
OL502874,ORD-106886,PRD2207,999,111.42,111308.58,USD
OL502875,ORD-104501,PRD2222,999,375.11,374734.89,EUR
OL502876,ORD-102995,PRD2120,4,154.32,617.28,usd
OL502877,ORD-105348,PRD2029,3,244.55,733.65,GBP
OL502878,ORD-106790,PRD2073,2,105.43,210.86,NGN
OL502879,ORD-101931,PRD2124,3,431.63,1294.89,EUR
OL502880,ORD-100979,PRD2177,4,434.02,1736.08,usd
OL502881,ORD-104608,PRD2125,4,389.45,1557.8,NGN
OL502882,ORD-107685,PRD2025,5,74.67,373.35,NGN
OL502883,ORD-102010,PRD2036,3,160.6,481.8,EUR
OL502884,ORD-102711,PRD2236,-1,255.64,,NGN
OL502885,ORD-103003,PRD2172,4,455.21,1820.84,US Dollar
OL502886,ORD-107088,PRD2182,5,317.89,1589.45,USD
OL502887,ORD-101012,PRD2196,0,241.62,,GBP
OL502888,ORD-107596,PRD9207,0,335.77,,usd
OL502889,ORD-101978,PRD2011,2,12.54,25.08,NGN
OL502890,ORD-100925,PRD2168,999,482.0,481518.0,EUR
OL502891,ORD-102222,PRD2186,999,479.35,478870.65,NGN
OL502892,ORD-107847,PRD2123,2,30.41,60.82,usd
OL502893,ORD-101864,PRD2246,3,389.82,1169.46,USD
OL502894,ORD-107003,PRD2224,-1,15.6,,USD
OL502895,ORD-101071,PRD2104,3,323.26,969.78,USD
OL502896,ORD-105542,PRD2008,2,48.75,97.5,USD
OL502897,ORD-100704,PRD2204,0,301.46,,USD
OL502898,ORD-108027,PRD2051,5,8.79,43.95,USD
OL502899,ORD-105435,PRD2220,4,48.72,194.88,USD
OL502900,ORD-108803,PRD2006,2,319.84,639.68,US Dollar
OL502901,ORD-103162,PRD2123,4,422.91,1691.64,usd
OL502902,ORD-102336,PRD2248,1,$254.89,254.89,EUR
OL502903,ORD-102182,PRD2021,5,256.92,1284.6,US Dollar
OL502904,ORD-104198,PRD2125,1,135.36,135.36,NGN
OL502905,ORD-108446,PRD2042,4,$358.48,1433.92,usd
OL502906,ORD-108830,PRD2186,-1,422.61,,EUR
OL502907,ORD-100144,PRD2149,5,28.65,143.25,US Dollar
OL502908,ORD-103083,PRD2132,3,356.75,1070.25,USD
OL502909,ORD-103886,PRD2213,3,228.16,684.48,usd
OL502910,ORD-105209,PRD2225,1,179.35,179.35,GBP
OL502911,ORD-100382,PRD2115,4,$99.81,399.24,EUR
OL502912,ORD-100114,PRD2097,3,438.59,1315.77,usd
OL502913,ORD-108377,PRD2239,0,311.76,,USD
OL502914,ORD-106046,PRD2143,4,$313.71,1254.84,US Dollar
OL502915,ORD-108093,PRD2044,2,69.82,139.64,EUR
OL502916,ORD-106881,PRD2046,-1,108.53,,USD
OL502917,ORD-107554,PRD2193,2,$490.92,981.84,US Dollar
OL502918,ORD-101322,PRD2078,2,86.74,173.48,EUR
OL502919,ORD-107416,PRD2173,3,116.43,349.29,usd
OL502920,ORD-101727,PRD2144,5,$132.06,660.3,GBP
OL502921,ORD-102886,PRD2201,5,121.45,607.25,USD
OL502922,ORD-102121,PRD2180,1,142.01,142.01,NGN
OL502923,ORD-102585,PRD2005,3,498.74,1496.22,GBP
OL502924,ORD-100563,PRD2007,4,175.72,702.88,EUR
OL502925,ORD-108389,PRD2105,999,$63.83,63766.17,NGN
OL502926,ORD-106870,PRD2089,1,62.46,62.46,GBP
OL502927,ORD-102649,PRD2047,5,$293.03,1465.15,usd
OL502928,ORD-103994,PRD2052,3,$259.99,779.97,NGN
OL502929,ORD-101978,PRD2025,2,$95.28,190.56,GBP
OL502930,ORD-107787,PRD2041,0,103.97,,GBP
OL502931,ORD-108171,PRD2179,1,26.57,26.57,GBP
OL502932,ORD-105947,PRD2121,999,5.03,5024.97,US Dollar
OL502933,ORD-104313,PRD2089,0,356.94,,usd
OL502934,ORD-105736,PRD2174,0,299.2,,NGN
OL502935,ORD-102671,PRD2202,1,483.19,483.19,USD
OL502936,ORD-105323,PRD2207,5,350.6,1753.0,usd
OL502937,ORD-104860,PRD2136,4,$469.66,1878.64,NGN
OL502938,ORD-108686,PRD2168,1,282.87,282.87,US Dollar
OL502939,ORD-105723,PRD2174,0,417.16,,usd
OL502940,ORD-102667,PRD2177,4,499.05,1996.2,US Dollar
OL502941,ORD-106938,PRD2177,5,469.61,2348.05,GBP
OL502942,ORD-106272,PRD2086,3,253.86,761.58,GBP
OL502943,ORD-106735,PRD2158,1,446.68,446.68,GBP
OL502944,ORD-108942,PRD2076,3,145.9,437.7,usd
OL502945,ORD-104529,PRD2009,1,299.92,299.92,GBP
OL502946,ORD-105313,PRD2085,4,$176.99,707.96,USD
OL502947,ORD-100303,PRD2062,5,228.2,1141.0,GBP
OL502948,ORD-108381,PRD2059,5,106.51,532.55,USD
OL502949,ORD-102483,PRD2218,4,394.76,1579.04,GBP
OL502950,ORD-101067,PRD2123,4,451.83,1807.32,EUR
OL502951,ORD-100234,PRD2156,0,362.83,,EUR
OL502952,ORD-101120,PRD2155,4,432.05,1728.2,NGN
OL502953,ORD-101565,PRD2218,-1,69.43,,NGN
OL502954,ORD-101364,PRD2110,5,434.73,2173.65,US Dollar
OL502955,ORD-105043,PRD2146,0,261.49,,US Dollar
OL502956,ORD-108561,PRD2149,3,457.29,1371.87,GBP
OL502957,ORD-107059,PRD2077,3,350.9,1052.7,EUR
OL502958,ORD-103221,PRD2230,1,353.94,353.94,usd
OL502959,ORD-105622,PRD2102,999,308.83,308521.17,GBP
OL502960,ORD-100321,PRD2143,5,150.56,752.8,USD
OL502961,ORD-101596,PRD2113,999,162.99,162827.01,NGN
OL502962,ORD-104485,PRD2137,0,$90.1,,USD
OL502963,ORD-108712,PRD2065,4,$449.54,1798.16,USD
OL502964,ORD-108527,PRD2060,3,49.56,148.68,EUR
OL502965,ORD-106719,PRD2156,4,$294.03,1176.12,USD
OL502966,ORD-103798,PRD2228,5,163.34,816.7,US Dollar
OL502967,ORD-100130,PRD2217,1,72.04,72.04,GBP
OL502968,ORD-105044,PRD2202,5,213.79,1068.95,usd
OL502969,ORD-104156,PRD2189,-1,125.58,,NGN
OL502970,ORD-108939,PRD2132,4,292.07,1168.28,EUR
OL502971,ORD-100207,PRD2210,4,193.96,775.84,USD
OL502972,ORD-101133,PRD2220,4,434.69,1738.76,US Dollar
OL502973,ORD-100593,PRD2186,0,367.82,,GBP
OL502974,ORD-108652,PRD2187,0,49.94,,USD
OL502975,ORD-103960,PRD2232,4,351.46,1405.84,NGN
OL502976,ORD-103989,PRD2033,5,388.45,1942.25,GBP
OL502977,ORD-108430,PRD2142,2,189.46,378.92,USD
OL502978,ORD-103181,PRD2217,2,402.23,804.46,EUR
OL502979,ORD-107913,PRD2092,2,184.82,369.64,NGN
OL502980,ORD-104209,PRD2075,2,249.29,498.58,NGN
OL502981,ORD-103194,PRD2117,3,316.29,948.87,GBP
OL502982,ORD-106705,PRD2163,0,$44.34,,USD
OL502983,ORD-103101,PRD2120,1,494.44,494.44,USD
OL502984,ORD-107122,PRD2032,0,418.6,,US Dollar
OL502985,ORD-108053,PRD2155,1,185.19,185.19,usd
OL502986,ORD-101689,PRD2077,4,$372.36,1489.44,GBP
OL502987,ORD-100653,PRD2016,-1,292.19,,usd
OL502988,ORD-107285,PRD2233,0,499.02,,GBP
OL502989,ORD-101046,PRD2234,1,56.5,56.5,NGN
OL502990,ORD-100746,PRD2112,2,468.88,937.76,US Dollar
OL502991,ORD-101237,PRD2023,3,227.36,682.08,GBP
OL502992,ORD-102579,PRD2218,3,462.54,1387.62,USD
OL502993,ORD-100656,PRD2053,3,342.76,1028.28,EUR
OL502994,ORD-107943,PRD2171,1,224.94,224.94,USD
OL502995,ORD-105540,PRD2097,4,$319.35,1277.4,EUR
OL502996,ORD-106421,PRD2118,1,$144.89,144.89,US Dollar
OL502997,ORD-102864,PRD2199,1,246.89,246.89,US Dollar
OL502998,ORD-101173,PRD2192,999,$207.71,207502.29,US Dollar
OL502999,ORD-105856,PRD2028,3,406.24,1218.72,GBP
OL503000,ORD-104477,PRD2006,1,362.44,362.44,usd
OL503001,ORD-100347,PRD2178,3,$119.68,359.04,NGN
OL503002,ORD-102240,PRD2087,3,390.16,1170.48,US Dollar
OL503003,ORD-105913,PRD2096,0,208.41,,USD
OL503004,ORD-101165,PRD2223,3,470.99,1412.97,EUR
OL503005,ORD-104501,PRD2140,999,193.25,193056.75,NGN
OL503006,ORD-106036,PRD2079,2,$200.16,400.32,EUR
OL503007,ORD-106622,PRD2147,2,280.28,560.56,EUR
OL503008,ORD-103343,PRD2141,4,381.99,1527.96,GBP
OL503009,ORD-107459,PRD2213,5,397.78,1988.9,NGN
OL503010,ORD-104756,PRD2195,5,72.19,360.95,usd
OL503011,ORD-108202,PRD2159,-1,205.33,,NGN
OL503012,ORD-100782,PRD2054,4,$274.86,1099.44,GBP
OL503013,ORD-106612,PRD2203,3,70.64,211.92,usd
OL503014,ORD-107016,PRD2120,1,246.22,246.22,usd
OL503015,ORD-107968,PRD2030,3,$99.7,299.1,US Dollar
OL503016,ORD-100858,PRD2087,1,462.22,462.22,usd
OL503017,ORD-102846,PRD2196,0,354.94,,usd
OL503018,ORD-107348,PRD2066,3,319.23,957.69,GBP
OL503019,ORD-104412,PRD2040,-1,$377.62,,EUR
OL503020,ORD-101509,PRD2181,5,428.31,2141.55,US Dollar
OL503021,ORD-102158,PRD2015,4,$137.33,549.32,US Dollar
OL503022,ORD-104991,PRD2022,1,445.48,445.48,US Dollar
OL503023,ORD-103562,PRD2077,5,339.28,1696.4,GBP
OL503024,ORD-105931,PRD2129,5,$232.03,1160.15,NGN
OL503025,ORD-101834,PRD2047,0,388.09,,US Dollar
OL503026,ORD-100226,PRD2003,3,24.57,73.71,usd
OL503027,ORD-106837,PRD2189,5,195.25,976.25,NGN
OL503028,ORD-106262,PRD2197,1,$19.5,19.5,US Dollar
OL503029,ORD-107602,PRD2008,2,132.71,265.42,GBP
OL503030,ORD-107309,PRD2112,1,232.44,232.44,usd
OL503031,ORD-103906,PRD2143,5,$93.68,468.4,US Dollar
OL503032,ORD-102915,PRD9982,2,74.61,149.22,EUR
OL503033,ORD-100241,PRD2204,5,414.43,2072.15,GBP
OL503034,ORD-108960,PRD2169,5,27.46,137.3,usd
OL503035,ORD-107460,PRD2035,999,319.36,319040.64,GBP
OL503036,ORD-101448,PRD2188,999,408.37,407961.63,NGN
OL503037,ORD-107580,PRD2245,1,79.4,79.4,US Dollar
OL503038,ORD-103422,PRD2197,-1,276.79,,GBP
OL503039,ORD-101614,PRD2174,4,32.1,128.4,EUR
OL503040,ORD-103155,PRD2218,2,90.72,181.44,EUR
OL503041,ORD-106513,PRD2139,0,399.29,,usd
OL503042,ORD-106563,PRD2095,1,18.19,18.19,GBP
OL503043,ORD-101100,PRD2073,1,220.03,220.03,US Dollar
OL503044,ORD-105641,PRD2214,2,87.79,175.58,usd
OL503045,ORD-101789,PRD2076,999,$249.37,249120.63,EUR
OL503046,ORD-101064,PRD2034,1,172.78,172.78,US Dollar
OL503047,ORD-107881,PRD2150,-1,$347.33,,US Dollar
OL503048,ORD-102207,PRD2060,-1,42.68,,EUR
OL503049,ORD-104093,PRD2012,5,37.98,189.9,EUR
OL503050,ORD-101516,PRD2115,4,204.51,818.04,usd
OL503051,ORD-102228,PRD2015,5,40.6,203.0,NGN
OL503052,ORD-108348,PRD2012,1,18.08,18.08,EUR
OL503053,ORD-108045,PRD2155,3,182.59,547.77,usd
OL503054,ORD-108271,PRD2141,2,47.93,95.86,usd
OL503055,ORD-108657,PRD2042,-1,309.96,,NGN
OL503056,ORD-108880,PRD2193,5,16.98,84.9,NGN
OL503057,ORD-105724,PRD2218,3,496.4,1489.2,US Dollar
OL503058,ORD-105827,PRD2143,2,$311.69,623.38,EUR
OL503059,ORD-101558,PRD2037,2,$464.15,928.3,GBP
OL503060,ORD-104070,PRD2249,1,442.59,442.59,USD
OL503061,ORD-108493,PRD2127,3,283.86,851.58,usd
OL503062,ORD-100758,PRD2106,-1,136.79,,US Dollar
OL503063,ORD-100336,PRD2209,-1,$42.03,,EUR
OL503064,ORD-106925,PRD2212,2,101.73,203.46,USD
OL503065,ORD-104418,PRD2199,1,$50.5,50.5,USD
OL503066,ORD-108075,PRD2011,4,64.82,259.28,NGN
OL503067,ORD-106884,PRD2015,0,141.81,,USD
OL503068,ORD-104087,PRD2155,4,246.61,986.44,usd
OL503069,ORD-104385,PRD2166,5,28.89,144.45,EUR
OL503070,ORD-108090,PRD2126,5,474.93,2374.65,GBP
OL503071,ORD-106199,PRD2070,999,167.92,167752.08,EUR
OL503072,ORD-102630,PRD2076,3,474.73,1424.19,usd
OL503073,ORD-104262,PRD2175,2,338.42,676.84,NGN
OL503074,ORD-103549,PRD2025,5,$422.08,2110.4,usd
OL503075,ORD-107008,PRD2044,999,332.3,331967.7,EUR
OL503076,ORD-107943,PRD2160,4,82.75,331.0,usd
OL503077,ORD-101109,PRD2042,2,61.59,123.18,GBP
OL503078,ORD-100482,PRD2146,4,226.77,907.08,GBP
OL503079,ORD-104884,PRD2078,4,406.83,1627.32,USD
OL503080,ORD-106622,PRD2189,999,406.69,406283.31,USD
OL503081,ORD-104326,PRD2183,1,183.44,183.44,EUR
OL503082,ORD-107656,PRD2152,1,379.48,379.48,USD
OL503083,ORD-103893,PRD2075,4,307.95,1231.8,US Dollar
OL503084,ORD-104246,PRD2130,5,67.68,338.4,usd
OL503085,ORD-102486,PRD2250,4,462.1,1848.4,NGN
OL503086,ORD-106310,PRD2007,1,316.83,316.83,USD
OL503087,ORD-101697,PRD2201,4,496.31,1985.24,NGN
OL503088,ORD-100299,PRD2068,5,447.66,2238.3,US Dollar
OL503089,ORD-105133,PRD2247,1,353.67,353.67,USD
OL503090,ORD-101169,PRD2057,4,335.69,1342.76,usd
OL503091,ORD-104905,PRD2094,4,20.85,83.4,USD
OL503092,ORD-103825,PRD2109,0,235.12,,USD
OL503093,ORD-106951,PRD2087,999,216.61,216393.39,USD
OL503094,ORD-101297,PRD2204,5,318.86,1594.3,US Dollar
OL503095,ORD-106134,PRD2032,2,428.0,856.0,EUR
OL503096,ORD-105308,PRD2003,3,$7.54,22.62,GBP
OL503097,ORD-102611,PRD2068,4,60.51,242.04,GBP
OL503098,ORD-105041,PRD2246,3,404.3,1212.9,EUR
OL503099,ORD-105970,PRD2133,1,179.03,179.03,USD
OL503100,ORD-101485,PRD2045,1,164.63,164.63,USD
OL503101,ORD-107770,PRD2021,3,309.2,927.6,NGN
OL503102,ORD-100598,PRD2122,4,416.97,1667.88,US Dollar
OL503103,ORD-101374,PRD2158,999,6.09,6083.91,usd
OL503104,ORD-108690,PRD2136,5,427.08,2135.4,EUR
OL503105,ORD-106139,PRD2082,-1,342.85,,USD
OL503106,ORD-105026,PRD2121,4,233.39,933.56,GBP
OL503107,ORD-106125,PRD2196,0,$12.66,,usd
OL503108,ORD-105236,PRD2092,2,$419.98,839.96,NGN
OL503109,ORD-107191,PRD2064,4,432.67,1730.68,US Dollar
OL503110,ORD-102427,PRD2031,5,343.61,1718.05,USD
OL503111,ORD-102414,PRD2028,4,111.71,446.84,GBP
OL503112,ORD-105337,PRD2090,2,491.53,983.06,US Dollar
OL503113,ORD-104176,PRD2059,5,176.22,881.1,EUR
OL503114,ORD-108974,PRD2044,0,74.9,,NGN
OL503115,ORD-106315,PRD2209,0,143.76,,NGN
OL503116,ORD-101242,PRD2142,4,412.51,1650.04,US Dollar
OL503117,ORD-103835,PRD2015,999,$196.12,195923.88,USD
OL503118,ORD-104945,PRD2110,999,$136.24,136103.76,USD
OL503119,ORD-105294,PRD2015,1,389.1,389.1,US Dollar
OL503120,ORD-100111,PRD2174,0,36.43,,usd
OL503121,ORD-101975,PRD2170,1,267.72,267.72,GBP
OL503122,ORD-107142,PRD2092,3,$337.85,1013.55,US Dollar
OL503123,ORD-102506,PRD2170,4,63.46,253.84,USD
OL503124,ORD-100306,PRD2159,999,295.7,295404.3,USD
OL503125,ORD-105375,PRD2240,1,257.79,257.79,usd
OL503126,ORD-106997,PRD2038,1,288.75,288.75,GBP
OL503127,ORD-106018,PRD2035,4,$390.52,1562.08,usd
OL503128,ORD-107127,PRD2187,1,71.78,71.78,EUR
OL503129,ORD-108457,PRD2011,1,136.92,136.92,EUR
OL503130,ORD-100806,PRD2142,1,425.73,425.73,USD
OL503131,ORD-105953,PRD2093,3,$279.97,839.91,US Dollar
OL503132,ORD-101200,PRD2224,1,$218.26,218.26,NGN
OL503133,ORD-107420,PRD2236,0,478.94,,US Dollar
OL503134,ORD-105513,PRD2086,1,$135.4,135.4,usd
OL503135,ORD-105866,PRD2087,0,346.37,,USD
OL503136,ORD-107463,PRD2234,4,$324.4,1297.6,NGN
OL503137,ORD-107521,PRD2041,4,72.56,290.24,EUR
OL503138,ORD-102723,PRD2046,5,465.52,2327.6,USD
OL503139,ORD-105312,PRD2036,1,148.45,148.45,EUR
OL503140,ORD-102969,PRD2087,4,332.16,1328.64,NGN
OL503141,ORD-100133,PRD2043,3,$179.1,537.3,GBP
OL503142,ORD-106315,PRD2214,4,93.77,375.08,GBP
OL503143,ORD-100588,PRD2160,2,139.68,279.36,US Dollar
OL503144,ORD-106720,PRD2141,3,42.94,128.82,EUR
OL503145,ORD-105975,PRD2144,4,$203.5,814.0,NGN
OL503146,ORD-101373,PRD2114,3,$355.31,1065.93,usd
OL503147,ORD-103836,PRD2163,2,$476.74,953.48,NGN
OL503148,ORD-105755,PRD2185,-1,393.03,,GBP
OL503149,ORD-102248,PRD2025,1,74.36,74.36,US Dollar
OL503150,ORD-102886,PRD2193,2,482.25,964.5,GBP
OL503151,ORD-107264,PRD2170,-1,499.34,,US Dollar
OL503152,ORD-102042,PRD2182,-1,$372.1,,usd
OL503153,ORD-101861,PRD2013,0,275.82,,EUR
OL503154,ORD-108813,PRD2122,999,82.34,82257.66,USD
OL503155,ORD-107140,PRD2222,999,129.81,129680.19,usd
OL503156,ORD-108440,PRD2231,999,273.93,273656.07,EUR
OL503157,ORD-100907,PRD2051,4,244.56,978.24,EUR
OL503158,ORD-107171,PRD2013,2,$477.83,955.66,GBP
OL503159,ORD-101094,PRD2090,4,71.02,284.08,USD
OL503160,ORD-104544,PRD2173,2,113.75,227.5,EUR
OL503161,ORD-100024,PRD2200,-1,256.22,,usd
OL503162,ORD-106590,PRD2019,3,265.32,795.96,USD
OL503163,ORD-107205,PRD2247,1,71.69,71.69,NGN
OL503164,ORD-104833,PRD2076,0,42.88,,GBP
OL503165,ORD-100551,PRD2107,1,$171.18,171.18,NGN
OL503166,ORD-103807,PRD2142,5,264.68,1323.4,USD
OL503167,ORD-108910,PRD2096,5,458.86,2294.3,US Dollar
OL503168,ORD-104260,PRD2097,3,45.02,135.06,EUR
OL503169,ORD-106844,PRD2117,2,191.26,382.52,EUR
OL503170,ORD-108118,PRD2062,3,297.09,891.27,GBP
OL503171,ORD-101688,PRD2166,0,202.84,,US Dollar
OL503172,ORD-101302,PRD2189,2,65.81,131.62,NGN
OL503173,ORD-102756,PRD2198,1,25.53,25.53,NGN
OL503174,ORD-101534,PRD2150,999,175.77,175594.23,NGN
OL503175,ORD-105642,PRD2097,4,414.96,1659.84,EUR
OL503176,ORD-103405,PRD2009,3,458.58,1375.74,NGN
OL503177,ORD-100425,PRD2072,3,150.78,452.34,usd
OL503178,ORD-101392,PRD2228,0,$358.73,,NGN
OL503179,ORD-101965,PRD2213,4,472.15,1888.6,EUR
OL503180,ORD-103761,PRD2002,1,338.92,338.92,US Dollar
OL503181,ORD-101741,PRD2053,2,254.26,508.52,NGN
OL503182,ORD-104513,PRD2044,2,30.39,60.78,EUR
OL503183,ORD-105892,PRD2085,999,92.36,92267.64,GBP
OL503184,ORD-105100,PRD2149,4,204.45,817.8,NGN
OL503185,ORD-106194,PRD2073,1,217.96,217.96,GBP
OL503186,ORD-102532,PRD2043,3,208.27,624.81,US Dollar
OL503187,ORD-107995,PRD2225,5,353.37,1766.85,USD
OL503188,ORD-103977,PRD2097,2,415.28,830.56,GBP
OL503189,ORD-106493,PRD2021,3,67.82,203.46,US Dollar
OL503190,ORD-108663,PRD2189,3,180.66,541.98,usd
OL503191,ORD-105697,PRD2205,2,293.46,586.92,usd
OL503192,ORD-108703,PRD2236,5,138.23,691.15,NGN
OL503193,ORD-108906,PRD2208,999,$15.89,15874.11,NGN
OL503194,ORD-107910,PRD2041,5,182.45,912.25,US Dollar
OL503195,ORD-102721,PRD2068,999,39.29,39250.71,USD
OL503196,ORD-100234,PRD2218,5,335.49,1677.45,usd
OL503197,ORD-101442,PRD2032,999,364.31,363945.69,usd
OL503198,ORD-101081,PRD2053,1,450.52,450.52,GBP
OL503199,ORD-102785,PRD2227,4,246.95,987.8,NGN
OL503200,ORD-103122,PRD2174,4,86.32,345.28,EUR
OL503201,ORD-102244,PRD2139,-1,299.12,,NGN
OL503202,ORD-100156,PRD2007,2,133.39,266.78,EUR
OL503203,ORD-102864,PRD2133,1,167.85,167.85,EUR
OL503204,ORD-105034,PRD2071,5,344.88,1724.4,GBP
OL503205,ORD-105102,PRD2138,2,406.6,813.2,EUR
OL503206,ORD-102810,PRD2064,5,414.05,2070.25,GBP
OL503207,ORD-100850,PRD2140,4,305.29,1221.16,GBP
OL503208,ORD-105366,PRD2164,-1,230.08,,usd
OL503209,ORD-102394,PRD2220,4,276.73,1106.92,usd
OL503210,ORD-108531,PRD2119,4,76.29,305.16,EUR
OL503211,ORD-102298,PRD2156,5,222.82,1114.1,GBP
OL503212,ORD-100113,PRD2002,5,198.64,993.2,GBP
OL503213,ORD-104651,PRD2198,2,53.67,107.34,NGN
OL503214,ORD-108591,PRD2141,1,477.3,477.3,NGN
OL503215,ORD-105057,PRD2248,4,34.37,137.48,NGN
OL503216,ORD-100196,PRD2108,-1,151.15,,USD
OL503217,ORD-100995,PRD2155,2,474.93,949.86,EUR
OL503218,ORD-104143,PRD2149,3,498.6,1495.8,US Dollar
OL503219,ORD-102388,PRD2225,2,274.37,548.74,EUR
OL503220,ORD-104063,PRD2190,2,125.21,250.42,USD
OL503221,ORD-107369,PRD9927,5,329.72,1648.6,US Dollar
OL503222,ORD-104898,PRD2141,-1,$419.54,,EUR
OL503223,ORD-102554,PRD2210,1,243.25,243.25,usd
OL503224,ORD-105293,PRD2123,1,444.96,444.96,USD
OL503225,ORD-104151,PRD2094,2,188.62,377.24,USD
OL503226,ORD-107391,PRD2061,1,129.52,129.52,US Dollar
OL503227,ORD-103297,PRD2054,2,489.25,978.5,US Dollar
OL503228,ORD-100027,PRD2241,0,88.99,,EUR
OL503229,ORD-107250,PRD2037,999,376.59,376213.41,NGN
OL503230,ORD-101296,PRD2211,-1,43.38,,USD
OL503231,ORD-105753,PRD2060,2,$195.85,391.7,EUR
OL503232,ORD-100976,PRD2128,5,$482.25,2411.25,GBP
OL503233,ORD-100716,PRD2117,0,477.15,,US Dollar
OL503234,ORD-107454,PRD2208,5,230.18,1150.9,USD
OL503235,ORD-102686,PRD2007,-1,282.49,,GBP
OL503236,ORD-102443,PRD2180,1,331.12,331.12,NGN
OL503237,ORD-101874,PRD2189,1,304.96,304.96,usd
OL503238,ORD-104480,PRD2105,3,14.79,44.37,NGN
OL503239,ORD-103212,PRD2244,1,329.06,329.06,US Dollar
OL503240,ORD-106102,PRD2029,5,238.49,1192.45,GBP
OL503241,ORD-106322,PRD2119,-1,87.94,,usd
OL503242,ORD-103778,PRD2144,4,38.22,152.88,EUR
OL503243,ORD-102641,PRD2215,1,356.76,356.76,usd
OL503244,ORD-102666,PRD2250,-1,31.59,,NGN
OL503245,ORD-100145,PRD2216,2,344.27,688.54,NGN
OL503246,ORD-102911,PRD2034,1,488.58,488.58,EUR
OL503247,ORD-103992,PRD2108,1,260.76,260.76,US Dollar
OL503248,ORD-108451,PRD2039,999,138.07,137931.93,GBP
OL503249,ORD-101959,PRD2068,2,10.04,20.08,EUR
OL503250,ORD-106228,PRD2159,5,73.02,365.1,US Dollar
OL503251,ORD-101210,PRD2003,2,274.99,549.98,GBP
OL503252,ORD-100284,PRD2143,-1,319.36,,USD
OL503253,ORD-103797,PRD2098,1,$165.64,165.64,EUR
OL503254,ORD-102935,PRD2012,5,50.83,254.15,US Dollar
OL503255,ORD-102553,PRD2222,4,86.53,346.12,usd
OL503256,ORD-101198,PRD2077,5,349.74,1748.7,usd
OL503257,ORD-107759,PRD2092,0,89.72,,usd
OL503258,ORD-106190,PRD2124,-1,296.02,,GBP
OL503259,ORD-106465,PRD2142,4,213.92,855.68,USD
OL503260,ORD-100138,PRD2198,2,326.75,653.5,GBP
OL503261,ORD-104239,PRD2063,5,385.74,1928.7,US Dollar
OL503262,ORD-100818,PRD2057,5,362.71,1813.55,USD
OL503263,ORD-103357,PRD2005,0,$283.49,,EUR
OL503264,ORD-104335,PRD2094,3,88.25,264.75,usd
OL503265,ORD-106476,PRD2034,2,$284.13,568.26,NGN
OL503266,ORD-108979,PRD2011,1,476.15,476.15,usd
OL503267,ORD-102695,PRD2183,1,152.06,152.06,usd
OL503268,ORD-107136,PRD2179,5,$382.57,1912.85,EUR
OL503269,ORD-100413,PRD2205,999,141.9,141758.1,EUR
OL503270,ORD-102818,PRD2069,999,36.79,36753.21,GBP
OL503271,ORD-102837,PRD2240,999,363.71,363346.29,usd
OL503272,ORD-107838,PRD2133,-1,277.14,,GBP
OL503273,ORD-106614,PRD2227,3,487.88,1463.64,usd
OL503274,ORD-103680,PRD2017,1,239.71,239.71,US Dollar
OL503275,ORD-102645,PRD2007,5,$351.28,1756.4,GBP
OL503276,ORD-102451,PRD2046,4,189.77,759.08,NGN
OL503277,ORD-108021,PRD2062,3,471.37,1414.11,usd
OL503278,ORD-108988,PRD2040,3,15.76,47.28,USD
OL503279,ORD-104744,PRD2186,4,311.99,1247.96,NGN
OL503280,ORD-100273,PRD2067,1,137.11,137.11,NGN
OL503281,ORD-106387,PRD2218,1,318.56,318.56,EUR
OL503282,ORD-104759,PRD2172,1,471.72,471.72,GBP
OL503283,ORD-102196,PRD2180,4,351.49,1405.96,EUR
OL503284,ORD-108118,PRD2043,3,97.97,293.91,USD
OL503285,ORD-100396,PRD2203,1,272.09,272.09,US Dollar
OL503286,ORD-101018,PRD2237,1,89.25,89.25,EUR
OL503287,ORD-105963,PRD2028,2,203.15,406.3,GBP
OL503288,ORD-108424,PRD2128,3,$227.75,683.25,EUR
OL503289,ORD-106696,PRD2052,0,396.98,,NGN
OL503290,ORD-105125,PRD2238,5,362.82,1814.1,usd
OL503291,ORD-105618,PRD2246,5,177.38,886.9,US Dollar
OL503292,ORD-103534,PRD2117,5,122.36,611.8,usd
OL503293,ORD-100357,PRD2171,4,$110.85,443.4,GBP
OL503294,ORD-104161,PRD2150,1,465.88,465.88,USD
OL503295,ORD-100528,PRD2011,5,430.73,2153.65,usd
OL503296,ORD-108781,PRD2134,1,426.78,426.78,usd
OL503297,ORD-106722,PRD2158,0,79.81,,NGN
OL503298,ORD-102737,PRD2076,4,$354.52,1418.08,US Dollar
OL503299,ORD-104556,PRD2061,5,126.59,632.95,EUR
OL503300,ORD-106015,PRD2119,2,251.88,503.76,US Dollar
OL503301,ORD-102497,PRD2024,2,165.01,330.02,EUR
OL503302,ORD-106795,PRD2156,3,99.73,299.19,US Dollar
OL503303,ORD-101861,PRD2167,3,303.43,910.29,NGN
OL503304,ORD-108271,PRD2017,4,253.31,1013.24,US Dollar
OL503305,ORD-103736,PRD2111,5,$152.77,763.85,usd
OL503306,ORD-106122,PRD2220,999,31.14,31108.86,US Dollar
OL503307,ORD-105856,PRD2139,2,$367.23,734.46,GBP
OL503308,ORD-105349,PRD2202,1,283.38,283.38,USD
OL503309,ORD-104403,PRD2018,2,92.57,185.14,US Dollar
OL503310,ORD-108894,PRD2073,5,271.54,1357.7,US Dollar
OL503311,ORD-104751,PRD2171,1,82.06,82.06,GBP
OL503312,ORD-102504,PRD2152,0,156.27,,usd
OL503313,ORD-105827,PRD2194,0,291.42,,USD
OL503314,ORD-107991,PRD2143,2,269.05,538.1,US Dollar
OL503315,ORD-108361,PRD2234,5,425.9,2129.5,usd
OL503316,ORD-104797,PRD2233,1,$159.98,159.98,usd
OL503317,ORD-105140,PRD2197,4,21.93,87.72,US Dollar
OL503318,ORD-101569,PRD2129,2,$53.78,107.56,NGN
OL503319,ORD-107853,PRD2238,4,335.96,1343.84,USD
OL503320,ORD-103362,PRD2164,0,357.21,,GBP
OL503321,ORD-100493,PRD2235,2,168.59,337.18,US Dollar
OL503322,ORD-106176,PRD2072,1,485.81,485.81,US Dollar
OL503323,ORD-108151,PRD2101,1,180.55,180.55,EUR
OL503324,ORD-108316,PRD2218,1,362.5,362.5,EUR
OL503325,ORD-106939,PRD2024,5,107.83,539.15,usd
OL503326,ORD-107878,PRD2057,999,131.79,131658.21,GBP
OL503327,ORD-104080,PRD2104,0,281.24,,US Dollar
OL503328,ORD-108660,PRD2211,3,$70.03,210.09,EUR
OL503329,ORD-108899,PRD2011,4,437.58,1750.32,NGN
OL503330,ORD-101724,PRD2213,0,$72.53,,EUR
OL503331,ORD-107716,PRD2079,5,434.72,2173.6,USD
OL503332,ORD-105403,PRD2038,-1,304.57,,USD
OL503333,ORD-104807,PRD2014,2,172.29,344.58,US Dollar
OL503334,ORD-107010,PRD2089,4,52.27,209.08,US Dollar
OL503335,ORD-106763,PRD2052,2,346.35,692.7,US Dollar
OL503336,ORD-102109,PRD2142,999,350.07,349719.93,US Dollar
OL503337,ORD-101744,PRD2063,2,$277.72,555.44,US Dollar
OL503338,ORD-103088,PRD2067,1,448.83,448.83,usd
OL503339,ORD-107421,PRD2239,1,$367.02,367.02,usd
OL503340,ORD-108070,PRD2226,4,$398.6,1594.4,GBP
OL503341,ORD-106638,PRD2189,999,444.22,443775.78,USD
OL503342,ORD-106874,PRD2104,2,94.55,189.1,usd
OL503343,ORD-101260,PRD2173,2,34.06,68.12,EUR
OL503344,ORD-105444,PRD2032,1,231.84,231.84,usd
OL503345,ORD-102301,PRD2168,1,$216.12,216.12,EUR
OL503346,ORD-100405,PRD2177,3,404.06,1212.18,NGN
OL503347,ORD-103420,PRD2170,4,$311.29,1245.16,GBP
OL503348,ORD-108061,PRD2234,999,$8.91,8901.09,usd
OL503349,ORD-105521,PRD2229,4,40.82,163.28,GBP
OL503350,ORD-102649,PRD2014,2,381.25,762.5,usd
OL503351,ORD-106704,PRD2236,2,277.7,555.4,USD
OL503352,ORD-105829,PRD2025,3,227.8,683.4,GBP
OL503353,ORD-107821,PRD2025,2,$98.51,197.02,GBP
OL503354,ORD-101670,PRD2121,2,282.32,564.64,NGN
OL503355,ORD-105973,PRD2168,3,462.4,1387.2,EUR
OL503356,ORD-100994,PRD2014,2,499.6,999.2,EUR
OL503357,ORD-105471,PRD2128,4,406.08,1624.32,GBP
OL503358,ORD-103200,PRD2166,2,$350.19,700.38,NGN
OL503359,ORD-105028,PRD2161,-1,159.0,,GBP
OL503360,ORD-105374,PRD2037,1,45.81,45.81,NGN
OL503361,ORD-101076,PRD2195,999,$419.67,419250.33,EUR
OL503362,ORD-104884,PRD2192,999,456.78,456323.22,GBP
OL503363,ORD-101985,PRD2184,3,306.53,919.59,EUR
OL503364,ORD-104771,PRD2060,4,416.35,1665.4,US Dollar
OL503365,ORD-105205,PRD2194,0,157.28,,USD
OL503366,ORD-106633,PRD2195,3,283.93,851.79,US Dollar
OL503367,ORD-103211,PRD2090,999,153.39,153236.61,US Dollar
OL503368,ORD-102368,PRD2118,0,$138.32,,EUR
OL503369,ORD-108100,PRD2182,0,22.51,,usd
OL503370,ORD-106553,PRD2053,0,373.04,,usd
OL503371,ORD-100131,PRD2017,999,166.75,166583.25,US Dollar
OL503372,ORD-108367,PRD2238,4,53.35,213.4,USD
OL503373,ORD-100289,PRD2139,5,173.15,865.75,GBP
OL503374,ORD-104426,PRD2183,3,143.5,430.5,EUR
OL503375,ORD-102659,PRD2082,-1,225.38,,US Dollar
OL503376,ORD-100945,PRD2111,5,146.88,734.4,US Dollar
OL503377,ORD-100548,PRD2047,5,275.53,1377.65,US Dollar
OL503378,ORD-105321,PRD2242,3,126.33,378.99,EUR
OL503379,ORD-105831,PRD2076,3,224.61,673.83,NGN
OL503380,ORD-102319,PRD2119,999,70.11,70039.89,NGN
OL503381,ORD-106119,PRD2096,3,310.75,932.25,GBP
OL503382,ORD-105558,PRD2140,1,433.67,433.67,USD
OL503383,ORD-100571,PRD2193,4,250.46,1001.84,NGN
OL503384,ORD-108341,PRD2042,3,321.01,963.03,usd
OL503385,ORD-103772,PRD2036,0,$19.81,,US Dollar
OL503386,ORD-107668,PRD2002,4,$424.76,1699.04,EUR
OL503387,ORD-108148,PRD2142,3,$444.81,1334.43,NGN
OL503388,ORD-104718,PRD2160,2,188.65,377.3,US Dollar
OL503389,ORD-107914,PRD2225,2,28.3,56.6,usd
OL503390,ORD-102315,PRD2232,1,7.62,7.62,NGN
OL503391,ORD-105068,PRD2227,1,466.88,466.88,usd
OL503392,ORD-104418,PRD2154,0,489.47,,USD
OL503393,ORD-106960,PRD2143,5,89.2,446.0,US Dollar
OL503394,ORD-105009,PRD2122,1,312.52,312.52,NGN
OL503395,ORD-108251,PRD2154,4,2.39,9.56,EUR
OL503396,ORD-101458,PRD2087,0,$251.11,,usd
OL503397,ORD-102655,PRD2058,999,301.8,301498.2,EUR
OL503398,ORD-106098,PRD2120,-1,$401.52,,usd
OL503399,ORD-105146,PRD2181,1,131.63,131.63,USD
OL503400,ORD-108744,PRD2020,4,$143.82,575.28,NGN
OL503401,ORD-105842,PRD2076,2,384.22,768.44,USD
OL503402,ORD-108990,PRD2242,1,154.43,154.43,usd
OL503403,ORD-105186,PRD2101,5,156.1,780.5,EUR
OL503404,ORD-108214,PRD2121,3,342.15,1026.45,NGN
OL503405,ORD-108500,PRD2179,5,373.02,1865.1,NGN
OL503406,ORD-106905,PRD2103,1,320.32,320.32,usd
OL503407,ORD-108756,PRD2143,4,292.84,1171.36,USD
OL503408,ORD-102322,PRD2066,1,38.39,38.39,EUR
OL503409,ORD-101883,PRD2241,4,310.77,1243.08,EUR
OL503410,ORD-100326,PRD2087,3,192.72,578.16,USD
OL503411,ORD-104602,PRD2157,4,354.62,1418.48,NGN
OL503412,ORD-103498,PRD2052,3,253.98,761.94,NGN
OL503413,ORD-103110,PRD2116,2,141.16,282.32,US Dollar
OL503414,ORD-105113,PRD2113,4,$346.25,1385.0,USD
OL503415,ORD-108765,PRD2141,999,255.64,255384.36,GBP
OL503416,ORD-107587,PRD2230,3,23.86,71.58,EUR
OL503417,ORD-106095,PRD2059,0,$403.55,,GBP
OL503418,ORD-106311,PRD2192,3,77.98,233.94,usd
OL503419,ORD-107377,PRD2120,999,172.28,172107.72,US Dollar
OL503420,ORD-101709,PRD2186,0,107.58,,usd
OL503421,ORD-102300,PRD2229,4,488.0,1952.0,US Dollar
OL503422,ORD-105374,PRD2057,0,315.69,,EUR
OL503423,ORD-105430,PRD2004,4,$82.57,330.28,NGN
OL503424,ORD-105711,PRD2227,5,58.92,294.6,usd
OL503425,ORD-105812,PRD2079,1,425.03,425.03,usd
OL503426,ORD-107536,PRD2214,4,133.34,533.36,USD
OL503427,ORD-101199,PRD2042,5,294.79,1473.95,NGN
OL503428,ORD-105888,PRD2225,999,496.35,495853.65,GBP
OL503429,ORD-101379,PRD2166,1,487.76,487.76,USD
OL503430,ORD-103959,PRD2217,4,13.18,52.72,GBP
OL503431,ORD-105591,PRD2066,999,353.41,353056.59,usd
OL503432,ORD-106595,PRD2203,1,24.52,24.52,usd
OL503433,ORD-108059,PRD2058,5,461.89,2309.45,GBP
OL503434,ORD-108107,PRD2088,5,76.49,382.45,GBP
OL503435,ORD-106453,PRD2154,5,32.63,163.15,NGN
OL503436,ORD-101881,PRD2015,2,$158.57,317.14,US Dollar
OL503437,ORD-106856,PRD2033,999,386.98,386593.02,usd
OL503438,ORD-102162,PRD2241,5,395.73,1978.65,US Dollar
OL503439,ORD-104854,PRD2014,3,232.44,697.32,GBP
OL503440,ORD-104639,PRD2031,5,232.19,1160.95,usd
OL503441,ORD-107716,PRD2061,3,180.0,540.0,US Dollar
OL503442,ORD-104520,PRD2152,1,258.33,258.33,EUR
OL503443,ORD-108991,PRD2193,3,56.57,169.71,EUR
OL503444,ORD-108727,PRD2064,-1,112.93,,usd
OL503445,ORD-100433,PRD2075,2,205.27,410.54,NGN
OL503446,ORD-103490,PRD2147,0,323.01,,NGN
OL503447,ORD-107923,PRD2227,-1,75.6,,usd
OL503448,ORD-108930,PRD2205,-1,383.29,,usd
OL503449,ORD-102769,PRD2051,0,418.27,,USD
OL503450,ORD-102048,PRD2194,3,262.21,786.63,usd
OL503451,ORD-108594,PRD2124,5,286.08,1430.4,EUR
OL503452,ORD-107350,PRD2159,1,204.1,204.1,GBP
OL503453,ORD-106874,PRD2156,4,$219.57,878.28,GBP
OL503454,ORD-102926,PRD2101,5,389.18,1945.9,GBP
OL503455,ORD-106927,PRD2195,3,415.41,1246.23,EUR
OL503456,ORD-107345,PRD2079,4,317.95,1271.8,US Dollar
OL503457,ORD-103345,PRD2082,1,423.38,423.38,USD
OL503458,ORD-101109,PRD2103,-1,$189.76,,usd
OL503459,ORD-108027,PRD2212,5,112.06,560.3,EUR
OL503460,ORD-100134,PRD2210,2,455.51,911.02,EUR
OL503461,ORD-101364,PRD2054,5,113.53,567.65,EUR
OL503462,ORD-101175,PRD2079,-1,254.35,,EUR
OL503463,ORD-108818,PRD2076,5,480.34,2401.7,USD
OL503464,ORD-108464,PRD2094,4,471.46,1885.84,EUR
OL503465,ORD-101810,PRD2167,2,17.39,34.78,US Dollar
OL503466,ORD-103829,PRD2219,5,258.12,1290.6,USD
OL503467,ORD-102452,PRD2173,3,181.88,545.64,usd
OL503468,ORD-101406,PRD2072,4,457.61,1830.44,usd
OL503469,ORD-105578,PRD2018,-1,291.53,,EUR
OL503470,ORD-104166,PRD2234,999,$439.79,439350.21,GBP
OL503471,ORD-108112,PRD2228,4,398.48,1593.92,usd
OL503472,ORD-100621,PRD2158,1,$108.07,108.07,EUR
OL503473,ORD-102183,PRD2136,5,370.89,1854.45,EUR
OL503474,ORD-104787,PRD2231,0,337.85,,NGN
OL503475,ORD-106752,PRD2188,0,344.47,,USD
OL503476,ORD-103704,PRD2130,0,276.05,,GBP
OL503477,ORD-105662,PRD2034,5,453.08,2265.4,EUR
OL503478,ORD-102380,PRD2133,3,$35.09,105.27,usd
OL503479,ORD-101090,PRD2085,999,310.98,310669.02,NGN
OL503480,ORD-103563,PRD2212,4,247.56,990.24,US Dollar
OL503481,ORD-107681,PRD2198,-1,31.7,,GBP
OL503482,ORD-108018,PRD2056,5,78.14,390.7,GBP
OL503483,ORD-105408,PRD2005,5,161.74,808.7,EUR
OL503484,ORD-102132,PRD2078,0,15.78,,US Dollar
OL503485,ORD-104892,PRD2058,2,238.94,477.88,GBP
OL503486,ORD-106931,PRD2063,5,$387.15,1935.75,US Dollar
OL503487,ORD-100110,PRD2171,2,320.27,640.54,GBP
OL503488,ORD-101046,PRD2250,5,266.67,1333.35,USD
OL503489,ORD-102838,PRD2109,2,104.44,208.88,NGN
OL503490,ORD-105897,PRD2018,1,423.44,423.44,GBP
OL503491,ORD-104690,PRD2235,999,458.45,457991.55,GBP
OL503492,ORD-107323,PRD2157,999,111.12,111008.88,USD
OL503493,ORD-101850,PRD2088,1,411.79,411.79,USD
OL503494,ORD-103117,PRD2163,999,$189.13,188940.87,GBP
OL503495,ORD-105169,PRD2120,1,478.64,478.64,usd
OL503496,ORD-108274,PRD2107,2,351.85,703.7,USD
OL503497,ORD-107823,PRD2147,4,114.62,458.48,EUR
OL503498,ORD-105679,PRD2007,-1,130.49,,US Dollar
OL503499,ORD-104203,PRD2059,0,338.63,,GBP
OL503500,ORD-104602,PRD2219,1,64.14,64.14,US Dollar
OL503501,ORD-106091,PRD2043,2,407.19,814.38,US Dollar
OL503502,ORD-108475,PRD2060,4,364.18,1456.72,USD
OL503503,ORD-102628,PRD2233,0,282.07,,GBP
OL503504,ORD-100001,PRD2054,2,466.49,932.98,GBP
OL503505,ORD-100034,PRD2036,1,439.83,439.83,USD
OL503506,ORD-108616,PRD2151,3,233.44,700.32,usd
OL503507,ORD-104684,PRD2250,1,271.83,271.83,EUR
OL503508,ORD-108504,PRD2126,999,$394.1,393705.9,EUR
OL503509,ORD-108270,PRD9649,4,285.26,1141.04,usd
OL503510,ORD-104417,PRD2017,1,162.9,162.9,NGN
OL503511,ORD-100896,PRD2208,3,270.38,811.14,USD
OL503512,ORD-104253,PRD2101,-1,467.13,,USD
OL503513,ORD-103328,PRD2002,999,$266.0,265734.0,GBP
OL503514,ORD-106458,PRD2168,-1,$493.05,,usd
OL503515,ORD-105955,PRD2090,2,371.45,742.9,GBP
OL503516,ORD-105862,PRD2160,4,357.74,1430.96,usd
OL503517,ORD-106976,PRD2076,3,429.24,1287.72,USD
OL503518,ORD-101382,PRD2161,999,166.4,166233.6,EUR
OL503519,ORD-102835,PRD2160,3,322.67,968.01,USD
OL503520,ORD-103776,PRD2226,1,6.22,6.22,US Dollar
OL503521,ORD-103811,PRD2168,3,229.88,689.64,NGN
OL503522,ORD-105266,PRD2059,4,$221.96,887.84,US Dollar
OL503523,ORD-101804,PRD2008,-1,164.21,,US Dollar
OL503524,ORD-105043,PRD2012,3,$483.24,1449.72,US Dollar
OL503525,ORD-102385,PRD2122,3,27.64,82.92,NGN
OL503526,ORD-107186,PRD2112,1,161.06,161.06,NGN
OL503527,ORD-105051,PRD2187,4,404.03,1616.12,EUR
OL503528,ORD-103397,PRD2127,2,27.96,55.92,NGN
OL503529,ORD-105744,PRD2192,5,211.73,1058.65,usd
OL503530,ORD-104453,PRD2237,4,345.34,1381.36,NGN
OL503531,ORD-108929,PRD2097,2,157.66,315.32,GBP
OL503532,ORD-106307,PRD2117,2,17.11,34.22,USD
OL503533,ORD-106794,PRD2043,1,113.31,113.31,usd
OL503534,ORD-106941,PRD2168,-1,118.04,,usd
OL503535,ORD-108535,PRD2009,2,313.43,626.86,NGN
OL503536,ORD-106652,PRD2118,1,222.59,222.59,EUR
OL503537,ORD-107259,PRD2222,2,253.26,506.52,USD
OL503538,ORD-103219,PRD2076,1,59.97,59.97,EUR
OL503539,ORD-105377,PRD2247,999,468.53,468061.47,USD
OL503540,ORD-101393,PRD2233,4,94.21,376.84,GBP
OL503541,ORD-108513,PRD2208,3,457.94,1373.82,NGN
OL503542,ORD-102300,PRD2241,999,123.06,122936.94,US Dollar
OL503543,ORD-104304,PRD2198,0,$389.68,,EUR
OL503544,ORD-102124,PRD2073,5,$227.79,1138.95,NGN
OL503545,ORD-108643,PRD2155,3,403.92,1211.76,EUR
OL503546,ORD-101995,PRD2108,3,$131.39,394.17,EUR
OL503547,ORD-106824,PRD2215,0,$34.92,,GBP
OL503548,ORD-104301,PRD2136,2,$148.3,296.6,EUR
OL503549,ORD-108076,PRD2240,5,257.45,1287.25,GBP
OL503550,ORD-107895,PRD2238,3,336.39,1009.17,US Dollar
OL503551,ORD-104317,PRD2003,3,237.77,713.31,EUR
OL503552,ORD-100008,PRD2090,-1,323.75,,EUR
OL503553,ORD-101128,PRD2225,2,$336.88,673.76,usd
OL503554,ORD-101567,PRD2151,2,195.17,390.34,usd
OL503555,ORD-103541,PRD2187,4,244.94,979.76,NGN
OL503556,ORD-102381,PRD2241,999,304.31,304005.69,EUR
OL503557,ORD-105816,PRD2124,3,106.1,318.3,GBP
OL503558,ORD-103413,PRD2042,4,$331.67,1326.68,US Dollar
OL503559,ORD-107680,PRD2013,0,398.48,,EUR
OL503560,ORD-100514,PRD2152,1,247.16,247.16,US Dollar
OL503561,ORD-100784,PRD2189,-1,320.02,,NGN
OL503562,ORD-104393,PRD2092,999,322.85,322527.15,US Dollar
OL503563,ORD-106312,PRD2068,2,$300.93,601.86,USD
OL503564,ORD-102194,PRD2119,5,114.32,571.6,USD
OL503565,ORD-100279,PRD2218,-1,$426.71,,GBP
OL503566,ORD-100497,PRD2216,999,291.57,291278.43,NGN
OL503567,ORD-106129,PRD2095,1,$251.2,251.2,US Dollar
OL503568,ORD-104887,PRD2056,999,323.54,323216.46,NGN
OL503569,ORD-106991,PRD2207,3,98.15,294.45,EUR
OL503570,ORD-103684,PRD2110,0,148.68,,EUR
OL503571,ORD-102441,PRD2078,5,86.58,432.9,usd
OL503572,ORD-100952,PRD2237,0,438.77,,US Dollar
OL503573,ORD-105724,PRD2120,0,203.04,,NGN
OL503574,ORD-108299,PRD2238,5,$290.93,1454.65,US Dollar
OL503575,ORD-108246,PRD2041,5,$221.96,1109.8,NGN
OL503576,ORD-101797,PRD2249,0,434.29,,GBP
OL503577,ORD-104334,PRD2245,0,67.26,,GBP
OL503578,ORD-105231,PRD2152,0,51.53,,EUR
OL503579,ORD-102435,PRD2135,3,34.79,104.37,US Dollar
OL503580,ORD-107958,PRD2197,3,285.4,856.2,NGN
OL503581,ORD-104500,PRD2177,2,231.42,462.84,US Dollar
OL503582,ORD-108719,PRD2153,3,82.66,247.98,GBP
OL503583,ORD-100399,PRD2041,3,340.76,1022.28,USD
OL503584,ORD-108063,PRD2013,999,258.89,258631.11,NGN
OL503585,ORD-107216,PRD2242,3,$335.78,1007.34,NGN
OL503586,ORD-103710,PRD2237,5,$18.6,93.0,USD
OL503587,ORD-101937,PRD2070,4,$318.99,1275.96,EUR
OL503588,ORD-102263,PRD2221,-1,$215.74,,US Dollar
OL503589,ORD-108419,PRD2122,5,185.49,927.45,USD
OL503590,ORD-107740,PRD2174,4,338.21,1352.84,GBP
OL503591,ORD-100158,PRD2005,4,$90.57,362.28,GBP
OL503592,ORD-108209,PRD2010,5,226.91,1134.55,EUR
OL503593,ORD-102551,PRD2165,-1,499.97,,GBP
OL503594,ORD-103406,PRD2148,2,$217.25,434.5,usd
OL503595,ORD-103705,PRD2191,0,245.82,,NGN
OL503596,ORD-102754,PRD2200,-1,182.47,,GBP
OL503597,ORD-103573,PRD2179,1,206.33,206.33,EUR
OL503598,ORD-105131,PRD2146,3,65.68,197.04,GBP
OL503599,ORD-105135,PRD2067,999,$225.93,225704.07,EUR
OL503600,ORD-107919,PRD2145,-1,$152.48,,GBP
OL503601,ORD-101320,PRD2075,4,294.44,1177.76,USD
OL503602,ORD-103086,PRD2071,3,137.78,413.34,US Dollar
OL503603,ORD-100779,PRD2025,1,312.79,312.79,usd
OL503604,ORD-107893,PRD2086,4,170.2,680.8,GBP
OL503605,ORD-105633,PRD2158,2,161.95,323.9,GBP
OL503606,ORD-100429,PRD2244,1,429.17,429.17,usd
OL503607,ORD-108814,PRD2229,4,369.55,1478.2,NGN
OL503608,ORD-101342,PRD2008,5,306.3,1531.5,GBP
OL503609,ORD-102381,PRD2138,2,220.42,440.84,usd
OL503610,ORD-100548,PRD2018,3,406.14,1218.42,GBP
OL503611,ORD-108768,PRD2028,999,436.8,436363.2,US Dollar
OL503612,ORD-102625,PRD2059,0,77.01,,US Dollar
OL503613,ORD-100875,PRD2142,2,433.39,866.78,US Dollar
OL503614,ORD-108822,PRD2138,-1,261.52,,EUR
OL503615,ORD-104007,PRD2103,2,298.91,597.82,GBP
OL503616,ORD-100150,PRD2110,4,488.17,1952.68,US Dollar
OL503617,ORD-104506,PRD2021,1,265.16,265.16,USD
OL503618,ORD-105059,PRD2148,2,57.35,114.7,NGN
OL503619,ORD-100231,PRD2030,2,334.09,668.18,GBP
OL503620,ORD-104197,PRD2176,1,$164.42,164.42,usd
OL503621,ORD-104964,PRD2138,3,5.65,16.95,USD
OL503622,ORD-105081,PRD2161,1,208.82,208.82,US Dollar
OL503623,ORD-100830,PRD2051,5,$476.42,2382.1,usd
OL503624,ORD-102348,PRD2042,3,189.35,568.05,usd
OL503625,ORD-102089,PRD2028,3,429.55,1288.65,GBP
OL503626,ORD-101546,PRD2054,999,58.84,58781.16,usd
OL503627,ORD-108869,PRD2204,2,337.1,674.2,usd
OL503628,ORD-105547,PRD2163,2,$312.77,625.54,EUR
OL503629,ORD-105454,PRD2135,4,195.35,781.4,EUR
OL503630,ORD-105291,PRD2175,5,$411.99,2059.95,EUR
OL503631,ORD-102375,PRD2234,5,$469.4,2347.0,US Dollar
OL503632,ORD-107885,PRD2246,5,57.38,286.9,NGN
OL503633,ORD-101370,PRD2024,2,12.65,25.3,US Dollar
OL503634,ORD-108688,PRD2145,3,449.35,1348.05,US Dollar
OL503635,ORD-103655,PRD2068,0,95.04,,NGN
OL503636,ORD-103835,PRD2052,1,48.42,48.42,NGN
OL503637,ORD-104020,PRD2086,0,36.17,,US Dollar
OL503638,ORD-105023,PRD2082,999,18.61,18591.39,NGN
OL503639,ORD-105198,PRD2197,5,8.69,43.45,GBP
OL503640,ORD-106548,PRD2111,0,57.98,,GBP
OL503641,ORD-102712,PRD2078,1,212.34,212.34,US Dollar
OL503642,ORD-107789,PRD2161,0,392.92,,NGN
OL503643,ORD-103752,PRD2223,5,312.04,1560.2,EUR
OL503644,ORD-100606,PRD2043,3,$310.47,931.41,US Dollar
OL503645,ORD-100035,PRD2242,5,421.91,2109.55,EUR
OL503646,ORD-108128,PRD2149,5,77.0,385.0,usd
OL503647,ORD-101776,PRD2105,2,185.47,370.94,EUR
OL503648,ORD-103119,PRD2130,4,344.95,1379.8,EUR
OL503649,ORD-103306,PRD2088,4,55.83,223.32,EUR
OL503650,ORD-107133,PRD2129,3,$143.25,429.75,usd
OL503651,ORD-105171,PRD2077,3,218.23,654.69,usd
OL503652,ORD-103815,PRD2208,5,223.37,1116.85,EUR
OL503653,ORD-102750,PRD2154,-1,401.02,,US Dollar
OL503654,ORD-105149,PRD2241,2,4.66,9.32,US Dollar
OL503655,ORD-100476,PRD2230,1,$334.17,334.17,USD
OL503656,ORD-107219,PRD2207,4,471.07,1884.28,usd
OL503657,ORD-105143,PRD2054,2,74.84,149.68,GBP
OL503658,ORD-104311,PRD2192,3,$31.6,94.8,EUR
OL503659,ORD-105822,PRD2036,3,413.41,1240.23,NGN
OL503660,ORD-107859,PRD2079,1,22.46,22.46,EUR
OL503661,ORD-100486,PRD2191,5,185.3,926.5,US Dollar
OL503662,ORD-106303,PRD2111,-1,473.83,,GBP
OL503663,ORD-105059,PRD2166,1,114.16,114.16,usd
OL503664,ORD-100789,PRD2158,5,312.35,1561.75,US Dollar
OL503665,ORD-102649,PRD2097,3,$272.98,818.94,USD
OL503666,ORD-103303,PRD2105,999,479.93,479450.07,EUR
OL503667,ORD-108870,PRD2056,3,372.0,1116.0,US Dollar
OL503668,ORD-100311,PRD2148,5,$464.0,2320.0,usd
OL503669,ORD-105602,PRD2218,1,2.38,2.38,US Dollar
OL503670,ORD-106719,PRD2172,-1,486.02,,usd
OL503671,ORD-104954,PRD2133,2,111.66,223.32,USD
OL503672,ORD-100014,PRD2112,1,$485.85,485.85,EUR
OL503673,ORD-108186,PRD2018,1,165.61,165.61,USD
OL503674,ORD-104449,PRD2145,3,442.6,1327.8,usd
OL503675,ORD-100641,PRD2200,5,60.96,304.8,USD
OL503676,ORD-107528,PRD2080,3,$256.77,770.31,usd
OL503677,ORD-106499,PRD2119,999,336.49,336153.51,EUR
OL503678,ORD-102349,PRD2225,3,$26.03,78.09,USD
OL503679,ORD-103984,PRD2216,3,$448.19,1344.57,GBP
OL503680,ORD-104415,PRD2111,4,140.74,562.96,NGN
OL503681,ORD-108315,PRD2202,5,376.32,1881.6,NGN
OL503682,ORD-104955,PRD2215,3,456.42,1369.26,USD
OL503683,ORD-100729,PRD2170,1,168.66,168.66,EUR
OL503684,ORD-100640,PRD2240,4,291.15,1164.6,NGN
OL503685,ORD-104313,PRD2198,4,267.47,1069.88,usd
OL503686,ORD-107178,PRD2047,5,$414.91,2074.55,EUR
OL503687,ORD-108101,PRD2001,4,353.82,1415.28,NGN
OL503688,ORD-104446,PRD2123,-1,288.82,,GBP
OL503689,ORD-100332,PRD2211,4,389.84,1559.36,USD
OL503690,ORD-104128,PRD2129,-1,11.01,,USD
OL503691,ORD-100920,PRD2045,1,5.27,5.27,usd
OL503692,ORD-103884,PRD2196,4,8.51,34.04,USD
OL503693,ORD-104999,PRD2143,5,492.23,2461.15,NGN
OL503694,ORD-102398,PRD2005,3,83.37,250.11,GBP
OL503695,ORD-100892,PRD2058,5,$387.7,1938.5,usd
OL503696,ORD-103725,PRD2180,4,121.15,484.6,EUR
OL503697,ORD-105355,PRD2162,5,$400.42,2002.1,US Dollar
OL503698,ORD-102001,PRD2076,2,148.26,296.52,USD
OL503699,ORD-106835,PRD2105,3,484.95,1454.85,USD
OL503700,ORD-101033,PRD2135,5,272.75,1363.75,EUR
OL503701,ORD-106632,PRD2052,1,482.92,482.92,GBP
OL503702,ORD-107739,PRD2235,0,$302.97,,NGN
OL503703,ORD-102529,PRD2135,1,489.77,489.77,USD
OL503704,ORD-100117,PRD2095,4,$62.18,248.72,US Dollar
OL503705,ORD-107883,PRD2105,5,32.74,163.7,USD
OL503706,ORD-101286,PRD2214,1,475.49,475.49,GBP
OL503707,ORD-102055,PRD2189,4,149.68,598.72,usd
OL503708,ORD-104111,PRD2163,2,304.06,608.12,GBP
OL503709,ORD-104468,PRD2185,-1,170.44,,USD
OL503710,ORD-100717,PRD2079,4,405.05,1620.2,NGN
OL503711,ORD-107534,PRD2040,1,412.97,412.97,EUR
OL503712,ORD-106343,PRD2121,2,375.89,751.78,GBP
OL503713,ORD-103311,PRD2040,4,131.98,527.92,USD
OL503714,ORD-105746,PRD2094,3,340.85,1022.55,NGN
OL503715,ORD-108405,PRD2160,2,255.63,511.26,EUR
OL503716,ORD-103292,PRD2177,1,229.38,229.38,usd
OL503717,ORD-101712,PRD2019,5,168.95,844.75,US Dollar
OL503718,ORD-108595,PRD2101,0,$164.65,,US Dollar
OL503719,ORD-107152,PRD2186,5,66.22,331.1,NGN
OL503720,ORD-100537,PRD2123,1,234.34,234.34,GBP
OL503721,ORD-104113,PRD2088,999,$98.99,98891.01,GBP
OL503722,ORD-106086,PRD2177,1,315.94,315.94,USD
OL503723,ORD-101411,PRD2014,1,322.27,322.27,EUR
OL503724,ORD-106521,PRD2149,2,131.25,262.5,usd
OL503725,ORD-103747,PRD2111,0,$298.31,,GBP
OL503726,ORD-101847,PRD2118,4,$202.47,809.88,usd
OL503727,ORD-104493,PRD2238,0,497.34,,GBP
OL503728,ORD-105854,PRD2035,1,198.69,198.69,US Dollar
OL503729,ORD-105202,PRD2064,5,166.22,831.1,NGN
OL503730,ORD-100851,PRD2014,3,154.92,464.76,GBP
OL503731,ORD-106331,PRD2019,3,105.89,317.67,USD
OL503732,ORD-102213,PRD2079,4,450.1,1800.4,GBP
OL503733,ORD-103320,PRD2139,4,311.41,1245.64,US Dollar
OL503734,ORD-102621,PRD2138,2,193.46,386.92,US Dollar
OL503735,ORD-102441,PRD2093,2,48.41,96.82,GBP
OL503736,ORD-100895,PRD2122,3,$41.6,124.8,EUR
OL503737,ORD-102095,PRD2059,5,228.92,1144.6,usd
OL503738,ORD-101448,PRD2021,2,243.03,486.06,GBP
OL503739,ORD-103500,PRD2022,3,415.54,1246.62,US Dollar
OL503740,ORD-107875,PRD2134,-1,117.94,,EUR
OL503741,ORD-103620,PRD2061,5,$479.09,2395.45,NGN
OL503742,ORD-101569,PRD2218,3,399.26,1197.78,USD
OL503743,ORD-108553,PRD2209,5,$436.65,2183.25,EUR
OL503744,ORD-102603,PRD2121,4,59.48,237.92,GBP
OL503745,ORD-103431,PRD2027,5,53.99,269.95,NGN
OL503746,ORD-103620,PRD2153,999,$92.6,92507.4,EUR
OL503747,ORD-103473,PRD2001,-1,383.03,,GBP
OL503748,ORD-104343,PRD2089,4,468.02,1872.08,US Dollar
OL503749,ORD-102089,PRD2008,1,$256.39,256.39,EUR
OL503750,ORD-105670,PRD2069,5,493.5,2467.5,US Dollar
OL503751,ORD-107029,PRD2230,3,76.29,228.87,usd
OL503752,ORD-103513,PRD2114,2,65.92,131.84,USD
OL503753,ORD-108614,PRD2038,3,300.65,901.95,EUR
OL503754,ORD-107183,PRD2174,-1,75.44,,NGN
OL503755,ORD-107174,PRD2095,5,489.54,2447.7,GBP
OL503756,ORD-101264,PRD2079,1,187.84,187.84,usd
OL503757,ORD-108029,PRD2186,1,284.73,284.73,usd
OL503758,ORD-105957,PRD2147,4,431.2,1724.8,EUR
OL503759,ORD-108473,PRD2013,1,66.78,66.78,usd
OL503760,ORD-102277,PRD2147,4,300.81,1203.24,usd
OL503761,ORD-103045,PRD2063,999,240.88,240639.12,US Dollar
OL503762,ORD-104520,PRD2059,5,128.44,642.2,NGN
OL503763,ORD-102387,PRD2112,-1,150.58,,USD
OL503764,ORD-104466,PRD2111,999,147.63,147482.37,GBP
OL503765,ORD-101292,PRD2217,0,499.89,,US Dollar
OL503766,ORD-101404,PRD2184,-1,153.08,,US Dollar
OL503767,ORD-105049,PRD2086,3,$247.34,742.02,NGN
OL503768,ORD-101839,PRD2046,999,271.23,270958.77,usd
OL503769,ORD-108761,PRD2035,3,250.44,751.32,GBP
OL503770,ORD-100299,PRD2241,1,465.86,465.86,usd
OL503771,ORD-104655,PRD2230,2,$411.8,823.6,US Dollar
OL503772,ORD-101251,PRD2209,5,115.39,576.95,NGN
OL503773,ORD-107583,PRD2147,5,291.74,1458.7,USD
OL503774,ORD-103565,PRD2131,1,55.26,55.26,NGN
OL503775,ORD-103335,PRD2008,5,$180.13,900.65,NGN
OL503776,ORD-100654,PRD2003,4,458.88,1835.52,EUR
OL503777,ORD-107231,PRD2016,4,384.69,1538.76,EUR
OL503778,ORD-104878,PRD2094,2,232.68,465.36,GBP
OL503779,ORD-104261,PRD2225,3,$294.83,884.49,GBP
OL503780,ORD-100624,PRD2075,2,457.02,914.04,US Dollar
OL503781,ORD-103724,PRD2136,1,180.06,180.06,usd
OL503782,ORD-102316,PRD2043,3,408.29,1224.87,usd
OL503783,ORD-104433,PRD2087,5,42.39,211.95,NGN
OL503784,ORD-100678,PRD2080,2,278.05,556.1,usd
OL503785,ORD-107079,PRD2247,999,247.84,247592.16,GBP
OL503786,ORD-104927,PRD2243,1,465.05,465.05,GBP
OL503787,ORD-100391,PRD2200,4,398.18,1592.72,NGN
OL503788,ORD-107743,PRD2187,2,56.96,113.92,NGN
OL503789,ORD-108829,PRD2033,4,252.75,1011.0,NGN
OL503790,ORD-104034,PRD2242,2,$257.53,515.06,EUR
OL503791,ORD-100766,PRD2134,5,230.87,1154.35,EUR
OL503792,ORD-104916,PRD2135,1,357.16,357.16,NGN
OL503793,ORD-106647,PRD2003,5,457.0,2285.0,US Dollar
OL503794,ORD-103355,PRD2051,4,$477.91,1911.64,NGN
OL503795,ORD-102070,PRD2043,5,426.94,2134.7,USD
OL503796,ORD-104807,PRD2243,3,227.04,681.12,EUR
OL503797,ORD-100954,PRD2193,-1,$164.84,,GBP
OL503798,ORD-106211,PRD2240,5,72.27,361.35,NGN
OL503799,ORD-105306,PRD2238,3,194.62,583.86,EUR
OL503800,ORD-103155,PRD2034,1,135.87,135.87,EUR
OL503801,ORD-106162,PRD2075,2,$394.87,789.74,usd
OL503802,ORD-106446,PRD2249,-1,302.74,,usd
OL503803,ORD-105408,PRD2019,1,93.35,93.35,EUR
OL503804,ORD-107776,PRD2200,2,186.42,372.84,usd
OL503805,ORD-107122,PRD2247,3,49.52,148.56,EUR
OL503806,ORD-105948,PRD2249,4,$362.42,1449.68,US Dollar
OL503807,ORD-108878,PRD2009,3,$411.56,1234.68,GBP
OL503808,ORD-108581,PRD2185,999,84.23,84145.77,US Dollar
OL503809,ORD-100129,PRD2195,2,202.11,404.22,USD
OL503810,ORD-103828,PRD2011,5,226.0,1130.0,GBP
OL503811,ORD-108649,PRD2143,-1,433.95,,USD
OL503812,ORD-103590,PRD2032,5,393.89,1969.45,GBP
OL503813,ORD-100474,PRD2058,3,495.75,1487.25,USD
OL503814,ORD-103279,PRD2190,999,420.64,420219.36,USD
OL503815,ORD-101726,PRD2190,1,242.97,242.97,US Dollar
OL503816,ORD-106552,PRD2114,2,262.95,525.9,GBP
OL503817,ORD-105732,PRD2118,3,$231.48,694.44,USD
OL503818,ORD-107222,PRD2077,999,197.66,197462.34,NGN
OL503819,ORD-103931,PRD2117,0,$63.18,,GBP
OL503820,ORD-100579,PRD2140,-1,350.13,,EUR
OL503821,ORD-107930,PRD2183,3,175.38,526.14,NGN
OL503822,ORD-101128,PRD2089,5,$29.42,147.1,NGN
OL503823,ORD-108383,PRD2110,4,39.79,159.16,USD
OL503824,ORD-100498,PRD2013,2,186.4,372.8,USD
OL503825,ORD-107684,PRD2005,1,5.29,5.29,GBP
OL503826,ORD-100816,PRD2004,0,328.54,,US Dollar
OL503827,ORD-101874,PRD2100,2,183.23,366.46,US Dollar
OL503828,ORD-106783,PRD2008,2,321.33,642.66,usd
OL503829,ORD-107128,PRD2078,5,375.77,1878.85,NGN
OL503830,ORD-100812,PRD2106,2,190.66,381.32,EUR
OL503831,ORD-102185,PRD2168,2,50.42,100.84,EUR
OL503832,ORD-107312,PRD2229,5,42.67,213.35,EUR
OL503833,ORD-100316,PRD2086,5,229.16,1145.8,GBP
OL503834,ORD-105347,PRD2203,5,98.38,491.9,US Dollar
OL503835,ORD-107056,PRD2006,4,$424.6,1698.4,USD
OL503836,ORD-104826,PRD2092,4,195.14,780.56,NGN
OL503837,ORD-104282,PRD2094,999,289.62,289330.38,NGN
OL503838,ORD-106917,PRD2238,-1,449.4,,GBP
OL503839,ORD-102246,PRD2038,5,153.98,769.9,USD
OL503840,ORD-106751,PRD2169,4,299.04,1196.16,EUR
OL503841,ORD-106300,PRD2248,5,188.39,941.95,US Dollar
OL503842,ORD-103839,PRD2175,4,366.12,1464.48,NGN
OL503843,ORD-101318,PRD2236,2,355.29,710.58,EUR
OL503844,ORD-108719,PRD2151,2,$21.35,42.7,US Dollar
OL503845,ORD-103911,PRD2007,-1,495.15,,NGN
OL503846,ORD-102036,PRD2174,3,200.64,601.92,NGN
OL503847,ORD-104080,PRD2043,1,$292.76,292.76,EUR
OL503848,ORD-103695,PRD2036,-1,391.6,,GBP
OL503849,ORD-106796,PRD2181,5,233.15,1165.75,US Dollar
OL503850,ORD-100633,PRD2242,1,464.24,464.24,USD
OL503851,ORD-100021,PRD2080,0,$198.44,,USD
OL503852,ORD-103592,PRD2220,2,160.25,320.5,usd
OL503853,ORD-100925,PRD2136,-1,207.63,,GBP
OL503854,ORD-105582,PRD2187,1,310.53,310.53,US Dollar
OL503855,ORD-108359,PRD2142,999,269.61,269340.39,GBP
OL503856,ORD-100627,PRD2050,5,436.97,2184.85,EUR
OL503857,ORD-104805,PRD2113,3,361.96,1085.88,NGN
OL503858,ORD-101677,PRD2010,2,$400.55,801.1,EUR
OL503859,ORD-101774,PRD2188,4,78.34,313.36,usd
OL503860,ORD-107701,PRD2028,3,285.76,857.28,GBP
OL503861,ORD-108686,PRD2210,4,$411.13,1644.52,USD
OL503862,ORD-107517,PRD2205,3,190.17,570.51,US Dollar
OL503863,ORD-101350,PRD2010,2,137.76,275.52,usd
OL503864,ORD-107976,PRD2056,1,440.92,440.92,USD
OL503865,ORD-100714,PRD2118,2,314.8,629.6,USD
OL503866,ORD-108447,PRD2012,0,7.75,,US Dollar
OL503867,ORD-105294,PRD2120,5,$293.49,1467.45,GBP
OL503868,ORD-101864,PRD2228,0,$191.64,,NGN
OL503869,ORD-104702,PRD2149,5,388.63,1943.15,usd
OL503870,ORD-107184,PRD2171,3,319.2,957.6,GBP
OL503871,ORD-103896,PRD2230,2,197.47,394.94,GBP
OL503872,ORD-103184,PRD2187,2,434.16,868.32,GBP
OL503873,ORD-107748,PRD2007,-1,349.53,,EUR
OL503874,ORD-101118,PRD2198,4,$177.64,710.56,EUR
OL503875,ORD-106277,PRD2104,999,165.53,165364.47,EUR
OL503876,ORD-101464,PRD2106,3,393.41,1180.23,NGN
OL503877,ORD-105097,PRD2101,2,$332.91,665.82,usd
OL503878,ORD-103207,PRD2134,2,$382.31,764.62,USD
OL503879,ORD-103769,PRD2057,1,485.13,485.13,usd
OL503880,ORD-107478,PRD2223,4,306.9,1227.6,NGN
OL503881,ORD-100105,PRD2176,0,164.0,,EUR
OL503882,ORD-103837,PRD2031,-1,266.93,,NGN
OL503883,ORD-108350,PRD2148,999,$74.34,74265.66,usd
OL503884,ORD-106803,PRD2207,1,182.16,182.16,EUR
OL503885,ORD-108150,PRD2243,0,$54.69,,GBP
OL503886,ORD-108605,PRD2198,1,405.52,405.52,USD
OL503887,ORD-105334,PRD2060,999,249.03,248780.97,GBP
OL503888,ORD-108241,PRD2099,0,143.71,,US Dollar
OL503889,ORD-107607,PRD2169,999,$204.39,204185.61,USD
OL503890,ORD-108673,PRD2023,-1,493.93,,GBP
OL503891,ORD-102012,PRD2201,4,250.41,1001.64,usd
OL503892,ORD-101170,PRD2227,999,$225.26,225034.74,GBP
OL503893,ORD-105119,PRD2180,1,$265.15,265.15,GBP
OL503894,ORD-107980,PRD2178,3,118.2,354.6,US Dollar
OL503895,ORD-105945,PRD2036,5,83.86,419.3,NGN
OL503896,ORD-107734,PRD2131,2,$360.52,721.04,USD
OL503897,ORD-101859,PRD2086,1,286.44,286.44,US Dollar
OL503898,ORD-103160,PRD2046,3,457.05,1371.15,EUR
OL503899,ORD-102788,PRD2036,3,428.08,1284.24,US Dollar
OL503900,ORD-103379,PRD2172,4,161.54,646.16,EUR
OL503901,ORD-105714,PRD2222,999,309.58,309270.42,GBP
OL503902,ORD-102769,PRD2207,999,323.71,323386.29,GBP
OL503903,ORD-105760,PRD2003,3,247.31,741.93,US Dollar
OL503904,ORD-103146,PRD2050,1,428.34,428.34,USD
OL503905,ORD-106418,PRD2203,5,141.41,707.05,NGN
OL503906,ORD-100920,PRD2111,1,206.3,206.3,EUR
OL503907,ORD-103198,PRD2020,1,58.34,58.34,usd
OL503908,ORD-108284,PRD2037,1,471.71,471.71,US Dollar
OL503909,ORD-107310,PRD2115,1,33.23,33.23,usd
OL503910,ORD-105231,PRD2087,-1,198.42,,usd
OL503911,ORD-100274,PRD2172,1,$128.58,128.58,GBP
OL503912,ORD-105176,PRD2126,3,183.62,550.86,US Dollar
OL503913,ORD-104480,PRD2205,3,98.45,295.35,usd
OL503914,ORD-102035,PRD2237,4,490.7,1962.8,GBP
OL503915,ORD-106254,PRD2109,2,291.19,582.38,EUR
OL503916,ORD-100811,PRD2144,1,372.31,372.31,USD
OL503917,ORD-105417,PRD2070,2,330.1,660.2,usd
OL503918,ORD-100508,PRD2132,0,151.64,,GBP
OL503919,ORD-102417,PRD2211,3,156.13,468.39,US Dollar
OL503920,ORD-107291,PRD2063,1,$476.06,476.06,GBP
OL503921,ORD-101356,PRD2011,-1,442.9,,GBP
OL503922,ORD-106719,PRD2192,999,$43.05,43006.95,EUR
OL503923,ORD-106288,PRD2230,3,128.47,385.41,GBP
OL503924,ORD-102534,PRD2027,-1,$348.79,,GBP
OL503925,ORD-107403,PRD2209,-1,30.73,,US Dollar
OL503926,ORD-100431,PRD2046,4,92.96,371.84,NGN
OL503927,ORD-103933,PRD2093,999,487.13,486642.87,USD
OL503928,ORD-102356,PRD2051,1,$154.87,154.87,NGN
OL503929,ORD-104953,PRD2090,999,71.38,71308.62,GBP
OL503930,ORD-104655,PRD2151,1,497.56,497.56,EUR
OL503931,ORD-108051,PRD2236,1,445.29,445.29,EUR
OL503932,ORD-103788,PRD2110,5,335.12,1675.6,GBP
OL503933,ORD-101693,PRD2039,0,$9.29,,US Dollar
OL503934,ORD-102913,PRD2056,1,214.1,214.1,NGN
OL503935,ORD-102298,PRD2171,1,45.34,45.34,US Dollar
OL503936,ORD-106997,PRD2182,2,130.2,260.4,usd
OL503937,ORD-104506,PRD2034,5,171.65,858.25,US Dollar
OL503938,ORD-106567,PRD2050,5,122.42,612.1,usd
OL503939,ORD-101848,PRD2081,1,285.0,285.0,usd
OL503940,ORD-108645,PRD2243,1,$116.25,116.25,US Dollar
OL503941,ORD-104482,PRD2200,-1,329.3,,NGN
OL503942,ORD-101321,PRD2123,-1,96.53,,GBP
OL503943,ORD-103534,PRD2096,4,$157.74,630.96,EUR
OL503944,ORD-106202,PRD2226,3,476.41,1429.23,GBP
OL503945,ORD-101433,PRD2051,2,398.89,797.78,usd
OL503946,ORD-106884,PRD2009,5,201.3,1006.5,US Dollar
OL503947,ORD-103191,PRD2044,4,225.22,900.88,EUR
OL503948,ORD-102116,PRD2245,4,14.13,56.52,usd
OL503949,ORD-106169,PRD2149,2,221.38,442.76,GBP
OL503950,ORD-103911,PRD2056,5,435.34,2176.7,EUR
OL503951,ORD-107611,PRD2051,999,482.72,482237.28,GBP
OL503952,ORD-104122,PRD2028,4,$456.13,1824.52,EUR
OL503953,ORD-104290,PRD2228,4,464.44,1857.76,GBP
OL503954,ORD-106064,PRD2240,2,$111.51,223.02,US Dollar
OL503955,ORD-101436,PRD2120,1,$322.7,322.7,GBP
OL503956,ORD-107609,PRD2025,0,$405.99,,GBP
OL503957,ORD-107199,PRD2134,1,$31.41,31.41,NGN
OL503958,ORD-104820,PRD2051,5,244.11,1220.55,USD
OL503959,ORD-101138,PRD2106,2,129.8,259.6,EUR
OL503960,ORD-100053,PRD2090,1,$213.24,213.24,US Dollar
OL503961,ORD-108498,PRD2141,999,257.55,257292.45,usd
OL503962,ORD-104806,PRD2169,4,297.86,1191.44,NGN
OL503963,ORD-104529,PRD2027,5,$224.32,1121.6,USD
OL503964,ORD-108576,PRD2024,5,347.53,1737.65,USD
OL503965,ORD-101553,PRD2100,-1,492.42,,USD
OL503966,ORD-101615,PRD2243,2,428.49,856.98,NGN
OL503967,ORD-106034,PRD2201,2,$43.26,86.52,EUR
OL503968,ORD-101280,PRD2036,2,46.9,93.8,US Dollar
OL503969,ORD-107500,PRD2110,3,493.49,1480.47,GBP
OL503970,ORD-108084,PRD2059,2,35.95,71.9,GBP
OL503971,ORD-102253,PRD2136,999,$423.0,422577.0,USD
OL503972,ORD-100899,PRD2011,4,355.99,1423.96,usd
OL503973,ORD-102251,PRD2139,0,200.07,,usd
OL503974,ORD-107148,PRD2078,2,351.33,702.66,usd
OL503975,ORD-101840,PRD2203,3,100.69,302.07,USD
OL503976,ORD-104650,PRD2081,-1,3.18,,usd
OL503977,ORD-107046,PRD2038,4,116.62,466.48,EUR
OL503978,ORD-102085,PRD2157,4,$246.53,986.12,EUR
OL503979,ORD-105508,PRD2121,999,469.18,468710.82,USD
OL503980,ORD-106816,PRD2140,-1,412.83,,NGN
OL503981,ORD-103517,PRD2096,-1,36.22,,EUR
OL503982,ORD-107970,PRD2088,0,282.19,,GBP
OL503983,ORD-108529,PRD2162,0,$332.59,,NGN
OL503984,ORD-108613,PRD2249,2,211.89,423.78,GBP
OL503985,ORD-103146,PRD2152,4,423.43,1693.72,NGN
OL503986,ORD-107822,PRD2155,999,$476.83,476353.17,usd
OL503987,ORD-102570,PRD2182,2,255.46,510.92,usd
OL503988,ORD-105499,PRD2010,1,329.71,329.71,US Dollar
OL503989,ORD-108537,PRD2105,-1,163.71,,GBP
OL503990,ORD-106705,PRD2029,3,282.59,847.77,EUR
OL503991,ORD-102697,PRD2186,5,453.22,2266.1,US Dollar
OL503992,ORD-102045,PRD2020,1,494.31,494.31,USD
OL503993,ORD-101088,PRD2228,1,103.32,103.32,GBP
OL503994,ORD-104659,PRD2240,1,$323.33,323.33,USD
OL503995,ORD-104756,PRD2030,4,71.54,286.16,USD
OL503996,ORD-102168,PRD2204,5,338.6,1693.0,USD
OL503997,ORD-103428,PRD2186,0,5.52,,usd
OL503998,ORD-102464,PRD2029,-1,153.86,,EUR
OL503999,ORD-106426,PRD2116,5,447.34,2236.7,US Dollar
OL504000,ORD-101894,PRD2218,2,30.84,61.68,EUR
OL504001,ORD-103800,PRD2176,1,193.3,193.3,NGN
OL504002,ORD-108450,PRD2210,2,93.99,187.98,EUR
OL504003,ORD-100803,PRD2005,0,335.74,,usd
OL504004,ORD-101676,PRD2234,3,381.25,1143.75,NGN
OL504005,ORD-102219,PRD2117,3,244.92,734.76,usd
OL504006,ORD-103647,PRD2036,3,$236.22,708.66,EUR
OL504007,ORD-103265,PRD2009,3,$425.1,1275.3,EUR
OL504008,ORD-107958,PRD2101,-1,210.44,,USD
OL504009,ORD-104497,PRD2160,999,454.99,454535.01,NGN
OL504010,ORD-104488,PRD2055,2,471.04,942.08,usd
OL504011,ORD-107122,PRD2175,3,435.11,1305.33,EUR
OL504012,ORD-100991,PRD2106,1,53.5,53.5,EUR
OL504013,ORD-105124,PRD2048,1,128.32,128.32,usd
OL504014,ORD-105705,PRD2163,-1,152.3,,NGN
OL504015,ORD-106900,PRD2181,3,439.91,1319.73,US Dollar
OL504016,ORD-100771,PRD2248,5,429.46,2147.3,usd
OL504017,ORD-105974,PRD2031,0,400.14,,USD
OL504018,ORD-108128,PRD2244,5,295.19,1475.95,USD
OL504019,ORD-102947,PRD2047,3,$85.07,255.21,EUR
OL504020,ORD-106577,PRD2151,1,$220.41,220.41,EUR
OL504021,ORD-100115,PRD2228,5,413.42,2067.1,EUR
OL504022,ORD-101038,PRD2229,999,10.48,10469.52,EUR
OL504023,ORD-104073,PRD2080,4,94.69,378.76,EUR
OL504024,ORD-100800,PRD2192,2,53.61,107.22,usd
OL504025,ORD-108724,PRD2118,1,390.77,390.77,EUR
OL504026,ORD-104112,PRD2135,1,$310.94,310.94,usd
OL504027,ORD-102767,PRD2220,2,493.38,986.76,US Dollar
OL504028,ORD-108529,PRD2099,2,432.71,865.42,USD
OL504029,ORD-108697,PRD2004,1,178.68,178.68,USD
OL504030,ORD-100008,PRD2140,-1,490.0,,usd
OL504031,ORD-108609,PRD2196,3,85.87,257.61,usd
OL504032,ORD-103914,PRD2102,4,164.06,656.24,EUR
OL504033,ORD-102151,PRD2084,5,394.15,1970.75,US Dollar
OL504034,ORD-106963,PRD2086,1,463.02,463.02,usd
OL504035,ORD-106858,PRD2185,5,171.69,858.45,USD
OL504036,ORD-102550,PRD2152,3,478.08,1434.24,usd
OL504037,ORD-100965,PRD2195,3,401.89,1205.67,USD
OL504038,ORD-105856,PRD2172,3,120.13,360.39,USD
OL504039,ORD-101925,PRD2151,1,33.2,33.2,EUR
OL504040,ORD-106656,PRD2070,0,148.5,,usd
OL504041,ORD-101764,PRD2212,5,468.08,2340.4,usd
OL504042,ORD-102259,PRD2191,4,132.82,531.28,usd
OL504043,ORD-103225,PRD2148,-1,373.26,,USD
OL504044,ORD-100302,PRD2172,1,8.63,8.63,EUR
OL504045,ORD-104432,PRD2067,-1,28.46,,GBP
OL504046,ORD-105439,PRD2035,1,306.12,306.12,EUR
OL504047,ORD-104271,PRD2189,3,26.16,78.48,EUR
OL504048,ORD-104575,PRD2069,0,180.47,,NGN
OL504049,ORD-101742,PRD2190,0,376.43,,GBP
OL504050,ORD-103233,PRD2089,999,236.96,236723.04,GBP
OL504051,ORD-105211,PRD2098,4,180.23,720.92,GBP
OL504052,ORD-105697,PRD2207,3,192.82,578.46,EUR
OL504053,ORD-102043,PRD2240,5,65.59,327.95,NGN
OL504054,ORD-100110,PRD2031,0,295.19,,USD
OL504055,ORD-106913,PRD2104,5,277.28,1386.4,US Dollar
OL504056,ORD-104310,PRD2165,2,216.82,433.64,GBP
OL504057,ORD-108097,PRD2233,0,117.69,,usd
OL504058,ORD-103644,PRD2207,1,163.88,163.88,usd
OL504059,ORD-106783,PRD2154,3,346.67,1040.01,NGN
OL504060,ORD-102444,PRD2193,4,234.94,939.76,GBP
OL504061,ORD-108921,PRD2215,5,309.32,1546.6,US Dollar
OL504062,ORD-108732,PRD2181,1,497.23,497.23,NGN
OL504063,ORD-105743,PRD2223,3,450.56,1351.68,usd
OL504064,ORD-101924,PRD2079,2,199.48,398.96,US Dollar
OL504065,ORD-104438,PRD2107,3,242.91,728.73,US Dollar
OL504066,ORD-105420,PRD2233,1,$99.25,99.25,GBP
OL504067,ORD-105524,PRD2190,5,76.93,384.65,US Dollar
OL504068,ORD-105289,PRD2037,2,$174.09,348.18,USD
OL504069,ORD-107696,PRD2244,5,393.9,1969.5,usd
OL504070,ORD-100273,PRD2124,4,356.43,1425.72,USD
OL504071,ORD-103363,PRD2124,5,207.44,1037.2,US Dollar
OL504072,ORD-104990,PRD2080,1,380.83,380.83,NGN
OL504073,ORD-107618,PRD2228,2,113.3,226.6,USD
OL504074,ORD-105804,PRD2246,2,$39.51,79.02,NGN
OL504075,ORD-105280,PRD2124,3,228.83,686.49,usd
OL504076,ORD-105104,PRD2101,999,70.1,70029.9,usd
OL504077,ORD-103751,PRD2048,5,264.85,1324.25,usd
OL504078,ORD-100217,PRD2187,5,148.06,740.3,usd
OL504079,ORD-101155,PRD2247,999,$62.95,62887.05,USD
OL504080,ORD-100254,PRD2209,5,393.7,1968.5,usd
OL504081,ORD-100243,PRD2048,5,$137.49,687.45,US Dollar
OL504082,ORD-102836,PRD2165,3,456.38,1369.14,US Dollar
OL504083,ORD-102061,PRD2201,1,157.74,157.74,usd
OL504084,ORD-107096,PRD2192,5,350.29,1751.45,GBP
OL504085,ORD-107480,PRD2112,3,459.05,1377.15,NGN
OL504086,ORD-101034,PRD9179,0,187.56,,GBP
OL504087,ORD-107775,PRD2171,-1,50.79,,NGN
OL504088,ORD-108471,PRD2162,4,26.13,104.52,GBP
OL504089,ORD-106074,PRD2021,999,459.3,458840.7,usd
OL504090,ORD-103595,PRD2078,5,26.6,133.0,GBP
OL504091,ORD-103456,PRD2027,1,46.18,46.18,GBP
OL504092,ORD-104610,PRD2008,-1,287.25,,GBP
OL504093,ORD-102456,PRD2071,2,$175.13,350.26,GBP
OL504094,ORD-105112,PRD2091,5,194.7,973.5,usd
OL504095,ORD-107844,PRD2112,-1,81.19,,GBP
OL504096,ORD-106973,PRD2160,1,$103.33,103.33,EUR
OL504097,ORD-102093,PRD2180,0,387.93,,US Dollar
OL504098,ORD-101598,PRD2086,2,483.84,967.68,usd
OL504099,ORD-106687,PRD2201,4,23.57,94.28,EUR
OL504100,ORD-108483,PRD2071,2,58.89,117.78,NGN
OL504101,ORD-102878,PRD2121,5,248.69,1243.45,EUR
OL504102,ORD-104584,PRD2224,4,149.23,596.92,NGN
OL504103,ORD-108486,PRD2096,3,$72.56,217.68,USD
OL504104,ORD-107762,PRD2250,-1,377.73,,EUR
OL504105,ORD-102718,PRD2199,-1,208.06,,NGN
OL504106,ORD-101848,PRD2046,2,398.06,796.12,EUR
OL504107,ORD-103808,PRD2170,5,127.98,639.9,US Dollar
OL504108,ORD-106578,PRD2213,1,467.18,467.18,US Dollar
OL504109,ORD-104360,PRD2229,4,274.52,1098.08,usd
OL504110,ORD-107742,PRD2122,1,379.42,379.42,USD
OL504111,ORD-101615,PRD2205,1,461.32,461.32,usd
OL504112,ORD-108406,PRD2039,2,213.46,426.92,US Dollar
OL504113,ORD-102646,PRD2158,1,$208.2,208.2,usd
OL504114,ORD-108259,PRD2011,2,358.36,716.72,US Dollar
OL504115,ORD-105842,PRD2167,4,250.82,1003.28,usd
OL504116,ORD-103054,PRD2082,2,416.28,832.56,usd
OL504117,ORD-107931,PRD2114,4,232.15,928.6,NGN
OL504118,ORD-103776,PRD2086,0,41.32,,USD
OL504119,ORD-106763,PRD2208,999,$74.82,74745.18,US Dollar
OL504120,ORD-104297,PRD2088,5,30.41,152.05,GBP
OL504121,ORD-101600,PRD2018,4,29.27,117.08,EUR
OL504122,ORD-105704,PRD2032,3,380.63,1141.89,EUR
OL504123,ORD-100152,PRD2176,4,185.96,743.84,GBP
OL504124,ORD-108818,PRD2248,3,328.3,984.9,GBP
OL504125,ORD-107610,PRD2042,5,95.94,479.7,usd
OL504126,ORD-106221,PRD2226,2,22.98,45.96,USD
OL504127,ORD-100357,PRD2059,1,236.53,236.53,EUR
OL504128,ORD-101009,PRD2104,-1,449.38,,usd
OL504129,ORD-108919,PRD2241,3,218.39,655.17,usd
OL504130,ORD-101411,PRD2161,3,246.82,740.46,EUR
OL504131,ORD-104592,PRD2060,5,333.11,1665.55,usd
OL504132,ORD-102832,PRD2100,3,365.39,1096.17,EUR
OL504133,ORD-105879,PRD2032,0,$322.09,,EUR
OL504134,ORD-108828,PRD2054,0,449.91,,usd
OL504135,ORD-100609,PRD2108,-1,117.08,,USD
OL504136,ORD-108954,PRD2037,4,59.4,237.6,EUR
OL504137,ORD-106022,PRD2228,5,92.17,460.85,GBP
OL504138,ORD-108223,PRD2115,5,$288.13,1440.65,GBP
OL504139,ORD-100833,PRD2030,1,434.59,434.59,NGN
OL504140,ORD-107021,PRD2046,2,191.74,383.48,US Dollar
OL504141,ORD-105898,PRD2031,4,341.68,1366.72,NGN
OL504142,ORD-106459,PRD2044,1,232.77,232.77,GBP
OL504143,ORD-100459,PRD2130,999,$489.41,488920.59,NGN
OL504144,ORD-100940,PRD2068,5,488.94,2444.7,US Dollar
OL504145,ORD-101386,PRD2201,-1,198.0,,GBP
OL504146,ORD-107118,PRD2207,1,193.52,193.52,EUR
OL504147,ORD-103280,PRD2006,5,100.69,503.45,NGN
OL504148,ORD-105935,PRD2089,3,$189.69,569.07,USD
OL504149,ORD-101780,PRD2168,3,447.0,1341.0,US Dollar
OL504150,ORD-102891,PRD2200,4,226.8,907.2,EUR
OL504151,ORD-107376,PRD2100,5,334.82,1674.1,NGN
OL504152,ORD-102614,PRD2035,5,279.74,1398.7,GBP
OL504153,ORD-101776,PRD2221,5,232.71,1163.55,USD
OL504154,ORD-102858,PRD2010,999,211.23,211018.77,EUR
OL504155,ORD-106063,PRD2223,1,171.21,171.21,USD
OL504156,ORD-108047,PRD2121,2,446.98,893.96,EUR
OL504157,ORD-105761,PRD2192,999,441.15,440708.85,EUR
OL504158,ORD-102375,PRD2150,2,28.06,56.12,usd
OL504159,ORD-101989,PRD2117,1,55.31,55.31,usd
OL504160,ORD-108714,PRD2077,4,209.85,839.4,US Dollar
OL504161,ORD-101428,PRD2212,3,84.18,252.54,NGN
OL504162,ORD-100651,PRD2018,-1,$63.58,,usd
OL504163,ORD-105544,PRD2040,0,276.94,,usd
OL504164,ORD-102986,PRD2128,0,139.94,,NGN
OL504165,ORD-106107,PRD2157,1,253.07,253.07,USD
OL504166,ORD-101939,PRD2066,5,483.46,2417.3,NGN
OL504167,ORD-103160,PRD2159,3,422.3,1266.9,GBP
OL504168,ORD-102897,PRD2086,2,267.38,534.76,EUR
OL504169,ORD-100374,PRD2190,0,407.99,,USD
OL504170,ORD-101493,PRD2107,5,91.45,457.25,EUR
OL504171,ORD-103031,PRD2088,5,$134.38,671.9,usd
OL504172,ORD-102853,PRD2061,4,99.42,397.68,US Dollar
OL504173,ORD-107742,PRD2020,5,96.17,480.85,NGN
OL504174,ORD-108042,PRD2238,5,118.31,591.55,GBP
OL504175,ORD-105269,PRD2184,999,473.21,472736.79,NGN
OL504176,ORD-103674,PRD2224,3,494.65,1483.95,US Dollar
OL504177,ORD-108883,PRD2099,5,375.09,1875.45,USD
OL504178,ORD-104519,PRD2145,999,116.85,116733.15,GBP
OL504179,ORD-102300,PRD2104,0,14.36,,usd
OL504180,ORD-100645,PRD2170,4,174.2,696.8,GBP
OL504181,ORD-107455,PRD2126,-1,$167.46,,usd
OL504182,ORD-104435,PRD2151,4,7.93,31.72,NGN
OL504183,ORD-100205,PRD2050,5,15.48,77.4,NGN
OL504184,ORD-106975,PRD2075,0,442.7,,usd
OL504185,ORD-106694,PRD2032,4,455.41,1821.64,NGN
OL504186,ORD-104976,PRD2181,999,$471.38,470908.62,usd
OL504187,ORD-107264,PRD2036,3,138.5,415.5,GBP
OL504188,ORD-104003,PRD2091,2,6.55,13.1,GBP
OL504189,ORD-105818,PRD2028,1,360.75,360.75,USD
OL504190,ORD-107426,PRD2112,5,452.54,2262.7,NGN
OL504191,ORD-104594,PRD2097,-1,396.28,,usd
OL504192,ORD-103234,PRD2236,999,233.59,233356.41,NGN
OL504193,ORD-100137,PRD2123,1,82.85,82.85,USD
OL504194,ORD-104127,PRD2133,2,281.24,562.48,US Dollar
OL504195,ORD-105476,PRD2109,2,186.33,372.66,EUR
OL504196,ORD-106025,PRD2212,5,148.09,740.45,usd
OL504197,ORD-102505,PRD2242,3,$224.65,673.95,USD
OL504198,ORD-103811,PRD2179,4,$253.38,1013.52,USD
OL504199,ORD-104339,PRD2135,1,183.87,183.87,usd
OL504200,ORD-101538,PRD2080,2,171.16,342.32,USD
OL504201,ORD-100684,PRD2201,-1,118.95,,US Dollar
OL504202,ORD-106696,PRD2040,0,$439.0,,GBP
OL504203,ORD-101376,PRD2028,3,211.39,634.17,USD
OL504204,ORD-104848,PRD2099,5,$415.89,2079.45,GBP
OL504205,ORD-108777,PRD2106,4,451.99,1807.96,USD
OL504206,ORD-107534,PRD2237,5,297.75,1488.75,EUR
OL504207,ORD-107300,PRD2193,5,$373.23,1866.15,USD
OL504208,ORD-103851,PRD2056,4,$312.23,1248.92,EUR
OL504209,ORD-101530,PRD2174,5,39.01,195.05,GBP
OL504210,ORD-102987,PRD2234,999,273.82,273546.18,US Dollar
OL504211,ORD-103073,PRD2007,5,167.24,836.2,USD
OL504212,ORD-108428,PRD2236,4,$140.47,561.88,USD
OL504213,ORD-101474,PRD2061,3,387.94,1163.82,GBP
OL504214,ORD-100208,PRD2040,1,$206.0,206.0,EUR
OL504215,ORD-105030,PRD2230,2,144.28,288.56,USD
OL504216,ORD-100879,PRD2107,3,297.1,891.3,usd
OL504217,ORD-103497,PRD2162,1,212.46,212.46,usd
OL504218,ORD-107244,PRD2237,1,446.18,446.18,US Dollar
OL504219,ORD-105296,PRD2100,4,4.86,19.44,USD
OL504220,ORD-105054,PRD2140,999,149.17,149020.83,NGN
OL504221,ORD-101941,PRD2249,5,498.25,2491.25,USD
OL504222,ORD-107423,PRD2171,4,21.58,86.32,USD
OL504223,ORD-102190,PRD2239,1,451.78,451.78,NGN
OL504224,ORD-107026,PRD2184,3,32.84,98.52,usd
OL504225,ORD-101784,PRD2122,3,32.54,97.62,EUR
OL504226,ORD-104216,PRD2236,1,379.11,379.11,US Dollar
OL504227,ORD-108099,PRD2009,2,442.89,885.78,usd
OL504228,ORD-105738,PRD2154,3,64.06,192.18,USD
OL504229,ORD-101823,PRD2075,4,262.09,1048.36,US Dollar
OL504230,ORD-100633,PRD2029,5,192.8,964.0,EUR
OL504231,ORD-105141,PRD2243,2,72.21,144.42,GBP
OL504232,ORD-103566,PRD2051,1,435.86,435.86,US Dollar
OL504233,ORD-102949,PRD2191,3,62.06,186.18,NGN
OL504234,ORD-102019,PRD2025,5,$61.75,308.75,GBP
OL504235,ORD-108780,PRD2202,5,270.54,1352.7,US Dollar
OL504236,ORD-101757,PRD2071,-1,420.63,,NGN
OL504237,ORD-108325,PRD2047,1,467.12,467.12,NGN
OL504238,ORD-108740,PRD2175,5,$48.91,244.55,USD
OL504239,ORD-105888,PRD2214,4,328.32,1313.28,EUR
OL504240,ORD-108139,PRD2123,4,256.87,1027.48,usd
OL504241,ORD-105337,PRD2071,5,138.7,693.5,GBP
OL504242,ORD-101270,PRD2022,0,477.01,,usd
OL504243,ORD-108660,PRD2193,1,$495.48,495.48,USD
OL504244,ORD-103300,PRD2211,0,327.59,,US Dollar
OL504245,ORD-106092,PRD2172,4,451.41,1805.64,USD
OL504246,ORD-107982,PRD2250,3,40.89,122.67,USD
OL504247,ORD-108202,PRD2173,3,211.8,635.4,usd
OL504248,ORD-108223,PRD2176,2,340.58,681.16,GBP
OL504249,ORD-108512,PRD2076,4,415.16,1660.64,US Dollar
OL504250,ORD-108668,PRD2051,-1,47.6,,GBP
OL504251,ORD-105549,PRD2080,0,$72.06,,NGN
OL504252,ORD-101747,PRD2166,5,$13.81,69.05,USD
OL504253,ORD-102231,PRD2102,4,4.56,18.24,USD
OL504254,ORD-104674,PRD2066,0,5.63,,US Dollar
OL504255,ORD-102476,PRD2001,3,392.9,1178.7,NGN
OL504256,ORD-100203,PRD2028,1,213.62,213.62,GBP
OL504257,ORD-103924,PRD2050,2,450.51,901.02,usd
OL504258,ORD-101552,PRD2146,-1,430.87,,GBP
OL504259,ORD-104830,PRD2050,5,155.92,779.6,NGN
OL504260,ORD-102445,PRD2116,2,172.98,345.96,EUR
OL504261,ORD-105741,PRD2061,5,40.94,204.7,USD
OL504262,ORD-105322,PRD2173,2,191.43,382.86,GBP
OL504263,ORD-103112,PRD2125,-1,$107.65,,US Dollar
OL504264,ORD-106712,PRD2085,1,94.12,94.12,EUR
OL504265,ORD-107091,PRD2166,999,159.81,159650.19,usd
OL504266,ORD-108066,PRD2029,3,429.51,1288.53,US Dollar
OL504267,ORD-101923,PRD2086,5,$304.85,1524.25,EUR
OL504268,ORD-102087,PRD2056,4,410.65,1642.6,usd
OL504269,ORD-108444,PRD2249,-1,$90.99,,GBP
OL504270,ORD-100785,PRD2142,4,273.66,1094.64,USD
OL504271,ORD-106420,PRD2105,-1,144.28,,USD
OL504272,ORD-104376,PRD2155,2,123.7,247.4,usd
OL504273,ORD-106047,PRD2022,3,144.59,433.77,EUR
OL504274,ORD-102006,PRD2174,3,10.31,30.93,EUR
OL504275,ORD-107694,PRD2061,999,449.28,448830.72,USD
OL504276,ORD-103131,PRD2184,1,$322.29,322.29,usd
OL504277,ORD-108855,PRD2117,1,402.35,402.35,usd
OL504278,ORD-108939,PRD2140,3,123.91,371.73,US Dollar
OL504279,ORD-106101,PRD2047,2,323.94,647.88,USD
OL504280,ORD-101369,PRD2087,3,223.82,671.46,GBP
OL504281,ORD-104786,PRD2249,1,358.58,358.58,GBP
OL504282,ORD-106393,PRD2044,2,104.85,209.7,USD
OL504283,ORD-106264,PRD2056,-1,47.89,,US Dollar
OL504284,ORD-104125,PRD2012,5,212.31,1061.55,GBP
OL504285,ORD-105827,PRD2098,999,181.99,181808.01,USD
OL504286,ORD-100508,PRD2116,5,260.53,1302.65,GBP
OL504287,ORD-101188,PRD2200,5,$376.64,1883.2,usd
OL504288,ORD-105096,PRD2040,1,46.52,46.52,USD
OL504289,ORD-108357,PRD2188,2,423.69,847.38,USD
OL504290,ORD-101781,PRD2009,3,143.68,431.04,EUR
OL504291,ORD-101504,PRD2250,2,29.38,58.76,EUR
OL504292,ORD-106361,PRD2236,1,288.0,288.0,US Dollar
OL504293,ORD-101797,PRD2029,999,125.3,125174.7,usd
OL504294,ORD-102376,PRD2055,4,$177.13,708.52,EUR
OL504295,ORD-107411,PRD2204,4,$363.21,1452.84,GBP
OL504296,ORD-101791,PRD2201,0,458.35,,GBP
OL504297,ORD-108519,PRD2017,4,$425.19,1700.76,US Dollar
OL504298,ORD-101512,PRD2081,4,55.12,220.48,NGN
OL504299,ORD-106835,PRD2021,1,405.57,405.57,EUR
OL504300,ORD-105486,PRD2028,2,141.31,282.62,USD
OL504301,ORD-106330,PRD2087,-1,222.88,,USD
OL504302,ORD-101113,PRD2051,3,496.13,1488.39,USD
OL504303,ORD-105208,PRD2163,2,212.42,424.84,usd
OL504304,ORD-107397,PRD2103,5,341.52,1707.6,USD
OL504305,ORD-102337,PRD2024,1,42.23,42.23,USD
OL504306,ORD-102098,PRD2144,2,55.86,111.72,usd
OL504307,ORD-104727,PRD2217,3,$376.96,1130.88,EUR
OL504308,ORD-100463,PRD2005,4,52.71,210.84,GBP
OL504309,ORD-107884,PRD2036,-1,$219.93,,NGN
OL504310,ORD-100717,PRD2028,3,320.75,962.25,NGN
OL504311,ORD-102619,PRD2065,2,134.03,268.06,US Dollar
OL504312,ORD-106436,PRD2217,5,165.16,825.8,EUR
OL504313,ORD-108392,PRD2243,1,$386.2,386.2,usd
OL504314,ORD-100165,PRD2157,3,128.85,386.55,USD
OL504315,ORD-102496,PRD2101,4,88.78,355.12,USD
OL504316,ORD-104942,PRD2192,5,279.52,1397.6,US Dollar
OL504317,ORD-106797,PRD9549,5,216.48,1082.4,US Dollar
OL504318,ORD-107036,PRD2148,1,$413.16,413.16,GBP
OL504319,ORD-102750,PRD2222,5,441.87,2209.35,NGN
OL504320,ORD-103567,PRD2112,-1,216.98,,usd
OL504321,ORD-104649,PRD2139,4,267.01,1068.04,EUR
OL504322,ORD-104965,PRD2202,2,65.1,130.2,usd
OL504323,ORD-102059,PRD2147,4,351.74,1406.96,GBP
OL504324,ORD-106308,PRD2163,5,291.24,1456.2,US Dollar
OL504325,ORD-103634,PRD2159,-1,212.67,,GBP
OL504326,ORD-108176,PRD2109,4,446.59,1786.36,usd
OL504327,ORD-100737,PRD2023,999,216.83,216613.17,usd
OL504328,ORD-104668,PRD2178,2,$46.89,93.78,US Dollar
OL504329,ORD-107003,PRD2167,1,179.8,179.8,usd
OL504330,ORD-105305,PRD2202,1,174.52,174.52,EUR
OL504331,ORD-102338,PRD2115,1,423.13,423.13,usd
OL504332,ORD-104888,PRD2051,2,493.75,987.5,usd
OL504333,ORD-106353,PRD2015,2,$166.77,333.54,GBP
OL504334,ORD-103933,PRD2162,2,$134.34,268.68,USD
OL504335,ORD-103168,PRD2159,1,93.72,93.72,EUR
OL504336,ORD-104776,PRD2194,0,218.57,,US Dollar
OL504337,ORD-100356,PRD2218,999,120.52,120399.48,USD
OL504338,ORD-100155,PRD2014,999,$69.27,69200.73,US Dollar
OL504339,ORD-101912,PRD2101,0,110.88,,NGN
OL504340,ORD-105599,PRD2190,5,213.57,1067.85,GBP
OL504341,ORD-107686,PRD2138,1,72.08,72.08,EUR
OL504342,ORD-103654,PRD2187,999,169.51,169340.49,GBP
OL504343,ORD-101752,PRD2142,4,427.19,1708.76,NGN
OL504344,ORD-104782,PRD2007,2,$486.97,973.94,GBP
OL504345,ORD-102436,PRD2140,5,$194.16,970.8,usd
OL504346,ORD-103349,PRD2093,2,446.99,893.98,USD
OL504347,ORD-105563,PRD2092,5,228.68,1143.4,GBP
OL504348,ORD-107610,PRD2022,4,$199.47,797.88,usd
OL504349,ORD-103071,PRD2033,4,94.3,377.2,NGN
OL504350,ORD-107600,PRD2165,2,$165.71,331.42,usd
OL504351,ORD-101203,PRD2024,999,$499.69,499190.31,USD
OL504352,ORD-100661,PRD2048,4,$400.82,1603.28,GBP
OL504353,ORD-106369,PRD2178,-1,123.87,,US Dollar
OL504354,ORD-102060,PRD2073,4,$103.13,412.52,USD
OL504355,ORD-102013,PRD2108,2,210.29,420.58,US Dollar
OL504356,ORD-105948,PRD2224,2,187.04,374.08,USD
OL504357,ORD-102650,PRD2032,1,342.36,342.36,USD
OL504358,ORD-103318,PRD2186,1,109.24,109.24,US Dollar
OL504359,ORD-107117,PRD2034,4,$447.68,1790.72,USD
OL504360,ORD-100421,PRD2110,5,485.41,2427.05,USD
OL504361,ORD-103639,PRD2194,1,15.87,15.87,usd
OL504362,ORD-108601,PRD2165,-1,41.54,,usd
OL504363,ORD-100770,PRD2038,5,43.39,216.95,NGN
OL504364,ORD-105100,PRD2012,2,210.26,420.52,NGN
OL504365,ORD-104315,PRD2090,4,359.27,1437.08,NGN
OL504366,ORD-105489,PRD2038,999,167.44,167272.56,EUR
OL504367,ORD-100147,PRD2202,1,250.27,250.27,NGN
OL504368,ORD-103162,PRD2129,2,123.94,247.88,usd
OL504369,ORD-104606,PRD2132,5,426.49,2132.45,US Dollar
OL504370,ORD-103241,PRD2218,0,403.24,,US Dollar
OL504371,ORD-100741,PRD2198,3,280.96,842.88,EUR
OL504372,ORD-108691,PRD2006,0,461.8,,usd
OL504373,ORD-103815,PRD2224,2,367.37,734.74,USD
OL504374,ORD-103528,PRD2117,1,424.91,424.91,USD
OL504375,ORD-104149,PRD2158,2,70.77,141.54,USD
OL504376,ORD-104017,PRD2170,3,276.71,830.13,NGN
OL504377,ORD-105292,PRD2113,4,211.23,844.92,GBP
OL504378,ORD-107379,PRD2137,1,216.68,216.68,US Dollar
OL504379,ORD-108029,PRD2043,5,461.5,2307.5,US Dollar
OL504380,ORD-100883,PRD2003,4,187.06,748.24,usd
OL504381,ORD-106462,PRD2058,3,462.5,1387.5,USD
OL504382,ORD-100515,PRD2020,5,208.13,1040.65,usd
OL504383,ORD-104618,PRD2178,2,322.57,645.14,USD
OL504384,ORD-102144,PRD2060,3,266.36,799.08,EUR
OL504385,ORD-103370,PRD2095,5,131.96,659.8,USD
OL504386,ORD-105153,PRD2049,999,$339.48,339140.52,usd
OL504387,ORD-102873,PRD2216,0,397.27,,NGN
OL504388,ORD-100446,PRD2219,4,433.48,1733.92,EUR
OL504389,ORD-102094,PRD2090,2,153.5,307.0,NGN
OL504390,ORD-103057,PRD2120,5,277.64,1388.2,EUR
OL504391,ORD-101751,PRD2239,5,$50.02,250.1,EUR
OL504392,ORD-105740,PRD2098,5,382.07,1910.35,NGN
OL504393,ORD-107561,PRD2145,0,492.27,,NGN
OL504394,ORD-108873,PRD2216,5,260.03,1300.15,GBP
OL504395,ORD-106424,PRD2205,4,474.48,1897.92,US Dollar
OL504396,ORD-108259,PRD2001,3,189.14,567.42,USD
OL504397,ORD-107011,PRD2130,3,$391.57,1174.71,USD
OL504398,ORD-107881,PRD2073,5,116.42,582.1,GBP
OL504399,ORD-103639,PRD2161,1,$94.0,94.0,GBP
OL504400,ORD-106491,PRD2192,2,97.81,195.62,usd
OL504401,ORD-107869,PRD2149,0,67.99,,usd
OL504402,ORD-100872,PRD2208,2,313.85,627.7,USD
OL504403,ORD-107341,PRD2193,0,107.63,,US Dollar
OL504404,ORD-100301,PRD2244,5,90.87,454.35,NGN
OL504405,ORD-103708,PRD2015,5,450.24,2251.2,NGN
OL504406,ORD-103123,PRD2250,-1,111.1,,GBP
OL504407,ORD-107185,PRD2208,-1,232.3,,usd
OL504408,ORD-107222,PRD2240,1,482.77,482.77,US Dollar
OL504409,ORD-106604,PRD2137,4,274.17,1096.68,EUR
OL504410,ORD-107799,PRD2188,3,169.24,507.72,usd
OL504411,ORD-107646,PRD2241,1,433.28,433.28,USD
OL504412,ORD-107199,PRD2207,4,54.06,216.24,usd
OL504413,ORD-100674,PRD2129,2,$461.68,923.36,EUR
OL504414,ORD-108652,PRD2215,1,283.34,283.34,USD
OL504415,ORD-108040,PRD2037,5,383.22,1916.1,US Dollar
OL504416,ORD-108762,PRD2035,0,43.92,,usd
OL504417,ORD-104095,PRD2144,1,28.33,28.33,USD
OL504418,ORD-107602,PRD2169,-1,408.64,,NGN
OL504419,ORD-103077,PRD2186,4,104.91,419.64,NGN
OL504420,ORD-106842,PRD2108,999,338.76,338421.24,usd
OL504421,ORD-107518,PRD2175,4,256.69,1026.76,USD
OL504422,ORD-108715,PRD2055,5,74.82,374.1,US Dollar
OL504423,ORD-100709,PRD2207,2,135.63,271.26,USD
OL504424,ORD-105303,PRD2164,2,121.27,242.54,US Dollar
OL504425,ORD-101228,PRD2029,-1,$106.35,,usd
OL504426,ORD-107323,PRD2179,3,35.95,107.85,US Dollar
OL504427,ORD-107215,PRD2109,2,245.31,490.62,US Dollar
OL504428,ORD-108224,PRD2047,2,289.89,579.78,GBP
OL504429,ORD-107005,PRD2189,5,345.84,1729.2,NGN
OL504430,ORD-105096,PRD2062,-1,97.61,,USD
OL504431,ORD-107392,PRD2208,-1,296.03,,NGN
OL504432,ORD-106155,PRD2034,4,488.29,1953.16,GBP
OL504433,ORD-101697,PRD2176,2,196.2,392.4,US Dollar
OL504434,ORD-103990,PRD2238,4,187.83,751.32,GBP
OL504435,ORD-104418,PRD2116,-1,445.83,,NGN
OL504436,ORD-103019,PRD2250,1,116.94,116.94,US Dollar
OL504437,ORD-108742,PRD2164,1,294.14,294.14,NGN
OL504438,ORD-108426,PRD2155,-1,449.73,,USD
OL504439,ORD-102152,PRD2182,2,198.87,397.74,US Dollar
OL504440,ORD-102509,PRD2241,-1,208.47,,usd
OL504441,ORD-106318,PRD2248,3,100.4,301.2,NGN
OL504442,ORD-101107,PRD2127,1,185.76,185.76,US Dollar
OL504443,ORD-106481,PRD2229,3,399.89,1199.67,usd
OL504444,ORD-104685,PRD2216,3,433.21,1299.63,GBP
OL504445,ORD-104365,PRD2145,2,146.47,292.94,US Dollar
OL504446,ORD-105858,PRD2231,5,373.65,1868.25,GBP
OL504447,ORD-108831,PRD2069,1,$117.42,117.42,usd
OL504448,ORD-108639,PRD2114,0,$259.22,,usd
OL504449,ORD-108750,PRD2155,1,321.3,321.3,EUR
OL504450,ORD-107327,PRD2038,0,216.92,,usd
OL504451,ORD-105241,PRD2069,2,$437.34,874.68,NGN
OL504452,ORD-108160,PRD2064,4,37.5,150.0,EUR
OL504453,ORD-101842,PRD2107,999,$110.76,110649.24,GBP
OL504454,ORD-108203,PRD2049,2,399.26,798.52,GBP
OL504455,ORD-103746,PRD2050,999,269.06,268790.94,GBP
OL504456,ORD-103966,PRD2005,1,43.59,43.59,NGN
OL504457,ORD-102896,PRD2076,1,235.93,235.93,EUR
OL504458,ORD-104581,PRD2086,1,217.58,217.58,NGN
OL504459,ORD-107450,PRD2016,1,374.72,374.72,USD
OL504460,ORD-105058,PRD2007,0,256.75,,EUR
OL504461,ORD-105377,PRD2124,4,253.81,1015.24,US Dollar
OL504462,ORD-107497,PRD2190,5,163.61,818.05,USD
OL504463,ORD-100293,PRD2067,5,306.42,1532.1,NGN
OL504464,ORD-100482,PRD2207,5,31.41,157.05,NGN
OL504465,ORD-107973,PRD2242,0,14.89,,EUR
OL504466,ORD-108138,PRD2201,5,286.17,1430.85,EUR
OL504467,ORD-101507,PRD2086,1,$261.1,261.1,USD
OL504468,ORD-102739,PRD2097,5,$46.91,234.55,NGN
OL504469,ORD-106924,PRD2065,999,55.9,55844.1,usd
OL504470,ORD-107691,PRD2229,-1,392.49,,NGN
OL504471,ORD-107271,PRD2069,0,91.07,,NGN
OL504472,ORD-102467,PRD2242,4,27.01,108.04,US Dollar
OL504473,ORD-107295,PRD2126,2,322.98,645.96,EUR
OL504474,ORD-107775,PRD2217,3,310.11,930.33,USD
OL504475,ORD-104767,PRD2242,4,$394.39,1577.56,usd
OL504476,ORD-101650,PRD2111,1,138.68,138.68,NGN
OL504477,ORD-108229,PRD2119,0,47.96,,GBP
OL504478,ORD-106301,PRD2216,1,246.21,246.21,USD
OL504479,ORD-108788,PRD2233,-1,$104.48,,GBP
OL504480,ORD-101601,PRD2185,1,71.2,71.2,US Dollar
OL504481,ORD-101059,PRD2065,4,417.32,1669.28,US Dollar
OL504482,ORD-108642,PRD2209,2,105.61,211.22,NGN
OL504483,ORD-107095,PRD2086,3,$300.88,902.64,US Dollar
OL504484,ORD-104616,PRD2152,1,384.32,384.32,US Dollar
OL504485,ORD-108843,PRD2134,0,227.34,,US Dollar
OL504486,ORD-103943,PRD2022,5,498.55,2492.75,USD
OL504487,ORD-106603,PRD2232,1,$449.47,449.47,usd
OL504488,ORD-105124,PRD2242,2,$443.22,886.44,USD
OL504489,ORD-101691,PRD2025,1,256.85,256.85,NGN
OL504490,ORD-100221,PRD2176,1,$479.37,479.37,EUR
OL504491,ORD-101866,PRD2184,5,252.59,1262.95,USD
OL504492,ORD-103513,PRD2148,4,443.76,1775.04,EUR
OL504493,ORD-106700,PRD2102,2,438.71,877.42,EUR
OL504494,ORD-106181,PRD2153,3,173.73,521.19,usd
OL504495,ORD-102859,PRD2106,4,304.62,1218.48,GBP
OL504496,ORD-102092,PRD2024,5,402.64,2013.2,NGN
OL504497,ORD-104782,PRD2165,-1,$391.42,,NGN
OL504498,ORD-101721,PRD2115,4,156.96,627.84,US Dollar
OL504499,ORD-105608,PRD2162,-1,78.24,,USD
OL504500,ORD-108035,PRD2039,999,318.9,318581.1,US Dollar
OL504501,ORD-100623,PRD2044,5,$325.68,1628.4,NGN
OL504502,ORD-106080,PRD2154,2,$47.69,95.38,USD
OL504503,ORD-102730,PRD2014,4,18.41,73.64,usd
OL504504,ORD-107525,PRD2007,999,320.52,320199.48,USD
OL504505,ORD-104548,PRD2125,999,302.07,301767.93,NGN
OL504506,ORD-105710,PRD2218,0,$430.81,,EUR
OL504507,ORD-100691,PRD2151,5,180.0,900.0,EUR
OL504508,ORD-105369,PRD2073,1,432.08,432.08,USD
OL504509,ORD-104737,PRD2232,5,210.87,1054.35,US Dollar
OL504510,ORD-106648,PRD2103,4,$76.43,305.72,NGN
OL504511,ORD-108256,PRD2235,4,497.66,1990.64,GBP
OL504512,ORD-103607,PRD2025,2,317.65,635.3,GBP
OL504513,ORD-102861,PRD2247,3,169.75,509.25,US Dollar
OL504514,ORD-100336,PRD2006,2,$33.17,66.34,NGN
OL504515,ORD-100677,PRD2225,3,49.1,147.3,usd
OL504516,ORD-103546,PRD2032,3,431.03,1293.09,USD
OL504517,ORD-104982,PRD2054,4,421.03,1684.12,EUR
OL504518,ORD-100598,PRD2159,1,262.94,262.94,USD
OL504519,ORD-102741,PRD2199,1,10.68,10.68,USD
OL504520,ORD-108922,PRD2042,1,256.5,256.5,NGN
OL504521,ORD-108672,PRD2107,4,171.0,684.0,usd
OL504522,ORD-105871,PRD2178,2,41.72,83.44,EUR
OL504523,ORD-100213,PRD2089,4,$81.03,324.12,US Dollar
OL504524,ORD-108968,PRD2234,3,30.81,92.43,US Dollar
OL504525,ORD-107733,PRD2137,999,329.04,328710.96,NGN
OL504526,ORD-106554,PRD2096,5,210.58,1052.9,usd
OL504527,ORD-101503,PRD2039,2,$462.52,925.04,GBP
OL504528,ORD-107730,PRD2069,5,$471.06,2355.3,usd
OL504529,ORD-100634,PRD2245,5,4.82,24.1,usd
OL504530,ORD-101675,PRD2133,2,374.9,749.8,US Dollar
OL504531,ORD-105068,PRD2030,4,413.04,1652.16,usd
OL504532,ORD-103727,PRD2198,2,394.1,788.2,EUR
OL504533,ORD-107051,PRD2039,1,66.17,66.17,usd
OL504534,ORD-102079,PRD2220,-1,165.25,,US Dollar
OL504535,ORD-105692,PRD2059,2,216.46,432.92,NGN
OL504536,ORD-103153,PRD2071,999,69.37,69300.63,NGN
OL504537,ORD-103064,PRD2095,5,440.5,2202.5,GBP
OL504538,ORD-101120,PRD2048,5,$40.9,204.5,NGN
OL504539,ORD-106702,PRD2021,2,$104.51,209.02,USD
OL504540,ORD-103086,PRD2049,5,443.66,2218.3,GBP
OL504541,ORD-108158,PRD2244,5,$98.43,492.15,EUR
OL504542,ORD-103995,PRD2087,5,70.81,354.05,US Dollar
OL504543,ORD-108993,PRD2139,999,229.31,229080.69,US Dollar
OL504544,ORD-104647,PRD2125,2,178.97,357.94,GBP
OL504545,ORD-107070,PRD2225,2,397.12,794.24,GBP
OL504546,ORD-105913,PRD2016,4,179.75,719.0,USD
OL504547,ORD-104320,PRD2061,5,245.4,1227.0,EUR
OL504548,ORD-107266,PRD2007,999,197.34,197142.66,usd
OL504549,ORD-104134,PRD2088,999,117.32,117202.68,EUR
OL504550,ORD-101849,PRD2062,4,34.84,139.36,usd
OL504551,ORD-102854,PRD2197,0,$238.31,,USD
OL504552,ORD-106620,PRD2067,-1,437.75,,usd
OL504553,ORD-103627,PRD2099,4,$141.34,565.36,USD
OL504554,ORD-108717,PRD2049,999,142.82,142677.18,NGN
OL504555,ORD-105673,PRD2183,2,161.55,323.1,NGN
OL504556,ORD-101968,PRD2132,2,227.65,455.3,US Dollar
OL504557,ORD-103404,PRD2132,2,267.2,534.4,NGN
OL504558,ORD-108148,PRD2183,2,360.93,721.86,EUR
OL504559,ORD-104009,PRD2020,2,146.35,292.7,NGN
OL504560,ORD-106842,PRD2010,5,168.97,844.85,USD
OL504561,ORD-104237,PRD2216,1,357.56,357.56,EUR
OL504562,ORD-103026,PRD2210,2,455.51,911.02,US Dollar
OL504563,ORD-105867,PRD2081,4,278.92,1115.68,usd
OL504564,ORD-106114,PRD2101,1,344.95,344.95,GBP
OL504565,ORD-108112,PRD2001,2,496.8,993.6,EUR
OL504566,ORD-107717,PRD2192,3,$383.26,1149.78,USD
OL504567,ORD-108747,PRD2118,2,142.86,285.72,EUR
OL504568,ORD-102177,PRD2245,4,359.02,1436.08,usd
OL504569,ORD-105751,PRD2168,-1,104.96,,NGN
OL504570,ORD-103732,PRD2034,1,$463.24,463.24,NGN
OL504571,ORD-103261,PRD2238,2,393.41,786.82,NGN
OL504572,ORD-107989,PRD2147,0,450.67,,usd
OL504573,ORD-102426,PRD2060,-1,2.17,,NGN
OL504574,ORD-100028,PRD2139,2,156.98,313.96,EUR
OL504575,ORD-106841,PRD2239,2,461.3,922.6,GBP
OL504576,ORD-106045,PRD2212,1,336.47,336.47,EUR
OL504577,ORD-100258,PRD2228,1,239.92,239.92,USD
OL504578,ORD-105348,PRD2198,0,43.43,,US Dollar
OL504579,ORD-104833,PRD2035,1,315.3,315.3,GBP
OL504580,ORD-100938,PRD2049,5,398.17,1990.85,GBP
OL504581,ORD-102022,PRD2103,999,488.64,488151.36,EUR
OL504582,ORD-105214,PRD2109,5,70.23,351.15,EUR
OL504583,ORD-108017,PRD2137,3,366.84,1100.52,US Dollar
OL504584,ORD-108321,PRD2114,1,83.18,83.18,NGN
OL504585,ORD-105801,PRD2247,4,58.28,233.12,GBP
OL504586,ORD-106402,PRD2105,3,$116.26,348.78,NGN
OL504587,ORD-107553,PRD2131,1,465.63,465.63,USD
OL504588,ORD-107431,PRD2072,0,416.39,,GBP
OL504589,ORD-108544,PRD2231,-1,$19.54,,USD
OL504590,ORD-108563,PRD2045,3,434.04,1302.12,US Dollar
OL504591,ORD-105952,PRD2014,4,45.1,180.4,GBP
OL504592,ORD-106495,PRD2179,1,462.79,462.79,usd
OL504593,ORD-105945,PRD2201,0,264.64,,GBP
OL504594,ORD-105074,PRD2080,3,60.16,180.48,NGN
OL504595,ORD-103725,PRD2017,5,327.26,1636.3,NGN
OL504596,ORD-108788,PRD2215,1,180.8,180.8,NGN
OL504597,ORD-103823,PRD2167,4,77.6,310.4,usd
OL504598,ORD-102974,PRD2018,3,180.98,542.94,NGN
OL504599,ORD-104189,PRD2024,4,$337.44,1349.76,EUR
OL504600,ORD-103191,PRD2059,2,252.71,505.42,NGN
OL504601,ORD-108630,PRD2034,3,$232.94,698.82,usd
OL504602,ORD-100303,PRD2200,1,319.42,319.42,US Dollar
OL504603,ORD-101748,PRD2127,3,448.38,1345.14,NGN
OL504604,ORD-100672,PRD2088,3,364.42,1093.26,US Dollar
OL504605,ORD-108337,PRD9452,-1,204.51,,USD
OL504606,ORD-106985,PRD2091,999,306.89,306583.11,NGN
OL504607,ORD-102981,PRD2095,1,109.66,109.66,NGN
OL504608,ORD-104346,PRD2216,4,$76.8,307.2,US Dollar
OL504609,ORD-102820,PRD2043,2,273.92,547.84,NGN
OL504610,ORD-106374,PRD2043,2,340.96,681.92,GBP
OL504611,ORD-106993,PRD2085,1,346.76,346.76,US Dollar
OL504612,ORD-103320,PRD2154,3,$376.64,1129.92,US Dollar
OL504613,ORD-108795,PRD2218,4,415.74,1662.96,USD
OL504614,ORD-107069,PRD2066,0,292.58,,NGN
OL504615,ORD-104897,PRD2016,0,124.1,,GBP
OL504616,ORD-108564,PRD2072,0,478.62,,usd
OL504617,ORD-101215,PRD2094,5,360.5,1802.5,US Dollar
OL504618,ORD-102438,PRD2241,4,447.43,1789.72,US Dollar
OL504619,ORD-105232,PRD2057,2,7.21,14.42,NGN
OL504620,ORD-100322,PRD2117,4,274.13,1096.52,US Dollar
OL504621,ORD-101329,PRD2080,1,433.96,433.96,USD
OL504622,ORD-107604,PRD2042,1,172.93,172.93,US Dollar
OL504623,ORD-103787,PRD2082,4,138.43,553.72,NGN
OL504624,ORD-107921,PRD2130,4,138.21,552.84,USD
OL504625,ORD-108131,PRD2167,1,437.44,437.44,GBP
OL504626,ORD-102503,PRD2110,3,157.17,471.51,US Dollar
OL504627,ORD-107140,PRD2110,3,32.49,97.47,GBP
OL504628,ORD-103533,PRD2171,-1,275.99,,NGN
OL504629,ORD-100198,PRD2100,4,5.82,23.28,EUR
OL504630,ORD-101011,PRD2192,1,302.88,302.88,US Dollar
OL504631,ORD-101448,PRD2131,5,172.96,864.8,GBP
OL504632,ORD-105388,PRD2190,4,197.12,788.48,USD
OL504633,ORD-107475,PRD2128,3,392.21,1176.63,US Dollar
OL504634,ORD-108542,PRD2046,4,55.65,222.6,NGN
OL504635,ORD-100487,PRD2196,2,6.33,12.66,USD
OL504636,ORD-103121,PRD2232,5,106.11,530.55,USD
OL504637,ORD-106326,PRD2050,1,275.75,275.75,US Dollar
OL504638,ORD-103974,PRD2200,3,102.97,308.91,GBP
OL504639,ORD-103317,PRD2206,-1,408.33,,US Dollar
OL504640,ORD-103759,PRD2081,2,$483.58,967.16,USD
OL504641,ORD-100188,PRD2011,1,329.73,329.73,EUR
OL504642,ORD-105742,PRD2143,4,61.77,247.08,usd
OL504643,ORD-101685,PRD2230,3,459.6,1378.8,usd
OL504644,ORD-106989,PRD2124,1,81.66,81.66,EUR
OL504645,ORD-104047,PRD2045,5,345.56,1727.8,EUR
OL504646,ORD-106297,PRD2086,999,118.9,118781.1,GBP
OL504647,ORD-102896,PRD2008,3,132.59,397.77,US Dollar
OL504648,ORD-108515,PRD2011,2,184.01,368.02,EUR
OL504649,ORD-104488,PRD2181,2,304.08,608.16,USD
OL504650,ORD-103235,PRD2156,5,359.95,1799.75,US Dollar
OL504651,ORD-105179,PRD2050,4,425.18,1700.72,GBP
OL504652,ORD-102263,PRD2075,0,288.5,,US Dollar
OL504653,ORD-105218,PRD2143,-1,$416.8,,GBP
OL504654,ORD-106549,PRD2223,2,424.15,848.3,NGN
OL504655,ORD-100116,PRD2137,4,440.43,1761.72,EUR
OL504656,ORD-103949,PRD2094,1,137.83,137.83,USD
OL504657,ORD-103159,PRD2101,2,$453.06,906.12,usd
OL504658,ORD-104553,PRD2139,999,135.45,135314.55,EUR
OL504659,ORD-107847,PRD2015,5,352.88,1764.4,USD
OL504660,ORD-106850,PRD2038,0,8.42,,GBP
OL504661,ORD-105849,PRD2193,4,425.19,1700.76,EUR
OL504662,ORD-103332,PRD2196,999,371.75,371378.25,EUR
OL504663,ORD-106955,PRD2207,3,182.89,548.67,USD
OL504664,ORD-101946,PRD2117,3,418.25,1254.75,USD
OL504665,ORD-104107,PRD2231,3,343.11,1029.33,USD
OL504666,ORD-108147,PRD2095,3,200.6,601.8,GBP
OL504667,ORD-104224,PRD2125,0,222.75,,USD
OL504668,ORD-105587,PRD2061,1,66.45,66.45,EUR
OL504669,ORD-108511,PRD2167,999,313.3,312986.7,US Dollar
OL504670,ORD-103765,PRD2085,-1,125.63,,NGN
OL504671,ORD-100446,PRD2207,3,$199.95,599.85,EUR
OL504672,ORD-107406,PRD2244,1,143.12,143.12,USD
OL504673,ORD-108924,PRD2114,-1,27.82,,usd
OL504674,ORD-103690,PRD2047,1,288.76,288.76,USD
OL504675,ORD-108760,PRD2073,1,6.47,6.47,US Dollar
OL504676,ORD-105697,PRD2021,3,393.05,1179.15,usd
OL504677,ORD-106683,PRD2199,5,327.9,1639.5,GBP
OL504678,ORD-101021,PRD2110,2,416.98,833.96,US Dollar
OL504679,ORD-104154,PRD2094,4,$11.38,45.52,GBP
OL504680,ORD-102214,PRD2173,999,436.13,435693.87,GBP
OL504681,ORD-107788,PRD2174,1,409.81,409.81,usd
OL504682,ORD-108612,PRD2141,2,184.42,368.84,USD
OL504683,ORD-103180,PRD2003,3,$4.44,13.32,EUR
OL504684,ORD-105859,PRD2104,4,369.03,1476.12,usd
OL504685,ORD-108355,PRD2235,4,189.9,759.6,GBP
OL504686,ORD-101354,PRD2162,999,397.16,396762.84,usd
OL504687,ORD-107793,PRD2033,1,498.36,498.36,usd
OL504688,ORD-106282,PRD2163,4,293.54,1174.16,GBP
OL504689,ORD-108536,PRD2073,999,$441.68,441238.32,US Dollar
OL504690,ORD-106891,PRD2183,2,16.98,33.96,US Dollar
OL504691,ORD-102897,PRD2092,5,38.64,193.2,USD
OL504692,ORD-103383,PRD2069,5,304.16,1520.8,US Dollar
OL504693,ORD-108314,PRD2196,2,$395.44,790.88,usd
OL504694,ORD-100311,PRD2081,3,129.34,388.02,EUR
OL504695,ORD-108783,PRD2248,3,226.74,680.22,GBP
OL504696,ORD-104128,PRD2248,4,$241.63,966.52,USD
OL504697,ORD-105953,PRD2203,999,$209.17,208960.83,US Dollar
OL504698,ORD-102559,PRD2050,1,155.61,155.61,EUR
OL504699,ORD-100231,PRD2134,4,431.7,1726.8,NGN
OL504700,ORD-104954,PRD2106,3,314.53,943.59,USD
OL504701,ORD-102719,PRD2215,4,46.12,184.48,USD
OL504702,ORD-104193,PRD2058,999,313.56,313246.44,EUR
OL504703,ORD-108330,PRD2225,-1,350.27,,usd
OL504704,ORD-100760,PRD2031,1,313.08,313.08,NGN
OL504705,ORD-105778,PRD2234,4,$48.5,194.0,US Dollar
OL504706,ORD-102176,PRD2153,3,90.37,271.11,GBP
OL504707,ORD-107855,PRD2167,5,352.41,1762.05,EUR
OL504708,ORD-105837,PRD2240,3,139.38,418.14,EUR
OL504709,ORD-106535,PRD2126,1,264.47,264.47,NGN
OL504710,ORD-105423,PRD2027,999,378.22,377841.78,EUR
OL504711,ORD-100268,PRD2012,5,215.32,1076.6,NGN
OL504712,ORD-106617,PRD2010,2,$482.66,965.32,EUR
OL504713,ORD-100035,PRD2012,-1,83.87,,USD
OL504714,ORD-106900,PRD2230,2,234.79,469.58,usd
OL504715,ORD-102211,PRD2050,4,356.75,1427.0,USD
OL504716,ORD-108250,PRD2048,2,289.28,578.56,US Dollar
OL504717,ORD-100671,PRD2076,3,$90.37,271.11,USD
OL504718,ORD-106963,PRD2027,-1,303.54,,USD
OL504719,ORD-105294,PRD2223,3,344.4,1033.2,GBP
OL504720,ORD-104768,PRD2001,4,397.86,1591.44,EUR
OL504721,ORD-106888,PRD2226,4,161.34,645.36,USD
OL504722,ORD-106153,PRD2124,4,360.07,1440.28,US Dollar
OL504723,ORD-101650,PRD2088,-1,$356.29,,EUR
OL504724,ORD-108033,PRD2194,2,131.75,263.5,usd
OL504725,ORD-108952,PRD2100,4,359.98,1439.92,US Dollar
OL504726,ORD-104900,PRD2166,4,$150.3,601.2,NGN
OL504727,ORD-105470,PRD2174,2,318.69,637.38,USD
OL504728,ORD-106250,PRD2223,4,197.3,789.2,NGN
OL504729,ORD-100993,PRD2180,5,347.38,1736.9,GBP
OL504730,ORD-105252,PRD2228,2,411.04,822.08,US Dollar
OL504731,ORD-107807,PRD2219,4,477.47,1909.88,US Dollar
OL504732,ORD-108263,PRD2032,3,462.39,1387.17,EUR
OL504733,ORD-100128,PRD2014,0,361.85,,US Dollar
OL504734,ORD-102299,PRD2012,2,289.17,578.34,USD
OL504735,ORD-100316,PRD2104,2,42.01,84.02,usd
OL504736,ORD-107175,PRD9145,1,162.44,162.44,GBP
OL504737,ORD-106063,PRD2093,999,39.37,39330.63,US Dollar
OL504738,ORD-107697,PRD2049,1,131.5,131.5,EUR
OL504739,ORD-106811,PRD2115,3,264.56,793.68,usd
OL504740,ORD-104980,PRD2135,2,$424.54,849.08,NGN
OL504741,ORD-103785,PRD2220,999,151.16,151008.84,usd
OL504742,ORD-104784,PRD2161,5,246.62,1233.1,NGN
OL504743,ORD-103332,PRD2232,-1,$404.95,,NGN
OL504744,ORD-105673,PRD2195,4,$434.49,1737.96,GBP
OL504745,ORD-106472,PRD2106,5,119.51,597.55,usd
OL504746,ORD-102345,PRD2030,1,409.39,409.39,usd
OL504747,ORD-103892,PRD2061,3,320.25,960.75,NGN
OL504748,ORD-103915,PRD2250,0,467.14,,NGN
OL504749,ORD-102170,PRD2156,3,146.59,439.77,usd
OL504750,ORD-104441,PRD2034,2,480.0,960.0,USD
OL504751,ORD-100590,PRD2109,1,62.94,62.94,USD
OL504752,ORD-106844,PRD2071,4,$358.66,1434.64,usd
OL504753,ORD-104965,PRD2058,999,230.33,230099.67,usd
OL504754,ORD-102741,PRD2040,2,322.71,645.42,US Dollar
OL504755,ORD-106759,PRD2038,999,431.79,431358.21,usd
OL504756,ORD-105306,PRD2177,3,368.66,1105.98,usd
OL504757,ORD-100165,PRD2126,4,38.52,154.08,EUR
OL504758,ORD-103525,PRD2151,1,274.28,274.28,USD
OL504759,ORD-108112,PRD2118,1,346.21,346.21,NGN
OL504760,ORD-107755,PRD2170,0,211.69,,USD
OL504761,ORD-107912,PRD2065,0,353.1,,EUR
OL504762,ORD-106287,PRD2192,-1,25.45,,usd
OL504763,ORD-101318,PRD2133,4,149.1,596.4,EUR
OL504764,ORD-108250,PRD2188,1,285.39,285.39,NGN
OL504765,ORD-108083,PRD2070,2,182.58,365.16,NGN
OL504766,ORD-102663,PRD2247,3,$476.4,1429.2,EUR
OL504767,ORD-108284,PRD2240,999,280.92,280639.08,usd
OL504768,ORD-105484,PRD2250,1,59.07,59.07,GBP
OL504769,ORD-103652,PRD2201,3,318.41,955.23,EUR
OL504770,ORD-100756,PRD2105,0,322.82,,GBP
OL504771,ORD-107759,PRD2124,-1,$48.26,,usd
OL504772,ORD-108144,PRD2153,3,303.49,910.47,GBP
OL504773,ORD-103203,PRD2092,999,481.35,480868.65,US Dollar
OL504774,ORD-101954,PRD2172,5,427.8,2139.0,NGN
OL504775,ORD-106906,PRD2183,999,262.6,262337.4,US Dollar
OL504776,ORD-108317,PRD2089,3,260.81,782.43,GBP
OL504777,ORD-107861,PRD2036,1,266.3,266.3,GBP
OL504778,ORD-104318,PRD2047,1,154.28,154.28,USD
OL504779,ORD-102564,PRD2010,2,$140.52,281.04,NGN
OL504780,ORD-104564,PRD2032,5,215.51,1077.55,USD
OL504781,ORD-103045,PRD2215,-1,399.9,,NGN
OL504782,ORD-105348,PRD2139,5,292.5,1462.5,EUR
OL504783,ORD-101274,PRD2064,2,119.73,239.46,US Dollar
OL504784,ORD-103152,PRD2192,0,$296.04,,usd
OL504785,ORD-102531,PRD2070,2,184.58,369.16,NGN
OL504786,ORD-104209,PRD2221,2,$23.01,46.02,GBP
OL504787,ORD-106507,PRD2093,2,289.56,579.12,GBP
OL504788,ORD-107174,PRD2159,5,234.2,1171.0,NGN
OL504789,ORD-103198,PRD2151,4,120.57,482.28,USD
OL504790,ORD-100391,PRD2140,4,306.0,1224.0,USD
OL504791,ORD-100433,PRD2094,3,203.67,611.01,USD
OL504792,ORD-106081,PRD2173,4,193.37,773.48,US Dollar
OL504793,ORD-104838,PRD2241,1,94.44,94.44,NGN
OL504794,ORD-102107,PRD2155,-1,58.16,,NGN
OL504795,ORD-104022,PRD2027,-1,482.7,,GBP
OL504796,ORD-104433,PRD2215,1,$140.43,140.43,EUR
OL504797,ORD-106385,PRD2175,0,60.74,,EUR
OL504798,ORD-107565,PRD2017,0,219.45,,US Dollar
OL504799,ORD-103982,PRD2198,1,357.08,357.08,USD
OL504800,ORD-100297,PRD2234,999,479.24,478760.76,usd
OL504801,ORD-102485,PRD2097,5,371.95,1859.75,usd
OL504802,ORD-105916,PRD2177,4,205.56,822.24,US Dollar
OL504803,ORD-105384,PRD2163,0,19.66,,usd
OL504804,ORD-100601,PRD2160,4,387.27,1549.08,usd
OL504805,ORD-101403,PRD2155,3,449.99,1349.97,EUR
OL504806,ORD-104862,PRD2211,3,322.79,968.37,US Dollar
OL504807,ORD-101790,PRD2126,-1,449.27,,US Dollar
OL504808,ORD-108089,PRD2192,0,465.07,,EUR
OL504809,ORD-100166,PRD2156,3,387.8,1163.4,usd
OL504810,ORD-103026,PRD2230,2,410.83,821.66,US Dollar
OL504811,ORD-103921,PRD2208,5,434.94,2174.7,USD
OL504812,ORD-108341,PRD2057,-1,$427.84,,EUR
OL504813,ORD-100019,PRD2186,5,108.34,541.7,USD
OL504814,ORD-108106,PRD2120,999,158.18,158021.82,NGN
OL504815,ORD-101442,PRD2204,3,312.21,936.63,USD
OL504816,ORD-106742,PRD2197,4,$201.3,805.2,GBP
OL504817,ORD-100401,PRD2097,1,489.16,489.16,USD
OL504818,ORD-101928,PRD2013,2,448.97,897.94,NGN
OL504819,ORD-107840,PRD2170,2,482.24,964.48,EUR
OL504820,ORD-108967,PRD2122,-1,319.72,,US Dollar
OL504821,ORD-103046,PRD2130,1,404.6,404.6,USD
OL504822,ORD-102648,PRD2240,1,498.59,498.59,usd
OL504823,ORD-104636,PRD2229,1,331.4,331.4,GBP
OL504824,ORD-102466,PRD2129,1,183.87,183.87,NGN
OL504825,ORD-104639,PRD2058,999,279.25,278970.75,USD
OL504826,ORD-103492,PRD2132,999,443.42,442976.58,NGN
OL504827,ORD-102849,PRD2078,999,$84.14,84055.86,EUR
OL504828,ORD-104261,PRD2143,4,171.48,685.92,US Dollar
OL504829,ORD-102081,PRD2188,1,23.51,23.51,EUR
OL504830,ORD-107994,PRD2123,4,379.85,1519.4,US Dollar
OL504831,ORD-101992,PRD2164,3,79.51,238.53,US Dollar
OL504832,ORD-108727,PRD2088,3,428.87,1286.61,GBP
OL504833,ORD-105568,PRD2095,2,51.44,102.88,USD
OL504834,ORD-107212,PRD2113,2,$202.88,405.76,NGN
OL504835,ORD-101997,PRD2097,999,357.49,357132.51,usd
OL504836,ORD-107393,PRD2078,0,337.85,,USD
OL504837,ORD-104341,PRD2235,1,446.55,446.55,NGN
OL504838,ORD-101177,PRD2132,2,300.47,600.94,GBP
OL504839,ORD-101203,PRD2072,1,464.58,464.58,USD
OL504840,ORD-105128,PRD2160,2,421.18,842.36,NGN
OL504841,ORD-103828,PRD2170,3,$485.02,1455.06,NGN
OL504842,ORD-107045,PRD2084,2,456.12,912.24,EUR
OL504843,ORD-105175,PRD2015,999,2.73,2727.27,EUR
OL504844,ORD-104433,PRD2230,5,110.83,554.15,US Dollar
OL504845,ORD-100558,PRD2088,999,61.53,61468.47,USD
OL504846,ORD-106451,PRD2154,999,$4.9,4895.1,EUR
OL504847,ORD-100142,PRD2145,4,134.91,539.64,USD
OL504848,ORD-105518,PRD2111,0,137.79,,EUR
OL504849,ORD-105245,PRD2157,1,233.82,233.82,NGN
OL504850,ORD-101229,PRD2027,3,217.83,653.49,USD
OL504851,ORD-101378,PRD2149,4,404.36,1617.44,EUR
OL504852,ORD-105603,PRD2142,2,352.95,705.9,US Dollar
OL504853,ORD-106479,PRD2075,5,156.3,781.5,EUR
OL504854,ORD-104897,PRD2241,-1,84.36,,US Dollar
OL504855,ORD-103453,PRD2087,2,$105.5,211.0,GBP
OL504856,ORD-106568,PRD2229,2,392.79,785.58,US Dollar
OL504857,ORD-103367,PRD2234,4,161.11,644.44,GBP
OL504858,ORD-107952,PRD2149,999,76.93,76853.07,US Dollar
OL504859,ORD-100245,PRD2010,2,362.16,724.32,usd
OL504860,ORD-108078,PRD2116,2,226.82,453.64,NGN
OL504861,ORD-103513,PRD2023,3,365.81,1097.43,EUR
OL504862,ORD-104893,PRD2238,4,93.14,372.56,NGN
OL504863,ORD-101536,PRD2023,4,473.27,1893.08,USD
OL504864,ORD-108244,PRD2240,5,32.66,163.3,NGN
OL504865,ORD-108757,PRD2212,1,$300.42,300.42,USD
OL504866,ORD-108475,PRD2062,3,248.34,745.02,USD
OL504867,ORD-108802,PRD2137,4,98.81,395.24,USD
OL504868,ORD-100199,PRD2241,3,348.08,1044.24,usd
OL504869,ORD-107561,PRD2207,2,60.04,120.08,NGN
OL504870,ORD-107459,PRD2016,1,340.72,340.72,EUR
OL504871,ORD-108298,PRD2182,1,130.84,130.84,USD
OL504872,ORD-100848,PRD2093,-1,340.79,,US Dollar
OL504873,ORD-106153,PRD2039,5,350.41,1752.05,EUR
OL504874,ORD-105343,PRD2087,1,485.14,485.14,EUR
OL504875,ORD-101968,PRD2035,1,362.93,362.93,usd
OL504876,ORD-105285,PRD2161,-1,333.6,,US Dollar
OL504877,ORD-101743,PRD2215,5,389.64,1948.2,GBP
OL504878,ORD-107679,PRD2108,0,$92.56,,NGN
OL504879,ORD-106097,PRD2180,5,197.71,988.55,USD
OL504880,ORD-106169,PRD2086,4,202.45,809.8,EUR
OL504881,ORD-105951,PRD2199,3,$441.01,1323.03,GBP
OL504882,ORD-104973,PRD2099,1,441.18,441.18,US Dollar
OL504883,ORD-106380,PRD2165,1,10.8,10.8,usd
OL504884,ORD-108751,PRD2001,1,420.4,420.4,USD
OL504885,ORD-106874,PRD2029,999,187.88,187692.12,EUR
OL504886,ORD-100425,PRD2216,4,$52.68,210.72,USD
OL504887,ORD-103459,PRD2145,3,108.99,326.97,EUR
OL504888,ORD-108891,PRD2119,2,171.73,343.46,USD
OL504889,ORD-106453,PRD2109,3,322.63,967.89,NGN
OL504890,ORD-103295,PRD2022,3,420.16,1260.48,US Dollar
OL504891,ORD-101862,PRD2138,5,276.01,1380.05,usd
OL504892,ORD-100883,PRD2120,2,127.24,254.48,NGN
OL504893,ORD-103122,PRD2138,5,303.61,1518.05,EUR
OL504894,ORD-105052,PRD2166,5,348.99,1744.95,usd
OL504895,ORD-103857,PRD2241,1,68.17,68.17,USD
OL504896,ORD-102129,PRD2016,1,202.48,202.48,EUR
OL504897,ORD-101169,PRD2073,-1,91.19,,US Dollar
OL504898,ORD-105126,PRD2071,5,290.15,1450.75,USD
OL504899,ORD-105456,PRD2228,4,9.76,39.04,US Dollar
OL504900,ORD-102435,PRD2216,5,283.94,1419.7,US Dollar
OL504901,ORD-103314,PRD2002,2,482.79,965.58,USD
OL504902,ORD-103865,PRD2068,4,410.73,1642.92,GBP
OL504903,ORD-105927,PRD2134,2,286.18,572.36,GBP
OL504904,ORD-104195,PRD2009,5,381.86,1909.3,GBP
OL504905,ORD-107726,PRD2238,-1,259.27,,NGN
OL504906,ORD-101432,PRD2180,1,$450.1,450.1,NGN
OL504907,ORD-104314,PRD2176,999,88.96,88871.04,US Dollar
OL504908,ORD-104526,PRD2247,2,226.27,452.54,EUR
OL504909,ORD-101810,PRD2236,3,37.63,112.89,EUR
OL504910,ORD-102174,PRD2159,4,370.8,1483.2,usd
OL504911,ORD-101575,PRD2176,1,62.79,62.79,usd
OL504912,ORD-103212,PRD2144,1,$132.57,132.57,GBP
OL504913,ORD-106998,PRD2120,4,414.71,1658.84,NGN
OL504914,ORD-103624,PRD2034,-1,334.91,,GBP
OL504915,ORD-104075,PRD2028,5,$229.59,1147.95,GBP
OL504916,ORD-101966,PRD2066,5,171.09,855.45,US Dollar
OL504917,ORD-108857,PRD2057,3,$107.26,321.78,usd
OL504918,ORD-100127,PRD2221,1,20.45,20.45,EUR
OL504919,ORD-103057,PRD2187,999,295.67,295374.33,NGN
OL504920,ORD-100045,PRD2095,2,333.65,667.3,GBP
OL504921,ORD-107571,PRD2234,1,339.67,339.67,USD
OL504922,ORD-108635,PRD2219,1,49.73,49.73,GBP
OL504923,ORD-105731,PRD2079,1,240.02,240.02,USD
OL504924,ORD-101547,PRD2102,4,280.84,1123.36,NGN
OL504925,ORD-102186,PRD2170,-1,198.7,,USD
OL504926,ORD-104373,PRD2034,0,261.7,,EUR
OL504927,ORD-100371,PRD2193,4,137.94,551.76,GBP
OL504928,ORD-107304,PRD2103,5,227.9,1139.5,usd
OL504929,ORD-105297,PRD2145,0,357.03,,USD
OL504930,ORD-107663,PRD2003,1,83.49,83.49,US Dollar
OL504931,ORD-100971,PRD2092,3,408.03,1224.09,US Dollar
OL504932,ORD-103412,PRD2220,4,$467.25,1869.0,EUR
OL504933,ORD-107563,PRD2011,4,208.2,832.8,usd
OL504934,ORD-101212,PRD2123,1,496.05,496.05,US Dollar
OL504935,ORD-104498,PRD2110,1,$479.01,479.01,NGN
OL504936,ORD-104410,PRD2064,-1,21.38,,NGN
OL504937,ORD-106916,PRD2219,-1,129.76,,US Dollar
OL504938,ORD-102515,PRD2059,4,158.59,634.36,GBP
OL504939,ORD-108480,PRD2159,1,$426.66,426.66,EUR
OL504940,ORD-104384,PRD2143,5,114.17,570.85,NGN
OL504941,ORD-107454,PRD2194,999,133.75,133616.25,GBP
OL504942,ORD-102518,PRD2095,0,359.05,,GBP
OL504943,ORD-100694,PRD2231,1,245.1,245.1,EUR
OL504944,ORD-105501,PRD2218,4,280.87,1123.48,USD
OL504945,ORD-100221,PRD2182,4,391.33,1565.32,EUR
OL504946,ORD-108091,PRD2120,1,407.36,407.36,GBP
OL504947,ORD-100290,PRD2049,1,40.76,40.76,NGN
OL504948,ORD-100835,PRD2018,5,$497.75,2488.75,EUR
OL504949,ORD-104153,PRD2215,1,489.77,489.77,GBP
OL504950,ORD-102302,PRD2100,5,342.51,1712.55,usd
OL504951,ORD-105875,PRD2247,2,492.23,984.46,GBP
OL504952,ORD-102138,PRD2023,4,11.46,45.84,NGN
OL504953,ORD-100741,PRD2138,1,414.76,414.76,USD
OL504954,ORD-105254,PRD2029,5,266.7,1333.5,USD
OL504955,ORD-108956,PRD2078,5,391.91,1959.55,USD
OL504956,ORD-100324,PRD2098,4,182.15,728.6,US Dollar
OL504957,ORD-100261,PRD2248,2,73.73,147.46,GBP
OL504958,ORD-106484,PRD2141,4,299.33,1197.32,US Dollar
OL504959,ORD-106650,PRD2126,5,18.46,92.3,USD
OL504960,ORD-106726,PRD2010,2,175.71,351.42,usd
OL504961,ORD-103923,PRD2006,4,441.29,1765.16,usd
OL504962,ORD-102231,PRD2132,4,306.5,1226.0,GBP
OL504963,ORD-107112,PRD2176,0,81.08,,USD
OL504964,ORD-103876,PRD2133,3,273.23,819.69,USD
OL504965,ORD-108030,PRD2032,4,409.04,1636.16,GBP
OL504966,ORD-105953,PRD2035,5,122.31,611.55,GBP
OL504967,ORD-100073,PRD2092,1,229.81,229.81,EUR
OL504968,ORD-103910,PRD2055,999,225.81,225584.19,usd
OL504969,ORD-106922,PRD2128,5,$446.02,2230.1,usd
OL504970,ORD-105279,PRD2162,4,401.79,1607.16,usd
OL504971,ORD-105209,PRD2109,1,460.89,460.89,EUR
OL504972,ORD-104515,PRD2003,999,312.22,311907.78,GBP
OL504973,ORD-101625,PRD2200,0,$434.17,,NGN
OL504974,ORD-107870,PRD2034,1,95.74,95.74,GBP
OL504975,ORD-103783,PRD2031,4,368.71,1474.84,US Dollar
OL504976,ORD-104794,PRD2200,-1,465.42,,US Dollar
OL504977,ORD-103127,PRD2045,4,234.28,937.12,GBP
OL504978,ORD-105589,PRD2086,1,284.84,284.84,usd
OL504979,ORD-108450,PRD2073,5,247.08,1235.4,USD
OL504980,ORD-108691,PRD9207,5,272.41,1362.05,GBP
OL504981,ORD-101185,PRD2047,4,324.83,1299.32,NGN
OL504982,ORD-100846,PRD2238,1,177.29,177.29,NGN
OL504983,ORD-100041,PRD2157,2,355.44,710.88,EUR
OL504984,ORD-108252,PRD2096,999,161.61,161448.39,GBP
OL504985,ORD-100821,PRD2156,0,$317.04,,USD
OL504986,ORD-100046,PRD2157,5,$19.75,98.75,NGN
OL504987,ORD-102104,PRD2107,3,196.73,590.19,usd
OL504988,ORD-107272,PRD2230,4,$426.22,1704.88,NGN
OL504989,ORD-102593,PRD2226,-1,391.13,,GBP
OL504990,ORD-105666,PRD2185,0,158.69,,usd
OL504991,ORD-107226,PRD2092,5,494.07,2470.35,usd
OL504992,ORD-108412,PRD2249,5,310.06,1550.3,NGN
OL504993,ORD-104426,PRD2098,1,$12.89,12.89,usd
OL504994,ORD-105152,PRD2013,3,184.13,552.39,GBP
OL504995,ORD-102868,PRD2023,4,436.1,1744.4,NGN
OL504996,ORD-101670,PRD2195,3,485.81,1457.43,USD
OL504997,ORD-103393,PRD2235,2,339.82,679.64,NGN
OL504998,ORD-106669,PRD2010,3,277.71,833.13,EUR
OL504999,ORD-105996,PRD2238,999,$454.58,454125.42,GBP
OL505000,ORD-105371,PRD2088,0,125.67,,US Dollar
OL505001,ORD-100436,PRD2247,3,39.2,117.6,EUR
OL505002,ORD-106108,PRD2037,0,$90.1,,EUR
OL505003,ORD-103822,PRD2079,1,225.38,225.38,USD
OL505004,ORD-107537,PRD2138,5,116.45,582.25,US Dollar
OL505005,ORD-108546,PRD2007,2,172.13,344.26,USD
OL505006,ORD-101048,PRD2072,-1,269.35,,NGN
OL505007,ORD-105457,PRD2156,0,197.36,,US Dollar
OL505008,ORD-107861,PRD2039,5,92.86,464.3,USD
OL505009,ORD-103791,PRD2075,0,41.9,,NGN
OL505010,ORD-100765,PRD2059,-1,222.28,,usd
OL505011,ORD-107649,PRD2234,5,298.3,1491.5,NGN
OL505012,ORD-108964,PRD2200,5,$312.86,1564.3,NGN
OL505013,ORD-103403,PRD2013,999,491.46,490968.54,USD
OL505014,ORD-104446,PRD2027,4,189.38,757.52,US Dollar
OL505015,ORD-108962,PRD2149,3,390.05,1170.15,EUR
OL505016,ORD-104909,PRD2044,999,492.69,492197.31,NGN
OL505017,ORD-103632,PRD2085,-1,480.64,,US Dollar
OL505018,ORD-107085,PRD2150,2,273.37,546.74,EUR
OL505019,ORD-108143,PRD2131,2,256.16,512.32,NGN
OL505020,ORD-103033,PRD2229,2,$438.47,876.94,NGN
OL505021,ORD-101856,PRD2023,1,309.13,309.13,NGN
OL505022,ORD-103517,PRD2077,4,314.81,1259.24,GBP
OL505023,ORD-100303,PRD2135,5,132.32,661.6,US Dollar
OL505024,ORD-108387,PRD2211,2,92.81,185.62,USD
OL505025,ORD-104611,PRD2238,3,20.35,61.05,GBP
OL505026,ORD-103937,PRD2176,1,279.85,279.85,EUR
OL505027,ORD-106209,PRD2062,3,332.74,998.22,EUR
OL505028,ORD-101903,PRD2215,3,330.53,991.59,GBP
OL505029,ORD-107035,PRD2229,4,43.05,172.2,usd
OL505030,ORD-101096,PRD2142,-1,339.98,,USD
OL505031,ORD-103134,PRD2235,2,472.9,945.8,EUR
OL505032,ORD-100654,PRD2138,2,341.01,682.02,EUR
OL505033,ORD-107964,PRD2086,2,172.55,345.1,GBP
OL505034,ORD-106747,PRD2235,1,$3.71,3.71,EUR
OL505035,ORD-103880,PRD2205,5,394.27,1971.35,NGN
OL505036,ORD-106110,PRD9741,1,164.54,164.54,EUR
OL505037,ORD-105944,PRD2151,2,$279.51,559.02,US Dollar
OL505038,ORD-104078,PRD2046,3,77.67,233.01,NGN
OL505039,ORD-100312,PRD2192,5,183.77,918.85,usd
OL505040,ORD-102895,PRD2099,5,175.3,876.5,usd
OL505041,ORD-102393,PRD2223,3,169.68,509.04,GBP
OL505042,ORD-104183,PRD2126,5,258.42,1292.1,usd
OL505043,ORD-104312,PRD2241,1,$186.87,186.87,US Dollar
OL505044,ORD-104775,PRD2238,3,160.01,480.03,NGN
OL505045,ORD-107594,PRD2207,2,209.4,418.8,NGN
OL505046,ORD-106253,PRD2046,4,$403.6,1614.4,EUR
OL505047,ORD-106587,PRD2033,-1,449.66,,usd
OL505048,ORD-104945,PRD2100,999,21.1,21078.9,usd
OL505049,ORD-102636,PRD2125,2,452.23,904.46,USD
OL505050,ORD-101128,PRD2073,4,106.88,427.52,NGN
OL505051,ORD-108252,PRD2019,3,$417.56,1252.68,US Dollar
OL505052,ORD-102581,PRD2011,2,221.13,442.26,GBP
OL505053,ORD-103107,PRD2174,2,441.69,883.38,GBP
OL505054,ORD-105425,PRD2151,0,$359.68,,NGN
OL505055,ORD-103297,PRD2067,999,275.11,274834.89,NGN
OL505056,ORD-100450,PRD2120,4,354.83,1419.32,USD
OL505057,ORD-103725,PRD2005,0,437.0,,USD
OL505058,ORD-102570,PRD2044,0,226.21,,usd
OL505059,ORD-106298,PRD2181,1,$93.48,93.48,NGN
OL505060,ORD-101772,PRD2145,4,186.27,745.08,GBP
OL505061,ORD-103495,PRD2240,3,68.93,206.79,EUR
OL505062,ORD-104117,PRD2009,3,315.39,946.17,US Dollar
OL505063,ORD-100107,PRD2104,4,285.52,1142.08,US Dollar
OL505064,ORD-108874,PRD2238,0,3.13,,NGN
OL505065,ORD-108894,PRD2134,999,293.06,292766.94,US Dollar
OL505066,ORD-103607,PRD2086,4,413.33,1653.32,GBP
OL505067,ORD-100379,PRD2060,4,221.77,887.08,US Dollar
OL505068,ORD-104265,PRD2128,5,447.38,2236.9,GBP
OL505069,ORD-104949,PRD2187,2,298.54,597.08,US Dollar
OL505070,ORD-107638,PRD2059,4,453.24,1812.96,usd
OL505071,ORD-105707,PRD2183,2,372.24,744.48,US Dollar
OL505072,ORD-108301,PRD2068,1,83.48,83.48,usd
OL505073,ORD-103624,PRD2009,2,185.24,370.48,US Dollar
OL505074,ORD-105643,PRD2151,2,439.81,879.62,EUR
OL505075,ORD-106956,PRD2153,5,363.36,1816.8,US Dollar
OL505076,ORD-108624,PRD2027,-1,448.61,,US Dollar
OL505077,ORD-101130,PRD2202,4,199.24,796.96,US Dollar
OL505078,ORD-100649,PRD2126,0,187.19,,GBP
OL505079,ORD-101687,PRD2158,2,267.91,535.82,usd
OL505080,ORD-107130,PRD2210,1,$348.1,348.1,GBP
OL505081,ORD-104889,PRD2017,2,449.11,898.22,GBP
OL505082,ORD-107200,PRD2080,3,320.06,960.18,usd
OL505083,ORD-104985,PRD2011,5,32.05,160.25,EUR
OL505084,ORD-106161,PRD2170,2,466.43,932.86,USD
OL505085,ORD-101657,PRD2219,4,$404.66,1618.64,USD
OL505086,ORD-100972,PRD2116,-1,421.05,,EUR
OL505087,ORD-105224,PRD2010,5,300.48,1502.4,GBP
OL505088,ORD-101511,PRD2205,5,$476.09,2380.45,USD
OL505089,ORD-108183,PRD2129,5,59.35,296.75,USD
OL505090,ORD-107968,PRD2072,3,301.8,905.4,GBP
OL505091,ORD-108624,PRD2006,3,479.99,1439.97,US Dollar
OL505092,ORD-106037,PRD2239,4,495.8,1983.2,NGN
OL505093,ORD-108739,PRD2112,5,29.71,148.55,GBP
OL505094,ORD-103032,PRD2155,1,178.92,178.92,NGN
OL505095,ORD-103347,PRD2050,2,351.62,703.24,EUR
OL505096,ORD-107811,PRD2091,5,79.2,396.0,NGN
OL505097,ORD-104256,PRD2243,0,340.52,,US Dollar
OL505098,ORD-108279,PRD2161,5,$297.67,1488.35,EUR
OL505099,ORD-105534,PRD2223,1,142.69,142.69,GBP
OL505100,ORD-103983,PRD2044,-1,58.66,,US Dollar
OL505101,ORD-102590,PRD2238,2,388.37,776.74,US Dollar
OL505102,ORD-101862,PRD2038,1,321.06,321.06,NGN
OL505103,ORD-101133,PRD2034,2,273.05,546.1,usd
OL505104,ORD-106886,PRD2070,3,355.0,1065.0,USD
OL505105,ORD-105836,PRD2079,0,190.43,,usd
OL505106,ORD-103690,PRD2034,2,244.27,488.54,US Dollar
OL505107,ORD-102475,PRD2052,4,346.44,1385.76,usd
OL505108,ORD-103635,PRD2225,0,239.8,,NGN
OL505109,ORD-106844,PRD2105,2,66.98,133.96,GBP
OL505110,ORD-101260,PRD2035,5,258.02,1290.1,usd
OL505111,ORD-106593,PRD2056,4,39.73,158.92,USD
OL505112,ORD-106975,PRD2132,3,306.74,920.22,GBP
OL505113,ORD-101346,PRD2171,1,485.85,485.85,US Dollar
OL505114,ORD-101018,PRD2231,0,56.3,,NGN
OL505115,ORD-102430,PRD2142,1,434.4,434.4,US Dollar
OL505116,ORD-108335,PRD2066,5,$22.29,111.45,USD
OL505117,ORD-104282,PRD2134,999,396.51,396113.49,USD
OL505118,ORD-101030,PRD2030,999,217.92,217702.08,NGN
OL505119,ORD-102944,PRD2249,2,91.12,182.24,US Dollar
OL505120,ORD-107526,PRD2040,1,197.1,197.1,usd
OL505121,ORD-104090,PRD2021,3,420.84,1262.52,GBP
OL505122,ORD-105515,PRD2244,1,406.07,406.07,GBP
OL505123,ORD-103591,PRD2220,3,280.56,841.68,US Dollar
OL505124,ORD-102717,PRD2042,4,63.77,255.08,USD
OL505125,ORD-105432,PRD2098,4,316.3,1265.2,US Dollar
OL505126,ORD-101101,PRD2115,5,384.73,1923.65,NGN
OL505127,ORD-108545,PRD2051,4,259.44,1037.76,US Dollar
OL505128,ORD-108612,PRD2047,1,186.64,186.64,NGN
OL505129,ORD-108337,PRD2162,-1,288.56,,NGN
OL505130,ORD-103044,PRD2056,1,$297.69,297.69,USD
OL505131,ORD-106546,PRD2131,-1,$435.81,,US Dollar
OL505132,ORD-104138,PRD2146,2,372.16,744.32,GBP
OL505133,ORD-100434,PRD2174,5,472.01,2360.05,usd
OL505134,ORD-108232,PRD2179,3,160.6,481.8,NGN
OL505135,ORD-108160,PRD2163,2,309.36,618.72,EUR
OL505136,ORD-101159,PRD2245,2,$194.65,389.3,GBP
OL505137,ORD-101874,PRD2023,-1,261.1,,USD
OL505138,ORD-105301,PRD2193,1,84.88,84.88,US Dollar
OL505139,ORD-105569,PRD2185,2,246.36,492.72,USD
OL505140,ORD-103768,PRD2149,4,451.07,1804.28,US Dollar
OL505141,ORD-103335,PRD2174,2,163.49,326.98,EUR
OL505142,ORD-102534,PRD2038,1,10.57,10.57,EUR
OL505143,ORD-106752,PRD2183,999,106.54,106433.46,EUR
OL505144,ORD-105699,PRD2027,1,264.76,264.76,usd
OL505145,ORD-100855,PRD2160,4,$276.77,1107.08,NGN
OL505146,ORD-103393,PRD2170,1,198.34,198.34,US Dollar
OL505147,ORD-102770,PRD2242,1,372.33,372.33,EUR
OL505148,ORD-103946,PRD2069,1,380.99,380.99,NGN
OL505149,ORD-101254,PRD2182,3,73.9,221.7,NGN
OL505150,ORD-105516,PRD2117,2,103.17,206.34,GBP
OL505151,ORD-106899,PRD2067,3,282.17,846.51,USD
OL505152,ORD-102385,PRD2110,4,240.85,963.4,usd
OL505153,ORD-101407,PRD2070,999,61.83,61768.17,US Dollar
OL505154,ORD-107520,PRD2202,2,347.61,695.22,GBP
OL505155,ORD-102631,PRD2121,0,77.56,,NGN
OL505156,ORD-102617,PRD2139,1,$311.6,311.6,US Dollar
OL505157,ORD-105911,PRD2228,1,145.02,145.02,USD
OL505158,ORD-100063,PRD2065,2,208.71,417.42,NGN
OL505159,ORD-106113,PRD2196,0,450.12,,GBP
OL505160,ORD-101603,PRD2166,-1,303.38,,usd
OL505161,ORD-107972,PRD2208,999,358.19,357831.81,EUR
OL505162,ORD-101275,PRD2186,1,462.52,462.52,USD
OL505163,ORD-104883,PRD2211,-1,47.58,,NGN
OL505164,ORD-107780,PRD2055,2,67.33,134.66,NGN
OL505165,ORD-102748,PRD2106,1,290.54,290.54,NGN
OL505166,ORD-107823,PRD2063,4,94.14,376.56,US Dollar
OL505167,ORD-103176,PRD2069,2,213.27,426.54,GBP
OL505168,ORD-105328,PRD2134,4,431.22,1724.88,usd
OL505169,ORD-108721,PRD2017,0,134.33,,NGN
OL505170,ORD-108802,PRD2149,2,97.17,194.34,GBP
OL505171,ORD-102226,PRD2172,5,483.64,2418.2,USD
OL505172,ORD-104339,PRD2149,3,16.08,48.24,USD
OL505173,ORD-108731,PRD2143,1,$349.44,349.44,NGN
OL505174,ORD-104449,PRD2122,4,213.16,852.64,GBP
OL505175,ORD-102922,PRD2028,4,258.65,1034.6,usd
OL505176,ORD-101402,PRD2147,-1,312.01,,usd
OL505177,ORD-107609,PRD2127,-1,187.08,,usd
OL505178,ORD-107320,PRD2173,-1,358.5,,EUR
OL505179,ORD-102683,PRD2133,3,108.04,324.12,GBP
OL505180,ORD-107469,PRD2002,2,$391.52,783.04,EUR
OL505181,ORD-103415,PRD2232,1,$228.75,228.75,EUR
OL505182,ORD-101464,PRD2216,4,33.29,133.16,NGN
OL505183,ORD-107328,PRD2071,5,79.88,399.4,USD
OL505184,ORD-102466,PRD2224,3,96.93,290.79,EUR
OL505185,ORD-100495,PRD2196,2,257.98,515.96,NGN
OL505186,ORD-106451,PRD2165,0,$152.6,,EUR
OL505187,ORD-103485,PRD2185,5,466.85,2334.25,GBP
OL505188,ORD-101559,PRD2197,2,327.16,654.32,usd
OL505189,ORD-103474,PRD2225,1,$34.29,34.29,USD
OL505190,ORD-100001,PRD2201,1,$252.7,252.7,USD
OL505191,ORD-106198,PRD2023,3,74.82,224.46,usd
OL505192,ORD-106422,PRD2249,5,$69.1,345.5,USD
OL505193,ORD-102167,PRD2180,3,22.26,66.78,EUR
OL505194,ORD-100281,PRD2230,3,136.52,409.56,US Dollar
OL505195,ORD-102372,PRD2006,2,$291.12,582.24,US Dollar
OL505196,ORD-100403,PRD2222,5,16.69,83.45,EUR
OL505197,ORD-100113,PRD2235,1,418.67,418.67,NGN
OL505198,ORD-108279,PRD2076,3,387.36,1162.08,US Dollar
OL505199,ORD-103172,PRD2010,4,$361.8,1447.2,US Dollar
OL505200,ORD-101311,PRD2237,2,389.72,779.44,USD
OL505201,ORD-104258,PRD2031,4,105.53,422.12,EUR
OL505202,ORD-103522,PRD2049,-1,234.69,,US Dollar
OL505203,ORD-105029,PRD2202,4,297.46,1189.84,EUR
OL505204,ORD-103813,PRD2071,4,275.39,1101.56,GBP
OL505205,ORD-108823,PRD2014,1,272.55,272.55,GBP
OL505206,ORD-103455,PRD2069,1,86.26,86.26,USD
OL505207,ORD-108152,PRD2179,0,$236.93,,NGN
OL505208,ORD-103474,PRD2204,1,379.35,379.35,US Dollar
OL505209,ORD-100369,PRD2229,4,$344.92,1379.68,EUR
OL505210,ORD-104115,PRD2023,0,$344.37,,US Dollar
OL505211,ORD-103271,PRD2170,4,$56.97,227.88,NGN
OL505212,ORD-105426,PRD2225,-1,103.15,,usd
OL505213,ORD-105535,PRD2065,-1,436.01,,usd
OL505214,ORD-106859,PRD2016,999,235.05,234814.95,EUR
OL505215,ORD-103040,PRD2191,4,291.52,1166.08,GBP
OL505216,ORD-107835,PRD2184,3,$23.81,71.43,EUR
OL505217,ORD-107836,PRD2110,2,65.37,130.74,USD
OL505218,ORD-106993,PRD2226,4,217.41,869.64,US Dollar
OL505219,ORD-102578,PRD2122,1,36.78,36.78,USD
OL505220,ORD-102963,PRD2077,999,157.52,157362.48,GBP
OL505221,ORD-106455,PRD2157,999,437.4,436962.6,EUR
OL505222,ORD-102896,PRD2158,1,250.48,250.48,USD
OL505223,ORD-101775,PRD2084,4,459.54,1838.16,USD
OL505224,ORD-108423,PRD2067,2,348.76,697.52,NGN
OL505225,ORD-106326,PRD2087,3,42.4,127.2,USD
OL505226,ORD-106798,PRD2101,4,$44.72,178.88,usd
OL505227,ORD-101824,PRD2147,2,454.68,909.36,NGN
OL505228,ORD-107828,PRD2165,1,269.37,269.37,usd
OL505229,ORD-105540,PRD2142,1,$117.43,117.43,EUR
OL505230,ORD-107557,PRD2141,3,295.35,886.05,EUR
OL505231,ORD-101358,PRD2016,1,378.15,378.15,EUR
OL505232,ORD-106539,PRD2205,5,17.07,85.35,USD
OL505233,ORD-108391,PRD2191,-1,41.73,,US Dollar
OL505234,ORD-102806,PRD2076,4,244.74,978.96,USD
OL505235,ORD-104359,PRD2097,5,38.94,194.7,usd
OL505236,ORD-106825,PRD2050,999,249.67,249420.33,US Dollar
OL505237,ORD-101576,PRD2151,3,425.01,1275.03,NGN
OL505238,ORD-101361,PRD2138,2,26.72,53.44,GBP
OL505239,ORD-102244,PRD2206,1,$463.0,463.0,NGN
OL505240,ORD-104121,PRD2181,1,$492.01,492.01,NGN
OL505241,ORD-103529,PRD2184,0,244.04,,usd
OL505242,ORD-106011,PRD2165,2,$220.54,441.08,NGN
OL505243,ORD-106199,PRD2065,2,495.92,991.84,EUR
OL505244,ORD-107975,PRD2137,1,391.65,391.65,NGN
OL505245,ORD-103496,PRD2038,1,77.6,77.6,USD
OL505246,ORD-108681,PRD2202,0,164.25,,USD
OL505247,ORD-108867,PRD2008,1,497.69,497.69,NGN
OL505248,ORD-106123,PRD2141,2,366.21,732.42,USD
OL505249,ORD-102479,PRD2141,-1,286.33,,NGN
OL505250,ORD-107447,PRD2097,4,25.78,103.12,US Dollar
OL505251,ORD-108726,PRD2219,3,118.17,354.51,NGN
OL505252,ORD-105382,PRD2222,2,373.39,746.78,EUR
OL505253,ORD-105927,PRD2172,0,215.8,,USD
OL505254,ORD-101024,PRD2193,5,283.57,1417.85,NGN
OL505255,ORD-107168,PRD2202,0,347.01,,EUR
OL505256,ORD-103898,PRD2152,2,238.16,476.32,US Dollar
OL505257,ORD-106979,PRD2245,1,78.02,78.02,GBP
OL505258,ORD-107417,PRD2066,4,264.15,1056.6,USD
OL505259,ORD-102463,PRD2136,999,$220.21,219989.79,EUR
OL505260,ORD-108370,PRD2015,5,374.49,1872.45,usd
OL505261,ORD-108784,PRD2090,2,409.97,819.94,NGN
OL505262,ORD-101545,PRD2029,5,399.92,1999.6,GBP
OL505263,ORD-101897,PRD2210,3,$276.72,830.16,US Dollar
OL505264,ORD-106358,PRD2194,3,473.55,1420.65,USD
OL505265,ORD-103688,PRD2242,0,426.44,,EUR
OL505266,ORD-108707,PRD2116,0,$425.63,,GBP
OL505267,ORD-106520,PRD2001,999,$360.4,360039.6,usd
OL505268,ORD-105019,PRD2249,2,174.23,348.46,US Dollar
OL505269,ORD-107144,PRD2032,3,348.5,1045.5,usd
OL505270,ORD-101504,PRD2005,2,327.15,654.3,USD
OL505271,ORD-104267,PRD2105,5,$89.6,448.0,NGN
OL505272,ORD-101646,PRD2092,0,124.0,,GBP
OL505273,ORD-103437,PRD2162,1,306.75,306.75,USD
OL505274,ORD-101240,PRD2088,1,177.33,177.33,GBP
OL505275,ORD-105406,PRD2222,5,267.38,1336.9,NGN
OL505276,ORD-108497,PRD2146,4,$31.35,125.4,GBP
OL505277,ORD-104453,PRD2204,4,$413.04,1652.16,EUR
OL505278,ORD-102827,PRD2144,999,303.81,303506.19,usd
OL505279,ORD-104061,PRD2128,3,430.87,1292.61,GBP
OL505280,ORD-100506,PRD2187,999,165.96,165794.04,EUR
OL505281,ORD-107741,PRD2004,4,364.8,1459.2,usd
OL505282,ORD-105597,PRD2098,2,189.87,379.74,GBP
OL505283,ORD-100174,PRD2079,-1,369.41,,EUR
OL505284,ORD-106905,PRD2183,4,480.22,1920.88,GBP
OL505285,ORD-108453,PRD2172,2,68.12,136.24,usd
OL505286,ORD-102458,PRD2156,1,403.52,403.52,usd
OL505287,ORD-101381,PRD2114,999,$232.83,232597.17,NGN
OL505288,ORD-108139,PRD2135,3,16.56,49.68,USD
OL505289,ORD-100541,PRD2117,3,72.19,216.57,usd
OL505290,ORD-106604,PRD2016,999,400.31,399909.69,NGN
OL505291,ORD-105513,PRD2164,0,$365.03,,usd
OL505292,ORD-107206,PRD2047,999,9.08,9070.92,usd
OL505293,ORD-105238,PRD2050,-1,363.53,,EUR
OL505294,ORD-105684,PRD2040,1,12.13,12.13,NGN
OL505295,ORD-103775,PRD2065,4,237.04,948.16,usd
OL505296,ORD-107940,PRD2203,5,354.86,1774.3,US Dollar
OL505297,ORD-101686,PRD2250,2,153.69,307.38,US Dollar
OL505298,ORD-102078,PRD2081,-1,472.85,,NGN
OL505299,ORD-101587,PRD2153,2,263.16,526.32,US Dollar
OL505300,ORD-106461,PRD2006,1,87.42,87.42,NGN
OL505301,ORD-105241,PRD2201,2,$156.69,313.38,NGN
OL505302,ORD-101136,PRD2051,0,$303.55,,EUR
OL505303,ORD-105931,PRD2206,2,107.22,214.44,US Dollar
OL505304,ORD-102800,PRD2215,1,208.59,208.59,US Dollar
OL505305,ORD-102222,PRD2127,999,38.03,37991.97,USD
OL505306,ORD-107059,PRD2034,5,44.61,223.05,US Dollar
OL505307,ORD-100604,PRD2175,2,370.59,741.18,US Dollar
OL505308,ORD-106938,PRD2043,4,185.35,741.4,USD
OL505309,ORD-105360,PRD2106,1,111.87,111.87,NGN
OL505310,ORD-108447,PRD2059,3,493.85,1481.55,US Dollar
OL505311,ORD-103208,PRD2206,3,260.75,782.25,US Dollar
OL505312,ORD-104410,PRD2145,2,8.61,17.22,US Dollar
OL505313,ORD-106284,PRD2146,-1,76.01,,NGN
OL505314,ORD-106922,PRD2120,3,29.54,88.62,USD
OL505315,ORD-102424,PRD2080,5,397.99,1989.95,NGN
OL505316,ORD-107828,PRD2192,4,141.91,567.64,usd
OL505317,ORD-103971,PRD2206,1,$304.88,304.88,usd
OL505318,ORD-102283,PRD2090,5,456.43,2282.15,EUR
OL505319,ORD-108156,PRD2070,999,411.51,411098.49,NGN
OL505320,ORD-100304,PRD2107,2,206.8,413.6,US Dollar
OL505321,ORD-100197,PRD2098,-1,101.03,,NGN
OL505322,ORD-103654,PRD2050,2,403.77,807.54,GBP
OL505323,ORD-101583,PRD2206,999,87.06,86972.94,EUR
OL505324,ORD-102678,PRD2165,0,249.73,,USD
OL505325,ORD-107968,PRD2200,0,247.26,,EUR
OL505326,ORD-104663,PRD2063,5,179.26,896.3,US Dollar
OL505327,ORD-102660,PRD2187,5,287.49,1437.45,US Dollar
OL505328,ORD-103325,PRD2183,2,200.56,401.12,US Dollar
OL505329,ORD-107982,PRD2121,3,88.37,265.11,NGN
OL505330,ORD-108180,PRD2089,4,213.23,852.92,NGN
OL505331,ORD-100797,PRD2228,5,387.51,1937.55,USD
OL505332,ORD-107047,PRD2052,2,297.97,595.94,USD
OL505333,ORD-100363,PRD2139,4,446.69,1786.76,USD
OL505334,ORD-103962,PRD2034,1,429.29,429.29,US Dollar
OL505335,ORD-101662,PRD2117,0,348.51,,NGN
OL505336,ORD-106226,PRD2025,2,256.54,513.08,GBP
OL505337,ORD-101554,PRD2211,999,417.35,416932.65,US Dollar
OL505338,ORD-107001,PRD2200,1,226.19,226.19,NGN
OL505339,ORD-103275,PRD2022,3,178.15,534.45,NGN
OL505340,ORD-106033,PRD2116,5,67.99,339.95,GBP
OL505341,ORD-102308,PRD2125,4,$73.65,294.6,GBP
OL505342,ORD-102289,PRD2078,5,316.62,1583.1,US Dollar
OL505343,ORD-103336,PRD2145,999,317.1,316782.9,NGN
OL505344,ORD-104367,PRD2054,5,360.42,1802.1,EUR
OL505345,ORD-103315,PRD2037,3,$463.96,1391.88,GBP
OL505346,ORD-103460,PRD2068,2,388.85,777.7,NGN
OL505347,ORD-102291,PRD2075,999,$379.6,379220.4,EUR
OL505348,ORD-100370,PRD2191,5,376.05,1880.25,usd
OL505349,ORD-107673,PRD2209,0,131.74,,GBP
OL505350,ORD-100357,PRD2036,3,286.17,858.51,EUR
OL505351,ORD-101200,PRD2217,999,44.79,44745.21,US Dollar
OL505352,ORD-101516,PRD2171,1,339.04,339.04,usd
OL505353,ORD-104286,PRD2195,1,291.23,291.23,EUR
OL505354,ORD-107820,PRD2043,2,375.04,750.08,USD
OL505355,ORD-104090,PRD2128,0,163.02,,usd
OL505356,ORD-104295,PRD2053,3,334.54,1003.62,USD
OL505357,ORD-103525,PRD2194,5,404.86,2024.3,EUR
OL505358,ORD-101228,PRD2054,5,63.97,319.85,EUR
OL505359,ORD-105786,PRD2097,5,248.52,1242.6,usd
OL505360,ORD-101392,PRD2219,0,175.55,,usd
OL505361,ORD-106687,PRD2124,3,340.63,1021.89,US Dollar
OL505362,ORD-106686,PRD2096,4,335.69,1342.76,NGN
OL505363,ORD-100540,PRD2061,5,225.38,1126.9,USD
OL505364,ORD-100265,PRD2099,4,158.03,632.12,usd
OL505365,ORD-102467,PRD2185,3,429.34,1288.02,usd
OL505366,ORD-106912,PRD2207,5,238.52,1192.6,GBP
OL505367,ORD-101303,PRD2089,1,268.78,268.78,USD
OL505368,ORD-103803,PRD2051,0,130.26,,NGN
OL505369,ORD-102996,PRD2093,5,238.69,1193.45,NGN
OL505370,ORD-104167,PRD2206,4,124.89,499.56,US Dollar
OL505371,ORD-107479,PRD2044,-1,383.37,,NGN
OL505372,ORD-101629,PRD2091,2,455.01,910.02,NGN
OL505373,ORD-104202,PRD2120,5,492.34,2461.7,GBP
OL505374,ORD-102812,PRD2148,1,191.36,191.36,USD
OL505375,ORD-102947,PRD2215,3,385.31,1155.93,GBP
OL505376,ORD-103969,PRD2210,1,239.53,239.53,NGN
OL505377,ORD-101108,PRD2099,3,152.31,456.93,EUR
OL505378,ORD-107002,PRD2060,3,$90.81,272.43,GBP
OL505379,ORD-103608,PRD2210,1,353.1,353.1,USD
OL505380,ORD-104386,PRD2114,3,$283.89,851.67,US Dollar
OL505381,ORD-102457,PRD2162,999,378.97,378591.03,US Dollar
OL505382,ORD-101978,PRD2169,5,9.86,49.3,USD
OL505383,ORD-107863,PRD2018,1,45.92,45.92,US Dollar
OL505384,ORD-104532,PRD2230,-1,3.0,,US Dollar
OL505385,ORD-107223,PRD2199,5,111.26,556.3,USD
OL505386,ORD-103322,PRD2131,5,$430.4,2152.0,NGN
OL505387,ORD-103345,PRD2164,2,178.1,356.2,USD
OL505388,ORD-101483,PRD2146,-1,337.29,,USD
OL505389,ORD-105750,PRD2023,1,418.14,418.14,USD
OL505390,ORD-102314,PRD2115,2,$255.07,510.14,NGN
OL505391,ORD-100431,PRD2212,5,$490.19,2450.95,US Dollar
OL505392,ORD-101435,PRD2208,4,$71.88,287.52,GBP
OL505393,ORD-107212,PRD2174,-1,390.48,,US Dollar
OL505394,ORD-104900,PRD2193,1,47.69,47.69,USD
OL505395,ORD-102403,PRD2248,3,219.98,659.94,US Dollar
OL505396,ORD-100011,PRD2129,5,235.41,1177.05,US Dollar
OL505397,ORD-100473,PRD2137,5,484.82,2424.1,US Dollar
OL505398,ORD-100853,PRD2137,2,492.87,985.74,EUR
OL505399,ORD-104986,PRD2232,999,180.21,180029.79,GBP
OL505400,ORD-105371,PRD2039,3,208.65,625.95,usd
OL505401,ORD-105711,PRD2091,3,337.15,1011.45,USD
OL505402,ORD-105371,PRD2030,4,225.4,901.6,NGN
OL505403,ORD-108739,PRD2200,999,49.03,48980.97,GBP
OL505404,ORD-107456,PRD2156,1,86.43,86.43,EUR
OL505405,ORD-105075,PRD2052,4,88.51,354.04,usd
OL505406,ORD-106328,PRD2100,999,464.45,463985.55,EUR
OL505407,ORD-102602,PRD2171,999,305.31,305004.69,GBP
OL505408,ORD-108955,PRD2236,2,109.82,219.64,USD
OL505409,ORD-103012,PRD2004,0,285.93,,US Dollar
OL505410,ORD-107537,PRD2122,4,$275.14,1100.56,GBP
OL505411,ORD-101755,PRD2058,3,437.71,1313.13,usd
OL505412,ORD-104693,PRD2178,0,117.31,,US Dollar
OL505413,ORD-105150,PRD2047,5,446.01,2230.05,NGN
OL505414,ORD-102374,PRD2225,0,231.96,,EUR
OL505415,ORD-106001,PRD2131,-1,278.64,,EUR
OL505416,ORD-106735,PRD2169,0,151.5,,usd
OL505417,ORD-106051,PRD9504,2,23.58,47.16,usd
OL505418,ORD-105514,PRD2171,999,$58.24,58181.76,GBP
OL505419,ORD-106561,PRD2071,4,437.01,1748.04,US Dollar
OL505420,ORD-104308,PRD2149,0,335.59,,US Dollar
OL505421,ORD-103560,PRD2157,999,227.07,226842.93,USD
OL505422,ORD-100429,PRD2017,4,181.27,725.08,NGN
OL505423,ORD-100539,PRD2170,2,101.87,203.74,USD
OL505424,ORD-107474,PRD2097,5,345.31,1726.55,GBP
OL505425,ORD-100166,PRD2218,3,452.6,1357.8,NGN
OL505426,ORD-104962,PRD2110,1,164.82,164.82,usd
OL505427,ORD-104216,PRD2118,0,209.73,,GBP
OL505428,ORD-104894,PRD2132,0,289.17,,GBP
OL505429,ORD-106654,PRD2120,5,277.11,1385.55,usd
OL505430,ORD-104806,PRD2105,0,496.12,,EUR
OL505431,ORD-103197,PRD2186,1,334.09,334.09,US Dollar
OL505432,ORD-103315,PRD2058,3,143.04,429.12,NGN
OL505433,ORD-106696,PRD2014,999,493.75,493256.25,GBP
OL505434,ORD-108567,PRD2019,2,205.09,410.18,USD
OL505435,ORD-100066,PRD2094,0,$478.04,,usd
OL505436,ORD-108924,PRD2245,4,$395.2,1580.8,usd
OL505437,ORD-104658,PRD2216,-1,446.99,,GBP
OL505438,ORD-107785,PRD2117,3,52.69,158.07,NGN
OL505439,ORD-105491,PRD2084,4,203.3,813.2,EUR
OL505440,ORD-108334,PRD2187,0,247.38,,EUR
OL505441,ORD-100779,PRD2011,1,207.89,207.89,US Dollar
OL505442,ORD-100006,PRD2076,1,466.04,466.04,USD
OL505443,ORD-103854,PRD2238,4,209.05,836.2,GBP
OL505444,ORD-108217,PRD2243,3,$174.27,522.81,USD
OL505445,ORD-105518,PRD2059,2,379.01,758.02,US Dollar
OL505446,ORD-103750,PRD2044,5,53.29,266.45,USD
OL505447,ORD-105001,PRD2162,2,368.35,736.7,NGN
OL505448,ORD-101830,PRD2138,0,344.17,,EUR
OL505449,ORD-107497,PRD2111,999,84.65,84565.35,usd
OL505450,ORD-105713,PRD2165,2,86.77,173.54,usd
OL505451,ORD-102413,PRD2208,-1,109.27,,USD
OL505452,ORD-107074,PRD2159,1,$498.04,498.04,EUR
OL505453,ORD-106257,PRD2049,-1,288.25,,USD
OL505454,ORD-100200,PRD2116,0,356.27,,GBP
OL505455,ORD-106303,PRD2129,2,366.55,733.1,usd
OL505456,ORD-104073,PRD2133,2,280.05,560.1,USD
OL505457,ORD-108477,PRD2172,0,491.13,,USD
OL505458,ORD-105474,PRD2042,-1,$489.07,,US Dollar
OL505459,ORD-104371,PRD2235,2,163.14,326.28,NGN
OL505460,ORD-100032,PRD2039,999,318.36,318041.64,GBP
OL505461,ORD-103903,PRD2245,2,464.86,929.72,USD
OL505462,ORD-103987,PRD2119,5,29.79,148.95,EUR
OL505463,ORD-101914,PRD2062,2,127.02,254.04,GBP
OL505464,ORD-108326,PRD2201,-1,143.06,,GBP
OL505465,ORD-104086,PRD2144,999,223.2,222976.8,usd
OL505466,ORD-107009,PRD2118,2,382.0,764.0,GBP
OL505467,ORD-100652,PRD2229,-1,$394.32,,EUR
OL505468,ORD-104656,PRD2174,999,455.08,454624.92,usd
OL505469,ORD-105512,PRD2186,1,455.98,455.98,US Dollar
OL505470,ORD-104241,PRD2221,5,156.56,782.8,GBP
OL505471,ORD-104029,PRD2148,4,286.31,1145.24,NGN
OL505472,ORD-106584,PRD2003,0,214.77,,NGN
OL505473,ORD-102216,PRD2145,5,182.3,911.5,NGN
OL505474,ORD-103598,PRD2137,5,323.33,1616.65,EUR
OL505475,ORD-107432,PRD2248,3,368.03,1104.09,EUR
OL505476,ORD-103894,PRD2078,5,$130.04,650.2,NGN
OL505477,ORD-102845,PRD2016,5,$499.57,2497.85,USD
OL505478,ORD-100733,PRD2094,-1,380.34,,EUR
OL505479,ORD-103164,PRD2046,3,$383.83,1151.49,GBP
OL505480,ORD-101611,PRD2005,4,311.68,1246.72,USD
OL505481,ORD-108639,PRD2041,999,424.22,423795.78,GBP
OL505482,ORD-105428,PRD2072,1,98.31,98.31,NGN
OL505483,ORD-102018,PRD2066,3,443.73,1331.19,USD
OL505484,ORD-104459,PRD2240,1,434.59,434.59,EUR
OL505485,ORD-102413,PRD2080,0,324.74,,US Dollar
OL505486,ORD-107187,PRD2101,4,81.73,326.92,GBP
OL505487,ORD-102358,PRD2174,4,95.78,383.12,GBP
OL505488,ORD-100085,PRD2048,1,196.02,196.02,NGN
OL505489,ORD-108538,PRD2086,0,$39.73,,NGN
OL505490,ORD-107155,PRD9839,5,278.19,1390.95,usd
OL505491,ORD-102342,PRD2239,5,375.98,1879.9,usd
OL505492,ORD-101375,PRD2204,5,131.37,656.85,usd
OL505493,ORD-106085,PRD2092,5,$3.19,15.95,US Dollar
OL505494,ORD-104994,PRD2004,-1,$249.06,,USD
OL505495,ORD-107122,PRD2149,5,476.64,2383.2,EUR
OL505496,ORD-103947,PRD2097,4,5.38,21.52,usd
OL505497,ORD-106760,PRD2232,4,210.88,843.52,GBP
OL505498,ORD-103295,PRD2244,4,439.44,1757.76,US Dollar
OL505499,ORD-100358,PRD2178,999,45.45,45404.55,GBP
OL505500,ORD-103225,PRD2172,-1,62.37,,GBP
OL505501,ORD-102115,PRD2140,-1,369.19,,NGN
OL505502,ORD-103898,PRD2128,999,460.56,460099.44,EUR
OL505503,ORD-103257,PRD2093,999,231.12,230888.88,usd
OL505504,ORD-106225,PRD2016,5,245.63,1228.15,EUR
OL505505,ORD-105506,PRD2133,0,66.7,,USD
OL505506,ORD-108906,PRD2243,5,436.6,2183.0,EUR
OL505507,ORD-100126,PRD2214,2,384.57,769.14,USD
OL505508,ORD-101321,PRD2216,0,311.64,,EUR
OL505509,ORD-101701,PRD2217,0,357.22,,NGN
OL505510,ORD-108436,PRD2212,0,471.56,,EUR
OL505511,ORD-106303,PRD2095,-1,345.4,,NGN
OL505512,ORD-104114,PRD2001,5,253.17,1265.85,GBP
OL505513,ORD-105559,PRD2096,2,80.57,161.14,USD
OL505514,ORD-101384,PRD2012,0,393.26,,US Dollar
OL505515,ORD-100626,PRD2244,5,233.12,1165.6,USD
OL505516,ORD-102035,PRD2006,5,$165.02,825.1,usd
OL505517,ORD-103334,PRD2133,4,44.5,178.0,EUR
OL505518,ORD-107025,PRD2082,-1,132.35,,GBP
OL505519,ORD-108058,PRD2227,999,433.53,433096.47,US Dollar
OL505520,ORD-105509,PRD2192,4,127.92,511.68,USD
OL505521,ORD-100055,PRD2125,4,98.47,393.88,US Dollar
OL505522,ORD-107883,PRD2135,2,$470.69,941.38,NGN
OL505523,ORD-103793,PRD2020,-1,240.3,,NGN
OL505524,ORD-100508,PRD2120,4,319.15,1276.6,GBP
OL505525,ORD-103917,PRD2103,5,368.83,1844.15,GBP
OL505526,ORD-100940,PRD2087,5,171.31,856.55,GBP
OL505527,ORD-103910,PRD2128,5,211.05,1055.25,usd
OL505528,ORD-104019,PRD2168,0,193.49,,USD
OL505529,ORD-108053,PRD2151,4,54.11,216.44,GBP
OL505530,ORD-108823,PRD2061,3,234.17,702.51,NGN
OL505531,ORD-103874,PRD2184,3,160.71,482.13,GBP
OL505532,ORD-100241,PRD2142,0,287.43,,USD
OL505533,ORD-108169,PRD2138,1,374.18,374.18,USD
OL505534,ORD-103662,PRD2108,0,137.24,,EUR
OL505535,ORD-101156,PRD2201,3,432.27,1296.81,GBP
OL505536,ORD-102606,PRD2056,1,367.07,367.07,usd
OL505537,ORD-100329,PRD2010,4,348.5,1394.0,US Dollar
OL505538,ORD-101099,PRD2138,1,383.43,383.43,EUR
OL505539,ORD-102653,PRD2131,3,444.28,1332.84,usd
OL505540,ORD-105051,PRD2189,1,258.09,258.09,usd
OL505541,ORD-104574,PRD2028,0,$4.79,,EUR
OL505542,ORD-101337,PRD2078,999,210.84,210629.16,EUR
OL505543,ORD-105339,PRD2170,999,311.7,311388.3,US Dollar
OL505544,ORD-100014,PRD2105,-1,245.26,,USD
OL505545,ORD-103266,PRD2051,4,$235.94,943.76,EUR
OL505546,ORD-102470,PRD2093,1,207.01,207.01,EUR
OL505547,ORD-107259,PRD2016,2,377.65,755.3,EUR
OL505548,ORD-106249,PRD2143,5,155.93,779.65,EUR
OL505549,ORD-103577,PRD2152,4,5.36,21.44,NGN
OL505550,ORD-102629,PRD2236,5,332.86,1664.3,US Dollar
OL505551,ORD-101173,PRD2100,-1,213.07,,US Dollar
OL505552,ORD-102008,PRD2164,1,189.95,189.95,GBP
OL505553,ORD-108769,PRD2187,0,17.73,,GBP
OL505554,ORD-103059,PRD2230,2,290.77,581.54,USD
OL505555,ORD-100402,PRD2061,1,267.57,267.57,EUR
OL505556,ORD-102083,PRD2232,3,55.42,166.26,EUR
OL505557,ORD-102806,PRD2068,4,29.91,119.64,USD
OL505558,ORD-102630,PRD2048,5,$122.24,611.2,usd
OL505559,ORD-102284,PRD2214,0,113.35,,US Dollar
OL505560,ORD-105959,PRD2059,2,90.61,181.22,EUR
OL505561,ORD-102425,PRD2096,2,373.89,747.78,usd
OL505562,ORD-107090,PRD2043,3,412.62,1237.86,USD
OL505563,ORD-106626,PRD2073,4,31.8,127.2,EUR
OL505564,ORD-105761,PRD2045,1,372.59,372.59,usd
OL505565,ORD-101393,PRD2018,1,358.83,358.83,US Dollar
OL505566,ORD-100993,PRD2024,1,451.59,451.59,usd
OL505567,ORD-100370,PRD2242,2,229.83,459.66,USD
OL505568,ORD-104871,PRD2220,4,128.26,513.04,usd
OL505569,ORD-104303,PRD2207,4,220.94,883.76,USD
OL505570,ORD-103093,PRD2220,5,$55.91,279.55,EUR
OL505571,ORD-106013,PRD2013,4,$269.75,1079.0,NGN
OL505572,ORD-104084,PRD2128,4,459.8,1839.2,GBP
OL505573,ORD-100433,PRD2238,5,322.55,1612.75,usd
OL505574,ORD-102499,PRD2027,4,423.75,1695.0,EUR
OL505575,ORD-107895,PRD2213,1,292.77,292.77,USD
OL505576,ORD-106564,PRD2042,2,27.29,54.58,USD
OL505577,ORD-104384,PRD2184,4,198.16,792.64,EUR
OL505578,ORD-102824,PRD2071,5,258.7,1293.5,NGN
OL505579,ORD-104769,PRD2001,999,400.59,400189.41,USD
OL505580,ORD-108153,PRD2047,999,$352.13,351777.87,usd
OL505581,ORD-102390,PRD2133,999,367.85,367482.15,usd
OL505582,ORD-104059,PRD2240,4,$182.15,728.6,usd
OL505583,ORD-107942,PRD2139,0,54.16,,EUR
OL505584,ORD-107530,PRD2140,3,225.8,677.4,usd
OL505585,ORD-106184,PRD2090,999,434.81,434375.19,NGN
OL505586,ORD-105159,PRD2166,4,86.37,345.48,usd
OL505587,ORD-106856,PRD2239,5,113.78,568.9,GBP
OL505588,ORD-103024,PRD2110,4,378.64,1514.56,EUR
OL505589,ORD-107039,PRD2162,3,47.29,141.87,usd
OL505590,ORD-106001,PRD2050,1,13.91,13.91,GBP
OL505591,ORD-106554,PRD2035,4,170.18,680.72,US Dollar
OL505592,ORD-108925,PRD2123,999,175.51,175334.49,US Dollar
OL505593,ORD-102751,PRD2203,4,69.71,278.84,EUR
OL505594,ORD-100309,PRD2024,0,328.91,,GBP
OL505595,ORD-105926,PRD2166,0,312.55,,usd
OL505596,ORD-106971,PRD2054,4,168.34,673.36,NGN
OL505597,ORD-104871,PRD2104,5,78.91,394.55,usd
OL505598,ORD-102124,PRD2082,2,342.04,684.08,EUR
OL505599,ORD-104753,PRD2207,999,418.33,417911.67,GBP
OL505600,ORD-107189,PRD2117,5,$128.2,641.0,USD
OL505601,ORD-104027,PRD2098,0,229.67,,EUR
OL505602,ORD-108451,PRD2231,999,55.05,54994.95,EUR
OL505603,ORD-104772,PRD2052,2,97.23,194.46,NGN
OL505604,ORD-103207,PRD2102,1,7.84,7.84,US Dollar
OL505605,ORD-101359,PRD2032,0,$82.29,,GBP
OL505606,ORD-103980,PRD2006,2,8.89,17.78,NGN
OL505607,ORD-102242,PRD2023,1,$110.16,110.16,US Dollar
OL505608,ORD-100062,PRD2145,3,439.23,1317.69,usd
OL505609,ORD-103393,PRD2124,1,151.34,151.34,US Dollar
OL505610,ORD-100889,PRD2046,1,264.82,264.82,US Dollar
OL505611,ORD-108014,PRD2158,1,43.9,43.9,USD
OL505612,ORD-101179,PRD2105,0,305.7,,EUR
OL505613,ORD-107200,PRD2235,0,73.36,,US Dollar
OL505614,ORD-107917,PRD2184,1,60.23,60.23,US Dollar
OL505615,ORD-103695,PRD2202,-1,96.23,,usd
OL505616,ORD-103016,PRD2114,1,397.92,397.92,GBP
OL505617,ORD-101750,PRD2107,-1,194.78,,usd
OL505618,ORD-103631,PRD2004,5,312.11,1560.55,USD
OL505619,ORD-101628,PRD2032,0,68.75,,USD
OL505620,ORD-107827,PRD2177,0,$468.93,,NGN
OL505621,ORD-105717,PRD9226,3,$19.45,58.35,EUR
OL505622,ORD-106841,PRD2008,2,293.57,587.14,GBP
OL505623,ORD-103208,PRD2133,2,24.61,49.22,US Dollar
OL505624,ORD-103725,PRD2198,999,104.94,104835.06,EUR
OL505625,ORD-101084,PRD2206,1,58.93,58.93,EUR
OL505626,ORD-107694,PRD2204,3,313.51,940.53,EUR
OL505627,ORD-100538,PRD2167,999,$10.66,10649.34,NGN
OL505628,ORD-104370,PRD2107,1,427.59,427.59,NGN
OL505629,ORD-104901,PRD2222,2,337.14,674.28,NGN
OL505630,ORD-104077,PRD2151,2,$275.21,550.42,EUR
OL505631,ORD-106296,PRD2020,1,209.99,209.99,usd
OL505632,ORD-102296,PRD2023,1,$368.26,368.26,US Dollar
OL505633,ORD-104825,PRD2202,999,118.79,118671.21,usd
OL505634,ORD-103026,PRD2010,0,499.67,,USD
OL505635,ORD-101625,PRD2044,5,455.59,2277.95,GBP
OL505636,ORD-106186,PRD2130,3,344.48,1033.44,usd
OL505637,ORD-103564,PRD2108,1,52.12,52.12,NGN
OL505638,ORD-107141,PRD2170,1,478.66,478.66,usd
OL505639,ORD-100524,PRD2244,5,322.25,1611.25,EUR
OL505640,ORD-100412,PRD2101,2,$11.48,22.96,GBP
OL505641,ORD-106415,PRD2016,4,69.55,278.2,NGN
OL505642,ORD-101360,PRD2073,5,125.4,627.0,EUR
OL505643,ORD-104371,PRD2167,4,363.82,1455.28,EUR
OL505644,ORD-102955,PRD2180,2,346.17,692.34,EUR
OL505645,ORD-108942,PRD2082,1,165.19,165.19,USD
OL505646,ORD-108837,PRD2107,-1,13.2,,EUR
OL505647,ORD-102447,PRD2049,3,261.44,784.32,EUR
OL505648,ORD-102170,PRD2121,1,77.35,77.35,USD
OL505649,ORD-100641,PRD2126,5,116.08,580.4,GBP
OL505650,ORD-100416,PRD2151,999,425.81,425384.19,NGN
OL505651,ORD-101565,PRD2093,5,295.0,1475.0,US Dollar
OL505652,ORD-106625,PRD2119,3,178.47,535.41,usd
OL505653,ORD-108420,PRD2029,4,103.02,412.08,EUR
OL505654,ORD-101774,PRD2119,1,$481.87,481.87,USD
OL505655,ORD-103284,PRD2228,0,4.4,,usd
OL505656,ORD-107662,PRD2030,2,258.85,517.7,NGN
OL505657,ORD-108670,PRD2247,3,377.27,1131.81,US Dollar
OL505658,ORD-101077,PRD2104,4,95.3,381.2,NGN
OL505659,ORD-104956,PRD2163,0,$359.58,,US Dollar
OL505660,ORD-101686,PRD2020,3,358.88,1076.64,USD
OL505661,ORD-100584,PRD2037,2,489.75,979.5,USD
OL505662,ORD-107151,PRD2038,3,$493.85,1481.55,usd
OL505663,ORD-103453,PRD2179,1,210.71,210.71,usd
OL505664,ORD-104278,PRD2048,0,257.97,,usd
OL505665,ORD-105874,PRD2031,-1,306.76,,US Dollar
OL505666,ORD-104686,PRD2250,1,365.53,365.53,EUR
OL505667,ORD-107713,PRD2215,-1,455.14,,EUR
OL505668,ORD-100294,PRD2127,3,486.38,1459.14,USD
OL505669,ORD-107230,PRD2165,3,234.39,703.17,usd
OL505670,ORD-105412,PRD2102,5,160.58,802.9,US Dollar
OL505671,ORD-107125,PRD2175,1,$478.44,478.44,US Dollar
OL505672,ORD-101039,PRD2143,-1,413.77,,GBP
OL505673,ORD-100366,PRD2062,999,218.43,218211.57,NGN
OL505674,ORD-100897,PRD2080,0,309.06,,US Dollar
OL505675,ORD-103513,PRD2239,1,$27.28,27.28,GBP
OL505676,ORD-105160,PRD2046,5,354.94,1774.7,EUR
OL505677,ORD-103049,PRD2059,3,358.89,1076.67,NGN
OL505678,ORD-102755,PRD2035,2,341.45,682.9,NGN
OL505679,ORD-107753,PRD2148,5,168.81,844.05,GBP
OL505680,ORD-104326,PRD2080,1,$83.33,83.33,GBP
OL505681,ORD-106167,PRD2242,2,87.78,175.56,GBP
OL505682,ORD-107002,PRD2105,4,$353.3,1413.2,US Dollar
OL505683,ORD-108769,PRD2049,3,$106.21,318.63,USD
OL505684,ORD-101874,PRD2156,1,448.16,448.16,usd
OL505685,ORD-107082,PRD2164,2,150.74,301.48,USD
OL505686,ORD-106682,PRD2170,2,458.98,917.96,EUR
OL505687,ORD-108074,PRD2249,1,10.79,10.79,USD
OL505688,ORD-101868,PRD2167,2,23.15,46.3,US Dollar
OL505689,ORD-103337,PRD2173,3,$37.07,111.21,US Dollar
OL505690,ORD-102301,PRD2237,999,165.38,165214.62,usd
OL505691,ORD-101831,PRD2063,5,36.78,183.9,USD
OL505692,ORD-107927,PRD2157,999,284.76,284475.24,USD
OL505693,ORD-105321,PRD2101,1,$136.99,136.99,USD
OL505694,ORD-107097,PRD2041,3,182.6,547.8,GBP
OL505695,ORD-106089,PRD2152,3,387.05,1161.15,USD
OL505696,ORD-104794,PRD2108,1,69.51,69.51,NGN
OL505697,ORD-103053,PRD2017,-1,427.39,,USD
OL505698,ORD-103757,PRD2180,3,231.46,694.38,USD
OL505699,ORD-104514,PRD2137,5,399.76,1998.8,NGN
OL505700,ORD-107444,PRD2088,4,489.95,1959.8,GBP
OL505701,ORD-108547,PRD2102,3,339.15,1017.45,EUR
OL505702,ORD-108293,PRD2206,2,376.5,753.0,NGN
OL505703,ORD-103912,PRD2106,1,92.81,92.81,USD
OL505704,ORD-102218,PRD2012,2,181.15,362.3,GBP
OL505705,ORD-103356,PRD2113,1,469.15,469.15,USD
OL505706,ORD-108922,PRD2076,3,157.47,472.41,USD
OL505707,ORD-107093,PRD2065,4,103.08,412.32,usd
OL505708,ORD-103788,PRD2210,1,320.23,320.23,US Dollar
OL505709,ORD-107368,PRD2039,5,217.37,1086.85,GBP
OL505710,ORD-104088,PRD2009,3,323.24,969.72,US Dollar
OL505711,ORD-104743,PRD2246,5,372.23,1861.15,usd
OL505712,ORD-102984,PRD2177,1,$125.43,125.43,usd
OL505713,ORD-106218,PRD2065,0,29.2,,US Dollar
OL505714,ORD-103509,PRD2172,3,384.96,1154.88,usd
OL505715,ORD-102268,PRD2171,999,15.0,14985.0,GBP
OL505716,ORD-104346,PRD2129,3,$326.39,979.17,EUR
OL505717,ORD-102817,PRD2048,3,484.67,1454.01,NGN
OL505718,ORD-103000,PRD2136,1,309.68,309.68,US Dollar
OL505719,ORD-108933,PRD2138,3,433.78,1301.34,usd
OL505720,ORD-104259,PRD2247,2,$188.37,376.74,GBP
OL505721,ORD-103252,PRD2128,3,17.77,53.31,GBP
OL505722,ORD-108734,PRD2188,2,349.63,699.26,US Dollar
OL505723,ORD-104131,PRD2103,4,98.59,394.36,EUR
OL505724,ORD-103595,PRD2077,-1,207.48,,US Dollar
OL505725,ORD-105335,PRD2103,999,$177.99,177812.01,US Dollar
OL505726,ORD-101225,PRD2233,5,127.93,639.65,USD
OL505727,ORD-100789,PRD2135,999,211.41,211198.59,NGN
OL505728,ORD-105620,PRD2122,-1,165.16,,USD
OL505729,ORD-104108,PRD2086,5,354.12,1770.6,EUR
OL505730,ORD-101796,PRD2100,999,434.35,433915.65,US Dollar
OL505731,ORD-103193,PRD2220,4,297.94,1191.76,GBP
OL505732,ORD-103357,PRD2178,5,444.02,2220.1,NGN
OL505733,ORD-104901,PRD2080,1,450.28,450.28,usd
OL505734,ORD-103676,PRD2137,1,129.73,129.73,GBP
OL505735,ORD-104259,PRD2167,2,429.94,859.88,US Dollar
OL505736,ORD-100178,PRD2097,1,91.08,91.08,EUR
OL505737,ORD-105738,PRD2106,3,224.78,674.34,NGN
OL505738,ORD-106812,PRD2037,4,26.84,107.36,USD
OL505739,ORD-104649,PRD2045,3,267.91,803.73,usd
OL505740,ORD-107278,PRD2080,2,245.26,490.52,NGN
OL505741,ORD-108233,PRD2217,4,291.56,1166.24,EUR
OL505742,ORD-100815,PRD2103,5,$35.33,176.65,US Dollar
OL505743,ORD-102139,PRD2191,4,295.59,1182.36,EUR
OL505744,ORD-108968,PRD2019,3,215.58,646.74,USD
OL505745,ORD-108524,PRD2041,1,151.07,151.07,EUR
OL505746,ORD-100545,PRD2213,2,146.89,293.78,EUR
OL505747,ORD-108134,PRD2196,5,131.66,658.3,NGN
OL505748,ORD-104458,PRD2126,2,$289.59,579.18,US Dollar
OL505749,ORD-103239,PRD2200,1,420.36,420.36,usd
OL505750,ORD-104107,PRD2150,2,221.03,442.06,US Dollar
OL505751,ORD-100211,PRD2170,0,25.02,,EUR
OL505752,ORD-102848,PRD2246,1,134.31,134.31,GBP
OL505753,ORD-105711,PRD2139,3,314.22,942.66,US Dollar
OL505754,ORD-107447,PRD2166,5,469.34,2346.7,usd
OL505755,ORD-102664,PRD2006,3,177.96,533.88,NGN
OL505756,ORD-102044,PRD2069,1,285.18,285.18,NGN
OL505757,ORD-108797,PRD2219,2,227.88,455.76,usd
OL505758,ORD-101614,PRD2191,4,27.75,111.0,EUR
OL505759,ORD-101504,PRD2115,5,$185.2,926.0,US Dollar
OL505760,ORD-105884,PRD2148,0,384.87,,US Dollar
OL505761,ORD-103213,PRD2018,-1,$461.42,,usd
OL505762,ORD-108809,PRD2161,5,421.52,2107.6,US Dollar
OL505763,ORD-100895,PRD2051,1,173.19,173.19,usd
OL505764,ORD-104043,PRD2162,5,54.83,274.15,NGN
OL505765,ORD-106992,PRD2037,1,448.89,448.89,EUR
OL505766,ORD-107092,PRD2183,1,$2.44,2.44,GBP
OL505767,ORD-105275,PRD2166,4,58.12,232.48,NGN
OL505768,ORD-101385,PRD2030,1,417.68,417.68,USD
OL505769,ORD-100407,PRD2114,2,336.15,672.3,US Dollar
OL505770,ORD-106364,PRD2096,2,390.48,780.96,NGN
OL505771,ORD-106522,PRD2068,999,200.91,200709.09,USD
OL505772,ORD-105568,PRD2207,5,283.27,1416.35,usd
OL505773,ORD-100895,PRD2070,-1,$180.79,,EUR
OL505774,ORD-102051,PRD2034,1,$301.37,301.37,usd
OL505775,ORD-106346,PRD2160,2,$454.33,908.66,GBP
OL505776,ORD-107730,PRD2051,2,84.37,168.74,usd
OL505777,ORD-106755,PRD2082,5,248.51,1242.55,GBP
OL505778,ORD-103878,PRD2220,999,373.88,373506.12,USD
OL505779,ORD-102036,PRD2075,1,36.73,36.73,EUR
OL505780,ORD-101180,PRD2235,-1,139.45,,GBP
OL505781,ORD-102211,PRD2059,999,266.27,266003.73,USD
OL505782,ORD-106041,PRD2013,0,15.25,,EUR
OL505783,ORD-108651,PRD2160,2,364.84,729.68,GBP
OL505784,ORD-102987,PRD2023,0,466.0,,usd
OL505785,ORD-101478,PRD2194,-1,404.87,,US Dollar
OL505786,ORD-104250,PRD2181,3,62.71,188.13,GBP
OL505787,ORD-108369,PRD2104,0,85.04,,NGN
OL505788,ORD-107596,PRD2146,1,470.03,470.03,EUR
OL505789,ORD-103302,PRD2169,2,406.13,812.26,US Dollar
OL505790,ORD-103289,PRD2208,4,328.3,1313.2,GBP
OL505791,ORD-103668,PRD2043,3,362.95,1088.85,usd
OL505792,ORD-105909,PRD2044,5,27.57,137.85,USD
OL505793,ORD-108078,PRD2234,1,$202.16,202.16,usd
OL505794,ORD-106707,PRD2162,0,197.05,,EUR
OL505795,ORD-100083,PRD2233,3,142.64,427.92,NGN
OL505796,ORD-100041,PRD2133,4,$59.97,239.88,EUR
OL505797,ORD-108987,PRD2132,999,8.13,8121.87,EUR
OL505798,ORD-103075,PRD2126,5,354.31,1771.55,USD
OL505799,ORD-107068,PRD2131,2,365.73,731.46,usd
OL505800,ORD-102369,PRD2151,1,118.89,118.89,EUR
OL505801,ORD-108646,PRD2086,3,152.85,458.55,NGN
OL505802,ORD-107421,PRD2190,1,396.34,396.34,NGN
OL505803,ORD-102366,PRD2189,4,402.9,1611.6,GBP
OL505804,ORD-101609,PRD2159,2,129.06,258.12,US Dollar
OL505805,ORD-108021,PRD2100,1,109.83,109.83,GBP
OL505806,ORD-104410,PRD2122,4,$379.09,1516.36,USD
OL505807,ORD-100263,PRD2183,0,349.27,,US Dollar
OL505808,ORD-103010,PRD2152,999,287.59,287302.41,GBP
OL505809,ORD-108752,PRD2020,5,241.17,1205.85,USD
OL505810,ORD-106921,PRD2107,1,493.1,493.1,NGN
OL505811,ORD-104560,PRD2004,2,486.42,972.84,GBP
OL505812,ORD-107619,PRD2057,3,364.62,1093.86,USD
OL505813,ORD-105561,PRD2062,2,205.03,410.06,usd
OL505814,ORD-105641,PRD2047,0,296.57,,EUR
OL505815,ORD-108963,PRD2157,4,499.21,1996.84,usd
OL505816,ORD-101651,PRD2216,5,265.37,1326.85,US Dollar
OL505817,ORD-100470,PRD2208,1,487.48,487.48,EUR
OL505818,ORD-101497,PRD2237,999,485.63,485144.37,US Dollar
OL505819,ORD-100055,PRD2122,2,$167.96,335.92,NGN
OL505820,ORD-103353,PRD2130,0,393.38,,EUR
OL505821,ORD-104390,PRD2092,2,491.02,982.04,US Dollar
OL505822,ORD-100474,PRD2038,2,93.76,187.52,EUR
OL505823,ORD-101182,PRD2075,3,31.02,93.06,US Dollar
OL505824,ORD-108075,PRD2017,1,372.39,372.39,NGN
OL505825,ORD-103987,PRD2065,3,225.48,676.44,EUR
OL505826,ORD-100530,PRD2240,3,474.52,1423.56,USD
OL505827,ORD-100621,PRD2200,3,308.84,926.52,EUR
OL505828,ORD-108116,PRD2187,4,119.64,478.56,US Dollar
OL505829,ORD-103271,PRD2102,-1,357.45,,NGN
OL505830,ORD-103888,PRD2156,0,484.29,,EUR
OL505831,ORD-108675,PRD2243,1,287.78,287.78,usd
OL505832,ORD-107979,PRD2007,3,$171.71,515.13,USD
OL505833,ORD-106451,PRD2242,2,396.77,793.54,EUR
OL505834,ORD-108644,PRD2140,-1,56.85,,NGN
OL505835,ORD-100990,PRD2009,3,117.48,352.44,usd
OL505836,ORD-105312,PRD2090,-1,402.86,,USD
OL505837,ORD-107117,PRD2114,2,177.97,355.94,NGN
OL505838,ORD-104998,PRD2186,3,296.41,889.23,EUR
OL505839,ORD-101448,PRD2063,4,191.36,765.44,GBP
OL505840,ORD-101992,PRD2080,3,143.39,430.17,GBP
OL505841,ORD-104111,PRD2197,999,256.22,255963.78,USD
OL505842,ORD-102455,PRD2213,0,481.56,,USD
OL505843,ORD-103351,PRD2031,2,$317.04,634.08,GBP
OL505844,ORD-105108,PRD2100,5,343.62,1718.1,EUR
OL505845,ORD-103057,PRD2188,0,417.8,,NGN
OL505846,ORD-104969,PRD2201,-1,192.86,,usd
OL505847,ORD-106320,PRD2110,4,108.04,432.16,US Dollar
OL505848,ORD-100580,PRD2028,2,199.69,399.38,USD
OL505849,ORD-105234,PRD2100,1,55.98,55.98,NGN
OL505850,ORD-100280,PRD2235,0,$172.49,,USD
OL505851,ORD-107802,PRD2007,999,32.71,32677.29,NGN
OL505852,ORD-104331,PRD2092,2,423.98,847.96,GBP
OL505853,ORD-102379,PRD2079,3,$331.13,993.39,GBP
OL505854,ORD-100849,PRD2165,0,488.24,,usd
OL505855,ORD-105878,PRD2047,-1,82.27,,EUR
OL505856,ORD-104799,PRD2076,3,$495.83,1487.49,USD
OL505857,ORD-103272,PRD2036,1,207.07,207.07,US Dollar
OL505858,ORD-107589,PRD2189,0,13.35,,usd
OL505859,ORD-106601,PRD2049,2,175.76,351.52,EUR
OL505860,ORD-102332,PRD2119,5,71.98,359.9,USD
OL505861,ORD-106452,PRD2056,1,427.58,427.58,EUR
OL505862,ORD-102132,PRD2119,5,296.02,1480.1,EUR
OL505863,ORD-106494,PRD2106,2,35.25,70.5,USD
OL505864,ORD-105412,PRD2113,4,193.78,775.12,NGN
OL505865,ORD-108060,PRD2207,4,$192.9,771.6,NGN
OL505866,ORD-107336,PRD2221,999,$357.66,357302.34,EUR
OL505867,ORD-101003,PRD2088,4,10.18,40.72,NGN
OL505868,ORD-102327,PRD2173,5,433.11,2165.55,GBP
OL505869,ORD-105911,PRD2128,1,$277.64,277.64,US Dollar
OL505870,ORD-105239,PRD2077,5,81.25,406.25,GBP
OL505871,ORD-101965,PRD2178,1,436.74,436.74,usd
OL505872,ORD-103601,PRD2067,0,424.04,,NGN
OL505873,ORD-103113,PRD2002,3,$399.21,1197.63,usd
OL505874,ORD-101541,PRD2016,2,144.19,288.38,usd
OL505875,ORD-105462,PRD9198,3,269.24,807.72,NGN
OL505876,ORD-107308,PRD2190,999,270.62,270349.38,EUR
OL505877,ORD-107466,PRD2067,3,401.15,1203.45,GBP
OL505878,ORD-101334,PRD2227,4,185.99,743.96,EUR
OL505879,ORD-101123,PRD2015,3,88.03,264.09,US Dollar
OL505880,ORD-104347,PRD2067,2,80.82,161.64,USD
OL505881,ORD-103965,PRD2015,1,$330.38,330.38,USD
OL505882,ORD-105483,PRD2029,2,252.41,504.82,USD
OL505883,ORD-107841,PRD2039,1,307.95,307.95,USD
OL505884,ORD-102419,PRD2102,2,455.14,910.28,USD
OL505885,ORD-102670,PRD2193,1,17.62,17.62,US Dollar
OL505886,ORD-102271,PRD2185,3,169.06,507.18,usd
OL505887,ORD-103898,PRD2180,999,346.07,345723.93,usd
OL505888,ORD-100895,PRD2107,2,485.87,971.74,NGN
OL505889,ORD-103099,PRD2123,4,$45.07,180.28,NGN
OL505890,ORD-105496,PRD2205,999,50.96,50909.04,US Dollar
OL505891,ORD-108760,PRD2246,4,292.52,1170.08,GBP
OL505892,ORD-102521,PRD2047,1,275.33,275.33,NGN
OL505893,ORD-101478,PRD2178,3,306.08,918.24,US Dollar
OL505894,ORD-104229,PRD2189,-1,272.08,,US Dollar
OL505895,ORD-107393,PRD2005,5,187.19,935.95,USD
OL505896,ORD-107389,PRD2157,4,414.84,1659.36,EUR
OL505897,ORD-104575,PRD2011,1,97.77,97.77,USD
OL505898,ORD-103510,PRD2022,4,$254.43,1017.72,GBP
OL505899,ORD-108228,PRD2223,4,272.56,1090.24,USD
OL505900,ORD-103419,PRD2111,5,327.54,1637.7,NGN
OL505901,ORD-103259,PRD2166,5,324.33,1621.65,EUR
OL505902,ORD-100856,PRD2042,0,388.31,,USD
OL505903,ORD-103399,PRD2061,4,158.4,633.6,EUR
OL505904,ORD-101575,PRD2085,999,412.53,412117.47,NGN
OL505905,ORD-100427,PRD2104,5,462.75,2313.75,NGN
OL505906,ORD-105284,PRD2102,1,$35.61,35.61,NGN
OL505907,ORD-108123,PRD2105,2,67.5,135.0,US Dollar
OL505908,ORD-104789,PRD2069,2,$488.76,977.52,GBP
OL505909,ORD-101763,PRD2154,4,256.45,1025.8,USD
OL505910,ORD-104620,PRD2250,4,$306.57,1226.28,NGN
OL505911,ORD-101485,PRD2123,2,393.05,786.1,NGN
OL505912,ORD-100171,PRD2102,4,202.61,810.44,NGN
OL505913,ORD-104398,PRD2110,2,145.09,290.18,EUR
OL505914,ORD-108720,PRD2079,0,310.6,,USD
OL505915,ORD-106617,PRD2121,2,322.15,644.3,NGN
OL505916,ORD-103351,PRD2094,2,452.61,905.22,GBP
OL505917,ORD-100824,PRD2164,1,80.86,80.86,GBP
OL505918,ORD-106911,PRD2221,1,254.43,254.43,EUR
OL505919,ORD-103199,PRD2024,1,362.72,362.72,GBP
OL505920,ORD-100341,PRD2179,0,264.17,,GBP
OL505921,ORD-100302,PRD2215,999,109.31,109200.69,GBP
OL505922,ORD-101999,PRD2010,5,449.03,2245.15,GBP
OL505923,ORD-101128,PRD2087,4,$412.81,1651.24,GBP
OL505924,ORD-106025,PRD2230,4,468.96,1875.84,usd
OL505925,ORD-105267,PRD2097,5,60.29,301.45,EUR
OL505926,ORD-101061,PRD2181,5,49.04,245.2,GBP
OL505927,ORD-100958,PRD2104,1,374.64,374.64,NGN
OL505928,ORD-107415,PRD2021,999,205.56,205354.44,NGN
OL505929,ORD-100091,PRD2213,999,114.13,114015.87,NGN
OL505930,ORD-105898,PRD2201,5,26.52,132.6,GBP
OL505931,ORD-104938,PRD2005,2,127.98,255.96,usd
OL505932,ORD-107044,PRD2235,2,233.33,466.66,EUR
OL505933,ORD-106598,PRD2220,1,246.89,246.89,USD
OL505934,ORD-101766,PRD2040,999,$39.42,39380.58,EUR
OL505935,ORD-105423,PRD2014,5,343.16,1715.8,GBP
OL505936,ORD-104831,PRD2013,0,$73.62,,USD
OL505937,ORD-101649,PRD2006,5,113.52,567.6,NGN
OL505938,ORD-108539,PRD2107,3,410.48,1231.44,NGN
OL505939,ORD-107234,PRD2046,4,389.21,1556.84,GBP
OL505940,ORD-106655,PRD2022,3,113.65,340.95,USD
OL505941,ORD-106883,PRD2018,999,$241.7,241458.3,GBP
OL505942,ORD-101042,PRD2218,0,194.34,,GBP
OL505943,ORD-106996,PRD2165,999,18.53,18511.47,usd
OL505944,ORD-106569,PRD2005,2,409.59,819.18,GBP
OL505945,ORD-105143,PRD2217,-1,234.17,,EUR
OL505946,ORD-105127,PRD2034,999,194.37,194175.63,GBP
OL505947,ORD-101130,PRD2138,5,136.64,683.2,GBP
OL505948,ORD-105882,PRD2230,1,454.63,454.63,NGN
OL505949,ORD-101592,PRD2029,3,301.7,905.1,NGN
OL505950,ORD-101057,PRD2002,3,310.67,932.01,usd
OL505951,ORD-107451,PRD2068,-1,77.02,,US Dollar
OL505952,ORD-108583,PRD2098,3,279.75,839.25,US Dollar
OL505953,ORD-102484,PRD2063,4,320.17,1280.68,NGN
OL505954,ORD-105833,PRD2080,5,$463.82,2319.1,USD
OL505955,ORD-108859,PRD2028,2,30.32,60.64,usd
OL505956,ORD-106314,PRD2136,5,345.76,1728.8,NGN
OL505957,ORD-107245,PRD2155,-1,320.3,,NGN
OL505958,ORD-108147,PRD2146,999,320.98,320659.02,usd
OL505959,ORD-104259,PRD2170,4,86.39,345.56,US Dollar
OL505960,ORD-106946,PRD2095,999,387.35,386962.65,GBP
OL505961,ORD-100822,PRD2136,1,103.51,103.51,USD
OL505962,ORD-104880,PRD2020,2,263.18,526.36,GBP
OL505963,ORD-101296,PRD2215,4,104.45,417.8,usd
OL505964,ORD-101970,PRD2024,3,319.95,959.85,usd
OL505965,ORD-104404,PRD2018,1,120.13,120.13,US Dollar
OL505966,ORD-105370,PRD2153,1,289.12,289.12,EUR
OL505967,ORD-107695,PRD2155,2,192.0,384.0,USD
OL505968,ORD-105449,PRD2177,999,$225.76,225534.24,usd
OL505969,ORD-107660,PRD2093,0,427.68,,USD
OL505970,ORD-107234,PRD2240,1,286.66,286.66,EUR
OL505971,ORD-101709,PRD2121,0,473.92,,USD
OL505972,ORD-102686,PRD2076,2,492.1,984.2,EUR
OL505973,ORD-107522,PRD2028,0,205.52,,usd
OL505974,ORD-107537,PRD2053,5,243.88,1219.4,EUR
OL505975,ORD-104216,PRD2024,4,233.97,935.88,NGN
OL505976,ORD-106583,PRD2096,2,382.99,765.98,US Dollar
OL505977,ORD-104421,PRD2205,999,359.81,359450.19,USD
OL505978,ORD-102749,PRD2238,4,349.96,1399.84,NGN
OL505979,ORD-106802,PRD2128,-1,250.91,,NGN
OL505980,ORD-103449,PRD2086,5,24.89,124.45,GBP
OL505981,ORD-106657,PRD2166,3,186.01,558.03,GBP
OL505982,ORD-106281,PRD2221,0,223.64,,EUR
OL505983,ORD-106700,PRD2198,3,$245.46,736.38,USD
OL505984,ORD-103360,PRD2239,2,416.02,832.04,usd
OL505985,ORD-107680,PRD2076,2,147.92,295.84,EUR
OL505986,ORD-107126,PRD2139,0,$153.22,,usd
OL505987,ORD-101178,PRD2239,4,218.6,874.4,EUR
OL505988,ORD-102852,PRD2250,3,272.93,818.79,USD
OL505989,ORD-107772,PRD2104,-1,139.5,,US Dollar
OL505990,ORD-106765,PRD2078,3,254.85,764.55,EUR
OL505991,ORD-105377,PRD2170,4,313.0,1252.0,NGN
OL505992,ORD-105755,PRD2241,3,191.14,573.42,GBP
OL505993,ORD-103095,PRD2007,2,11.29,22.58,NGN
OL505994,ORD-103597,PRD2164,2,$373.29,746.58,NGN
OL505995,ORD-106563,PRD2221,3,369.47,1108.41,usd
OL505996,ORD-105399,PRD2163,5,390.13,1950.65,NGN
OL505997,ORD-100961,PRD2206,2,68.14,136.28,NGN
OL505998,ORD-100953,PRD2233,0,16.17,,US Dollar
OL505999,ORD-105458,PRD2106,4,225.63,902.52,GBP
OL506000,ORD-106072,PRD2047,4,47.92,191.68,usd
OL506001,ORD-105161,PRD2144,5,179.96,899.8,NGN
OL506002,ORD-103868,PRD2099,2,$379.18,758.36,usd
OL506003,ORD-102384,PRD2027,2,167.56,335.12,EUR
OL506004,ORD-108635,PRD2018,1,271.06,271.06,usd
OL506005,ORD-105424,PRD2070,1,236.1,236.1,GBP
OL506006,ORD-106794,PRD2023,4,406.72,1626.88,GBP
OL506007,ORD-106573,PRD2243,3,284.93,854.79,USD
OL506008,ORD-107167,PRD2232,3,361.41,1084.23,EUR
OL506009,ORD-100835,PRD2212,5,241.62,1208.1,usd
OL506010,ORD-105947,PRD2149,-1,223.98,,EUR
OL506011,ORD-106297,PRD2023,2,$94.19,188.38,USD
OL506012,ORD-108901,PRD2068,5,394.64,1973.2,GBP
OL506013,ORD-102233,PRD2194,0,222.9,,GBP
OL506014,ORD-101900,PRD2184,2,351.72,703.44,US Dollar
OL506015,ORD-102491,PRD2231,4,$179.62,718.48,usd
OL506016,ORD-105554,PRD2105,3,345.63,1036.89,usd
OL506017,ORD-105811,PRD2095,1,$153.54,153.54,NGN
OL506018,ORD-104699,PRD2222,3,499.85,1499.55,usd
OL506019,ORD-106188,PRD2066,3,160.19,480.57,NGN
OL506020,ORD-106027,PRD2128,1,43.16,43.16,NGN
OL506021,ORD-104638,PRD2041,2,250.26,500.52,usd
OL506022,ORD-102248,PRD2099,5,200.82,1004.1,US Dollar
OL506023,ORD-100269,PRD2150,2,140.08,280.16,USD
OL506024,ORD-102998,PRD2078,1,12.47,12.47,usd
OL506025,ORD-107919,PRD2225,1,467.51,467.51,USD
OL506026,ORD-106426,PRD2176,5,$169.35,846.75,USD
OL506027,ORD-108528,PRD2110,999,240.77,240529.23,NGN
OL506028,ORD-102256,PRD2151,5,453.0,2265.0,USD
OL506029,ORD-106500,PRD2060,2,286.15,572.3,US Dollar
OL506030,ORD-108588,PRD2027,2,$247.39,494.78,GBP
OL506031,ORD-102492,PRD2149,5,$96.48,482.4,GBP
OL506032,ORD-105386,PRD2197,0,200.6,,EUR
OL506033,ORD-108627,PRD2243,999,473.84,473366.16,usd
OL506034,ORD-104724,PRD2105,2,330.07,660.14,usd
OL506035,ORD-106960,PRD2200,2,$253.55,507.1,USD
OL506036,ORD-100495,PRD2108,2,139.64,279.28,EUR
OL506037,ORD-101539,PRD2066,999,82.58,82497.42,GBP
OL506038,ORD-104620,PRD2147,0,$135.78,,GBP
OL506039,ORD-102485,PRD2235,4,171.85,687.4,usd
OL506040,ORD-106842,PRD2047,3,104.97,314.91,EUR
OL506041,ORD-100306,PRD2062,-1,280.55,,US Dollar
OL506042,ORD-107083,PRD2101,3,395.3,1185.9,USD
OL506043,ORD-106441,PRD2112,-1,223.91,,US Dollar
OL506044,ORD-105065,PRD2007,2,316.13,632.26,GBP
OL506045,ORD-102956,PRD2056,999,30.27,30239.73,NGN
OL506046,ORD-101633,PRD2238,2,$24.2,48.4,GBP
OL506047,ORD-107414,PRD2096,5,25.5,127.5,usd
OL506048,ORD-107007,PRD2091,3,421.0,1263.0,NGN
OL506049,ORD-107460,PRD2043,1,311.15,311.15,US Dollar
OL506050,ORD-103323,PRD2019,3,210.02,630.06,usd
OL506051,ORD-103056,PRD2053,3,139.91,419.73,GBP
OL506052,ORD-105947,PRD2011,999,304.03,303725.97,usd
OL506053,ORD-101021,PRD2072,0,$285.9,,usd
OL506054,ORD-100933,PRD2213,3,458.75,1376.25,GBP
OL506055,ORD-107807,PRD2064,1,330.38,330.38,GBP
OL506056,ORD-106919,PRD2140,2,352.94,705.88,EUR
OL506057,ORD-108288,PRD2162,1,380.98,380.98,usd
OL506058,ORD-108153,PRD2007,4,220.84,883.36,GBP
OL506059,ORD-100666,PRD2050,1,113.29,113.29,usd
OL506060,ORD-103294,PRD2146,1,153.52,153.52,NGN
OL506061,ORD-103949,PRD2181,0,381.58,,USD
OL506062,ORD-102103,PRD2142,3,454.04,1362.12,US Dollar
OL506063,ORD-102435,PRD2178,4,315.25,1261.0,GBP
OL506064,ORD-103563,PRD2210,999,81.6,81518.4,usd
OL506065,ORD-105404,PRD2161,0,69.85,,USD
OL506066,ORD-107635,PRD2142,2,140.64,281.28,GBP
OL506067,ORD-106588,PRD2114,2,449.81,899.62,US Dollar
OL506068,ORD-104188,PRD2196,1,475.13,475.13,US Dollar
OL506069,ORD-104048,PRD2096,0,15.92,,USD
OL506070,ORD-101531,PRD2194,4,$162.83,651.32,GBP
OL506071,ORD-101181,PRD2138,1,182.25,182.25,usd
OL506072,ORD-108435,PRD2095,1,$146.91,146.91,usd
OL506073,ORD-108966,PRD2199,3,314.4,943.2,GBP
OL506074,ORD-102958,PRD2044,3,241.99,725.97,USD
OL506075,ORD-101809,PRD2049,0,373.32,,US Dollar
OL506076,ORD-107387,PRD2099,1,216.69,216.69,NGN
OL506077,ORD-102790,PRD2205,999,143.5,143356.5,usd
OL506078,ORD-101865,PRD2203,4,448.19,1792.76,EUR
OL506079,ORD-107132,PRD2171,1,271.37,271.37,EUR
OL506080,ORD-100565,PRD2234,3,487.74,1463.22,EUR
OL506081,ORD-101519,PRD2113,2,461.74,923.48,US Dollar
OL506082,ORD-103618,PRD2147,4,17.82,71.28,usd
OL506083,ORD-107934,PRD2190,1,348.78,348.78,EUR
OL506084,ORD-105374,PRD2145,2,197.2,394.4,NGN
OL506085,ORD-107519,PRD2174,1,44.93,44.93,NGN
OL506086,ORD-104642,PRD2155,5,277.64,1388.2,EUR
OL506087,ORD-105562,PRD2108,1,424.19,424.19,GBP
OL506088,ORD-108684,PRD2050,5,$461.79,2308.95,NGN
OL506089,ORD-100281,PRD2179,5,349.94,1749.7,usd
OL506090,ORD-101966,PRD2002,999,84.62,84535.38,usd
OL506091,ORD-103782,PRD2027,-1,$185.82,,EUR
OL506092,ORD-108757,PRD2226,999,300.33,300029.67,GBP
OL506093,ORD-103622,PRD2188,0,$438.99,,EUR
OL506094,ORD-101548,PRD2153,1,47.91,47.91,EUR
OL506095,ORD-101786,PRD2047,3,274.72,824.16,EUR
OL506096,ORD-105816,PRD2047,3,193.09,579.27,GBP
OL506097,ORD-105126,PRD2170,2,322.84,645.68,US Dollar
OL506098,ORD-106689,PRD2230,5,221.29,1106.45,EUR
OL506099,ORD-101451,PRD2192,2,$136.5,273.0,EUR
OL506100,ORD-104240,PRD9183,4,431.69,1726.76,GBP
OL506101,ORD-102065,PRD2208,1,389.25,389.25,GBP
OL506102,ORD-105860,PRD2113,999,238.69,238451.31,EUR
OL506103,ORD-104450,PRD2162,5,317.38,1586.9,EUR
OL506104,ORD-105472,PRD2163,1,149.57,149.57,EUR
OL506105,ORD-105947,PRD2247,5,215.98,1079.9,GBP
OL506106,ORD-104683,PRD2129,5,128.23,641.15,US Dollar
OL506107,ORD-108393,PRD2187,2,135.48,270.96,US Dollar
OL506108,ORD-108336,PRD2100,2,228.73,457.46,EUR
OL506109,ORD-108679,PRD2015,4,354.68,1418.72,NGN
OL506110,ORD-102295,PRD2024,5,469.47,2347.35,usd
OL506111,ORD-105330,PRD2154,4,85.4,341.6,usd
OL506112,ORD-108820,PRD2234,3,100.39,301.17,US Dollar
OL506113,ORD-108323,PRD2056,999,301.48,301178.52,GBP
OL506114,ORD-106889,PRD2106,2,174.81,349.62,USD
OL506115,ORD-102729,PRD2081,4,387.93,1551.72,EUR
OL506116,ORD-106919,PRD2014,4,203.88,815.52,NGN
OL506117,ORD-100050,PRD2078,3,206.66,619.98,US Dollar
OL506118,ORD-101577,PRD2150,2,448.53,897.06,NGN
OL506119,ORD-107849,PRD2199,3,95.74,287.22,usd
OL506120,ORD-102892,PRD2177,1,232.03,232.03,usd
OL506121,ORD-102213,PRD2195,4,313.48,1253.92,NGN
OL506122,ORD-108369,PRD2221,5,219.28,1096.4,USD
OL506123,ORD-108436,PRD2019,3,$75.07,225.21,NGN
OL506124,ORD-103019,PRD2122,2,406.68,813.36,usd
OL506125,ORD-105629,PRD2248,3,240.03,720.09,usd
OL506126,ORD-100445,PRD2169,999,13.14,13126.86,NGN
OL506127,ORD-101801,PRD2130,3,258.04,774.12,usd
OL506128,ORD-105458,PRD2087,1,293.66,293.66,NGN
OL506129,ORD-106045,PRD2180,5,327.43,1637.15,GBP
OL506130,ORD-105401,PRD2153,-1,280.01,,USD
OL506131,ORD-108513,PRD2050,2,391.94,783.88,usd
OL506132,ORD-100173,PRD2004,3,24.5,73.5,EUR
OL506133,ORD-107163,PRD2102,5,$23.02,115.1,US Dollar
OL506134,ORD-105109,PRD2219,0,430.32,,US Dollar
OL506135,ORD-106504,PRD2100,1,491.32,491.32,EUR
OL506136,ORD-107197,PRD2117,4,$383.96,1535.84,US Dollar
OL506137,ORD-106641,PRD2199,5,404.63,2023.15,US Dollar
OL506138,ORD-103057,PRD2143,1,293.62,293.62,usd
OL506139,ORD-101409,PRD2249,-1,381.11,,EUR
OL506140,ORD-108487,PRD2028,5,99.99,499.95,USD
OL506141,ORD-108888,PRD2149,2,409.61,819.22,NGN
OL506142,ORD-100861,PRD2007,5,336.39,1681.95,USD
OL506143,ORD-105595,PRD2111,999,344.37,344025.63,US Dollar
OL506144,ORD-105033,PRD2022,2,357.47,714.94,GBP
OL506145,ORD-106654,PRD2032,5,499.12,2495.6,NGN
OL506146,ORD-108658,PRD2144,4,204.65,818.6,NGN
OL506147,ORD-108907,PRD2147,5,429.88,2149.4,EUR
OL506148,ORD-105554,PRD2125,-1,190.85,,GBP
OL506149,ORD-101228,PRD2191,0,$391.03,,EUR
OL506150,ORD-104090,PRD2113,4,287.65,1150.6,USD
OL506151,ORD-101478,PRD2024,5,224.75,1123.75,GBP
OL506152,ORD-108242,PRD2130,4,$166.96,667.84,NGN
OL506153,ORD-106575,PRD2037,3,293.09,879.27,NGN
OL506154,ORD-106800,PRD2111,1,81.85,81.85,NGN
OL506155,ORD-102562,PRD2133,999,388.27,387881.73,NGN
OL506156,ORD-108542,PRD2051,1,191.35,191.35,usd
OL506157,ORD-108205,PRD2203,2,188.17,376.34,USD
OL506158,ORD-107828,PRD2148,999,221.28,221058.72,US Dollar
OL506159,ORD-102769,PRD2087,2,29.53,59.06,EUR
OL506160,ORD-105660,PRD2022,2,161.14,322.28,usd
OL506161,ORD-107153,PRD2179,999,362.84,362477.16,GBP
OL506162,ORD-108827,PRD2073,2,36.3,72.6,US Dollar
OL506163,ORD-100269,PRD2006,3,72.27,216.81,NGN
OL506164,ORD-103707,PRD2099,2,121.93,243.86,EUR
OL506165,ORD-102470,PRD2141,5,$210.09,1050.45,EUR
OL506166,ORD-101695,PRD2045,-1,312.41,,usd
OL506167,ORD-105152,PRD2069,1,$252.33,252.33,usd
OL506168,ORD-101705,PRD2191,0,123.59,,NGN
OL506169,ORD-105107,PRD2053,4,241.29,965.16,usd
OL506170,ORD-101582,PRD2158,3,337.99,1013.97,USD
OL506171,ORD-105524,PRD2134,1,84.19,84.19,usd
OL506172,ORD-108300,PRD2085,0,147.35,,NGN
OL506173,ORD-103846,PRD2061,-1,259.92,,US Dollar
OL506174,ORD-106723,PRD2140,999,140.39,140249.61,EUR
OL506175,ORD-105114,PRD2207,1,274.87,274.87,US Dollar
OL506176,ORD-101084,PRD2046,1,355.2,355.2,NGN
OL506177,ORD-100267,PRD2063,999,58.08,58021.92,NGN
OL506178,ORD-104112,PRD2140,5,123.62,618.1,EUR
OL506179,ORD-105347,PRD2006,1,393.11,393.11,EUR
OL506180,ORD-108771,PRD2138,2,$154.56,309.12,NGN
OL506181,ORD-106645,PRD2117,5,344.63,1723.15,usd
OL506182,ORD-100840,PRD2174,0,353.09,,USD
OL506183,ORD-105266,PRD2020,1,374.21,374.21,EUR
OL506184,ORD-106877,PRD2034,1,3.76,3.76,usd
OL506185,ORD-103306,PRD2225,3,276.05,828.15,usd
OL506186,ORD-106639,PRD2141,4,$277.55,1110.2,GBP
OL506187,ORD-100418,PRD2168,3,292.05,876.15,EUR
OL506188,ORD-103227,PRD2001,3,482.95,1448.85,usd
OL506189,ORD-108315,PRD2245,2,332.69,665.38,USD
OL506190,ORD-103529,PRD2193,5,10.24,51.2,US Dollar
OL506191,ORD-100565,PRD2070,5,3.63,18.15,GBP
OL506192,ORD-106755,PRD2197,999,240.12,239879.88,usd
OL506193,ORD-101593,PRD2205,0,160.16,,US Dollar
OL506194,ORD-108242,PRD2237,3,101.76,305.28,usd
OL506195,ORD-106928,PRD2053,999,334.65,334315.35,usd
OL506196,ORD-108428,PRD2181,5,378.06,1890.3,NGN
OL506197,ORD-107282,PRD2133,5,258.24,1291.2,GBP
OL506198,ORD-102291,PRD2029,2,$220.22,440.44,USD
OL506199,ORD-102400,PRD2111,1,108.4,108.4,NGN
OL506200,ORD-108698,PRD2056,1,40.37,40.37,USD
OL506201,ORD-108230,PRD2159,3,409.8,1229.4,usd
OL506202,ORD-105728,PRD2178,4,25.57,102.28,USD
OL506203,ORD-101481,PRD2139,1,64.4,64.4,US Dollar
OL506204,ORD-102246,PRD2141,4,103.35,413.4,usd
OL506205,ORD-107260,PRD2120,3,76.08,228.24,EUR
OL506206,ORD-105684,PRD2228,1,$208.91,208.91,USD
OL506207,ORD-107447,PRD2228,3,361.42,1084.26,USD
OL506208,ORD-107974,PRD2153,2,256.93,513.86,EUR
OL506209,ORD-106234,PRD2241,3,231.58,694.74,USD
OL506210,ORD-108300,PRD2219,2,$191.06,382.12,EUR
OL506211,ORD-104070,PRD2166,999,279.9,279620.1,GBP
OL506212,ORD-102325,PRD2042,1,369.98,369.98,EUR
OL506213,ORD-104969,PRD2160,2,$241.59,483.18,EUR
OL506214,ORD-102692,PRD2149,4,299.94,1199.76,EUR
OL506215,ORD-108951,PRD2141,2,138.31,276.62,EUR
OL506216,ORD-105594,PRD2179,4,345.73,1382.92,USD
OL506217,ORD-101265,PRD2146,4,488.04,1952.16,usd
OL506218,ORD-100918,PRD2068,2,211.12,422.24,NGN
OL506219,ORD-101087,PRD2001,3,34.46,103.38,GBP
OL506220,ORD-101542,PRD2086,-1,331.7,,usd
OL506221,ORD-102166,PRD2054,5,23.16,115.8,NGN
OL506222,ORD-102634,PRD2110,0,345.75,,NGN
OL506223,ORD-103780,PRD2218,3,51.98,155.94,EUR
OL506224,ORD-101771,PRD2038,1,18.96,18.96,EUR
OL506225,ORD-100679,PRD2005,1,228.58,228.58,GBP
OL506226,ORD-102577,PRD2204,2,225.26,450.52,GBP
OL506227,ORD-106607,PRD2043,4,58.9,235.6,usd
OL506228,ORD-104973,PRD2137,5,451.75,2258.75,GBP
OL506229,ORD-102734,PRD2154,5,61.88,309.4,USD
OL506230,ORD-107875,PRD2250,2,411.39,822.78,EUR
OL506231,ORD-101933,PRD2220,999,$318.39,318071.61,NGN
OL506232,ORD-100755,PRD2158,4,106.71,426.84,USD
OL506233,ORD-106452,PRD2158,999,197.62,197422.38,EUR
OL506234,ORD-107666,PRD2094,4,283.84,1135.36,NGN
OL506235,ORD-103113,PRD2226,4,305.87,1223.48,GBP
OL506236,ORD-105767,PRD2154,2,21.27,42.54,EUR
OL506237,ORD-100649,PRD2056,3,259.69,779.07,EUR
OL506238,ORD-107896,PRD2092,999,114.02,113905.98,usd
OL506239,ORD-105305,PRD2125,2,$22.8,45.6,GBP
OL506240,ORD-107585,PRD2188,999,378.7,378321.3,USD
OL506241,ORD-100242,PRD2241,999,65.42,65354.58,usd
OL506242,ORD-100331,PRD2019,-1,$253.07,,EUR
OL506243,ORD-102129,PRD2032,1,400.01,400.01,GBP
OL506244,ORD-108407,PRD2196,2,224.26,448.52,GBP
OL506245,ORD-103052,PRD2090,1,58.83,58.83,US Dollar
OL506246,ORD-104767,PRD2011,3,46.4,139.2,NGN
OL506247,ORD-107146,PRD2124,1,228.41,228.41,USD
OL506248,ORD-106091,PRD2071,3,458.16,1374.48,US Dollar
OL506249,ORD-106072,PRD2211,999,10.39,10379.61,US Dollar
OL506250,ORD-104616,PRD2132,1,$465.91,465.91,USD
OL506251,ORD-103561,PRD2046,4,87.3,349.2,usd
OL506252,ORD-103325,PRD2247,4,132.34,529.36,NGN
OL506253,ORD-104724,PRD2128,-1,286.31,,GBP
OL506254,ORD-108048,PRD2182,5,39.59,197.95,USD
OL506255,ORD-102667,PRD2017,1,155.22,155.22,USD
OL506256,ORD-102604,PRD2062,4,369.69,1478.76,GBP
OL506257,ORD-105386,PRD2103,3,474.18,1422.54,usd
OL506258,ORD-100855,PRD2151,1,357.04,357.04,usd
OL506259,ORD-100182,PRD2110,999,$316.39,316073.61,GBP
OL506260,ORD-100571,PRD2010,3,$39.13,117.39,NGN
OL506261,ORD-101929,PRD2168,3,468.38,1405.14,EUR
OL506262,ORD-103616,PRD2117,5,90.12,450.6,usd
OL506263,ORD-106145,PRD2158,3,90.81,272.43,EUR
OL506264,ORD-101769,PRD2008,999,384.48,384095.52,usd
OL506265,ORD-108411,PRD2166,-1,$313.52,,US Dollar
OL506266,ORD-101883,PRD2104,5,129.2,646.0,usd
OL506267,ORD-103750,PRD2142,-1,38.18,,USD
OL506268,ORD-106719,PRD2229,0,351.08,,NGN
OL506269,ORD-101159,PRD2059,3,413.46,1240.38,NGN
OL506270,ORD-100442,PRD2093,4,25.92,103.68,usd
OL506271,ORD-106854,PRD2173,-1,$331.67,,GBP
OL506272,ORD-107886,PRD2196,4,170.44,681.76,GBP
OL506273,ORD-108733,PRD2152,1,95.59,95.59,EUR
OL506274,ORD-100524,PRD2035,2,197.04,394.08,usd
OL506275,ORD-103846,PRD2093,2,118.89,237.78,NGN
OL506276,ORD-100704,PRD2247,1,204.07,204.07,GBP
OL506277,ORD-100718,PRD2111,1,260.09,260.09,USD
OL506278,ORD-103727,PRD2095,2,369.25,738.5,USD
OL506279,ORD-103440,PRD2225,2,389.97,779.94,USD
OL506280,ORD-106633,PRD2172,5,$472.69,2363.45,EUR
OL506281,ORD-101432,PRD2018,2,295.57,591.14,USD
OL506282,ORD-107263,PRD2196,0,169.39,,USD
OL506283,ORD-101443,PRD2136,1,$420.81,420.81,usd
OL506284,ORD-107968,PRD2244,5,229.67,1148.35,NGN
OL506285,ORD-104779,PRD2101,5,295.79,1478.95,usd
OL506286,ORD-103528,PRD2176,-1,455.96,,USD
OL506287,ORD-100570,PRD2169,3,464.05,1392.15,USD
OL506288,ORD-100197,PRD2064,-1,$160.89,,USD
OL506289,ORD-102003,PRD2095,-1,362.45,,EUR
OL506290,ORD-108859,PRD2171,-1,476.68,,US Dollar
OL506291,ORD-102124,PRD2236,5,241.78,1208.9,GBP
OL506292,ORD-107889,PRD2062,5,203.12,1015.6,EUR
OL506293,ORD-104589,PRD2013,2,341.46,682.92,EUR
OL506294,ORD-105984,PRD2227,4,71.46,285.84,EUR
OL506295,ORD-105218,PRD2139,0,$282.79,,GBP
OL506296,ORD-104528,PRD2076,3,338.88,1016.64,USD
OL506297,ORD-101758,PRD2075,-1,270.34,,USD
OL506298,ORD-106955,PRD2248,0,300.06,,NGN
OL506299,ORD-108668,PRD2054,-1,69.85,,usd
OL506300,ORD-106942,PRD2248,999,$20.56,20539.44,US Dollar
OL506301,ORD-100308,PRD2220,4,151.28,605.12,GBP
OL506302,ORD-104503,PRD2218,999,404.98,404575.02,usd
OL506303,ORD-103731,PRD2248,0,426.3,,NGN
OL506304,ORD-100334,PRD2239,5,317.33,1586.65,USD
OL506305,ORD-107491,PRD2019,1,$62.72,62.72,EUR
OL506306,ORD-106983,PRD2247,0,388.25,,usd
OL506307,ORD-108302,PRD2189,999,217.56,217342.44,USD
OL506308,ORD-108407,PRD2156,5,382.48,1912.4,USD
OL506309,ORD-105124,PRD2094,3,$34.89,104.67,USD
OL506310,ORD-101635,PRD2076,0,203.83,,GBP
OL506311,ORD-103956,PRD2187,1,402.91,402.91,EUR
OL506312,ORD-101694,PRD2246,2,189.77,379.54,GBP
OL506313,ORD-100098,PRD2138,999,137.88,137742.12,GBP
OL506314,ORD-101764,PRD2196,1,388.65,388.65,US Dollar
OL506315,ORD-104771,PRD2163,4,340.14,1360.56,USD
OL506316,ORD-100638,PRD2088,1,471.95,471.95,EUR
OL506317,ORD-101995,PRD2204,3,189.33,567.99,NGN
OL506318,ORD-101239,PRD2027,3,46.81,140.43,GBP
OL506319,ORD-104243,PRD2091,4,29.07,116.28,USD
OL506320,ORD-100415,PRD2103,2,48.77,97.54,GBP
OL506321,ORD-100784,PRD2076,-1,$420.64,,usd
OL506322,ORD-100065,PRD2040,1,206.23,206.23,US Dollar
OL506323,ORD-101724,PRD2070,1,269.75,269.75,EUR
OL506324,ORD-106605,PRD2190,5,230.72,1153.6,EUR
OL506325,ORD-103719,PRD2045,4,19.39,77.56,EUR
OL506326,ORD-103211,PRD2179,4,406.96,1627.84,US Dollar
OL506327,ORD-101398,PRD2119,3,408.07,1224.21,NGN
OL506328,ORD-105307,PRD2077,2,235.19,470.38,EUR
OL506329,ORD-106989,PRD2133,4,436.64,1746.56,usd
OL506330,ORD-103142,PRD2218,2,472.18,944.36,GBP
OL506331,ORD-106504,PRD2135,3,$59.39,178.17,NGN
OL506332,ORD-106911,PRD2152,5,102.66,513.3,GBP
OL506333,ORD-100231,PRD2187,999,453.02,452566.98,NGN
OL506334,ORD-107624,PRD2060,5,30.39,151.95,US Dollar
OL506335,ORD-102388,PRD2180,0,370.33,,EUR
OL506336,ORD-104673,PRD2199,4,151.4,605.6,EUR
OL506337,ORD-104559,PRD2066,3,76.62,229.86,US Dollar
OL506338,ORD-106266,PRD2232,-1,112.28,,US Dollar
OL506339,ORD-104388,PRD2235,999,164.36,164195.64,US Dollar
OL506340,ORD-108915,PRD2148,999,$339.47,339130.53,usd
OL506341,ORD-100451,PRD2184,5,262.92,1314.6,EUR
OL506342,ORD-108460,PRD2227,4,$433.23,1732.92,usd
OL506343,ORD-102195,PRD2010,999,324.98,324655.02,EUR
OL506344,ORD-106044,PRD2212,4,327.3,1309.2,usd
OL506345,ORD-105600,PRD2177,1,285.69,285.69,NGN
OL506346,ORD-101371,PRD2226,999,306.48,306173.52,US Dollar
OL506347,ORD-106449,PRD2095,-1,139.11,,US Dollar
OL506348,ORD-106376,PRD2198,4,$374.25,1497.0,GBP
OL506349,ORD-108193,PRD2188,2,403.51,807.02,EUR
OL506350,ORD-102332,PRD2018,4,468.24,1872.96,USD
OL506351,ORD-108275,PRD2196,5,$405.25,2026.25,NGN
OL506352,ORD-101512,PRD2238,2,334.95,669.9,NGN
OL506353,ORD-100844,PRD2246,-1,$230.77,,EUR
OL506354,ORD-105989,PRD2127,5,$6.7,33.5,EUR
OL506355,ORD-101668,PRD2140,4,145.48,581.92,usd
OL506356,ORD-100223,PRD2050,5,25.24,126.2,EUR
OL506357,ORD-106811,PRD2175,3,105.78,317.34,GBP
OL506358,ORD-106175,PRD2077,-1,29.42,,USD
OL506359,ORD-108445,PRD2190,4,332.65,1330.6,GBP
OL506360,ORD-101117,PRD2055,3,61.03,183.09,USD
OL506361,ORD-108452,PRD2057,3,61.84,185.52,US Dollar
OL506362,ORD-108878,PRD2202,2,15.66,31.32,usd
OL506363,ORD-103736,PRD2138,4,243.64,974.56,US Dollar
OL506364,ORD-107218,PRD2017,5,$147.77,738.85,NGN
OL506365,ORD-107297,PRD2164,5,443.59,2217.95,EUR
OL506366,ORD-103422,PRD2089,3,274.92,824.76,usd
OL506367,ORD-100420,PRD2211,2,$405.88,811.76,US Dollar
OL506368,ORD-103018,PRD2015,4,151.4,605.6,usd
OL506369,ORD-106119,PRD2230,-1,195.79,,GBP
OL506370,ORD-101391,PRD2055,1,258.89,258.89,USD
OL506371,ORD-103773,PRD2220,5,50.26,251.3,EUR
OL506372,ORD-104240,PRD2077,0,$247.81,,US Dollar
OL506373,ORD-101349,PRD2146,0,197.43,,EUR
OL506374,ORD-103613,PRD2011,1,$3.29,3.29,US Dollar
OL506375,ORD-108515,PRD2153,999,177.7,177522.3,US Dollar
OL506376,ORD-100476,PRD2087,5,238.43,1192.15,EUR
OL506377,ORD-101870,PRD2173,4,271.86,1087.44,USD
OL506378,ORD-108369,PRD2179,3,493.59,1480.77,USD
OL506379,ORD-107059,PRD2077,3,151.65,454.95,USD
OL506380,ORD-102441,PRD2037,-1,310.61,,US Dollar
OL506381,ORD-108773,PRD2118,3,492.26,1476.78,USD
OL506382,ORD-104310,PRD2145,5,392.17,1960.85,usd
OL506383,ORD-106037,PRD2034,3,480.68,1442.04,EUR
OL506384,ORD-101915,PRD2155,3,116.86,350.58,USD
OL506385,ORD-100228,PRD2190,-1,165.95,,NGN
OL506386,ORD-100326,PRD2203,2,380.26,760.52,USD
OL506387,ORD-106443,PRD2199,1,279.57,279.57,EUR
OL506388,ORD-103196,PRD2116,2,280.67,561.34,GBP
OL506389,ORD-105439,PRD2087,3,62.94,188.82,US Dollar
OL506390,ORD-100194,PRD2068,4,426.2,1704.8,US Dollar
OL506391,ORD-102654,PRD2178,5,$348.42,1742.1,GBP
OL506392,ORD-108238,PRD2135,1,70.57,70.57,EUR
OL506393,ORD-108607,PRD2128,4,219.99,879.96,USD
OL506394,ORD-103284,PRD2171,999,189.58,189390.42,usd
OL506395,ORD-104725,PRD2179,4,314.6,1258.4,NGN
OL506396,ORD-103569,PRD2168,4,155.2,620.8,US Dollar
OL506397,ORD-107535,PRD2042,3,177.99,533.97,USD
OL506398,ORD-108567,PRD2119,5,$329.33,1646.65,USD
OL506399,ORD-101054,PRD2146,3,149.82,449.46,GBP
OL506400,ORD-102977,PRD2073,2,176.49,352.98,USD
OL506401,ORD-105978,PRD2012,999,401.62,401218.38,EUR
OL506402,ORD-108134,PRD2160,5,366.08,1830.4,US Dollar
OL506403,ORD-105826,PRD2122,-1,255.36,,US Dollar
OL506404,ORD-103417,PRD2247,5,221.65,1108.25,NGN
OL506405,ORD-105963,PRD2055,3,257.82,773.46,GBP
OL506406,ORD-105913,PRD2114,999,43.34,43296.66,USD
OL506407,ORD-106043,PRD2168,2,$85.96,171.92,usd
OL506408,ORD-104799,PRD2096,1,287.89,287.89,usd
OL506409,ORD-107657,PRD2095,1,267.81,267.81,NGN
OL506410,ORD-106382,PRD2220,3,143.26,429.78,NGN
OL506411,ORD-107975,PRD2039,1,329.8,329.8,NGN
OL506412,ORD-102098,PRD2148,3,$32.12,96.36,GBP
OL506413,ORD-101318,PRD2189,1,$408.86,408.86,USD
OL506414,ORD-104536,PRD2052,999,116.63,116513.37,US Dollar
OL506415,ORD-107080,PRD2160,0,412.18,,US Dollar
OL506416,ORD-100658,PRD2245,-1,22.1,,US Dollar
OL506417,ORD-104380,PRD2240,3,77.49,232.47,EUR
OL506418,ORD-108239,PRD2239,1,219.23,219.23,EUR
OL506419,ORD-101098,PRD2145,4,387.27,1549.08,USD
OL506420,ORD-104075,PRD2171,5,483.74,2418.7,NGN
OL506421,ORD-106089,PRD2048,0,360.37,,USD
OL506422,ORD-107111,PRD2151,0,62.24,,USD
OL506423,ORD-100977,PRD2250,999,$320.99,320669.01,usd
OL506424,ORD-106329,PRD2092,-1,99.98,,US Dollar
OL506425,ORD-104332,PRD2248,5,128.04,640.2,NGN
OL506426,ORD-107166,PRD2006,1,399.6,399.6,EUR
OL506427,ORD-106903,PRD2227,2,350.96,701.92,US Dollar
OL506428,ORD-100740,PRD2240,2,207.96,415.92,usd
OL506429,ORD-102887,PRD9893,1,$11.3,11.3,EUR
OL506430,ORD-105820,PRD2167,-1,348.15,,GBP
OL506431,ORD-102789,PRD2128,5,95.14,475.7,GBP
OL506432,ORD-104224,PRD2201,5,125.06,625.3,GBP
OL506433,ORD-102685,PRD2125,0,209.64,,NGN
OL506434,ORD-100428,PRD2165,-1,58.59,,EUR
OL506435,ORD-106835,PRD2081,3,114.55,343.65,NGN
OL506436,ORD-106529,PRD2002,-1,260.08,,usd
OL506437,ORD-108212,PRD2120,999,126.25,126123.75,GBP
OL506438,ORD-100912,PRD2205,4,40.75,163.0,usd
OL506439,ORD-101882,PRD2185,3,167.61,502.83,NGN
OL506440,ORD-105259,PRD2072,3,441.77,1325.31,usd
OL506441,ORD-101977,PRD2178,3,$30.05,90.15,USD
OL506442,ORD-102254,PRD2218,2,454.86,909.72,USD
OL506443,ORD-108091,PRD2053,1,481.83,481.83,usd
OL506444,ORD-100753,PRD2100,999,479.47,478990.53,USD
OL506445,ORD-106060,PRD2236,2,249.02,498.04,GBP
OL506446,ORD-108903,PRD2100,999,404.34,403935.66,NGN
OL506447,ORD-106080,PRD2050,5,316.5,1582.5,US Dollar
OL506448,ORD-108284,PRD2034,1,258.22,258.22,EUR
OL506449,ORD-106084,PRD2177,3,33.22,99.66,US Dollar
OL506450,ORD-104640,PRD2052,999,239.14,238900.86,GBP
OL506451,ORD-105838,PRD2103,2,$35.15,70.3,EUR
OL506452,ORD-103623,PRD2166,3,114.58,343.74,EUR
OL506453,ORD-106389,PRD2098,1,$178.3,178.3,NGN
OL506454,ORD-108693,PRD2210,1,293.13,293.13,NGN
OL506455,ORD-103137,PRD9438,1,155.2,155.2,NGN
OL506456,ORD-104110,PRD2212,3,122.93,368.79,NGN
OL506457,ORD-101308,PRD2125,2,150.46,300.92,NGN
OL506458,ORD-101819,PRD2150,4,130.45,521.8,NGN
OL506459,ORD-106401,PRD2069,0,275.83,,USD
OL506460,ORD-106829,PRD2109,1,35.16,35.16,GBP
OL506461,ORD-103153,PRD2148,1,$432.0,432.0,GBP
OL506462,ORD-103216,PRD2066,3,492.24,1476.72,USD
OL506463,ORD-102954,PRD2079,5,284.75,1423.75,USD
OL506464,ORD-100395,PRD2133,1,448.3,448.3,usd
OL506465,ORD-104897,PRD2032,2,168.56,337.12,USD
OL506466,ORD-104221,PRD2127,3,481.07,1443.21,USD
OL506467,ORD-102400,PRD2138,5,251.44,1257.2,NGN
OL506468,ORD-105024,PRD2085,3,296.51,889.53,EUR
OL506469,ORD-108730,PRD2249,2,490.05,980.1,USD
OL506470,ORD-108036,PRD2120,999,487.58,487092.42,EUR
OL506471,ORD-103814,PRD2206,5,$134.57,672.85,USD
OL506472,ORD-100032,PRD2161,999,92.08,91987.92,NGN
OL506473,ORD-107886,PRD2155,2,126.02,252.04,US Dollar
OL506474,ORD-108160,PRD2053,0,124.8,,US Dollar
OL506475,ORD-105861,PRD2033,4,246.23,984.92,USD
OL506476,ORD-106983,PRD2222,-1,$357.51,,NGN
OL506477,ORD-105737,PRD2032,4,319.69,1278.76,usd
OL506478,ORD-103878,PRD2091,4,154.54,618.16,NGN
OL506479,ORD-107885,PRD2227,2,12.27,24.54,usd
OL506480,ORD-106067,PRD2098,1,110.28,110.28,US Dollar
OL506481,ORD-108299,PRD2038,1,$484.12,484.12,GBP
OL506482,ORD-101511,PRD2084,3,197.82,593.46,USD
OL506483,ORD-104642,PRD2035,4,$169.35,677.4,US Dollar
OL506484,ORD-104468,PRD2120,1,$273.66,273.66,US Dollar
OL506485,ORD-108660,PRD2025,3,156.3,468.9,EUR
OL506486,ORD-106680,PRD2061,4,401.31,1605.24,usd
OL506487,ORD-102326,PRD2210,2,336.3,672.6,US Dollar
OL506488,ORD-106068,PRD2166,3,300.19,900.57,GBP
OL506489,ORD-102980,PRD2148,-1,316.08,,US Dollar
OL506490,ORD-105813,PRD2229,2,274.92,549.84,usd
OL506491,ORD-106715,PRD2220,2,473.76,947.52,usd
OL506492,ORD-104891,PRD2226,5,25.83,129.15,USD
OL506493,ORD-100230,PRD2072,4,36.84,147.36,USD
OL506494,ORD-104912,PRD2241,5,122.63,613.15,USD
OL506495,ORD-105527,PRD2214,4,49.67,198.68,USD
OL506496,ORD-100393,PRD2178,3,233.67,701.01,USD
OL506497,ORD-100401,PRD2029,4,195.55,782.2,GBP
OL506498,ORD-104585,PRD2085,5,37.15,185.75,usd
OL506499,ORD-103055,PRD2102,0,42.33,,NGN
OL506500,ORD-104679,PRD2246,3,33.41,100.23,EUR
OL506501,ORD-105551,PRD2097,2,401.78,803.56,EUR
OL506502,ORD-103392,PRD2152,5,251.33,1256.65,usd
OL506503,ORD-107333,PRD2182,4,$201.72,806.88,NGN
OL506504,ORD-107001,PRD2175,999,$226.46,226233.54,EUR
OL506505,ORD-106123,PRD2122,2,217.46,434.92,NGN
OL506506,ORD-102015,PRD2108,3,174.97,524.91,GBP
OL506507,ORD-107966,PRD2194,-1,107.22,,GBP
OL506508,ORD-101690,PRD2237,-1,253.9,,USD
OL506509,ORD-107608,PRD2006,2,479.08,958.16,EUR
OL506510,ORD-105029,PRD2008,5,169.21,846.05,NGN
OL506511,ORD-107167,PRD2140,-1,$236.06,,USD
OL506512,ORD-108984,PRD2073,1,29.03,29.03,NGN
OL506513,ORD-106939,PRD2223,2,$456.34,912.68,US Dollar
OL506514,ORD-104691,PRD2110,0,75.59,,US Dollar
OL506515,ORD-100364,PRD2130,5,142.79,713.95,usd
OL506516,ORD-106955,PRD2172,2,256.03,512.06,US Dollar
OL506517,ORD-100117,PRD2249,2,88.04,176.08,GBP
OL506518,ORD-102834,PRD2092,4,479.77,1919.08,GBP
OL506519,ORD-106676,PRD2155,-1,182.15,,USD
OL506520,ORD-105635,PRD2123,-1,$190.02,,USD
OL506521,ORD-105557,PRD2184,3,116.51,349.53,EUR
OL506522,ORD-107705,PRD2205,5,381.89,1909.45,NGN
OL506523,ORD-104216,PRD2166,1,42.0,42.0,USD
OL506524,ORD-103369,PRD2114,2,54.37,108.74,usd
OL506525,ORD-106865,PRD2119,4,498.68,1994.72,NGN
OL506526,ORD-105828,PRD2106,2,105.75,211.5,USD
OL506527,ORD-101808,PRD2093,4,128.62,514.48,USD
OL506528,ORD-108887,PRD2248,-1,420.49,,GBP
OL506529,ORD-105773,PRD2003,4,165.12,660.48,NGN
OL506530,ORD-105015,PRD2119,1,109.89,109.89,NGN
OL506531,ORD-101459,PRD2214,4,344.96,1379.84,GBP
OL506532,ORD-108052,PRD2250,999,439.81,439370.19,GBP
OL506533,ORD-108054,PRD2177,0,396.94,,USD
OL506534,ORD-104620,PRD2181,-1,94.47,,usd
OL506535,ORD-101281,PRD2068,2,148.31,296.62,GBP
OL506536,ORD-107130,PRD2191,4,$486.62,1946.48,usd
OL506537,ORD-107378,PRD2231,3,145.85,437.55,US Dollar
OL506538,ORD-102169,PRD2244,-1,44.08,,US Dollar
OL506539,ORD-101393,PRD2186,4,46.6,186.4,USD
OL506540,ORD-101841,PRD2041,1,277.85,277.85,NGN
OL506541,ORD-103163,PRD2095,0,61.14,,usd
OL506542,ORD-107292,PRD2175,3,325.17,975.51,NGN
OL506543,ORD-108562,PRD2111,4,2.48,9.92,EUR
OL506544,ORD-107401,PRD2022,1,$440.19,440.19,usd
OL506545,ORD-102076,PRD2037,5,157.65,788.25,NGN
OL506546,ORD-102404,PRD2014,1,483.95,483.95,NGN
OL506547,ORD-104869,PRD2148,4,390.61,1562.44,USD
OL506548,ORD-100830,PRD2211,4,280.66,1122.64,EUR
OL506549,ORD-100347,PRD2218,2,229.28,458.56,GBP
OL506550,ORD-108438,PRD2200,999,241.63,241388.37,usd
OL506551,ORD-108654,PRD2028,4,192.84,771.36,usd
OL506552,ORD-101420,PRD2174,-1,132.13,,usd
OL506553,ORD-107489,PRD2240,2,121.32,242.64,GBP
OL506554,ORD-100046,PRD2051,3,478.35,1435.05,US Dollar
OL506555,ORD-100994,PRD2052,3,123.53,370.59,usd
OL506556,ORD-104551,PRD2119,0,172.99,,usd
OL506557,ORD-103500,PRD2144,5,277.27,1386.35,USD
OL506558,ORD-107629,PRD2233,5,192.55,962.75,USD
OL506559,ORD-105560,PRD2195,999,331.6,331268.4,usd
OL506560,ORD-100208,PRD2016,0,281.66,,EUR
OL506561,ORD-103581,PRD2038,-1,221.25,,EUR
OL506562,ORD-103224,PRD2020,1,494.47,494.47,USD
OL506563,ORD-106564,PRD2005,0,106.07,,USD
OL506564,ORD-106020,PRD2247,2,193.69,387.38,GBP
OL506565,ORD-100168,PRD2069,999,$88.96,88871.04,USD
OL506566,ORD-100550,PRD2054,3,337.4,1012.2,US Dollar
OL506567,ORD-103668,PRD2028,2,35.19,70.38,NGN
OL506568,ORD-101017,PRD2216,4,3.9,15.6,NGN
OL506569,ORD-100201,PRD2001,2,460.88,921.76,EUR
OL506570,ORD-103734,PRD2031,999,299.88,299580.12,USD
OL506571,ORD-101206,PRD2243,999,390.44,390049.56,GBP
OL506572,ORD-104582,PRD2187,3,64.22,192.66,US Dollar
OL506573,ORD-104637,PRD2210,-1,130.65,,US Dollar
OL506574,ORD-101971,PRD2144,999,265.36,265094.64,US Dollar
OL506575,ORD-102032,PRD2079,0,411.89,,EUR
OL506576,ORD-102721,PRD2208,2,476.44,952.88,GBP
OL506577,ORD-108711,PRD2199,1,461.97,461.97,NGN
OL506578,ORD-103811,PRD2229,2,373.7,747.4,GBP
OL506579,ORD-107403,PRD2024,5,354.78,1773.9,GBP
OL506580,ORD-103019,PRD2161,5,245.45,1227.25,usd
OL506581,ORD-100263,PRD2119,4,233.84,935.36,US Dollar
OL506582,ORD-107528,PRD2231,2,474.69,949.38,EUR
OL506583,ORD-103625,PRD2090,3,134.68,404.04,USD
OL506584,ORD-106453,PRD2115,3,$303.46,910.38,EUR
OL506585,ORD-107063,PRD2017,2,$252.11,504.22,EUR
OL506586,ORD-103485,PRD2212,999,42.88,42837.12,EUR
OL506587,ORD-104518,PRD2189,4,103.94,415.76,US Dollar
OL506588,ORD-102707,PRD2035,4,146.29,585.16,USD
OL506589,ORD-107219,PRD2133,-1,20.46,,EUR
OL506590,ORD-105480,PRD2048,999,111.78,111668.22,USD
OL506591,ORD-104451,PRD2076,5,118.71,593.55,EUR
OL506592,ORD-106094,PRD2177,1,$314.37,314.37,usd
OL506593,ORD-108858,PRD2189,4,$431.85,1727.4,usd
OL506594,ORD-107465,PRD2035,2,90.04,180.08,NGN
OL506595,ORD-103122,PRD2010,999,219.17,218950.83,USD
OL506596,ORD-101464,PRD2101,4,460.95,1843.8,USD
OL506597,ORD-105326,PRD2067,5,403.79,2018.95,US Dollar
OL506598,ORD-102659,PRD2170,5,4.55,22.75,GBP
OL506599,ORD-107069,PRD2127,2,339.58,679.16,NGN
OL506600,ORD-101239,PRD2070,2,209.62,419.24,US Dollar
OL506601,ORD-102054,PRD2151,3,75.85,227.55,EUR
OL506602,ORD-103025,PRD2079,1,151.22,151.22,US Dollar
OL506603,ORD-108874,PRD9980,2,425.92,851.84,usd
OL506604,ORD-107580,PRD2120,5,225.78,1128.9,usd
OL506605,ORD-102725,PRD2217,2,$391.19,782.38,EUR
OL506606,ORD-104407,PRD2177,3,443.22,1329.66,NGN
OL506607,ORD-102644,PRD2183,1,310.48,310.48,US Dollar
OL506608,ORD-100550,PRD2204,2,242.08,484.16,EUR
OL506609,ORD-101537,PRD2176,1,87.78,87.78,US Dollar
OL506610,ORD-105725,PRD2130,5,297.53,1487.65,US Dollar
OL506611,ORD-104771,PRD2090,1,162.81,162.81,US Dollar
OL506612,ORD-106310,PRD2162,5,186.97,934.85,US Dollar
OL506613,ORD-107158,PRD2208,2,64.3,128.6,GBP
OL506614,ORD-101237,PRD2235,4,463.45,1853.8,NGN
OL506615,ORD-102718,PRD2032,3,101.89,305.67,USD
OL506616,ORD-102523,PRD2220,1,119.35,119.35,EUR
OL506617,ORD-106746,PRD2151,0,199.17,,EUR
OL506618,ORD-103247,PRD2187,4,310.06,1240.24,EUR
OL506619,ORD-101506,PRD2077,4,$445.18,1780.72,US Dollar
OL506620,ORD-101983,PRD2047,2,31.84,63.68,GBP
OL506621,ORD-105892,PRD2143,0,419.83,,NGN
OL506622,ORD-108515,PRD2219,3,113.69,341.07,GBP
OL506623,ORD-102173,PRD2003,3,334.67,1004.01,US Dollar
OL506624,ORD-107099,PRD2219,-1,409.18,,USD
OL506625,ORD-104309,PRD2001,0,157.75,,NGN
OL506626,ORD-107107,PRD2121,-1,447.37,,US Dollar
OL506627,ORD-100025,PRD2201,1,498.9,498.9,EUR
OL506628,ORD-106614,PRD2200,4,455.11,1820.44,EUR
OL506629,ORD-104655,PRD2019,2,80.21,160.42,NGN
OL506630,ORD-106179,PRD2054,4,446.79,1787.16,usd
OL506631,ORD-101299,PRD2105,5,163.03,815.15,GBP
OL506632,ORD-105528,PRD2020,-1,494.86,,usd
OL506633,ORD-107764,PRD2222,3,168.42,505.26,NGN
OL506634,ORD-100905,PRD2069,-1,220.13,,EUR
OL506635,ORD-103742,PRD2036,5,463.8,2319.0,USD
OL506636,ORD-107399,PRD2080,4,$285.8,1143.2,NGN
OL506637,ORD-108610,PRD2123,3,134.08,402.24,EUR
OL506638,ORD-106835,PRD2091,1,294.73,294.73,US Dollar
OL506639,ORD-103344,PRD2219,-1,206.64,,NGN
OL506640,ORD-103930,PRD2079,2,338.8,677.6,USD
OL506641,ORD-108224,PRD2171,2,364.11,728.22,EUR
OL506642,ORD-107606,PRD2218,3,$7.5,22.5,USD
OL506643,ORD-105861,PRD2087,3,75.05,225.15,EUR
OL506644,ORD-104618,PRD2198,2,436.28,872.56,US Dollar
OL506645,ORD-103610,PRD2153,-1,416.46,,EUR
OL506646,ORD-106594,PRD2009,-1,39.99,,USD
OL506647,ORD-103832,PRD2089,4,$457.36,1829.44,EUR
OL506648,ORD-107918,PRD2025,3,262.82,788.46,NGN
OL506649,ORD-102568,PRD2223,999,301.39,301088.61,USD
OL506650,ORD-104793,PRD2145,1,35.6,35.6,GBP
OL506651,ORD-103534,PRD2132,2,74.38,148.76,EUR
OL506652,ORD-100506,PRD2104,2,$416.2,832.4,EUR
OL506653,ORD-104555,PRD2145,0,158.25,,usd
OL506654,ORD-100295,PRD2206,5,431.01,2155.05,usd
OL506655,ORD-107427,PRD2196,4,337.78,1351.12,NGN
OL506656,ORD-100634,PRD2197,2,$23.73,47.46,USD
OL506657,ORD-107501,PRD2024,3,217.36,652.08,GBP
OL506658,ORD-102493,PRD2011,4,116.55,466.2,usd
OL506659,ORD-100918,PRD2059,3,452.36,1357.08,GBP
OL506660,ORD-105440,PRD2168,3,287.66,862.98,GBP
OL506661,ORD-108886,PRD2066,2,442.22,884.44,GBP
OL506662,ORD-104714,PRD2236,4,25.65,102.6,US Dollar
OL506663,ORD-104960,PRD2076,-1,400.17,,usd
OL506664,ORD-104713,PRD2159,4,481.04,1924.16,usd
OL506665,ORD-102195,PRD2146,1,457.66,457.66,USD
OL506666,ORD-102087,PRD2075,4,11.17,44.68,EUR
OL506667,ORD-108376,PRD2219,2,28.71,57.42,GBP
OL506668,ORD-105670,PRD2115,2,235.62,471.24,usd
OL506669,ORD-105973,PRD2020,4,$365.21,1460.84,EUR
OL506670,ORD-104064,PRD2250,0,438.25,,NGN
OL506671,ORD-102791,PRD2159,0,158.26,,NGN
OL506672,ORD-108251,PRD2024,3,296.3,888.9,GBP
OL506673,ORD-101733,PRD2192,-1,130.03,,NGN
OL506674,ORD-101794,PRD2236,1,95.28,95.28,GBP
OL506675,ORD-106175,PRD2085,4,351.47,1405.88,US Dollar
OL506676,ORD-106069,PRD2036,5,430.56,2152.8,US Dollar
OL506677,ORD-103738,PRD2031,4,291.19,1164.76,GBP
OL506678,ORD-102359,PRD2249,2,8.63,17.26,usd
OL506679,ORD-102792,PRD2154,3,101.91,305.73,NGN
OL506680,ORD-101034,PRD2035,-1,249.11,,US Dollar
OL506681,ORD-105618,PRD2244,-1,346.67,,usd
OL506682,ORD-108919,PRD2179,1,122.06,122.06,EUR
OL506683,ORD-102243,PRD2071,4,263.48,1053.92,usd
OL506684,ORD-101941,PRD2209,999,325.39,325064.61,GBP
OL506685,ORD-107220,PRD2059,5,$76.02,380.1,USD
OL506686,ORD-102798,PRD2060,3,94.04,282.12,EUR
OL506687,ORD-101437,PRD2215,1,260.86,260.86,NGN
OL506688,ORD-105654,PRD2110,3,440.88,1322.64,US Dollar
OL506689,ORD-104318,PRD2072,0,408.55,,GBP
OL506690,ORD-102065,PRD2068,4,45.79,183.16,NGN
OL506691,ORD-106751,PRD2028,1,259.46,259.46,GBP
OL506692,ORD-105061,PRD2126,3,$276.05,828.15,GBP
OL506693,ORD-102883,PRD2099,-1,308.82,,GBP
OL506694,ORD-106841,PRD2086,-1,33.19,,US Dollar
OL506695,ORD-101284,PRD2041,5,406.17,2030.85,NGN
OL506696,ORD-108305,PRD2025,1,339.48,339.48,EUR
OL506697,ORD-108274,PRD2069,0,$496.07,,USD
OL506698,ORD-107797,PRD2003,0,49.81,,NGN
OL506699,ORD-106894,PRD2075,1,16.45,16.45,GBP
OL506700,ORD-107006,PRD2156,5,439.71,2198.55,NGN
OL506701,ORD-103884,PRD2059,0,126.96,,USD
OL506702,ORD-108880,PRD2022,3,26.14,78.42,USD
OL506703,ORD-103207,PRD2062,4,338.5,1354.0,EUR
OL506704,ORD-102690,PRD2023,2,402.68,805.36,NGN
OL506705,ORD-100860,PRD2126,-1,251.18,,usd
OL506706,ORD-108012,PRD2073,1,149.85,149.85,NGN
OL506707,ORD-100748,PRD2134,4,313.75,1255.0,NGN
OL506708,ORD-104336,PRD2089,5,$431.59,2157.95,USD
OL506709,ORD-107715,PRD2003,2,123.51,247.02,NGN
OL506710,ORD-100746,PRD2094,4,269.7,1078.8,GBP
OL506711,ORD-101131,PRD2191,1,466.31,466.31,USD
OL506712,ORD-106065,PRD2154,3,342.57,1027.71,GBP
OL506713,ORD-107634,PRD2116,5,138.8,694.0,usd
OL506714,ORD-102719,PRD2178,2,222.79,445.58,NGN
OL506715,ORD-102904,PRD2059,5,453.36,2266.8,usd
OL506716,ORD-103251,PRD2071,2,71.85,143.7,USD
OL506717,ORD-103874,PRD2044,2,490.63,981.26,USD
OL506718,ORD-103733,PRD2193,5,337.18,1685.9,usd
OL506719,ORD-106919,PRD2004,4,66.67,266.68,usd
OL506720,ORD-102958,PRD2042,4,120.56,482.24,NGN
OL506721,ORD-100381,PRD2109,5,417.96,2089.8,USD
OL506722,ORD-101373,PRD2214,3,262.26,786.78,GBP
OL506723,ORD-100137,PRD2148,-1,252.33,,USD
OL506724,ORD-105501,PRD2025,3,129.67,389.01,EUR
OL506725,ORD-102385,PRD2185,2,43.02,86.04,USD
OL506726,ORD-102079,PRD2212,3,204.0,612.0,EUR
OL506727,ORD-106837,PRD2206,4,149.55,598.2,NGN
OL506728,ORD-103761,PRD2233,999,149.99,149840.01,NGN
OL506729,ORD-106059,PRD2205,4,105.07,420.28,USD
OL506730,ORD-106762,PRD2175,4,$39.6,158.4,EUR
OL506731,ORD-106622,PRD2020,3,471.15,1413.45,NGN
OL506732,ORD-100576,PRD2098,1,239.28,239.28,USD
OL506733,ORD-108328,PRD2105,-1,$176.01,,USD
OL506734,ORD-106902,PRD2138,-1,337.48,,US Dollar
OL506735,ORD-103487,PRD2103,5,194.63,973.15,EUR
OL506736,ORD-108284,PRD2234,4,416.15,1664.6,USD
OL506737,ORD-102707,PRD2184,1,$415.06,415.06,US Dollar
OL506738,ORD-100915,PRD2087,0,3.61,,USD
OL506739,ORD-102200,PRD2164,5,118.13,590.65,US Dollar
OL506740,ORD-106138,PRD2211,999,156.06,155903.94,GBP
OL506741,ORD-102043,PRD2220,4,322.84,1291.36,usd
OL506742,ORD-108009,PRD2012,1,494.35,494.35,EUR
OL506743,ORD-107451,PRD2153,4,$382.39,1529.56,US Dollar
OL506744,ORD-100512,PRD2140,999,155.21,155054.79,EUR
OL506745,ORD-105939,PRD2042,5,78.78,393.9,EUR
OL506746,ORD-104616,PRD2027,-1,191.63,,EUR
OL506747,ORD-107716,PRD2206,1,$344.17,344.17,NGN
OL506748,ORD-101438,PRD2116,4,449.52,1798.08,GBP
OL506749,ORD-105260,PRD2231,5,434.12,2170.6,EUR
OL506750,ORD-108185,PRD2062,4,320.85,1283.4,NGN
OL506751,ORD-105946,PRD2119,4,246.79,987.16,EUR
OL506752,ORD-108169,PRD2116,0,$126.28,,GBP
OL506753,ORD-108013,PRD2020,999,73.65,73576.35,NGN
OL506754,ORD-108338,PRD2182,0,236.76,,US Dollar
OL506755,ORD-102399,PRD2226,5,$45.88,229.4,GBP
OL506756,ORD-102628,PRD2073,4,$261.22,1044.88,USD
OL506757,ORD-105874,PRD2165,4,192.9,771.6,US Dollar
OL506758,ORD-104637,PRD2101,5,49.66,248.3,US Dollar
OL506759,ORD-100706,PRD2089,2,258.66,517.32,US Dollar
OL506760,ORD-102065,PRD2165,2,213.74,427.48,EUR
OL506761,ORD-101153,PRD2047,2,106.89,213.78,GBP
OL506762,ORD-105432,PRD2093,-1,59.48,,USD
OL506763,ORD-102541,PRD2189,3,349.41,1048.23,NGN
OL506764,ORD-100067,PRD2082,1,$323.5,323.5,USD
OL506765,ORD-102102,PRD2156,3,347.18,1041.54,usd
OL506766,ORD-107521,PRD2116,4,261.11,1044.44,GBP
OL506767,ORD-108712,PRD2064,2,183.95,367.9,usd
OL506768,ORD-102465,PRD2022,1,492.98,492.98,USD
OL506769,ORD-104071,PRD2023,4,154.39,617.56,NGN
OL506770,ORD-104333,PRD2097,999,185.08,184894.92,NGN
OL506771,ORD-102681,PRD2047,3,113.96,341.88,USD
OL506772,ORD-101565,PRD2009,2,299.77,599.54,NGN
OL506773,ORD-108441,PRD2134,1,120.57,120.57,GBP
OL506774,ORD-101092,PRD2036,2,$364.9,729.8,US Dollar
OL506775,ORD-101717,PRD2066,0,270.3,,EUR
OL506776,ORD-101976,PRD2242,4,481.47,1925.88,usd
OL506777,ORD-102473,PRD2088,5,329.63,1648.15,usd
OL506778,ORD-103533,PRD2019,0,191.48,,USD
OL506779,ORD-104621,PRD2185,1,55.16,55.16,GBP
OL506780,ORD-101408,PRD2244,4,224.8,899.2,USD
OL506781,ORD-105082,PRD2092,1,16.25,16.25,GBP
OL506782,ORD-103788,PRD2174,3,71.14,213.42,usd
OL506783,ORD-106112,PRD2135,3,189.65,568.95,usd
OL506784,ORD-108345,PRD2177,1,278.5,278.5,NGN
OL506785,ORD-104851,PRD2044,5,124.47,622.35,usd
OL506786,ORD-108116,PRD2225,3,$86.08,258.24,usd
OL506787,ORD-104717,PRD2163,3,119.84,359.52,usd
OL506788,ORD-101342,PRD2075,3,148.91,446.73,EUR
OL506789,ORD-103032,PRD2151,2,268.68,537.36,USD
OL506790,ORD-103894,PRD2120,2,7.45,14.9,USD
OL506791,ORD-103355,PRD2228,1,21.91,21.91,GBP
OL506792,ORD-108357,PRD2078,4,170.76,683.04,usd
OL506793,ORD-103850,PRD2206,-1,110.62,,NGN
OL506794,ORD-102125,PRD2210,999,483.52,483036.48,usd
OL506795,ORD-103146,PRD2099,999,$103.71,103606.29,GBP
OL506796,ORD-108875,PRD2220,0,$451.87,,EUR
OL506797,ORD-105107,PRD2193,-1,$194.26,,NGN
OL506798,ORD-108650,PRD2056,1,252.07,252.07,US Dollar
OL506799,ORD-102103,PRD2210,999,134.8,134665.2,EUR
OL506800,ORD-105773,PRD2117,3,495.01,1485.03,EUR
OL506801,ORD-102836,PRD2220,4,$284.57,1138.28,NGN
OL506802,ORD-101844,PRD2019,4,61.84,247.36,USD
OL506803,ORD-105917,PRD2163,999,228.06,227831.94,GBP
OL506804,ORD-101664,PRD2156,999,20.98,20959.02,EUR
OL506805,ORD-107280,PRD2227,2,235.49,470.98,US Dollar
OL506806,ORD-103822,PRD2090,-1,93.0,,US Dollar
OL506807,ORD-105655,PRD2236,3,112.5,337.5,usd
OL506808,ORD-108453,PRD2128,-1,124.27,,US Dollar
OL506809,ORD-108337,PRD2075,999,234.04,233805.96,usd
OL506810,ORD-104226,PRD2120,0,$342.28,,GBP
OL506811,ORD-104014,PRD2024,999,327.05,326722.95,EUR
OL506812,ORD-102918,PRD2014,5,344.55,1722.75,GBP
OL506813,ORD-102769,PRD2196,1,466.57,466.57,USD
OL506814,ORD-107766,PRD2072,1,101.85,101.85,usd
OL506815,ORD-100731,PRD2150,4,$250.6,1002.4,EUR
OL506816,ORD-104558,PRD2051,-1,41.08,,USD
OL506817,ORD-108705,PRD2167,5,240.98,1204.9,GBP
OL506818,ORD-100742,PRD2072,5,$208.59,1042.95,EUR
OL506819,ORD-104265,PRD2096,1,169.29,169.29,USD
OL506820,ORD-101162,PRD2076,-1,281.05,,USD
OL506821,ORD-101709,PRD2055,5,320.67,1603.35,GBP
OL506822,ORD-108088,PRD2060,0,314.31,,EUR
OL506823,ORD-108753,PRD2154,3,366.41,1099.23,GBP
OL506824,ORD-108058,PRD2112,4,231.67,926.68,USD
OL506825,ORD-107874,PRD2129,1,$76.3,76.3,usd
OL506826,ORD-101071,PRD2028,2,$48.53,97.06,usd
OL506827,ORD-108384,PRD2143,0,17.75,,US Dollar
OL506828,ORD-105913,PRD2137,3,$499.43,1498.29,usd
OL506829,ORD-100401,PRD2196,-1,423.89,,usd
OL506830,ORD-101989,PRD2144,5,157.73,788.65,GBP
OL506831,ORD-104045,PRD2208,999,242.19,241947.81,GBP
OL506832,ORD-104625,PRD2220,2,253.8,507.6,US Dollar
OL506833,ORD-100568,PRD2072,5,395.54,1977.7,EUR
OL506834,ORD-108431,PRD2220,3,32.95,98.85,US Dollar
OL506835,ORD-104891,PRD2184,3,219.76,659.28,EUR
OL506836,ORD-106529,PRD2124,3,26.93,80.79,usd
OL506837,ORD-105457,PRD2217,2,323.4,646.8,NGN
OL506838,ORD-106766,PRD2198,1,414.06,414.06,GBP
OL506839,ORD-103054,PRD2167,5,173.28,866.4,EUR
OL506840,ORD-104340,PRD2054,999,98.17,98071.83,US Dollar
OL506841,ORD-104465,PRD2149,999,349.15,348800.85,GBP
OL506842,ORD-100596,PRD2111,5,453.27,2266.35,NGN
OL506843,ORD-102764,PRD2118,-1,201.88,,usd
OL506844,ORD-107424,PRD2164,2,281.68,563.36,USD
OL506845,ORD-106852,PRD2011,2,409.98,819.96,USD
OL506846,ORD-105344,PRD2139,5,110.24,551.2,USD
OL506847,ORD-108534,PRD2124,5,246.44,1232.2,US Dollar
OL506848,ORD-106492,PRD2226,0,238.22,,NGN
OL506849,ORD-100043,PRD2137,-1,404.53,,NGN
OL506850,ORD-108562,PRD2205,999,436.55,436113.45,US Dollar
OL506851,ORD-104903,PRD2209,3,191.53,574.59,US Dollar
OL506852,ORD-108483,PRD2034,2,366.16,732.32,usd
OL506853,ORD-108341,PRD2044,5,132.4,662.0,EUR
OL506854,ORD-104624,PRD2236,3,326.8,980.4,EUR
OL506855,ORD-107422,PRD2156,5,495.23,2476.15,usd
OL506856,ORD-107148,PRD2162,4,309.94,1239.76,USD
OL506857,ORD-101332,PRD2031,999,$270.74,270469.26,USD
OL506858,ORD-108458,PRD2031,4,219.24,876.96,EUR
OL506859,ORD-102982,PRD2098,4,206.64,826.56,EUR
OL506860,ORD-101457,PRD2101,3,$27.77,83.31,usd
OL506861,ORD-107557,PRD2091,5,207.4,1037.0,GBP
OL506862,ORD-105361,PRD2168,0,20.99,,US Dollar
OL506863,ORD-108321,PRD2159,1,$416.53,416.53,USD
OL506864,ORD-103917,PRD2211,5,442.15,2210.75,US Dollar
OL506865,ORD-101795,PRD2111,5,6.4,32.0,US Dollar
OL506866,ORD-108237,PRD2162,5,182.02,910.1,US Dollar
OL506867,ORD-102833,PRD2098,1,272.55,272.55,usd
OL506868,ORD-104458,PRD2010,-1,290.11,,usd
OL506869,ORD-100803,PRD2152,0,348.66,,NGN
OL506870,ORD-108241,PRD2065,2,$493.44,986.88,US Dollar
OL506871,ORD-100674,PRD2118,3,288.11,864.33,USD
OL506872,ORD-100660,PRD2032,-1,53.15,,usd
OL506873,ORD-107390,PRD2086,5,123.0,615.0,USD
OL506874,ORD-100719,PRD2111,5,350.17,1750.85,US Dollar
OL506875,ORD-106283,PRD2007,1,105.68,105.68,US Dollar
OL506876,ORD-101297,PRD2088,5,160.15,800.75,US Dollar
OL506877,ORD-106320,PRD2245,1,118.73,118.73,NGN
OL506878,ORD-106839,PRD2036,1,264.76,264.76,USD
OL506879,ORD-108275,PRD2236,4,176.94,707.76,usd
OL506880,ORD-101376,PRD2217,5,284.25,1421.25,USD
OL506881,ORD-100290,PRD2111,4,385.01,1540.04,US Dollar
OL506882,ORD-107741,PRD2241,999,409.55,409140.45,NGN
OL506883,ORD-101593,PRD2184,3,303.91,911.73,GBP
OL506884,ORD-101671,PRD2020,1,25.23,25.23,NGN
OL506885,ORD-105021,PRD2047,3,452.34,1357.02,usd
OL506886,ORD-102537,PRD2054,4,260.45,1041.8,GBP
OL506887,ORD-106232,PRD2011,1,64.0,64.0,usd
OL506888,ORD-108785,PRD2175,1,109.0,109.0,US Dollar
OL506889,ORD-102543,PRD2013,-1,$416.82,,NGN
OL506890,ORD-102788,PRD2034,999,485.94,485454.06,usd
OL506891,ORD-101747,PRD2021,0,56.13,,NGN
OL506892,ORD-100510,PRD2139,5,153.13,765.65,EUR
OL506893,ORD-106816,PRD2151,3,478.23,1434.69,GBP
OL506894,ORD-108541,PRD2073,3,78.34,235.02,usd
OL506895,ORD-103545,PRD2152,4,94.68,378.72,USD
OL506896,ORD-108960,PRD2167,0,$73.97,,US Dollar
OL506897,ORD-104461,PRD2004,3,15.53,46.59,NGN
OL506898,ORD-106772,PRD2215,5,486.08,2430.4,NGN
OL506899,ORD-102854,PRD2167,3,$107.73,323.19,EUR
OL506900,ORD-104790,PRD2047,3,392.7,1178.1,usd
OL506901,ORD-100447,PRD2223,3,450.37,1351.11,NGN
OL506902,ORD-103481,PRD2174,2,325.56,651.12,EUR
OL506903,ORD-103662,PRD2006,0,436.82,,US Dollar
OL506904,ORD-106543,PRD2170,1,60.73,60.73,usd
OL506905,ORD-101938,PRD2055,5,456.62,2283.1,USD
OL506906,ORD-104214,PRD2062,3,178.44,535.32,US Dollar
OL506907,ORD-100585,PRD2114,2,388.37,776.74,NGN
OL506908,ORD-107200,PRD2029,1,286.92,286.92,EUR
OL506909,ORD-101309,PRD2222,1,85.63,85.63,usd
OL506910,ORD-101678,PRD2101,1,$467.0,467.0,EUR
OL506911,ORD-103504,PRD2175,0,318.39,,EUR
OL506912,ORD-108675,PRD2142,5,$362.06,1810.3,US Dollar
OL506913,ORD-101003,PRD2242,999,351.79,351438.21,NGN
OL506914,ORD-107780,PRD2122,4,215.68,862.72,USD
OL506915,ORD-107798,PRD2058,0,253.75,,NGN
OL506916,ORD-108196,PRD2171,4,338.57,1354.28,USD
OL506917,ORD-107768,PRD2086,3,291.81,875.43,EUR
OL506918,ORD-108480,PRD2098,2,53.53,107.06,US Dollar
OL506919,ORD-108952,PRD2143,1,232.63,232.63,usd
OL506920,ORD-101928,PRD2114,2,29.94,59.88,usd
OL506921,ORD-100641,PRD2091,2,$190.78,381.56,NGN
OL506922,ORD-103035,PRD2072,1,73.79,73.79,USD
OL506923,ORD-103113,PRD2173,2,411.99,823.98,US Dollar
OL506924,ORD-103921,PRD2190,4,$15.88,63.52,usd
OL506925,ORD-104603,PRD2063,1,$182.19,182.19,GBP
OL506926,ORD-103797,PRD2049,2,$307.25,614.5,USD
OL506927,ORD-102668,PRD2126,999,340.25,339909.75,EUR
OL506928,ORD-107242,PRD2096,5,350.68,1753.4,EUR
OL506929,ORD-104782,PRD2192,3,$18.67,56.01,usd
OL506930,ORD-102346,PRD2181,5,308.52,1542.6,EUR
OL506931,ORD-107344,PRD2198,0,346.31,,GBP
OL506932,ORD-103937,PRD2124,1,200.39,200.39,NGN
OL506933,ORD-107683,PRD2025,0,237.38,,NGN
OL506934,ORD-102147,PRD2013,0,8.55,,NGN
OL506935,ORD-103729,PRD2184,999,298.6,298301.4,EUR
OL506936,ORD-102502,PRD2071,4,244.67,978.68,usd
OL506937,ORD-100683,PRD2179,3,26.46,79.38,EUR
OL506938,ORD-108248,PRD2131,3,$441.13,1323.39,US Dollar
OL506939,ORD-101796,PRD2043,-1,215.53,,NGN
OL506940,ORD-105251,PRD2086,0,408.66,,GBP
OL506941,ORD-104188,PRD2033,3,387.45,1162.35,EUR
OL506942,ORD-105981,PRD2027,2,$306.55,613.1,GBP
OL506943,ORD-107533,PRD2228,4,461.04,1844.16,USD
OL506944,ORD-104785,PRD2104,5,303.85,1519.25,usd
OL506945,ORD-103169,PRD9964,5,33.72,168.6,NGN
OL506946,ORD-106936,PRD2143,2,367.86,735.72,NGN
OL506947,ORD-107879,PRD2017,1,138.87,138.87,usd
OL506948,ORD-100067,PRD2032,5,225.5,1127.5,usd
OL506949,ORD-106801,PRD2068,999,155.06,154904.94,USD
OL506950,ORD-101376,PRD2221,5,249.86,1249.3,NGN
OL506951,ORD-106936,PRD2225,999,238.92,238681.08,EUR
OL506952,ORD-102825,PRD2095,999,247.34,247092.66,US Dollar
OL506953,ORD-103378,PRD2170,0,253.42,,USD
OL506954,ORD-106969,PRD2173,999,483.0,482517.0,usd
OL506955,ORD-105471,PRD2168,1,483.35,483.35,US Dollar
OL506956,ORD-106809,PRD2070,3,264.29,792.87,EUR
OL506957,ORD-101483,PRD2139,0,$316.29,,GBP
OL506958,ORD-101737,PRD2235,999,498.63,498131.37,usd
OL506959,ORD-102859,PRD2184,999,359.67,359310.33,GBP
OL506960,ORD-103426,PRD2059,2,96.99,193.98,US Dollar
OL506961,ORD-100441,PRD2128,5,$328.11,1640.55,EUR
OL506962,ORD-105536,PRD2199,3,483.29,1449.87,USD
OL506963,ORD-108399,PRD2226,2,177.14,354.28,usd
OL506964,ORD-107651,PRD2193,4,372.72,1490.88,GBP
OL506965,ORD-108882,PRD2019,1,304.15,304.15,US Dollar
OL506966,ORD-104545,PRD2167,4,278.96,1115.84,USD
OL506967,ORD-106460,PRD2117,3,486.59,1459.77,GBP
OL506968,ORD-102104,PRD2002,5,260.93,1304.65,US Dollar
OL506969,ORD-101062,PRD2204,2,$14.83,29.66,USD
OL506970,ORD-107042,PRD2143,5,214.89,1074.45,NGN
OL506971,ORD-100878,PRD2028,4,$3.98,15.92,USD
OL506972,ORD-100993,PRD2087,4,499.44,1997.76,usd
OL506973,ORD-108738,PRD2138,2,94.9,189.8,NGN
OL506974,ORD-106175,PRD2227,2,402.6,805.2,GBP
OL506975,ORD-107441,PRD2187,5,255.5,1277.5,GBP
OL506976,ORD-108788,PRD2069,1,486.99,486.99,GBP
OL506977,ORD-106021,PRD2075,4,122.58,490.32,NGN
OL506978,ORD-105790,PRD2085,4,$269.97,1079.88,USD
OL506979,ORD-103259,PRD2130,999,352.86,352507.14,USD
OL506980,ORD-104480,PRD2211,4,100.48,401.92,GBP
OL506981,ORD-106060,PRD2072,2,33.31,66.62,usd
OL506982,ORD-103601,PRD2216,3,$142.52,427.56,USD
OL506983,ORD-107419,PRD2142,0,47.78,,NGN
OL506984,ORD-106134,PRD2092,-1,$363.31,,EUR
OL506985,ORD-108382,PRD2208,-1,424.72,,US Dollar
OL506986,ORD-104948,PRD2016,3,79.74,239.22,GBP
OL506987,ORD-107949,PRD2061,999,321.63,321308.37,usd
OL506988,ORD-101915,PRD2056,1,153.9,153.9,NGN
OL506989,ORD-108784,PRD2196,-1,$271.46,,usd
OL506990,ORD-102737,PRD2117,999,199.82,199620.18,usd
OL506991,ORD-107895,PRD2181,1,98.93,98.93,US Dollar
OL506992,ORD-101847,PRD2165,1,338.81,338.81,USD
OL506993,ORD-103656,PRD2208,5,27.68,138.4,GBP
OL506994,ORD-102713,PRD2048,5,361.19,1805.95,NGN
OL506995,ORD-103052,PRD2198,2,$375.1,750.2,GBP
OL506996,ORD-108250,PRD2141,0,398.43,,EUR
OL506997,ORD-104132,PRD2051,-1,291.95,,GBP
OL506998,ORD-103757,PRD2182,3,454.81,1364.43,usd
OL506999,ORD-107564,PRD2250,4,2.98,11.92,usd
OL507000,ORD-102469,PRD2152,5,340.9,1704.5,usd
OL507001,ORD-100499,PRD2131,4,250.1,1000.4,EUR
OL507002,ORD-100911,PRD2106,1,345.45,345.45,US Dollar
OL507003,ORD-108834,PRD2101,4,325.43,1301.72,USD
OL507004,ORD-103964,PRD2147,3,340.49,1021.47,EUR
OL507005,ORD-106166,PRD2030,5,$403.73,2018.65,US Dollar
OL507006,ORD-103606,PRD2130,0,415.86,,US Dollar
OL507007,ORD-105143,PRD2158,5,$470.58,2352.9,GBP
OL507008,ORD-103195,PRD2136,1,291.41,291.41,GBP
OL507009,ORD-104619,PRD2040,2,211.05,422.1,NGN
OL507010,ORD-103741,PRD2079,5,440.7,2203.5,US Dollar
OL507011,ORD-103748,PRD2042,3,432.92,1298.76,US Dollar
OL507012,ORD-102526,PRD2098,1,193.66,193.66,NGN
OL507013,ORD-104161,PRD2170,1,$184.83,184.83,GBP
OL507014,ORD-103469,PRD2121,5,$379.21,1896.05,NGN
OL507015,ORD-106185,PRD2008,5,251.35,1256.75,US Dollar
OL507016,ORD-105335,PRD2022,3,212.04,636.12,usd
OL507017,ORD-101848,PRD2151,999,70.08,70009.92,EUR
OL507018,ORD-104709,PRD2082,3,20.91,62.73,EUR
OL507019,ORD-101735,PRD2165,1,64.24,64.24,usd
OL507020,ORD-106890,PRD2076,-1,215.11,,US Dollar
OL507021,ORD-107761,PRD2015,5,$205.25,1026.25,NGN
OL507022,ORD-102730,PRD2161,5,$342.38,1711.9,USD
OL507023,ORD-107828,PRD2041,5,463.05,2315.25,USD
OL507024,ORD-105867,PRD2247,0,$322.06,,USD
OL507025,ORD-107532,PRD2112,4,442.85,1771.4,EUR
OL507026,ORD-101152,PRD2246,4,277.41,1109.64,NGN
OL507027,ORD-104999,PRD2102,2,256.13,512.26,USD
OL507028,ORD-104644,PRD2124,3,443.77,1331.31,US Dollar
OL507029,ORD-105754,PRD2107,5,13.44,67.2,EUR
OL507030,ORD-108493,PRD2047,1,278.5,278.5,NGN
OL507031,ORD-102331,PRD2174,2,376.91,753.82,usd
OL507032,ORD-108862,PRD2028,4,49.96,199.84,USD
OL507033,ORD-108193,PRD2188,4,333.65,1334.6,US Dollar
OL507034,ORD-103915,PRD2067,4,151.95,607.8,US Dollar
OL507035,ORD-102939,PRD2235,3,482.01,1446.03,EUR
OL507036,ORD-106183,PRD2082,5,$386.83,1934.15,USD
OL507037,ORD-100676,PRD2077,5,394.7,1973.5,NGN
OL507038,ORD-108468,PRD2050,5,360.81,1804.05,GBP
OL507039,ORD-106314,PRD2117,-1,28.79,,EUR
OL507040,ORD-108330,PRD2102,999,34.42,34385.58,usd
OL507041,ORD-103124,PRD2223,3,411.84,1235.52,US Dollar
OL507042,ORD-105944,PRD2049,999,18.4,18381.6,EUR
OL507043,ORD-106618,PRD2184,3,229.74,689.22,EUR
OL507044,ORD-100691,PRD2179,2,284.24,568.48,NGN
OL507045,ORD-101874,PRD2030,1,230.86,230.86,USD
OL507046,ORD-107044,PRD2038,1,471.44,471.44,USD
OL507047,ORD-102755,PRD2115,1,335.45,335.45,NGN
OL507048,ORD-104141,PRD2170,2,321.2,642.4,EUR
OL507049,ORD-105118,PRD2204,-1,126.87,,US Dollar
OL507050,ORD-101027,PRD2193,4,$135.47,541.88,usd
OL507051,ORD-104074,PRD2132,5,36.57,182.85,EUR
OL507052,ORD-107783,PRD2106,3,$485.26,1455.78,USD
OL507053,ORD-101876,PRD2127,4,52.63,210.52,NGN
OL507054,ORD-102745,PRD2091,2,120.03,240.06,NGN
OL507055,ORD-100998,PRD2129,999,492.91,492417.09,NGN
OL507056,ORD-105474,PRD2084,3,$189.08,567.24,US Dollar
OL507057,ORD-100923,PRD2032,1,$172.75,172.75,NGN
OL507058,ORD-102304,PRD2009,1,263.72,263.72,NGN
OL507059,ORD-102369,PRD2158,2,24.75,49.5,usd
OL507060,ORD-104280,PRD2027,999,275.15,274874.85,EUR
OL507061,ORD-107142,PRD2103,3,315.91,947.73,GBP
OL507062,ORD-107171,PRD2088,2,161.0,322.0,NGN
OL507063,ORD-105261,PRD2045,3,$227.54,682.62,NGN
OL507064,ORD-108088,PRD2179,4,88.35,353.4,EUR
OL507065,ORD-103541,PRD2213,3,294.69,884.07,USD
OL507066,ORD-103112,PRD2233,4,355.37,1421.48,USD
OL507067,ORD-105981,PRD2046,2,$162.1,324.2,usd
OL507068,ORD-107615,PRD2221,2,489.82,979.64,usd
OL507069,ORD-101987,PRD2182,-1,341.15,,EUR
OL507070,ORD-107379,PRD2187,3,363.43,1090.29,EUR
OL507071,ORD-105219,PRD2198,5,87.1,435.5,GBP
OL507072,ORD-108642,PRD2009,999,176.24,176063.76,GBP
OL507073,ORD-107033,PRD2114,3,189.8,569.4,NGN
OL507074,ORD-105379,PRD2005,2,201.92,403.84,NGN
OL507075,ORD-105727,PRD2045,3,15.45,46.35,GBP
OL507076,ORD-103963,PRD2178,-1,297.69,,USD
OL507077,ORD-103082,PRD2212,4,470.81,1883.24,EUR
OL507078,ORD-104014,PRD2232,5,323.34,1616.7,NGN
OL507079,ORD-101286,PRD2106,2,72.62,145.24,EUR
OL507080,ORD-101704,PRD2197,0,$420.11,,usd
OL507081,ORD-104384,PRD2177,999,$425.08,424654.92,NGN
OL507082,ORD-101527,PRD2241,4,326.09,1304.36,EUR
OL507083,ORD-107256,PRD2229,1,269.09,269.09,USD
OL507084,ORD-102967,PRD2169,0,287.59,,GBP
OL507085,ORD-106555,PRD2123,4,459.97,1839.88,EUR
OL507086,ORD-103195,PRD2248,3,422.06,1266.18,NGN
OL507087,ORD-105631,PRD2024,4,$194.18,776.72,GBP
OL507088,ORD-102512,PRD2078,1,118.53,118.53,GBP
OL507089,ORD-107801,PRD2067,2,414.38,828.76,EUR
OL507090,ORD-102866,PRD2035,2,124.99,249.98,US Dollar
OL507091,ORD-103169,PRD2116,5,40.3,201.5,GBP
OL507092,ORD-107336,PRD2185,3,331.54,994.62,NGN
OL507093,ORD-107654,PRD2055,1,56.61,56.61,NGN
OL507094,ORD-104500,PRD2238,2,450.34,900.68,GBP
OL507095,ORD-107743,PRD2096,1,312.08,312.08,USD
OL507096,ORD-100311,PRD2155,1,104.77,104.77,US Dollar
OL507097,ORD-102850,PRD2004,1,393.06,393.06,US Dollar
OL507098,ORD-101508,PRD2020,4,18.51,74.04,GBP
OL507099,ORD-106885,PRD2138,4,484.05,1936.2,USD
OL507100,ORD-105392,PRD2202,3,488.84,1466.52,US Dollar
OL507101,ORD-102216,PRD2237,5,329.91,1649.55,US Dollar
OL507102,ORD-108150,PRD2001,1,364.38,364.38,US Dollar
OL507103,ORD-107235,PRD2199,2,336.58,673.16,NGN
OL507104,ORD-105899,PRD2130,2,136.81,273.62,US Dollar
OL507105,ORD-108168,PRD2028,3,64.05,192.15,USD
OL507106,ORD-101806,PRD2038,3,323.56,970.68,usd
OL507107,ORD-108215,PRD2018,-1,100.91,,EUR
OL507108,ORD-107115,PRD2136,2,265.52,531.04,NGN
OL507109,ORD-105481,PRD2198,4,345.26,1381.04,US Dollar
OL507110,ORD-106266,PRD2056,4,$314.07,1256.28,EUR
OL507111,ORD-103771,PRD2205,2,133.9,267.8,EUR
OL507112,ORD-101698,PRD2163,0,32.2,,usd
OL507113,ORD-101615,PRD2100,4,$182.43,729.72,GBP
OL507114,ORD-106814,PRD2008,5,311.26,1556.3,EUR
OL507115,ORD-106230,PRD2121,3,238.49,715.47,usd
OL507116,ORD-105577,PRD2228,3,317.91,953.73,NGN
OL507117,ORD-101891,PRD2174,5,29.32,146.6,EUR
OL507118,ORD-102204,PRD2067,-1,79.56,,NGN
OL507119,ORD-104820,PRD2115,3,$386.94,1160.82,EUR
OL507120,ORD-105750,PRD2009,2,201.13,402.26,USD
OL507121,ORD-105548,PRD2121,999,208.09,207881.91,EUR
OL507122,ORD-100837,PRD2129,1,212.65,212.65,USD
OL507123,ORD-104858,PRD2121,-1,478.23,,NGN
OL507124,ORD-105622,PRD2212,-1,370.96,,US Dollar
OL507125,ORD-105330,PRD2247,3,207.06,621.18,EUR
OL507126,ORD-108691,PRD2196,5,362.79,1813.95,EUR
OL507127,ORD-102055,PRD2116,1,337.93,337.93,EUR
OL507128,ORD-105686,PRD2081,0,396.72,,EUR
OL507129,ORD-103741,PRD2127,3,$356.98,1070.94,NGN
OL507130,ORD-102797,PRD2121,0,242.11,,US Dollar
OL507131,ORD-104669,PRD2054,3,420.43,1261.29,EUR
OL507132,ORD-101375,PRD2023,1,313.12,313.12,US Dollar
OL507133,ORD-107541,PRD2140,999,186.31,186123.69,NGN
OL507134,ORD-102340,PRD2227,4,232.53,930.12,USD
OL507135,ORD-105192,PRD2156,4,3.7,14.8,usd
OL507136,ORD-101382,PRD2032,5,230.07,1150.35,EUR
OL507137,ORD-107937,PRD2087,999,214.55,214335.45,USD
OL507138,ORD-104823,PRD2223,1,411.68,411.68,GBP
OL507139,ORD-106009,PRD2221,5,243.86,1219.3,US Dollar
OL507140,ORD-100224,PRD2070,5,324.82,1624.1,GBP
OL507141,ORD-104484,PRD2202,3,226.45,679.35,EUR
OL507142,ORD-101408,PRD2134,3,39.99,119.97,NGN
OL507143,ORD-104709,PRD2173,999,219.33,219110.67,EUR
OL507144,ORD-102248,PRD2173,1,326.22,326.22,USD
OL507145,ORD-104107,PRD2221,2,29.11,58.22,US Dollar
OL507146,ORD-104460,PRD2192,2,53.49,106.98,USD
OL507147,ORD-101802,PRD2065,5,$259.39,1296.95,GBP
OL507148,ORD-106643,PRD2098,1,394.24,394.24,US Dollar
OL507149,ORD-104880,PRD2004,3,58.6,175.8,GBP
OL507150,ORD-106224,PRD2022,3,75.05,225.15,NGN
OL507151,ORD-104773,PRD2189,4,310.04,1240.16,GBP
OL507152,ORD-106528,PRD2155,-1,473.99,,USD
OL507153,ORD-104782,PRD2139,999,304.21,303905.79,GBP
OL507154,ORD-108350,PRD2057,4,325.2,1300.8,usd
OL507155,ORD-107116,PRD2068,999,133.69,133556.31,usd
OL507156,ORD-106890,PRD2057,4,$316.42,1265.68,NGN
OL507157,ORD-100182,PRD2089,5,486.77,2433.85,NGN
OL507158,ORD-100707,PRD2136,4,$203.9,815.6,usd
OL507159,ORD-101920,PRD2111,1,404.48,404.48,USD
OL507160,ORD-107771,PRD2215,4,283.17,1132.68,USD
OL507161,ORD-107719,PRD2077,0,228.04,,USD
OL507162,ORD-108460,PRD2004,3,236.46,709.38,NGN
OL507163,ORD-102183,PRD2036,2,274.83,549.66,US Dollar
OL507164,ORD-106360,PRD2172,2,$132.95,265.9,US Dollar
OL507165,ORD-108087,PRD2122,4,83.67,334.68,USD
OL507166,ORD-101529,PRD2016,0,423.36,,NGN
OL507167,ORD-104799,PRD2090,999,332.2,331867.8,GBP
OL507168,ORD-105192,PRD2125,0,193.08,,EUR
OL507169,ORD-106585,PRD2006,3,214.72,644.16,GBP
OL507170,ORD-105451,PRD2204,999,39.77,39730.23,EUR
OL507171,ORD-103155,PRD2123,4,416.87,1667.48,EUR
OL507172,ORD-107100,PRD2104,5,40.94,204.7,USD
OL507173,ORD-105021,PRD2100,5,95.47,477.35,GBP
OL507174,ORD-100747,PRD2220,0,206.6,,USD
OL507175,ORD-100255,PRD2182,3,76.28,228.84,US Dollar
OL507176,ORD-103423,PRD2201,4,45.04,180.16,EUR
OL507177,ORD-102239,PRD2034,-1,336.28,,EUR
OL507178,ORD-105669,PRD2163,-1,$422.72,,GBP
OL507179,ORD-108262,PRD2128,999,6.92,6913.08,usd
OL507180,ORD-107393,PRD2037,5,177.77,888.85,EUR
OL507181,ORD-102628,PRD2195,999,296.48,296183.52,USD
OL507182,ORD-105776,PRD2125,4,485.99,1943.96,EUR
OL507183,ORD-101380,PRD2185,5,249.84,1249.2,usd
OL507184,ORD-105886,PRD2126,2,224.51,449.02,usd
OL507185,ORD-108997,PRD2002,1,363.07,363.07,NGN
OL507186,ORD-100055,PRD2202,2,247.46,494.92,USD
OL507187,ORD-103580,PRD2061,1,40.45,40.45,usd
OL507188,ORD-100841,PRD2181,2,406.13,812.26,EUR
OL507189,ORD-104107,PRD2111,0,$161.18,,NGN
OL507190,ORD-102499,PRD2215,1,419.48,419.48,EUR
OL507191,ORD-104206,PRD2037,1,19.38,19.38,EUR
OL507192,ORD-102916,PRD2191,4,481.43,1925.72,EUR
OL507193,ORD-104869,PRD2099,999,243.16,242916.84,US Dollar
OL507194,ORD-108800,PRD2211,1,173.23,173.23,usd
OL507195,ORD-101945,PRD2170,3,325.06,975.18,EUR
OL507196,ORD-100030,PRD2228,2,322.05,644.1,USD
OL507197,ORD-108794,PRD2182,2,$149.54,299.08,usd
OL507198,ORD-106061,PRD2061,3,473.07,1419.21,US Dollar
OL507199,ORD-104706,PRD2006,3,453.28,1359.84,USD
OL507200,ORD-103930,PRD2245,1,84.7,84.7,EUR
OL507201,ORD-104291,PRD2227,-1,392.56,,US Dollar
OL507202,ORD-104637,PRD2103,4,191.91,767.64,EUR
OL507203,ORD-107220,PRD2114,2,205.3,410.6,US Dollar
OL507204,ORD-101724,PRD2142,0,477.61,,EUR
OL507205,ORD-105412,PRD2135,4,105.4,421.6,usd
OL507206,ORD-105691,PRD2147,2,110.79,221.58,USD
OL507207,ORD-105269,PRD2102,1,268.84,268.84,usd
OL507208,ORD-103673,PRD2202,5,12.38,61.9,usd
OL507209,ORD-102091,PRD2117,3,42.05,126.15,GBP
OL507210,ORD-108350,PRD2182,0,$136.37,,US Dollar
OL507211,ORD-107772,PRD2208,2,470.65,941.3,usd
OL507212,ORD-105495,PRD2059,2,340.02,680.04,US Dollar
OL507213,ORD-103607,PRD2222,4,405.28,1621.12,NGN
OL507214,ORD-107753,PRD2098,3,161.52,484.56,GBP
OL507215,ORD-106707,PRD2132,3,154.19,462.57,USD
OL507216,ORD-101971,PRD2239,4,365.24,1460.96,NGN
OL507217,ORD-102663,PRD2125,0,267.16,,USD
OL507218,ORD-106155,PRD2154,5,367.22,1836.1,GBP
OL507219,ORD-106507,PRD2247,2,174.35,348.7,US Dollar
OL507220,ORD-108375,PRD2249,4,251.11,1004.44,US Dollar
OL507221,ORD-105306,PRD2032,1,303.72,303.72,usd
OL507222,ORD-102700,PRD2176,4,230.71,922.84,USD
OL507223,ORD-100628,PRD2203,5,271.75,1358.75,GBP
OL507224,ORD-104501,PRD2010,999,232.62,232387.38,NGN
OL507225,ORD-106758,PRD2123,0,350.16,,GBP
OL507226,ORD-107561,PRD2174,-1,136.29,,usd
OL507227,ORD-107850,PRD2055,5,$405.66,2028.3,USD
OL507228,ORD-106171,PRD2207,0,$316.35,,US Dollar
OL507229,ORD-108268,PRD2002,4,$380.02,1520.08,NGN
OL507230,ORD-106353,PRD2024,3,111.16,333.48,NGN
OL507231,ORD-104989,PRD2174,3,281.01,843.03,NGN
OL507232,ORD-107466,PRD2177,5,77.94,389.7,GBP
OL507233,ORD-105353,PRD2030,5,34.97,174.85,GBP
OL507234,ORD-103003,PRD2202,3,421.46,1264.38,NGN
OL507235,ORD-103341,PRD2084,1,419.21,419.21,usd
OL507236,ORD-106794,PRD2103,2,$499.76,999.52,NGN
OL507237,ORD-107118,PRD2024,3,477.23,1431.69,GBP
OL507238,ORD-103476,PRD2105,1,204.49,204.49,GBP
OL507239,ORD-100650,PRD2104,3,234.69,704.07,EUR
OL507240,ORD-101819,PRD2216,0,405.0,,EUR
OL507241,ORD-105952,PRD2112,5,236.18,1180.9,USD
OL507242,ORD-106865,PRD2151,0,235.35,,usd
OL507243,ORD-105368,PRD2052,4,$13.04,52.16,USD
OL507244,ORD-103945,PRD2065,1,391.32,391.32,EUR
OL507245,ORD-108051,PRD2245,4,$92.63,370.52,US Dollar
OL507246,ORD-101230,PRD2081,3,$195.05,585.15,USD
OL507247,ORD-108858,PRD2217,999,478.02,477541.98,GBP
OL507248,ORD-108700,PRD2052,5,$172.09,860.45,usd
OL507249,ORD-100940,PRD2058,5,398.74,1993.7,GBP
OL507250,ORD-100050,PRD2094,5,285.39,1426.95,USD
OL507251,ORD-101963,PRD2036,1,150.96,150.96,USD
OL507252,ORD-102302,PRD2010,4,26.39,105.56,usd
OL507253,ORD-105754,PRD2025,5,353.1,1765.5,USD
OL507254,ORD-107916,PRD2024,1,166.69,166.69,US Dollar
OL507255,ORD-107962,PRD2058,999,43.75,43706.25,usd
OL507256,ORD-104011,PRD2049,2,224.39,448.78,usd
OL507257,ORD-107919,PRD2007,0,88.86,,EUR
OL507258,ORD-106982,PRD2171,2,398.96,797.92,EUR
OL507259,ORD-104708,PRD2069,-1,324.07,,EUR
OL507260,ORD-105860,PRD2216,999,193.2,193006.8,US Dollar
OL507261,ORD-100121,PRD2171,2,373.98,747.96,US Dollar
OL507262,ORD-106668,PRD2186,3,104.89,314.67,EUR
OL507263,ORD-106066,PRD2224,3,131.19,393.57,EUR
OL507264,ORD-103596,PRD2154,1,$494.88,494.88,US Dollar
OL507265,ORD-103741,PRD2044,5,178.8,894.0,NGN
OL507266,ORD-101930,PRD2067,999,380.3,379919.7,USD
OL507267,ORD-108528,PRD2086,0,192.0,,US Dollar
OL507268,ORD-100754,PRD2182,3,144.97,434.91,US Dollar
OL507269,ORD-103920,PRD2020,0,219.64,,NGN
OL507270,ORD-108798,PRD2214,999,450.8,450349.2,USD
OL507271,ORD-103801,PRD2163,4,333.71,1334.84,GBP
OL507272,ORD-103758,PRD2192,3,324.36,973.08,US Dollar
OL507273,ORD-101484,PRD2013,4,102.12,408.48,US Dollar
OL507274,ORD-107815,PRD2033,4,9.3,37.2,USD
OL507275,ORD-108404,PRD2023,4,318.3,1273.2,US Dollar
OL507276,ORD-101425,PRD2045,3,137.27,411.81,usd
OL507277,ORD-104876,PRD2179,1,217.41,217.41,GBP
OL507278,ORD-102900,PRD2112,4,445.18,1780.72,USD
OL507279,ORD-103958,PRD2081,-1,334.61,,USD
OL507280,ORD-101293,PRD2239,2,206.13,412.26,usd
OL507281,ORD-104544,PRD2122,4,476.21,1904.84,usd
OL507282,ORD-100447,PRD2185,3,$301.95,905.85,EUR
OL507283,ORD-108180,PRD2235,-1,15.25,,usd
OL507284,ORD-106138,PRD2216,5,$496.07,2480.35,GBP
OL507285,ORD-100187,PRD2155,999,254.25,253995.75,EUR
OL507286,ORD-100686,PRD2059,2,49.03,98.06,USD
OL507287,ORD-107443,PRD2119,-1,26.67,,EUR
OL507288,ORD-103722,PRD2068,4,357.88,1431.52,GBP
OL507289,ORD-108808,PRD2085,-1,197.72,,USD
OL507290,ORD-108025,PRD2035,3,208.57,625.71,US Dollar
OL507291,ORD-103276,PRD2049,2,118.24,236.48,GBP
OL507292,ORD-103700,PRD2103,5,$314.83,1574.15,USD
OL507293,ORD-102475,PRD2244,-1,87.65,,USD
OL507294,ORD-108084,PRD2223,1,481.62,481.62,US Dollar
OL507295,ORD-103205,PRD2138,3,$222.06,666.18,USD
OL507296,ORD-100486,PRD2157,1,40.47,40.47,US Dollar
OL507297,ORD-104350,PRD2139,1,128.15,128.15,EUR
OL507298,ORD-107892,PRD2143,5,206.22,1031.1,NGN
OL507299,ORD-102739,PRD2172,2,167.62,335.24,EUR
OL507300,ORD-100866,PRD2206,1,412.41,412.41,usd
OL507301,ORD-101069,PRD2075,3,200.44,601.32,USD
OL507302,ORD-104242,PRD2230,3,219.49,658.47,EUR
OL507303,ORD-102103,PRD2035,-1,210.73,,US Dollar
OL507304,ORD-101687,PRD2241,4,118.12,472.48,usd
OL507305,ORD-104010,PRD2148,3,444.68,1334.04,US Dollar
OL507306,ORD-102280,PRD2102,2,372.96,745.92,USD
OL507307,ORD-104025,PRD2063,2,463.27,926.54,EUR
OL507308,ORD-108309,PRD2048,3,$198.77,596.31,USD
OL507309,ORD-105096,PRD2241,3,285.86,857.58,usd
OL507310,ORD-108296,PRD2179,-1,$306.54,,NGN
OL507311,ORD-103136,PRD2240,5,66.26,331.3,US Dollar
OL507312,ORD-105787,PRD2159,-1,392.25,,NGN
OL507313,ORD-100421,PRD2023,-1,199.9,,NGN
OL507314,ORD-102781,PRD2173,3,227.54,682.62,NGN
OL507315,ORD-100049,PRD2160,2,324.8,649.6,GBP
OL507316,ORD-107420,PRD2067,2,297.35,594.7,usd
OL507317,ORD-105783,PRD2220,4,67.35,269.4,NGN
OL507318,ORD-101379,PRD2113,1,247.09,247.09,usd
OL507319,ORD-100661,PRD2194,4,184.22,736.88,US Dollar
OL507320,ORD-107941,PRD2154,2,67.35,134.7,GBP
OL507321,ORD-103325,PRD2165,0,118.3,,usd
OL507322,ORD-105676,PRD2140,0,139.31,,NGN
OL507323,ORD-106015,PRD2012,3,387.97,1163.91,NGN
OL507324,ORD-105224,PRD9316,4,$377.12,1508.48,usd
OL507325,ORD-101078,PRD2087,0,477.29,,USD
OL507326,ORD-106723,PRD2167,999,333.12,332786.88,EUR
OL507327,ORD-105288,PRD2242,999,$37.08,37042.92,GBP
OL507328,ORD-104259,PRD2207,4,75.47,301.88,GBP
OL507329,ORD-104259,PRD2123,5,179.34,896.7,usd
OL507330,ORD-102738,PRD2152,3,333.14,999.42,GBP
OL507331,ORD-103455,PRD2069,5,423.38,2116.9,usd
OL507332,ORD-108050,PRD2140,3,16.09,48.27,EUR
OL507333,ORD-106697,PRD2046,4,379.92,1519.68,NGN
OL507334,ORD-100276,PRD2198,1,223.9,223.9,US Dollar
OL507335,ORD-101738,PRD2124,5,367.9,1839.5,NGN
OL507336,ORD-100112,PRD2066,0,157.05,,EUR
OL507337,ORD-100634,PRD2010,3,327.94,983.82,GBP
OL507338,ORD-108286,PRD2186,2,219.68,439.36,US Dollar
OL507339,ORD-102001,PRD2178,3,54.45,163.35,USD
OL507340,ORD-101217,PRD2208,2,23.46,46.92,USD
OL507341,ORD-100875,PRD2049,4,118.47,473.88,NGN
OL507342,ORD-103123,PRD2198,0,447.3,,usd
OL507343,ORD-103487,PRD2188,3,56.1,168.3,usd
OL507344,ORD-105314,PRD2242,-1,$184.57,,US Dollar
OL507345,ORD-106178,PRD2151,3,281.81,845.43,USD
OL507346,ORD-108583,PRD2135,5,258.39,1291.95,usd
OL507347,ORD-103811,PRD2222,3,473.01,1419.03,USD
OL507348,ORD-107637,PRD2243,5,221.17,1105.85,US Dollar
OL507349,ORD-104571,PRD2229,1,93.36,93.36,USD
OL507350,ORD-103120,PRD2033,1,426.12,426.12,EUR
OL507351,ORD-106478,PRD2198,4,207.16,828.64,NGN
OL507352,ORD-105717,PRD2015,1,473.11,473.11,usd
OL507353,ORD-106046,PRD2190,5,20.35,101.75,NGN
OL507354,ORD-108393,PRD2031,3,$418.16,1254.48,US Dollar
OL507355,ORD-105506,PRD2106,1,345.96,345.96,US Dollar
OL507356,ORD-100214,PRD2113,0,421.53,,NGN
OL507357,ORD-107227,PRD2237,4,418.43,1673.72,usd
OL507358,ORD-108831,PRD2229,4,433.17,1732.68,NGN
OL507359,ORD-107558,PRD2233,5,474.62,2373.1,GBP
OL507360,ORD-107077,PRD2118,5,313.21,1566.05,EUR
OL507361,ORD-104937,PRD2029,1,205.21,205.21,USD
OL507362,ORD-105329,PRD2050,3,378.33,1134.99,US Dollar
OL507363,ORD-106019,PRD2157,3,374.81,1124.43,usd
OL507364,ORD-107397,PRD2244,2,446.63,893.26,US Dollar
OL507365,ORD-107873,PRD2222,3,90.43,271.29,usd
OL507366,ORD-102648,PRD2158,2,137.04,274.08,USD
OL507367,ORD-101181,PRD2005,-1,102.29,,NGN
OL507368,ORD-108040,PRD2117,0,480.65,,GBP
OL507369,ORD-107344,PRD2126,5,437.79,2188.95,GBP
OL507370,ORD-102659,PRD2171,5,162.08,810.4,usd
OL507371,ORD-104874,PRD2236,-1,142.72,,NGN
OL507372,ORD-102089,PRD2045,999,263.72,263456.28,US Dollar
OL507373,ORD-101813,PRD2037,5,$290.73,1453.65,EUR
OL507374,ORD-103044,PRD2179,5,498.69,2493.45,EUR
OL507375,ORD-107361,PRD2088,4,465.48,1861.92,USD
OL507376,ORD-107254,PRD2142,5,426.9,2134.5,US Dollar
OL507377,ORD-105369,PRD2209,2,169.26,338.52,US Dollar
OL507378,ORD-101646,PRD2070,999,455.82,455364.18,USD
OL507379,ORD-106936,PRD2022,1,206.02,206.02,GBP
OL507380,ORD-103592,PRD2149,5,150.9,754.5,US Dollar
OL507381,ORD-100860,PRD2020,0,379.29,,EUR
OL507382,ORD-106103,PRD2009,2,467.48,934.96,EUR
OL507383,ORD-101843,PRD2023,5,27.94,139.7,USD
OL507384,ORD-105936,PRD2207,2,369.87,739.74,US Dollar
OL507385,ORD-108658,PRD2041,1,40.04,40.04,GBP
OL507386,ORD-106089,PRD2220,1,48.94,48.94,usd
OL507387,ORD-108497,PRD2227,1,457.85,457.85,EUR
OL507388,ORD-108548,PRD2033,1,328.69,328.69,EUR
OL507389,ORD-100375,PRD2242,3,458.21,1374.63,EUR
OL507390,ORD-106070,PRD2164,999,291.2,290908.8,US Dollar
OL507391,ORD-102414,PRD2116,1,291.12,291.12,usd
OL507392,ORD-104975,PRD2136,5,36.44,182.2,NGN
OL507393,ORD-103441,PRD2193,5,$339.94,1699.7,USD
OL507394,ORD-101671,PRD2020,999,301.28,300978.72,NGN
OL507395,ORD-103024,PRD2117,-1,65.04,,NGN
OL507396,ORD-108246,PRD2113,3,30.56,91.68,EUR
OL507397,ORD-104476,PRD2041,3,2.78,8.34,US Dollar
OL507398,ORD-101381,PRD2027,999,236.13,235893.87,US Dollar
OL507399,ORD-100103,PRD2119,2,$248.87,497.74,NGN
OL507400,ORD-102844,PRD2139,4,156.48,625.92,NGN
OL507401,ORD-100067,PRD2140,2,334.63,669.26,EUR
OL507402,ORD-100766,PRD2205,3,216.86,650.58,usd
OL507403,ORD-103002,PRD2250,2,172.54,345.08,USD
OL507404,ORD-103815,PRD2117,5,$392.36,1961.8,NGN
OL507405,ORD-104056,PRD2008,3,163.72,491.16,GBP
OL507406,ORD-107588,PRD2099,4,247.73,990.92,GBP
OL507407,ORD-103528,PRD2150,4,41.74,166.96,EUR
OL507408,ORD-100018,PRD2201,4,320.16,1280.64,NGN
OL507409,ORD-102746,PRD2112,4,208.33,833.32,EUR
OL507410,ORD-104935,PRD2007,2,164.79,329.58,US Dollar
OL507411,ORD-108116,PRD2218,5,151.25,756.25,USD
OL507412,ORD-106684,PRD2185,2,$272.24,544.48,usd
OL507413,ORD-102218,PRD2068,5,150.34,751.7,NGN
OL507414,ORD-100412,PRD2148,4,131.52,526.08,usd
OL507415,ORD-108690,PRD2061,2,279.63,559.26,GBP
OL507416,ORD-104956,PRD2223,1,260.7,260.7,EUR
OL507417,ORD-105207,PRD2037,-1,$138.07,,USD
OL507418,ORD-101294,PRD2175,0,225.28,,usd
OL507419,ORD-108929,PRD2163,2,296.74,593.48,usd
OL507420,ORD-107541,PRD2049,-1,150.72,,GBP
OL507421,ORD-102702,PRD2221,1,408.19,408.19,NGN
OL507422,ORD-104200,PRD2137,2,43.4,86.8,GBP
OL507423,ORD-105794,PRD2140,2,278.55,557.1,usd
OL507424,ORD-107595,PRD2005,5,195.83,979.15,GBP
OL507425,ORD-108772,PRD2012,4,417.84,1671.36,GBP
OL507426,ORD-103513,PRD2164,999,200.7,200499.3,US Dollar
OL507427,ORD-105464,PRD2145,3,19.69,59.07,USD
OL507428,ORD-106624,PRD2170,5,211.03,1055.15,usd
OL507429,ORD-100179,PRD2250,2,423.48,846.96,USD
OL507430,ORD-107105,PRD2206,2,147.28,294.56,USD
OL507431,ORD-106189,PRD2145,1,335.93,335.93,USD
OL507432,ORD-100238,PRD2020,3,$411.29,1233.87,US Dollar
OL507433,ORD-101222,PRD2150,-1,$452.14,,US Dollar
OL507434,ORD-104985,PRD2182,-1,$132.47,,EUR
OL507435,ORD-104277,PRD2224,5,$231.39,1156.95,US Dollar
OL507436,ORD-108468,PRD2183,-1,472.63,,US Dollar
OL507437,ORD-105895,PRD2205,5,54.74,273.7,EUR
OL507438,ORD-105081,PRD2101,0,219.45,,NGN
OL507439,ORD-103721,PRD2187,3,75.79,227.37,NGN
OL507440,ORD-108569,PRD2065,5,102.72,513.6,US Dollar
OL507441,ORD-105223,PRD2023,4,7.54,30.16,US Dollar
OL507442,ORD-108962,PRD2231,0,497.74,,GBP
OL507443,ORD-107848,PRD2043,0,284.77,,NGN
OL507444,ORD-105028,PRD2230,-1,388.27,,USD
OL507445,ORD-102277,PRD2144,999,439.52,439080.48,US Dollar
OL507446,ORD-107403,PRD2119,1,$60.96,60.96,USD
OL507447,ORD-104541,PRD2092,1,162.35,162.35,US Dollar
OL507448,ORD-107546,PRD2054,2,346.88,693.76,NGN
OL507449,ORD-100474,PRD2114,0,332.45,,US Dollar
OL507450,ORD-100911,PRD2089,1,188.64,188.64,usd
OL507451,ORD-102282,PRD2213,5,233.93,1169.65,EUR
OL507452,ORD-101554,PRD2201,-1,268.81,,US Dollar
OL507453,ORD-104420,PRD2096,2,479.56,959.12,US Dollar
OL507454,ORD-100711,PRD2033,5,33.55,167.75,GBP
OL507455,ORD-105151,PRD2238,3,9.67,29.01,US Dollar
OL507456,ORD-102490,PRD2002,5,176.63,883.15,usd
OL507457,ORD-106802,PRD2137,5,173.49,867.45,EUR
OL507458,ORD-104478,PRD2108,0,2.23,,usd
OL507459,ORD-108301,PRD2147,0,382.51,,GBP
OL507460,ORD-101875,PRD2143,0,437.39,,USD
OL507461,ORD-107038,PRD2054,999,240.24,239999.76,USD
OL507462,ORD-104717,PRD2151,1,172.69,172.69,US Dollar
OL507463,ORD-104936,PRD2182,4,207.49,829.96,NGN
OL507464,ORD-107304,PRD2106,999,349.67,349320.33,NGN
OL507465,ORD-101712,PRD2096,2,170.78,341.56,EUR
OL507466,ORD-106353,PRD2150,2,252.48,504.96,US Dollar
OL507467,ORD-107797,PRD2057,4,446.69,1786.76,NGN
OL507468,ORD-105277,PRD2141,4,79.66,318.64,GBP
OL507469,ORD-101530,PRD2198,2,18.0,36.0,NGN
OL507470,ORD-103397,PRD2246,999,123.9,123776.1,USD
OL507471,ORD-103811,PRD2206,3,223.71,671.13,EUR
OL507472,ORD-108645,PRD2236,999,441.35,440908.65,US Dollar
OL507473,ORD-101741,PRD2200,2,441.12,882.24,usd
OL507474,ORD-103278,PRD2111,-1,149.67,,USD
OL507475,ORD-103172,PRD2103,-1,$288.06,,GBP
OL507476,ORD-100731,PRD2029,1,$489.23,489.23,USD
OL507477,ORD-105348,PRD2032,-1,130.07,,NGN
OL507478,ORD-100757,PRD2002,4,370.37,1481.48,NGN
OL507479,ORD-107921,PRD2025,-1,77.7,,EUR
OL507480,ORD-105164,PRD2160,3,477.31,1431.93,GBP
OL507481,ORD-108860,PRD2163,2,148.63,297.26,EUR
OL507482,ORD-103671,PRD2240,2,329.46,658.92,usd
OL507483,ORD-104021,PRD2101,5,$123.03,615.15,NGN
OL507484,ORD-102742,PRD2089,2,391.38,782.76,USD
OL507485,ORD-106666,PRD2137,4,266.57,1066.28,usd
OL507486,ORD-108513,PRD2056,1,$85.53,85.53,EUR
OL507487,ORD-105914,PRD2162,-1,188.85,,USD
OL507488,ORD-104861,PRD2135,0,$257.2,,NGN
OL507489,ORD-100856,PRD2015,0,232.93,,NGN
OL507490,ORD-108998,PRD2208,2,117.87,235.74,GBP
OL507491,ORD-108569,PRD2088,3,136.6,409.8,NGN
OL507492,ORD-105059,PRD2231,0,93.79,,USD
OL507493,ORD-104848,PRD2094,1,201.01,201.01,NGN
OL507494,ORD-105712,PRD2217,4,16.65,66.6,US Dollar
OL507495,ORD-103690,PRD2080,999,14.28,14265.72,GBP
OL507496,ORD-104743,PRD2034,-1,$43.0,,NGN
OL507497,ORD-101141,PRD2062,1,400.6,400.6,EUR
OL507498,ORD-100624,PRD2020,5,$43.48,217.4,usd
OL507499,ORD-105867,PRD2149,1,290.64,290.64,US Dollar
OL507500,ORD-102261,PRD2224,999,217.39,217172.61,NGN
OL507501,ORD-103679,PRD2211,1,287.96,287.96,EUR
OL507502,ORD-104029,PRD2067,1,$89.03,89.03,usd
OL507503,ORD-100351,PRD2159,1,398.7,398.7,US Dollar
OL507504,ORD-108823,PRD2235,4,38.78,155.12,USD
OL507505,ORD-100805,PRD2239,-1,442.85,,USD
OL507506,ORD-101060,PRD2182,5,$482.06,2410.3,EUR
OL507507,ORD-105033,PRD2016,3,352.39,1057.17,NGN
OL507508,ORD-103045,PRD2172,4,449.41,1797.64,usd
OL507509,ORD-105299,PRD2138,3,291.57,874.71,US Dollar
OL507510,ORD-102649,PRD2104,5,$342.1,1710.5,US Dollar
OL507511,ORD-102723,PRD2230,5,$432.48,2162.4,US Dollar
OL507512,ORD-108568,PRD2178,2,46.53,93.06,USD
OL507513,ORD-102153,PRD2037,1,$387.22,387.22,NGN
OL507514,ORD-108218,PRD2108,1,262.1,262.1,GBP
OL507515,ORD-103949,PRD2212,1,59.65,59.65,usd
OL507516,ORD-104373,PRD2143,-1,494.69,,US Dollar
OL507517,ORD-102297,PRD2188,1,439.21,439.21,GBP
OL507518,ORD-103693,PRD2064,5,242.76,1213.8,usd
OL507519,ORD-106238,PRD2230,4,318.27,1273.08,USD
OL507520,ORD-107556,PRD2119,999,110.53,110419.47,US Dollar
OL507521,ORD-106577,PRD2025,5,$133.1,665.5,US Dollar
OL507522,ORD-106206,PRD2192,2,491.71,983.42,USD
OL507523,ORD-100140,PRD2056,2,465.49,930.98,usd
OL507524,ORD-101588,PRD2111,5,361.01,1805.05,GBP
OL507525,ORD-103452,PRD2202,-1,240.24,,USD
OL507526,ORD-104924,PRD2116,999,404.8,404395.2,USD
OL507527,ORD-108027,PRD2153,3,223.28,669.84,GBP
OL507528,ORD-100905,PRD2113,5,414.98,2074.9,usd
OL507529,ORD-104592,PRD2013,1,$50.18,50.18,US Dollar
OL507530,ORD-108181,PRD2063,1,117.13,117.13,USD
OL507531,ORD-105272,PRD2143,999,206.39,206183.61,US Dollar
OL507532,ORD-108684,PRD2125,1,87.25,87.25,US Dollar
OL507533,ORD-106250,PRD2014,999,31.69,31658.31,NGN
OL507534,ORD-104256,PRD2099,-1,341.41,,USD
OL507535,ORD-101523,PRD2054,-1,237.82,,US Dollar
OL507536,ORD-101425,PRD2234,3,387.96,1163.88,USD
OL507537,ORD-100493,PRD2081,-1,431.16,,USD
OL507538,ORD-101041,PRD2238,5,116.35,581.75,US Dollar
OL507539,ORD-103298,PRD2023,2,$494.61,989.22,USD
OL507540,ORD-106405,PRD2022,4,299.17,1196.68,US Dollar
OL507541,ORD-108256,PRD2186,2,354.3,708.6,US Dollar
OL507542,ORD-108606,PRD2242,999,470.83,470359.17,GBP
OL507543,ORD-104887,PRD2125,5,236.82,1184.1,NGN
OL507544,ORD-101586,PRD2094,0,147.62,,GBP
OL507545,ORD-106275,PRD2084,4,115.57,462.28,NGN
OL507546,ORD-104789,PRD2210,5,248.27,1241.35,US Dollar
OL507547,ORD-108359,PRD2106,2,78.15,156.3,US Dollar
OL507548,ORD-103711,PRD2133,1,438.25,438.25,usd
OL507549,ORD-107100,PRD2213,4,187.93,751.72,EUR
OL507550,ORD-101369,PRD2112,2,182.96,365.92,EUR
OL507551,ORD-103339,PRD2191,4,58.4,233.6,NGN
OL507552,ORD-104705,PRD2044,1,370.09,370.09,USD
OL507553,ORD-101715,PRD2151,0,18.75,,US Dollar
OL507554,ORD-100650,PRD2052,-1,$369.18,,usd
OL507555,ORD-104879,PRD2227,5,62.32,311.6,usd
OL507556,ORD-100866,PRD2123,3,$176.23,528.69,usd
OL507557,ORD-102985,PRD2111,3,64.2,192.6,usd
OL507558,ORD-100535,PRD2036,1,$36.51,36.51,USD
OL507559,ORD-103049,PRD2244,3,119.33,357.99,usd
OL507560,ORD-105257,PRD2021,5,169.05,845.25,US Dollar
OL507561,ORD-104550,PRD2193,2,138.16,276.32,USD
OL507562,ORD-101600,PRD2199,0,489.74,,GBP
OL507563,ORD-100130,PRD2046,2,138.29,276.58,NGN
OL507564,ORD-106312,PRD2032,0,$101.35,,EUR
OL507565,ORD-104315,PRD2233,5,38.28,191.4,USD
OL507566,ORD-100029,PRD2134,1,224.89,224.89,USD
OL507567,ORD-108711,PRD2039,-1,432.74,,USD
OL507568,ORD-101350,PRD2115,5,444.15,2220.75,USD
OL507569,ORD-100858,PRD2118,4,$88.85,355.4,usd
OL507570,ORD-107879,PRD2201,3,$259.64,778.92,GBP
OL507571,ORD-100491,PRD2146,1,388.57,388.57,NGN
OL507572,ORD-106765,PRD2195,1,$319.24,319.24,US Dollar
OL507573,ORD-107096,PRD2223,999,403.2,402796.8,USD
OL507574,ORD-102781,PRD2045,3,$128.93,386.79,NGN
OL507575,ORD-107365,PRD2123,5,212.32,1061.6,US Dollar
OL507576,ORD-102623,PRD2031,4,351.57,1406.28,EUR
OL507577,ORD-104777,PRD2007,2,150.03,300.06,NGN
OL507578,ORD-103441,PRD2192,999,$135.44,135304.56,NGN
OL507579,ORD-102295,PRD2028,2,359.89,719.78,EUR
OL507580,ORD-108396,PRD2201,4,69.8,279.2,usd
OL507581,ORD-105713,PRD2123,4,152.17,608.68,GBP
OL507582,ORD-100427,PRD2133,1,155.68,155.68,NGN
OL507583,ORD-101486,PRD2184,5,371.14,1855.7,USD
OL507584,ORD-106971,PRD2107,3,$229.72,689.16,NGN
OL507585,ORD-100800,PRD2122,3,73.32,219.96,usd
OL507586,ORD-100271,PRD2154,-1,16.26,,usd
OL507587,ORD-100722,PRD2004,2,211.59,423.18,usd
OL507588,ORD-106329,PRD2117,999,$36.45,36413.55,USD
OL507589,ORD-105263,PRD2232,5,361.99,1809.95,USD
OL507590,ORD-100107,PRD2055,1,393.4,393.4,GBP
OL507591,ORD-103101,PRD2031,3,284.17,852.51,usd
OL507592,ORD-101135,PRD2078,3,327.64,982.92,GBP
OL507593,ORD-107646,PRD2097,0,237.43,,US Dollar
OL507594,ORD-102121,PRD2150,2,370.11,740.22,GBP
OL507595,ORD-104810,PRD2216,-1,31.77,,GBP
OL507596,ORD-102375,PRD2085,0,147.7,,NGN
OL507597,ORD-107113,PRD2140,3,255.96,767.88,EUR
OL507598,ORD-104290,PRD2032,5,485.52,2427.6,US Dollar
OL507599,ORD-101300,PRD2191,5,347.49,1737.45,usd
OL507600,ORD-102543,PRD2047,-1,30.22,,GBP
OL507601,ORD-103927,PRD2141,4,379.97,1519.88,USD
OL507602,ORD-102370,PRD2047,4,300.28,1201.12,US Dollar
OL507603,ORD-108346,PRD2249,5,223.5,1117.5,EUR
OL507604,ORD-104400,PRD2179,-1,265.04,,EUR
OL507605,ORD-103809,PRD2202,999,$158.9,158741.1,EUR
OL507606,ORD-104282,PRD2072,2,$284.76,569.52,GBP
OL507607,ORD-104297,PRD2047,2,242.87,485.74,EUR
OL507608,ORD-102233,PRD2004,4,332.0,1328.0,GBP
OL507609,ORD-107008,PRD2113,-1,64.9,,NGN
OL507610,ORD-107053,PRD2135,2,236.74,473.48,US Dollar
OL507611,ORD-107309,PRD2035,3,258.27,774.81,usd
OL507612,ORD-104930,PRD2134,5,301.01,1505.05,GBP
OL507613,ORD-100613,PRD2209,-1,389.77,,usd
OL507614,ORD-107300,PRD2187,1,320.54,320.54,USD
OL507615,ORD-104026,PRD2024,2,224.37,448.74,usd
OL507616,ORD-104292,PRD2190,1,422.65,422.65,USD
OL507617,ORD-102693,PRD2191,4,197.65,790.6,USD
OL507618,ORD-102024,PRD2065,-1,196.29,,GBP
OL507619,ORD-104334,PRD2183,5,259.17,1295.85,US Dollar
OL507620,ORD-104971,PRD2136,0,206.19,,NGN
OL507621,ORD-102850,PRD2065,2,93.46,186.92,NGN
OL507622,ORD-102967,PRD2002,3,474.85,1424.55,GBP
OL507623,ORD-107050,PRD2230,5,299.52,1497.6,US Dollar
OL507624,ORD-107139,PRD2250,4,$43.19,172.76,GBP
OL507625,ORD-103899,PRD2028,5,478.71,2393.55,EUR
OL507626,ORD-108472,PRD2166,3,339.55,1018.65,USD
OL507627,ORD-101687,PRD2046,4,469.58,1878.32,NGN
OL507628,ORD-105549,PRD2045,3,370.41,1111.23,EUR
OL507629,ORD-105310,PRD2113,999,422.75,422327.25,US Dollar
OL507630,ORD-108856,PRD2212,3,385.73,1157.19,EUR
OL507631,ORD-106942,PRD2149,5,395.13,1975.65,NGN
OL507632,ORD-104003,PRD2133,5,85.97,429.85,EUR
OL507633,ORD-107974,PRD2005,4,71.02,284.08,EUR
OL507634,ORD-106817,PRD2082,5,103.06,515.3,NGN
OL507635,ORD-102434,PRD2201,2,65.1,130.2,NGN
OL507636,ORD-107899,PRD2230,5,43.71,218.55,NGN
OL507637,ORD-102959,PRD2053,5,$423.97,2119.85,EUR
OL507638,ORD-108229,PRD2103,0,426.78,,EUR
OL507639,ORD-106214,PRD2146,999,389.59,389200.41,US Dollar
OL507640,ORD-101682,PRD2141,0,370.9,,US Dollar
OL507641,ORD-101067,PRD2166,2,442.05,884.1,usd
OL507642,ORD-102141,PRD2247,3,133.37,400.11,EUR
OL507643,ORD-107770,PRD2202,0,243.95,,NGN
OL507644,ORD-107344,PRD2216,5,186.72,933.6,USD
OL507645,ORD-101674,PRD2142,3,434.92,1304.76,usd
OL507646,ORD-101274,PRD2226,999,$53.16,53106.84,NGN
OL507647,ORD-106966,PRD2240,1,$111.04,111.04,USD
OL507648,ORD-102659,PRD2133,-1,12.67,,usd
OL507649,ORD-105523,PRD2044,4,95.28,381.12,EUR
OL507650,ORD-104369,PRD2161,1,404.18,404.18,GBP
OL507651,ORD-107174,PRD2049,4,88.24,352.96,EUR
OL507652,ORD-105926,PRD2020,3,117.96,353.88,US Dollar
OL507653,ORD-104741,PRD2054,4,140.22,560.88,EUR
OL507654,ORD-107100,PRD2194,5,154.13,770.65,GBP
OL507655,ORD-105650,PRD2050,2,117.27,234.54,NGN
OL507656,ORD-102994,PRD2173,1,210.71,210.71,US Dollar
OL507657,ORD-102601,PRD2055,0,37.04,,GBP
OL507658,ORD-103623,PRD2193,-1,13.92,,US Dollar
OL507659,ORD-107314,PRD2071,2,$55.44,110.88,EUR
OL507660,ORD-101097,PRD2173,2,323.76,647.52,EUR
OL507661,ORD-104255,PRD2126,2,39.19,78.38,NGN
OL507662,ORD-105404,PRD2045,4,308.07,1232.28,US Dollar
OL507663,ORD-102250,PRD2248,5,434.63,2173.15,EUR
OL507664,ORD-108403,PRD2199,0,43.58,,NGN
OL507665,ORD-101667,PRD2082,-1,409.02,,GBP
OL507666,ORD-100041,PRD2169,999,230.42,230189.58,US Dollar
OL507667,ORD-104820,PRD2095,5,$305.5,1527.5,EUR
OL507668,ORD-106596,PRD2013,5,464.09,2320.45,EUR
OL507669,ORD-101661,PRD2063,5,431.0,2155.0,NGN
OL507670,ORD-107229,PRD2031,4,309.5,1238.0,NGN
OL507671,ORD-106388,PRD2141,1,$71.99,71.99,NGN
OL507672,ORD-104591,PRD2103,2,377.52,755.04,EUR
OL507673,ORD-100110,PRD2166,999,16.79,16773.21,USD
OL507674,ORD-102686,PRD2055,1,$469.02,469.02,NGN
OL507675,ORD-101581,PRD2209,-1,$261.87,,NGN
OL507676,ORD-101939,PRD2060,3,336.83,1010.49,USD
OL507677,ORD-108436,PRD2177,3,370.42,1111.26,NGN
OL507678,ORD-106378,PRD2065,4,$82.4,329.6,GBP
OL507679,ORD-106960,PRD2245,999,189.6,189410.4,USD
OL507680,ORD-100723,PRD2088,2,480.37,960.74,NGN
OL507681,ORD-105119,PRD2142,1,438.0,438.0,usd
OL507682,ORD-104728,PRD2175,1,402.53,402.53,NGN
OL507683,ORD-105039,PRD2215,4,455.09,1820.36,US Dollar
OL507684,ORD-105060,PRD2157,2,$288.09,576.18,GBP
OL507685,ORD-100947,PRD2160,3,445.56,1336.68,EUR
OL507686,ORD-104269,PRD2053,-1,487.48,,USD
OL507687,ORD-108443,PRD2125,1,308.12,308.12,NGN
OL507688,ORD-105554,PRD2086,5,36.4,182.0,NGN
OL507689,ORD-104080,PRD2177,5,$44.2,221.0,usd
OL507690,ORD-100045,PRD2075,1,$178.7,178.7,USD
OL507691,ORD-102097,PRD2133,2,91.74,183.48,US Dollar
OL507692,ORD-106151,PRD2220,999,285.85,285564.15,US Dollar
OL507693,ORD-100383,PRD2020,2,155.1,310.2,GBP
OL507694,ORD-103957,PRD2028,2,$329.33,658.66,USD
OL507695,ORD-106440,PRD2058,1,459.81,459.81,US Dollar
OL507696,ORD-108752,PRD2109,2,$57.29,114.58,USD
OL507697,ORD-100180,PRD2223,3,366.01,1098.03,usd
OL507698,ORD-102695,PRD2110,999,90.5,90409.5,US Dollar
OL507699,ORD-100192,PRD2216,999,254.44,254185.56,NGN
OL507700,ORD-105584,PRD2159,-1,74.8,,usd
OL507701,ORD-106226,PRD2022,3,476.88,1430.64,NGN
OL507702,ORD-106131,PRD2080,3,205.56,616.68,GBP
OL507703,ORD-101820,PRD2169,1,33.59,33.59,US Dollar
OL507704,ORD-105464,PRD2167,1,464.47,464.47,EUR
OL507705,ORD-103025,PRD2250,4,$180.88,723.52,NGN
OL507706,ORD-104392,PRD2198,-1,267.43,,EUR
OL507707,ORD-107358,PRD2006,1,$215.09,215.09,EUR
OL507708,ORD-103140,PRD2004,0,$271.73,,GBP
OL507709,ORD-101042,PRD2183,999,249.55,249300.45,usd
OL507710,ORD-108562,PRD2079,4,272.95,1091.8,USD
OL507711,ORD-104493,PRD2180,1,123.72,123.72,EUR
OL507712,ORD-103946,PRD2138,2,$488.97,977.94,GBP
OL507713,ORD-108330,PRD2135,0,2.25,,NGN
OL507714,ORD-106214,PRD2081,5,314.57,1572.85,usd
OL507715,ORD-104793,PRD2046,0,455.4,,GBP
OL507716,ORD-102345,PRD2230,4,236.48,945.92,GBP
OL507717,ORD-107884,PRD2185,0,60.08,,NGN
OL507718,ORD-105532,PRD2189,3,358.5,1075.5,usd
OL507719,ORD-100136,PRD2246,2,480.11,960.22,EUR
OL507720,ORD-105658,PRD2095,1,477.1,477.1,USD
OL507721,ORD-102541,PRD2029,1,167.24,167.24,NGN
OL507722,ORD-103228,PRD2043,1,100.59,100.59,US Dollar
OL507723,ORD-103120,PRD2151,1,295.18,295.18,EUR
OL507724,ORD-105245,PRD2053,5,256.47,1282.35,usd
OL507725,ORD-105311,PRD2060,-1,355.74,,usd
OL507726,ORD-104146,PRD2169,3,258.3,774.9,USD
OL507727,ORD-107333,PRD2037,4,132.49,529.96,NGN
OL507728,ORD-100182,PRD2087,0,205.5,,USD
OL507729,ORD-105227,PRD2092,2,182.99,365.98,US Dollar
OL507730,ORD-103426,PRD2089,5,$192.03,960.15,USD
OL507731,ORD-100200,PRD2242,-1,439.32,,US Dollar
OL507732,ORD-104000,PRD2078,1,$440.83,440.83,US Dollar
OL507733,ORD-108107,PRD2098,2,23.47,46.94,US Dollar
OL507734,ORD-104618,PRD2018,1,$267.29,267.29,USD
OL507735,ORD-101545,PRD2088,2,144.81,289.62,US Dollar
OL507736,ORD-108643,PRD2045,4,356.04,1424.16,NGN
OL507737,ORD-108910,PRD2224,3,230.33,690.99,EUR
OL507738,ORD-103340,PRD2036,1,$63.59,63.59,EUR
OL507739,ORD-107828,PRD2249,2,103.68,207.36,USD
OL507740,ORD-108657,PRD2053,4,256.17,1024.68,usd
OL507741,ORD-108111,PRD2225,4,210.12,840.48,NGN
OL507742,ORD-107963,PRD2003,2,$110.52,221.04,usd
OL507743,ORD-107828,PRD2081,0,94.97,,US Dollar
OL507744,ORD-105803,PRD2170,0,336.42,,US Dollar
OL507745,ORD-103420,PRD2036,4,257.25,1029.0,usd
OL507746,ORD-107867,PRD2075,5,212.55,1062.75,USD
OL507747,ORD-107584,PRD2188,3,278.66,835.98,GBP
OL507748,ORD-108675,PRD2208,1,341.31,341.31,EUR
OL507749,ORD-105996,PRD2093,5,477.92,2389.6,usd
OL507750,ORD-100182,PRD2095,4,489.04,1956.16,NGN
OL507751,ORD-105435,PRD2188,-1,451.7,,usd
OL507752,ORD-100516,PRD2116,3,135.55,406.65,NGN
OL507753,ORD-100724,PRD2236,999,$450.65,450199.35,EUR
OL507754,ORD-101953,PRD2116,2,437.74,875.48,US Dollar
OL507755,ORD-104071,PRD2114,2,46.06,92.12,USD
OL507756,ORD-100992,PRD2248,5,260.25,1301.25,EUR
OL507757,ORD-108695,PRD2156,1,238.22,238.22,USD
OL507758,ORD-104485,PRD2225,2,190.62,381.24,USD
OL507759,ORD-106910,PRD2059,5,$70.7,353.5,GBP
OL507760,ORD-106500,PRD2182,0,$414.48,,usd
OL507761,ORD-108979,PRD2207,4,$149.15,596.6,USD
OL507762,ORD-108677,PRD2119,999,423.6,423176.4,EUR
OL507763,ORD-102610,PRD2157,-1,299.76,,usd
OL507764,ORD-106717,PRD2049,2,71.82,143.64,GBP
OL507765,ORD-101078,PRD2148,1,46.79,46.79,USD
OL507766,ORD-105554,PRD2089,1,$491.12,491.12,US Dollar
OL507767,ORD-101513,PRD2210,3,287.69,863.07,GBP
OL507768,ORD-100871,PRD2236,1,66.15,66.15,US Dollar
OL507769,ORD-105113,PRD2163,3,479.73,1439.19,USD
OL507770,ORD-105393,PRD2249,3,18.2,54.6,NGN
OL507771,ORD-103422,PRD2176,4,73.16,292.64,EUR
OL507772,ORD-106352,PRD2097,5,$131.04,655.2,US Dollar
OL507773,ORD-102314,PRD2121,1,216.09,216.09,US Dollar
OL507774,ORD-105576,PRD2130,3,440.44,1321.32,NGN
OL507775,ORD-107626,PRD2185,999,$229.69,229460.31,GBP
OL507776,ORD-100773,PRD2047,5,465.34,2326.7,NGN
OL507777,ORD-106138,PRD2021,3,169.38,508.14,GBP
OL507778,ORD-101682,PRD2204,2,$336.44,672.88,US Dollar
OL507779,ORD-100341,PRD2073,4,369.9,1479.6,GBP
OL507780,ORD-104921,PRD2203,2,$431.17,862.34,GBP
OL507781,ORD-108572,PRD2178,4,21.93,87.72,usd
OL507782,ORD-101087,PRD2199,3,400.42,1201.26,usd
OL507783,ORD-100511,PRD2180,1,463.05,463.05,USD
OL507784,ORD-106952,PRD2204,5,$64.15,320.75,usd
OL507785,ORD-107582,PRD2022,1,481.78,481.78,GBP
OL507786,ORD-104089,PRD2061,2,439.59,879.18,USD
OL507787,ORD-101237,PRD2150,0,$391.46,,EUR
OL507788,ORD-107960,PRD2046,-1,$246.94,,usd
OL507789,ORD-106974,PRD2221,4,435.42,1741.68,US Dollar
OL507790,ORD-102320,PRD2115,4,373.88,1495.52,usd
OL507791,ORD-106477,PRD2071,2,444.73,889.46,usd
OL507792,ORD-102789,PRD2016,1,412.37,412.37,EUR
OL507793,ORD-101575,PRD2107,1,438.24,438.24,USD
OL507794,ORD-103244,PRD2167,2,239.75,479.5,usd
OL507795,ORD-106037,PRD2179,3,$114.13,342.39,US Dollar
OL507796,ORD-108022,PRD2118,999,165.28,165114.72,USD
OL507797,ORD-104201,PRD2043,4,189.94,759.76,NGN
OL507798,ORD-100650,PRD2066,5,$393.77,1968.85,NGN
OL507799,ORD-106306,PRD2248,1,241.04,241.04,GBP
OL507800,ORD-100082,PRD2200,0,398.57,,US Dollar
OL507801,ORD-103571,PRD2166,3,$185.81,557.43,EUR
OL507802,ORD-108323,PRD2208,4,112.87,451.48,USD
OL507803,ORD-106752,PRD2163,3,407.71,1223.13,US Dollar
OL507804,ORD-104608,PRD2163,1,458.03,458.03,usd
OL507805,ORD-101912,PRD2206,2,164.4,328.8,usd
OL507806,ORD-105223,PRD2028,4,215.59,862.36,NGN
OL507807,ORD-102570,PRD2121,4,315.97,1263.88,USD
OL507808,ORD-101005,PRD2062,1,368.2,368.2,GBP
OL507809,ORD-105255,PRD2234,2,491.68,983.36,GBP
OL507810,ORD-106407,PRD2104,1,82.55,82.55,NGN
OL507811,ORD-106013,PRD2231,2,127.78,255.56,US Dollar
OL507812,ORD-108714,PRD2214,0,378.47,,EUR
OL507813,ORD-107776,PRD2127,999,$95.13,95034.87,USD
OL507814,ORD-102847,PRD2066,2,137.89,275.78,US Dollar
OL507815,ORD-103935,PRD2058,1,364.96,364.96,usd
OL507816,ORD-108977,PRD2220,-1,468.74,,USD
OL507817,ORD-104304,PRD2119,5,137.03,685.15,NGN
OL507818,ORD-102612,PRD2066,1,$407.18,407.18,USD
OL507819,ORD-108947,PRD2068,4,$410.1,1640.4,GBP
OL507820,ORD-103296,PRD2118,5,$267.21,1336.05,EUR
OL507821,ORD-101824,PRD2233,3,89.35,268.05,US Dollar
OL507822,ORD-104187,PRD2158,4,234.3,937.2,usd
OL507823,ORD-108811,PRD2058,-1,434.19,,USD
OL507824,ORD-105766,PRD2165,0,114.5,,GBP
OL507825,ORD-104777,PRD2070,1,$374.9,374.9,NGN
OL507826,ORD-105695,PRD2125,2,9.26,18.52,GBP
OL507827,ORD-101247,PRD2013,3,$96.56,289.68,NGN
OL507828,ORD-108340,PRD2120,2,$303.28,606.56,NGN
OL507829,ORD-105925,PRD2060,1,476.25,476.25,EUR
OL507830,ORD-103461,PRD2101,4,158.16,632.64,GBP
OL507831,ORD-105349,PRD2245,999,278.05,277771.95,US Dollar
OL507832,ORD-107609,PRD2064,0,$78.99,,EUR
OL507833,ORD-104408,PRD2151,4,267.45,1069.8,GBP
OL507834,ORD-106670,PRD2181,0,391.83,,EUR
OL507835,ORD-105324,PRD2015,2,35.97,71.94,USD
OL507836,ORD-103061,PRD2014,3,120.24,360.72,GBP
OL507837,ORD-106168,PRD2242,0,$130.48,,EUR
OL507838,ORD-106348,PRD2160,1,366.03,366.03,EUR
OL507839,ORD-103791,PRD2042,4,169.27,677.08,NGN
OL507840,ORD-103508,PRD2013,-1,361.26,,NGN
OL507841,ORD-107905,PRD2037,2,$74.18,148.36,USD
OL507842,ORD-103664,PRD2204,4,$467.0,1868.0,USD
OL507843,ORD-105437,PRD2142,2,$91.42,182.84,GBP
OL507844,ORD-103464,PRD2112,999,495.09,494594.91,EUR
OL507845,ORD-104287,PRD2176,1,351.05,351.05,usd
OL507846,ORD-102422,PRD2230,4,68.86,275.44,US Dollar
OL507847,ORD-108199,PRD2051,3,346.66,1039.98,NGN
OL507848,ORD-103979,PRD2202,3,235.76,707.28,GBP
OL507849,ORD-106374,PRD2061,-1,452.97,,US Dollar
OL507850,ORD-104126,PRD2095,1,483.51,483.51,EUR
OL507851,ORD-101793,PRD2118,0,$56.54,,usd
OL507852,ORD-101272,PRD2192,2,133.14,266.28,NGN
OL507853,ORD-107244,PRD2025,3,195.22,585.66,US Dollar
OL507854,ORD-106092,PRD2101,5,159.34,796.7,usd
OL507855,ORD-102883,PRD2218,4,456.59,1826.36,US Dollar
OL507856,ORD-106911,PRD2005,5,55.07,275.35,NGN
OL507857,ORD-107088,PRD2088,3,392.94,1178.82,US Dollar
OL507858,ORD-104745,PRD2150,999,353.71,353356.29,usd
OL507859,ORD-102294,PRD2016,-1,286.97,,usd
OL507860,ORD-101934,PRD2003,4,468.14,1872.56,NGN
OL507861,ORD-106726,PRD2090,3,456.23,1368.69,US Dollar
OL507862,ORD-100425,PRD2178,2,293.8,587.6,US Dollar
OL507863,ORD-101223,PRD2058,2,$336.23,672.46,USD
OL507864,ORD-107497,PRD2084,0,283.24,,NGN
OL507865,ORD-100332,PRD2061,4,350.37,1401.48,US Dollar
OL507866,ORD-108747,PRD2187,2,255.93,511.86,usd
OL507867,ORD-107511,PRD2240,3,286.57,859.71,US Dollar
OL507868,ORD-105968,PRD2090,5,405.41,2027.05,EUR
OL507869,ORD-106442,PRD2072,0,430.01,,EUR
OL507870,ORD-106453,PRD2010,-1,$163.02,,NGN
OL507871,ORD-107290,PRD2067,4,168.24,672.96,USD
OL507872,ORD-103812,PRD2060,5,75.85,379.25,EUR
OL507873,ORD-102475,PRD2190,1,$328.19,328.19,USD
OL507874,ORD-108099,PRD2065,-1,$117.39,,US Dollar
OL507875,ORD-105733,PRD2107,4,127.45,509.8,GBP
OL507876,ORD-105185,PRD2135,2,105.88,211.76,USD
OL507877,ORD-104396,PRD2077,4,66.64,266.56,US Dollar
OL507878,ORD-102021,PRD2010,2,$352.86,705.72,usd
OL507879,ORD-103843,PRD2114,3,$181.61,544.83,GBP
OL507880,ORD-104827,PRD2044,1,314.0,314.0,GBP
OL507881,ORD-108639,PRD2177,4,416.7,1666.8,usd
OL507882,ORD-106121,PRD9465,5,$476.02,2380.1,NGN
OL507883,ORD-102255,PRD2150,2,413.17,826.34,US Dollar
OL507884,ORD-106465,PRD2172,0,243.22,,EUR
OL507885,ORD-103964,PRD2062,0,18.06,,NGN
OL507886,ORD-108413,PRD2016,3,207.5,622.5,NGN
OL507887,ORD-100367,PRD2107,1,454.67,454.67,US Dollar
OL507888,ORD-101847,PRD2033,-1,124.61,,GBP
OL507889,ORD-101303,PRD2067,3,67.55,202.65,US Dollar
OL507890,ORD-104613,PRD2013,1,148.02,148.02,USD
OL507891,ORD-101521,PRD2054,4,120.61,482.44,US Dollar
OL507892,ORD-106588,PRD2095,999,416.9,416483.1,GBP
OL507893,ORD-101312,PRD2128,5,314.51,1572.55,US Dollar
OL507894,ORD-103354,PRD2027,4,140.16,560.64,EUR
OL507895,ORD-108483,PRD2177,5,320.65,1603.25,EUR
OL507896,ORD-105702,PRD2225,3,95.12,285.36,USD
OL507897,ORD-108593,PRD2131,4,29.52,118.08,GBP
OL507898,ORD-108005,PRD2091,1,137.29,137.29,EUR
OL507899,ORD-100954,PRD2159,3,290.82,872.46,GBP
OL507900,ORD-106490,PRD2178,1,5.07,5.07,USD
OL507901,ORD-106735,PRD2110,2,253.4,506.8,NGN
OL507902,ORD-101386,PRD2247,3,222.03,666.09,USD
OL507903,ORD-103922,PRD2155,5,374.15,1870.75,usd
OL507904,ORD-107161,PRD2122,1,269.27,269.27,usd
OL507905,ORD-101803,PRD2141,-1,$79.29,,USD
OL507906,ORD-107999,PRD2079,2,201.39,402.78,USD
OL507907,ORD-107306,PRD2177,999,456.35,455893.65,NGN
OL507908,ORD-105106,PRD2163,5,407.04,2035.2,GBP
OL507909,ORD-106030,PRD2135,999,238.85,238611.15,NGN
OL507910,ORD-101868,PRD2241,3,$357.55,1072.65,US Dollar
OL507911,ORD-107489,PRD2214,1,190.75,190.75,EUR
OL507912,ORD-100213,PRD2004,1,$227.74,227.74,EUR
OL507913,ORD-100230,PRD2172,-1,79.26,,USD
OL507914,ORD-107186,PRD2248,1,430.17,430.17,GBP
OL507915,ORD-108249,PRD2088,4,64.59,258.36,NGN
OL507916,ORD-106264,PRD2221,2,$181.85,363.7,NGN
OL507917,ORD-104218,PRD2240,1,112.97,112.97,US Dollar
OL507918,ORD-107790,PRD2110,999,$7.46,7452.54,NGN
OL507919,ORD-101570,PRD2027,0,33.5,,NGN
OL507920,ORD-105172,PRD2102,3,220.74,662.22,EUR
OL507921,ORD-102665,PRD2157,0,50.38,,EUR
OL507922,ORD-101332,PRD2134,5,437.45,2187.25,NGN
OL507923,ORD-100276,PRD2150,3,20.91,62.73,USD
OL507924,ORD-105689,PRD2040,3,498.07,1494.21,USD
OL507925,ORD-101725,PRD2110,4,494.17,1976.68,usd
OL507926,ORD-107360,PRD2025,4,$189.43,757.72,EUR
OL507927,ORD-107494,PRD2047,999,351.99,351638.01,usd
OL507928,ORD-105450,PRD2101,3,$405.72,1217.16,USD
OL507929,ORD-101451,PRD2115,3,343.88,1031.64,USD
OL507930,ORD-103199,PRD2225,3,86.38,259.14,GBP
OL507931,ORD-100516,PRD2052,5,278.08,1390.4,USD
OL507932,ORD-106085,PRD2017,1,92.72,92.72,US Dollar
OL507933,ORD-108978,PRD2138,1,92.69,92.69,USD
OL507934,ORD-105953,PRD2113,999,347.05,346702.95,US Dollar
OL507935,ORD-108207,PRD2172,1,$433.63,433.63,GBP
OL507936,ORD-108373,PRD2135,3,34.35,103.05,US Dollar
OL507937,ORD-106786,PRD2152,3,385.28,1155.84,usd
OL507938,ORD-106424,PRD2099,4,62.09,248.36,USD
OL507939,ORD-107362,PRD2003,1,242.21,242.21,GBP
OL507940,ORD-103785,PRD2001,-1,489.48,,EUR
OL507941,ORD-103896,PRD2230,0,103.49,,USD
OL507942,ORD-102133,PRD2117,4,288.64,1154.56,usd
OL507943,ORD-100304,PRD2099,2,86.84,173.68,GBP
OL507944,ORD-102251,PRD2166,3,403.9,1211.7,GBP
OL507945,ORD-107660,PRD2217,4,336.2,1344.8,GBP
OL507946,ORD-100821,PRD2036,3,444.35,1333.05,GBP
OL507947,ORD-108273,PRD2091,-1,292.16,,US Dollar
OL507948,ORD-106314,PRD2157,5,129.46,647.3,NGN
OL507949,ORD-108067,PRD2117,1,23.3,23.3,USD
OL507950,ORD-108106,PRD2048,2,396.99,793.98,usd
OL507951,ORD-100524,PRD2020,2,296.05,592.1,US Dollar
OL507952,ORD-106572,PRD2126,1,$257.88,257.88,US Dollar
OL507953,ORD-102780,PRD2217,999,308.73,308421.27,GBP
OL507954,ORD-104365,PRD2030,999,319.44,319120.56,USD
OL507955,ORD-101228,PRD2009,4,59.18,236.72,USD
OL507956,ORD-102745,PRD2056,1,317.58,317.58,usd
OL507957,ORD-105233,PRD2032,5,$73.9,369.5,USD
OL507958,ORD-108145,PRD2170,3,406.8,1220.4,US Dollar
OL507959,ORD-101325,PRD2191,999,276.69,276413.31,USD
OL507960,ORD-104897,PRD2218,1,62.87,62.87,EUR
OL507961,ORD-107197,PRD2181,0,255.04,,NGN
OL507962,ORD-105172,PRD2200,2,495.21,990.42,usd
OL507963,ORD-105536,PRD2191,3,195.52,586.56,NGN
OL507964,ORD-102312,PRD2138,3,25.51,76.53,usd
OL507965,ORD-106994,PRD2028,0,123.08,,EUR
OL507966,ORD-105052,PRD2013,2,343.86,687.72,US Dollar
OL507967,ORD-103641,PRD2122,4,136.08,544.32,GBP
OL507968,ORD-106076,PRD2027,4,205.18,820.72,NGN
OL507969,ORD-104366,PRD2065,-1,428.68,,NGN
OL507970,ORD-104763,PRD2023,2,312.12,624.24,USD
OL507971,ORD-105330,PRD2048,2,107.32,214.64,usd
OL507972,ORD-108057,PRD2068,3,170.64,511.92,USD
OL507973,ORD-105762,PRD2249,5,201.09,1005.45,USD
OL507974,ORD-103081,PRD2232,5,38.97,194.85,USD
OL507975,ORD-105269,PRD2105,0,$316.63,,usd
OL507976,ORD-103294,PRD2234,1,$357.3,357.3,US Dollar
OL507977,ORD-105325,PRD2117,4,$377.29,1509.16,EUR
OL507978,ORD-108939,PRD2232,5,69.08,345.4,GBP
OL507979,ORD-102787,PRD2166,4,$57.24,228.96,NGN
OL507980,ORD-104787,PRD2197,4,148.15,592.6,usd
OL507981,ORD-100367,PRD2006,2,24.98,49.96,USD
OL507982,ORD-105966,PRD2096,1,173.94,173.94,usd
OL507983,ORD-103376,PRD2220,3,478.74,1436.22,US Dollar
OL507984,ORD-100928,PRD2107,4,$246.22,984.88,usd
OL507985,ORD-103265,PRD2157,1,15.42,15.42,USD
OL507986,ORD-103419,PRD2087,4,141.35,565.4,EUR
OL507987,ORD-100823,PRD2145,5,267.47,1337.35,NGN
OL507988,ORD-106185,PRD2145,3,2.36,7.08,EUR
OL507989,ORD-101550,PRD2148,4,15.32,61.28,NGN
OL507990,ORD-103717,PRD2194,1,37.65,37.65,GBP
OL507991,ORD-102648,PRD2131,-1,298.58,,NGN
OL507992,ORD-102330,PRD2212,4,254.39,1017.56,NGN
OL507993,ORD-108230,PRD2105,3,382.18,1146.54,NGN
OL507994,ORD-107998,PRD2110,5,299.76,1498.8,US Dollar
OL507995,ORD-105741,PRD2122,-1,$358.75,,GBP
OL507996,ORD-102511,PRD2088,2,132.83,265.66,EUR
OL507997,ORD-105805,PRD2099,3,460.31,1380.93,US Dollar
OL507998,ORD-101270,PRD9865,4,451.43,1805.72,NGN
OL507999,ORD-106154,PRD2237,-1,89.06,,US Dollar
OL508000,ORD-107127,PRD2141,5,$380.51,1902.55,NGN
OL508001,ORD-108595,PRD2116,5,413.53,2067.65,usd
OL508002,ORD-108497,PRD2174,1,$244.71,244.71,EUR
OL508003,ORD-105995,PRD2057,2,$420.86,841.72,USD
OL508004,ORD-100895,PRD2011,1,374.34,374.34,usd
OL508005,ORD-108964,PRD2197,3,383.74,1151.22,USD
OL508006,ORD-104993,PRD2249,2,84.03,168.06,US Dollar
OL508007,ORD-105510,PRD2155,3,220.12,660.36,US Dollar
OL508008,ORD-103969,PRD2030,999,90.21,90119.79,EUR
OL508009,ORD-104020,PRD2218,2,147.3,294.6,USD
OL508010,ORD-103515,PRD2103,5,412.0,2060.0,EUR
OL508011,ORD-104478,PRD2143,999,236.46,236223.54,EUR
OL508012,ORD-104461,PRD2122,5,$482.62,2413.1,USD
OL508013,ORD-105169,PRD2234,4,270.43,1081.72,NGN
OL508014,ORD-102060,PRD2064,2,389.81,779.62,EUR
OL508015,ORD-102911,PRD2234,5,148.94,744.7,GBP
OL508016,ORD-100929,PRD2160,999,393.72,393326.28,usd
OL508017,ORD-105829,PRD2095,0,41.25,,GBP
OL508018,ORD-107407,PRD2053,-1,332.21,,EUR
OL508019,ORD-101807,PRD2058,0,418.58,,GBP
OL508020,ORD-108164,PRD2081,2,$287.35,574.7,US Dollar
OL508021,ORD-107326,PRD2250,2,168.03,336.06,GBP
OL508022,ORD-103389,PRD2078,4,271.51,1086.04,NGN
OL508023,ORD-101515,PRD2188,5,$223.46,1117.3,usd
OL508024,ORD-102323,PRD2247,1,218.63,218.63,GBP
OL508025,ORD-100272,PRD2098,5,213.28,1066.4,NGN
OL508026,ORD-106833,PRD2160,0,436.16,,USD
OL508027,ORD-107875,PRD2136,0,143.56,,US Dollar
OL508028,ORD-101581,PRD2097,5,188.37,941.85,EUR
OL508029,ORD-100632,PRD2169,3,423.6,1270.8,NGN
OL508030,ORD-105038,PRD2134,5,201.08,1005.4,usd
OL508031,ORD-105929,PRD2242,3,347.5,1042.5,USD
OL508032,ORD-106916,PRD2016,3,209.34,628.02,usd
OL508033,ORD-108079,PRD2176,2,482.58,965.16,EUR
OL508034,ORD-107316,PRD2163,3,130.38,391.14,EUR
OL508035,ORD-103837,PRD2081,0,164.79,,NGN
OL508036,ORD-105382,PRD2153,4,$127.57,510.28,US Dollar
OL508037,ORD-103834,PRD2203,999,$212.83,212617.17,EUR
OL508038,ORD-107146,PRD2236,3,341.41,1024.23,usd
OL508039,ORD-105340,PRD2180,-1,254.08,,NGN
OL508040,ORD-100127,PRD2072,4,305.71,1222.84,USD
OL508041,ORD-100286,PRD2086,5,165.39,826.95,usd
OL508042,ORD-102059,PRD2202,3,93.52,280.56,usd
OL508043,ORD-103645,PRD2035,1,380.0,380.0,US Dollar
OL508044,ORD-102082,PRD2133,-1,221.13,,GBP
OL508045,ORD-105025,PRD2093,5,74.67,373.35,GBP
OL508046,ORD-102757,PRD2100,5,87.76,438.8,NGN
OL508047,ORD-102292,PRD2129,4,114.09,456.36,NGN
OL508048,ORD-107730,PRD2006,0,$104.67,,usd
OL508049,ORD-106165,PRD2139,1,257.8,257.8,GBP
OL508050,ORD-106044,PRD2032,999,96.98,96883.02,usd
OL508051,ORD-103248,PRD2226,1,46.25,46.25,NGN
OL508052,ORD-107748,PRD2095,3,$115.91,347.73,US Dollar
OL508053,ORD-100736,PRD2014,2,462.9,925.8,GBP
OL508054,ORD-103364,PRD2157,4,102.1,408.4,usd
OL508055,ORD-102814,PRD2139,2,378.42,756.84,USD
OL508056,ORD-104222,PRD2077,5,415.59,2077.95,GBP
OL508057,ORD-104942,PRD2039,3,$46.74,140.22,NGN
OL508058,ORD-108541,PRD2133,3,243.39,730.17,NGN
OL508059,ORD-101518,PRD2031,3,356.09,1068.27,usd
OL508060,ORD-106596,PRD2143,2,265.35,530.7,NGN
OL508061,ORD-107616,PRD2129,1,152.99,152.99,GBP
OL508062,ORD-105777,PRD2015,3,490.68,1472.04,US Dollar
OL508063,ORD-105000,PRD2077,4,218.26,873.04,GBP
OL508064,ORD-104638,PRD2246,999,151.07,150918.93,GBP
OL508065,ORD-101386,PRD2223,0,185.23,,usd
OL508066,ORD-106260,PRD2187,999,334.29,333955.71,GBP
OL508067,ORD-103902,PRD2181,4,254.14,1016.56,EUR
OL508068,ORD-104343,PRD2197,0,$411.71,,NGN
OL508069,ORD-102708,PRD2129,0,261.27,,EUR
OL508070,ORD-102508,PRD2066,2,359.89,719.78,NGN
OL508071,ORD-103947,PRD2099,4,132.81,531.24,EUR
OL508072,ORD-105923,PRD2239,4,79.01,316.04,USD
OL508073,ORD-105995,PRD2064,2,445.0,890.0,usd
OL508074,ORD-100725,PRD2235,5,62.92,314.6,NGN
OL508075,ORD-106733,PRD2087,5,461.89,2309.45,US Dollar
OL508076,ORD-108035,PRD2164,4,87.92,351.68,USD
OL508077,ORD-104202,PRD2207,2,363.99,727.98,usd
OL508078,ORD-108763,PRD2179,3,$479.16,1437.48,usd
OL508079,ORD-101272,PRD2119,5,170.49,852.45,USD
OL508080,ORD-103365,PRD2034,3,39.43,118.29,GBP
OL508081,ORD-102996,PRD2246,4,101.26,405.04,USD
OL508082,ORD-101879,PRD2095,-1,209.1,,usd
OL508083,ORD-108839,PRD2095,4,240.81,963.24,USD
OL508084,ORD-102640,PRD2219,999,179.19,179010.81,GBP
OL508085,ORD-106046,PRD2161,1,292.25,292.25,GBP
OL508086,ORD-104794,PRD2093,1,141.99,141.99,USD
OL508087,ORD-107765,PRD2152,0,357.59,,NGN
OL508088,ORD-105500,PRD2111,3,259.69,779.07,EUR
OL508089,ORD-104317,PRD2037,5,365.94,1829.7,usd
OL508090,ORD-105692,PRD2225,3,387.33,1161.99,US Dollar
OL508091,ORD-107270,PRD2019,1,251.39,251.39,GBP
OL508092,ORD-100133,PRD2077,999,175.32,175144.68,EUR
OL508093,ORD-103167,PRD2003,2,337.99,675.98,NGN
OL508094,ORD-107949,PRD2203,3,476.37,1429.11,usd
OL508095,ORD-102282,PRD2176,5,247.86,1239.3,US Dollar
OL508096,ORD-108109,PRD2042,1,328.87,328.87,EUR
OL508097,ORD-106188,PRD2114,0,109.5,,usd
OL508098,ORD-101786,PRD2153,4,497.6,1990.4,US Dollar
OL508099,ORD-100809,PRD2184,1,$277.29,277.29,usd
OL508100,ORD-103784,PRD2159,3,370.73,1112.19,NGN
OL508101,ORD-102924,PRD2250,3,207.32,621.96,usd
OL508102,ORD-103095,PRD2043,3,120.83,362.49,EUR
OL508103,ORD-107531,PRD2028,3,418.24,1254.72,US Dollar
OL508104,ORD-101762,PRD2060,2,452.0,904.0,US Dollar
OL508105,ORD-108231,PRD2075,2,$419.42,838.84,US Dollar
OL508106,ORD-105407,PRD2079,3,320.17,960.51,usd
OL508107,ORD-105360,PRD2125,-1,384.23,,EUR
OL508108,ORD-103624,PRD2181,-1,346.55,,EUR
OL508109,ORD-100508,PRD2077,0,244.29,,US Dollar
OL508110,ORD-102972,PRD2097,3,111.61,334.83,EUR
OL508111,ORD-102971,PRD2165,4,40.47,161.88,GBP
OL508112,ORD-102491,PRD2134,0,337.9,,USD
OL508113,ORD-105024,PRD2221,999,108.87,108761.13,USD
OL508114,ORD-106645,PRD2162,5,38.58,192.9,EUR
OL508115,ORD-101941,PRD2022,5,178.09,890.45,US Dollar
OL508116,ORD-104600,PRD2114,5,$10.91,54.55,usd
OL508117,ORD-101959,PRD2200,999,402.1,401697.9,USD
OL508118,ORD-108414,PRD2005,3,95.71,287.13,USD
OL508119,ORD-108688,PRD2163,2,274.34,548.68,USD
OL508120,ORD-102925,PRD2239,0,266.89,,US Dollar
OL508121,ORD-102518,PRD2031,5,121.64,608.2,US Dollar
OL508122,ORD-105844,PRD2143,1,369.3,369.3,usd
OL508123,ORD-102965,PRD2148,3,477.44,1432.32,USD
OL508124,ORD-107102,PRD2043,3,41.14,123.42,NGN
OL508125,ORD-107700,PRD2079,4,$494.68,1978.72,EUR
OL508126,ORD-106975,PRD2206,1,$172.55,172.55,US Dollar
OL508127,ORD-100257,PRD2218,5,296.85,1484.25,USD
OL508128,ORD-108077,PRD2249,-1,350.33,,USD
OL508129,ORD-108520,PRD2130,2,378.42,756.84,USD
OL508130,ORD-100574,PRD2087,4,350.18,1400.72,NGN
OL508131,ORD-106470,PRD2082,1,113.85,113.85,USD
OL508132,ORD-103432,PRD2137,999,44.14,44095.86,GBP
OL508133,ORD-107579,PRD2050,0,179.93,,USD
OL508134,ORD-104990,PRD2106,4,21.97,87.88,GBP
OL508135,ORD-108548,PRD2088,2,439.21,878.42,GBP
OL508136,ORD-105943,PRD2152,999,412.36,411947.64,USD
OL508137,ORD-100515,PRD2093,3,318.12,954.36,EUR
OL508138,ORD-105409,PRD2046,3,343.09,1029.27,EUR
OL508139,ORD-101006,PRD2100,4,277.29,1109.16,GBP
OL508140,ORD-104566,PRD2125,5,126.27,631.35,GBP
OL508141,ORD-105742,PRD2112,2,233.3,466.6,EUR
OL508142,ORD-108405,PRD2185,-1,386.48,,usd
OL508143,ORD-100468,PRD2197,4,154.36,617.44,EUR
OL508144,ORD-105935,PRD2012,4,302.75,1211.0,usd
OL508145,ORD-101409,PRD2195,1,$410.33,410.33,usd
OL508146,ORD-105186,PRD2145,4,40.79,163.16,US Dollar
OL508147,ORD-100601,PRD2227,1,152.95,152.95,US Dollar
OL508148,ORD-107016,PRD2106,-1,34.63,,usd
OL508149,ORD-103829,PRD2075,4,326.08,1304.32,NGN
OL508150,ORD-101288,PRD2037,3,474.89,1424.67,USD
OL508151,ORD-108643,PRD2004,2,$265.76,531.52,EUR
OL508152,ORD-103722,PRD2021,5,304.65,1523.25,usd
OL508153,ORD-101828,PRD2126,-1,172.6,,USD
OL508154,ORD-104207,PRD2019,2,393.18,786.36,usd
OL508155,ORD-102086,PRD2044,5,105.49,527.45,usd
OL508156,ORD-107337,PRD2132,3,269.21,807.63,GBP
OL508157,ORD-104180,PRD2017,4,7.84,31.36,usd
OL508158,ORD-100533,PRD2116,2,77.23,154.46,US Dollar
OL508159,ORD-104003,PRD2168,-1,454.82,,USD
OL508160,ORD-107136,PRD2220,5,100.01,500.05,usd
OL508161,ORD-100075,PRD2093,2,349.14,698.28,USD
OL508162,ORD-102561,PRD2018,4,256.63,1026.52,EUR
OL508163,ORD-101517,PRD2024,999,308.01,307701.99,EUR
OL508164,ORD-108973,PRD2218,3,385.68,1157.04,usd
OL508165,ORD-107643,PRD2192,2,54.04,108.08,US Dollar
OL508166,ORD-107078,PRD2188,2,185.16,370.32,EUR
OL508167,ORD-101597,PRD2224,1,411.13,411.13,USD
OL508168,ORD-101361,PRD2118,2,$374.58,749.16,usd
OL508169,ORD-101014,PRD2159,-1,10.81,,USD
OL508170,ORD-105653,PRD2237,5,23.53,117.65,usd
OL508171,ORD-102862,PRD2210,2,204.52,409.04,US Dollar
OL508172,ORD-106226,PRD2166,2,33.28,66.56,US Dollar
OL508173,ORD-107527,PRD2202,-1,92.48,,NGN
OL508174,ORD-100494,PRD2051,1,455.19,455.19,EUR
OL508175,ORD-108354,PRD2011,3,369.7,1109.1,EUR
OL508176,ORD-104388,PRD2219,1,77.03,77.03,USD
OL508177,ORD-108253,PRD2125,2,306.18,612.36,US Dollar
OL508178,ORD-106465,PRD2019,3,334.83,1004.49,NGN
OL508179,ORD-107771,PRD2044,5,165.3,826.5,NGN
OL508180,ORD-107407,PRD2012,4,497.47,1989.88,GBP
OL508181,ORD-100338,PRD2005,3,334.22,1002.66,usd
OL508182,ORD-101897,PRD2156,2,394.43,788.86,NGN
OL508183,ORD-108262,PRD2158,3,406.37,1219.11,NGN
OL508184,ORD-103131,PRD2065,2,$331.16,662.32,USD
OL508185,ORD-106119,PRD2148,999,237.09,236852.91,GBP
OL508186,ORD-108016,PRD2204,3,$108.82,326.46,GBP
OL508187,ORD-104266,PRD2116,1,3.22,3.22,NGN
OL508188,ORD-106317,PRD2101,4,107.48,429.92,USD
OL508189,ORD-104534,PRD2105,4,30.83,123.32,EUR
OL508190,ORD-100871,PRD2152,1,266.13,266.13,EUR
OL508191,ORD-107075,PRD2158,4,371.13,1484.52,US Dollar
OL508192,ORD-101331,PRD2109,1,78.55,78.55,usd
OL508193,ORD-102470,PRD2143,4,373.17,1492.68,US Dollar
OL508194,ORD-107179,PRD2045,4,307.1,1228.4,usd
OL508195,ORD-108023,PRD2068,0,307.86,,NGN
OL508196,ORD-106627,PRD2054,999,166.25,166083.75,US Dollar
OL508197,ORD-104670,PRD2170,5,$297.49,1487.45,usd
OL508198,ORD-100618,PRD2088,3,31.34,94.02,usd
OL508199,ORD-104355,PRD2187,4,$165.03,660.12,US Dollar
OL508200,ORD-103136,PRD2171,-1,172.93,,USD
OL508201,ORD-101849,PRD2248,3,$380.3,1140.9,usd
OL508202,ORD-103526,PRD2088,1,185.26,185.26,NGN
OL508203,ORD-106841,PRD2237,3,424.37,1273.11,usd
OL508204,ORD-106262,PRD2125,5,291.59,1457.95,usd
OL508205,ORD-108036,PRD2112,999,292.85,292557.15,NGN
OL508206,ORD-100164,PRD2113,1,165.47,165.47,EUR
OL508207,ORD-106962,PRD2011,5,102.7,513.5,EUR
OL508208,ORD-106392,PRD2238,4,456.38,1825.52,usd
OL508209,ORD-100230,PRD2218,3,329.9,989.7,EUR
OL508210,ORD-105111,PRD2031,4,195.94,783.76,usd
OL508211,ORD-107888,PRD2184,4,29.25,117.0,NGN
OL508212,ORD-105571,PRD2060,4,271.98,1087.92,GBP
OL508213,ORD-105643,PRD2029,-1,465.42,,US Dollar
OL508214,ORD-103209,PRD2098,2,89.2,178.4,US Dollar
OL508215,ORD-100510,PRD2038,2,346.79,693.58,GBP
OL508216,ORD-102490,PRD2125,0,354.23,,usd
OL508217,ORD-103920,PRD2106,0,69.64,,GBP
OL508218,ORD-100147,PRD2009,2,366.13,732.26,EUR
OL508219,ORD-108597,PRD2207,3,238.99,716.97,US Dollar
OL508220,ORD-101443,PRD2144,-1,73.2,,usd
OL508221,ORD-101597,PRD2095,1,211.22,211.22,EUR
OL508222,ORD-105448,PRD2101,3,154.23,462.69,US Dollar
OL508223,ORD-106073,PRD2138,1,267.1,267.1,NGN
OL508224,ORD-106477,PRD2170,0,403.53,,USD
OL508225,ORD-108632,PRD2053,2,94.38,188.76,NGN
OL508226,ORD-106993,PRD2080,999,314.21,313895.79,NGN
OL508227,ORD-102601,PRD2155,3,459.28,1377.84,EUR
OL508228,ORD-108977,PRD2119,0,312.13,,NGN
OL508229,ORD-100049,PRD2204,3,111.12,333.36,GBP
OL508230,ORD-103883,PRD2159,999,20.67,20649.33,EUR
OL508231,ORD-101865,PRD2063,5,425.08,2125.4,USD
OL508232,ORD-104176,PRD2168,2,324.16,648.32,US Dollar
OL508233,ORD-104260,PRD2110,0,246.06,,NGN
OL508234,ORD-108290,PRD2069,4,246.73,986.92,US Dollar
OL508235,ORD-107161,PRD2123,5,9.94,49.7,GBP
OL508236,ORD-105786,PRD2067,4,227.99,911.96,USD
OL508237,ORD-104367,PRD2142,3,188.12,564.36,NGN
OL508238,ORD-108245,PRD2104,5,207.04,1035.2,usd
OL508239,ORD-104555,PRD2180,-1,$370.87,,GBP
OL508240,ORD-107451,PRD2124,1,199.23,199.23,EUR
OL508241,ORD-102832,PRD2104,2,342.15,684.3,USD
OL508242,ORD-104379,PRD2151,3,244.34,733.02,GBP
OL508243,ORD-100644,PRD2241,4,429.62,1718.48,EUR
OL508244,ORD-102685,PRD2119,4,262.97,1051.88,GBP
OL508245,ORD-102271,PRD2238,0,115.87,,GBP
OL508246,ORD-108668,PRD2110,4,$44.41,177.64,NGN
OL508247,ORD-102854,PRD2102,5,212.48,1062.4,NGN
OL508248,ORD-102928,PRD2016,-1,92.23,,GBP
OL508249,ORD-101265,PRD2249,4,197.75,791.0,NGN
OL508250,ORD-101365,PRD2201,999,432.48,432047.52,usd
OL508251,ORD-106431,PRD2004,2,342.47,684.94,NGN
OL508252,ORD-102843,PRD2158,1,$383.43,383.43,usd
OL508253,ORD-106622,PRD2064,4,128.33,513.32,EUR
OL508254,ORD-106186,PRD2220,5,482.54,2412.7,USD
OL508255,ORD-107107,PRD2047,2,$386.77,773.54,NGN
OL508256,ORD-100084,PRD2206,4,$389.28,1557.12,usd
OL508257,ORD-108332,PRD2237,4,294.89,1179.56,USD
OL508258,ORD-105716,PRD2224,3,446.58,1339.74,NGN
OL508259,ORD-102996,PRD2133,-1,453.71,,USD
OL508260,ORD-105776,PRD2218,-1,236.91,,usd
OL508261,ORD-101312,PRD2084,4,141.28,565.12,EUR
OL508262,ORD-106150,PRD2239,5,179.65,898.25,USD
OL508263,ORD-108779,PRD2155,5,258.26,1291.3,US Dollar
OL508264,ORD-106967,PRD2133,-1,495.12,,usd
OL508265,ORD-105034,PRD2060,1,270.05,270.05,GBP
OL508266,ORD-107016,PRD2022,1,412.83,412.83,usd
OL508267,ORD-105375,PRD2170,999,96.94,96843.06,usd
OL508268,ORD-105866,PRD2185,5,32.6,163.0,USD
OL508269,ORD-101855,PRD2136,2,177.48,354.96,GBP
OL508270,ORD-108721,PRD2006,4,204.84,819.36,US Dollar
OL508271,ORD-107548,PRD2123,3,347.86,1043.58,GBP
OL508272,ORD-108471,PRD2085,5,344.86,1724.3,USD
OL508273,ORD-108118,PRD2164,1,88.24,88.24,US Dollar
OL508274,ORD-101440,PRD2182,3,375.83,1127.49,NGN
OL508275,ORD-102040,PRD2092,0,498.25,,usd
OL508276,ORD-105645,PRD2125,0,35.32,,USD
OL508277,ORD-108492,PRD2014,3,119.21,357.63,USD
OL508278,ORD-105641,PRD2132,5,246.87,1234.35,GBP
OL508279,ORD-100152,PRD2033,1,34.14,34.14,EUR
OL508280,ORD-102756,PRD2108,1,$300.84,300.84,EUR
OL508281,ORD-104675,PRD2082,0,154.02,,EUR
OL508282,ORD-106535,PRD2045,999,414.69,414275.31,USD
OL508283,ORD-106725,PRD2108,0,443.54,,NGN
OL508284,ORD-101599,PRD2084,2,312.65,625.3,USD
OL508285,ORD-102406,PRD2028,1,322.12,322.12,NGN
OL508286,ORD-105002,PRD2104,4,126.76,507.04,EUR
OL508287,ORD-108338,PRD2039,-1,431.73,,NGN
OL508288,ORD-105813,PRD2236,4,184.32,737.28,GBP
OL508289,ORD-105071,PRD2163,4,357.2,1428.8,usd
OL508290,ORD-108685,PRD2109,2,79.13,158.26,GBP
OL508291,ORD-102826,PRD2100,0,408.02,,USD
OL508292,ORD-108014,PRD2166,-1,213.34,,usd
OL508293,ORD-102967,PRD2217,0,433.46,,usd
OL508294,ORD-103113,PRD2141,3,$324.43,973.29,EUR
OL508295,ORD-108601,PRD2208,999,185.38,185194.62,usd
OL508296,ORD-100362,PRD2184,-1,$122.92,,USD
OL508297,ORD-104032,PRD2222,5,284.37,1421.85,GBP
OL508298,ORD-108410,PRD2098,1,111.91,111.91,US Dollar
OL508299,ORD-106296,PRD2197,5,277.94,1389.7,US Dollar
OL508300,ORD-107918,PRD2244,-1,490.99,,USD
OL508301,ORD-104491,PRD2043,4,137.76,551.04,EUR
OL508302,ORD-101443,PRD2055,1,262.22,262.22,GBP
OL508303,ORD-102860,PRD2143,0,252.47,,EUR
OL508304,ORD-108676,PRD2206,4,318.46,1273.84,US Dollar
OL508305,ORD-100249,PRD2005,2,139.95,279.9,GBP
OL508306,ORD-105163,PRD2044,2,$170.87,341.74,GBP
OL508307,ORD-105612,PRD2060,4,496.09,1984.36,USD
OL508308,ORD-100051,PRD2085,3,114.71,344.13,NGN
OL508309,ORD-100304,PRD2220,3,173.5,520.5,USD
OL508310,ORD-100448,PRD2237,4,190.51,762.04,GBP
OL508311,ORD-102807,PRD2175,0,279.1,,GBP
OL508312,ORD-103311,PRD2211,2,3.7,7.4,NGN
OL508313,ORD-106478,PRD2150,3,118.83,356.49,EUR
OL508314,ORD-104645,PRD2049,4,60.07,240.28,USD
OL508315,ORD-104985,PRD2038,2,122.38,244.76,US Dollar
OL508316,ORD-108878,PRD2008,1,387.52,387.52,GBP
OL508317,ORD-107901,PRD2130,2,381.35,762.7,GBP
OL508318,ORD-104117,PRD2232,1,$240.14,240.14,US Dollar
OL508319,ORD-106701,PRD2137,5,363.04,1815.2,usd
OL508320,ORD-108464,PRD2035,4,281.98,1127.92,USD
OL508321,ORD-102533,PRD2143,0,364.89,,usd
OL508322,ORD-103892,PRD2008,4,422.78,1691.12,usd
OL508323,ORD-100003,PRD2044,-1,199.97,,GBP
OL508324,ORD-104617,PRD2095,-1,69.75,,USD
OL508325,ORD-106405,PRD2101,-1,$175.8,,USD
OL508326,ORD-103204,PRD2067,2,383.74,767.48,GBP
OL508327,ORD-101265,PRD2115,0,151.37,,EUR
OL508328,ORD-102150,PRD2166,1,326.93,326.93,EUR
OL508329,ORD-105455,PRD2071,3,320.31,960.93,GBP
OL508330,ORD-102796,PRD2228,3,374.81,1124.43,usd
OL508331,ORD-103803,PRD2005,5,481.88,2409.4,US Dollar
OL508332,ORD-108563,PRD2031,4,39.36,157.44,USD
OL508333,ORD-103900,PRD2233,1,118.52,118.52,USD
OL508334,ORD-102372,PRD2124,1,$165.83,165.83,EUR
OL508335,ORD-108415,PRD2094,0,40.61,,EUR
OL508336,ORD-105395,PRD2131,-1,$420.67,,USD
OL508337,ORD-106190,PRD2207,999,83.33,83246.67,GBP
OL508338,ORD-107258,PRD2013,5,$397.2,1986.0,GBP
OL508339,ORD-103832,PRD2021,5,206.55,1032.75,US Dollar
OL508340,ORD-108009,PRD2084,1,345.7,345.7,GBP
OL508341,ORD-103507,PRD2225,0,$10.51,,GBP
OL508342,ORD-104289,PRD2089,5,393.81,1969.05,usd
OL508343,ORD-106493,PRD9278,1,213.22,213.22,GBP
OL508344,ORD-100223,PRD2025,5,348.83,1744.15,US Dollar
OL508345,ORD-103507,PRD2055,2,145.5,291.0,EUR
OL508346,ORD-104384,PRD2046,2,46.3,92.6,NGN
OL508347,ORD-104235,PRD2200,1,26.71,26.71,US Dollar
OL508348,ORD-108714,PRD2223,0,479.05,,GBP
OL508349,ORD-105061,PRD2120,1,18.44,18.44,NGN
OL508350,ORD-105371,PRD2203,2,75.65,151.3,US Dollar
OL508351,ORD-101201,PRD2036,1,394.35,394.35,GBP
OL508352,ORD-105777,PRD2048,3,$293.84,881.52,USD
OL508353,ORD-101516,PRD9592,1,363.84,363.84,USD
OL508354,ORD-104581,PRD2092,1,186.29,186.29,US Dollar
OL508355,ORD-102640,PRD2101,2,433.51,867.02,US Dollar
OL508356,ORD-101449,PRD2053,3,$16.66,49.98,USD
OL508357,ORD-107639,PRD2111,2,282.59,565.18,EUR
OL508358,ORD-106830,PRD2015,2,318.21,636.42,US Dollar
OL508359,ORD-105927,PRD2108,-1,184.33,,US Dollar
OL508360,ORD-104487,PRD2093,2,$474.36,948.72,US Dollar
OL508361,ORD-100059,PRD2187,999,218.34,218121.66,usd
OL508362,ORD-102194,PRD2020,2,239.44,478.88,usd
OL508363,ORD-104694,PRD2012,1,358.63,358.63,EUR
OL508364,ORD-101148,PRD2094,-1,349.15,,US Dollar
OL508365,ORD-102520,PRD2187,999,407.62,407212.38,EUR
OL508366,ORD-103290,PRD2065,5,404.92,2024.6,US Dollar
OL508367,ORD-108017,PRD2162,3,107.19,321.57,EUR
OL508368,ORD-106844,PRD2119,1,46.04,46.04,usd
OL508369,ORD-100511,PRD2188,0,416.24,,US Dollar
OL508370,ORD-103441,PRD2231,4,235.52,942.08,US Dollar
OL508371,ORD-107555,PRD2242,5,314.31,1571.55,usd
OL508372,ORD-104395,PRD2099,2,165.61,331.22,usd
OL508373,ORD-106122,PRD2232,999,174.15,173975.85,US Dollar
OL508374,ORD-108538,PRD2100,0,22.66,,GBP
OL508375,ORD-107244,PRD2176,-1,61.38,,NGN
OL508376,ORD-103404,PRD2209,5,97.29,486.45,EUR
OL508377,ORD-103300,PRD2185,2,117.29,234.58,GBP
OL508378,ORD-104669,PRD2180,5,429.13,2145.65,US Dollar
OL508379,ORD-101810,PRD2093,1,$94.67,94.67,US Dollar
OL508380,ORD-107391,PRD2245,999,11.79,11778.21,GBP
OL508381,ORD-101879,PRD2213,5,171.54,857.7,NGN
OL508382,ORD-105988,PRD2236,4,138.53,554.12,USD
OL508383,ORD-100894,PRD2174,5,151.58,757.9,GBP
OL508384,ORD-100931,PRD2114,2,101.54,203.08,GBP
OL508385,ORD-105667,PRD2057,2,67.75,135.5,USD
OL508386,ORD-103250,PRD2095,3,$483.69,1451.07,USD
OL508387,ORD-100684,PRD2012,2,303.06,606.12,NGN
OL508388,ORD-107649,PRD2002,4,$404.65,1618.6,EUR
OL508389,ORD-101146,PRD2095,4,309.03,1236.12,US Dollar
OL508390,ORD-107816,PRD2073,-1,424.45,,USD
OL508391,ORD-100459,PRD2032,-1,242.22,,GBP
OL508392,ORD-105928,PRD2021,2,498.85,997.7,NGN
OL508393,ORD-102159,PRD2098,3,210.79,632.37,EUR
OL508394,ORD-100938,PRD2089,4,355.14,1420.56,NGN
OL508395,ORD-103580,PRD2157,2,410.96,821.92,usd
OL508396,ORD-105489,PRD2216,5,442.71,2213.55,USD
OL508397,ORD-105371,PRD2106,-1,369.31,,usd
OL508398,ORD-101856,PRD2112,4,380.77,1523.08,USD
OL508399,ORD-100227,PRD2151,999,$153.97,153816.03,GBP
OL508400,ORD-102058,PRD2004,3,175.7,527.1,usd
OL508401,ORD-108499,PRD2156,1,159.13,159.13,EUR
OL508402,ORD-103961,PRD2045,1,305.52,305.52,NGN
OL508403,ORD-107649,PRD2179,1,390.33,390.33,NGN
OL508404,ORD-108039,PRD2091,5,85.93,429.65,usd
OL508405,ORD-101463,PRD2183,999,259.01,258750.99,NGN
OL508406,ORD-100448,PRD2041,0,168.33,,USD
OL508407,ORD-101719,PRD2157,3,$26.63,79.89,usd
OL508408,ORD-100637,PRD2194,4,395.42,1581.68,EUR
OL508409,ORD-108947,PRD2197,2,470.17,940.34,usd
OL508410,ORD-104720,PRD2186,0,244.39,,EUR
OL508411,ORD-100027,PRD2067,999,296.39,296093.61,NGN
OL508412,ORD-104577,PRD9253,4,352.25,1409.0,EUR
OL508413,ORD-106889,PRD2157,2,129.81,259.62,EUR
OL508414,ORD-101229,PRD2017,4,270.2,1080.8,EUR
OL508415,ORD-105946,PRD2188,3,378.87,1136.61,USD
OL508416,ORD-100019,PRD2085,4,342.09,1368.36,usd
OL508417,ORD-104641,PRD2020,-1,155.93,,US Dollar
OL508418,ORD-106409,PRD2024,3,130.5,391.5,US Dollar
OL508419,ORD-104631,PRD2038,2,429.92,859.84,GBP
OL508420,ORD-101147,PRD2206,0,26.72,,US Dollar
OL508421,ORD-108072,PRD2062,1,289.13,289.13,US Dollar
OL508422,ORD-104750,PRD2193,5,58.14,290.7,USD
OL508423,ORD-108689,PRD2152,5,64.84,324.2,GBP
OL508424,ORD-107855,PRD2209,-1,444.7,,usd
OL508425,ORD-106661,PRD2052,3,87.75,263.25,GBP
OL508426,ORD-100278,PRD2099,2,468.77,937.54,EUR
OL508427,ORD-104544,PRD2008,4,427.48,1709.92,US Dollar
OL508428,ORD-108667,PRD2049,999,$485.74,485254.26,US Dollar
OL508429,ORD-106603,PRD2058,0,477.08,,usd
OL508430,ORD-101945,PRD2106,5,348.09,1740.45,GBP
OL508431,ORD-102512,PRD2020,0,117.62,,USD
OL508432,ORD-106436,PRD2107,3,283.3,849.9,EUR
OL508433,ORD-107159,PRD2113,1,$37.89,37.89,usd
OL508434,ORD-106574,PRD2089,1,315.11,315.11,US Dollar
OL508435,ORD-101186,PRD2165,4,255.03,1020.12,USD
OL508436,ORD-101350,PRD2170,0,13.16,,GBP
OL508437,ORD-106239,PRD2186,-1,147.75,,usd
OL508438,ORD-102415,PRD2013,4,224.56,898.24,GBP
OL508439,ORD-105990,PRD2081,5,155.1,775.5,usd
OL508440,ORD-104391,PRD2231,4,497.45,1989.8,NGN
OL508441,ORD-108209,PRD2139,3,81.2,243.6,USD
OL508442,ORD-100768,PRD2100,2,102.7,205.4,usd
OL508443,ORD-104706,PRD2011,2,332.61,665.22,USD
OL508444,ORD-107486,PRD2093,0,111.65,,US Dollar
OL508445,ORD-106407,PRD2201,3,297.08,891.24,US Dollar
OL508446,ORD-100008,PRD2107,999,335.44,335104.56,usd
OL508447,ORD-105205,PRD2198,3,306.59,919.77,USD
OL508448,ORD-100165,PRD2183,4,353.59,1414.36,NGN
OL508449,ORD-103057,PRD2121,-1,387.37,,USD
OL508450,ORD-103241,PRD2080,3,120.83,362.49,GBP
OL508451,ORD-103283,PRD2200,5,$245.75,1228.75,GBP
OL508452,ORD-106327,PRD2030,4,197.66,790.64,USD
OL508453,ORD-106747,PRD2141,1,292.52,292.52,usd
OL508454,ORD-101412,PRD2136,0,75.41,,usd
OL508455,ORD-104241,PRD2176,2,$296.26,592.52,US Dollar
OL508456,ORD-104936,PRD2169,1,153.6,153.6,EUR
OL508457,ORD-103841,PRD2095,-1,292.39,,USD
OL508458,ORD-107754,PRD2024,1,95.62,95.62,GBP
OL508459,ORD-108356,PRD2207,999,312.05,311737.95,USD
OL508460,ORD-105315,PRD2110,3,406.33,1218.99,USD
OL508461,ORD-106456,PRD2112,5,255.46,1277.3,USD
OL508462,ORD-103905,PRD2025,999,40.91,40869.09,USD
OL508463,ORD-103522,PRD2210,1,327.73,327.73,US Dollar
OL508464,ORD-103153,PRD2094,0,353.04,,GBP
OL508465,ORD-104356,PRD2160,4,$163.28,653.12,NGN
OL508466,ORD-100465,PRD2099,3,186.38,559.14,NGN
OL508467,ORD-104257,PRD2041,0,123.2,,GBP
OL508468,ORD-103693,PRD2050,0,143.19,,EUR
OL508469,ORD-100663,PRD2015,3,180.51,541.53,usd
OL508470,ORD-108401,PRD2031,2,82.13,164.26,US Dollar
OL508471,ORD-106450,PRD2147,2,366.13,732.26,EUR
OL508472,ORD-101995,PRD2222,1,310.8,310.8,usd
OL508473,ORD-104388,PRD2237,3,441.8,1325.4,EUR
OL508474,ORD-103710,PRD2150,-1,$173.07,,USD
OL508475,ORD-104659,PRD2011,2,296.73,593.46,EUR
OL508476,ORD-104757,PRD2125,999,241.93,241688.07,GBP
OL508477,ORD-103169,PRD2134,0,61.78,,usd
OL508478,ORD-103698,PRD2160,-1,475.3,,US Dollar
OL508479,ORD-102375,PRD2143,4,96.75,387.0,NGN
OL508480,ORD-104959,PRD2202,-1,454.93,,GBP
OL508481,ORD-104720,PRD2036,-1,312.2,,NGN
OL508482,ORD-106310,PRD2109,3,341.37,1024.11,US Dollar
OL508483,ORD-103148,PRD2006,999,66.6,66533.4,USD
OL508484,ORD-106653,PRD2190,4,172.56,690.24,NGN
OL508485,ORD-108617,PRD2139,3,335.47,1006.41,NGN
OL508486,ORD-104984,PRD2139,1,344.81,344.81,NGN
OL508487,ORD-102377,PRD2198,1,233.64,233.64,US Dollar
OL508488,ORD-101084,PRD2231,4,345.05,1380.2,usd
OL508489,ORD-103543,PRD2058,0,$11.45,,EUR
OL508490,ORD-107922,PRD2115,-1,488.72,,usd
OL508491,ORD-105684,PRD2029,4,399.89,1599.56,EUR
OL508492,ORD-107012,PRD2181,5,498.64,2493.2,NGN
OL508493,ORD-107274,PRD2073,2,233.86,467.72,USD
OL508494,ORD-107515,PRD2017,4,490.61,1962.44,USD
OL508495,ORD-107620,PRD2172,-1,345.81,,GBP
OL508496,ORD-103150,PRD2154,2,79.27,158.54,US Dollar
OL508497,ORD-101099,PRD2225,3,287.55,862.65,US Dollar
OL508498,ORD-106543,PRD2123,4,240.86,963.44,US Dollar
OL508499,ORD-102343,PRD2207,3,231.31,693.93,usd
OL508500,ORD-103605,PRD2050,-1,494.45,,US Dollar
OL508501,ORD-102250,PRD2163,5,380.44,1902.2,EUR
OL508502,ORD-106138,PRD2179,3,$299.9,899.7,GBP
OL508503,ORD-107930,PRD2033,999,461.64,461178.36,usd
OL508504,ORD-105726,PRD2207,4,$402.22,1608.88,usd
OL508505,ORD-106412,PRD2015,5,115.69,578.45,NGN
OL508506,ORD-101065,PRD2113,-1,250.56,,NGN
OL508507,ORD-103028,PRD2144,999,293.65,293356.35,US Dollar
OL508508,ORD-104412,PRD2154,5,74.63,373.15,USD
OL508509,ORD-105466,PRD2144,2,239.37,478.74,EUR
OL508510,ORD-106843,PRD2021,5,293.75,1468.75,EUR
OL508511,ORD-102113,PRD2114,5,334.22,1671.1,usd
OL508512,ORD-102698,PRD2160,999,13.42,13406.58,GBP
OL508513,ORD-107322,PRD2151,5,321.87,1609.35,US Dollar
OL508514,ORD-104286,PRD2065,3,443.19,1329.57,usd
OL508515,ORD-106559,PRD2184,5,$241.26,1206.3,US Dollar
OL508516,ORD-105350,PRD2119,3,463.06,1389.18,usd
OL508517,ORD-102321,PRD2018,1,97.17,97.17,GBP
OL508518,ORD-105755,PRD2039,4,131.08,524.32,US Dollar
OL508519,ORD-104071,PRD2236,1,$2.54,2.54,GBP
OL508520,ORD-100194,PRD2111,5,162.06,810.3,USD
OL508521,ORD-106118,PRD2062,0,327.0,,GBP
OL508522,ORD-103924,PRD2187,2,269.89,539.78,usd
OL508523,ORD-108007,PRD2011,3,485.74,1457.22,GBP
OL508524,ORD-108662,PRD2025,4,$330.98,1323.92,US Dollar
OL508525,ORD-101315,PRD2068,999,291.91,291618.09,GBP
OL508526,ORD-100391,PRD2184,3,$177.37,532.11,NGN
OL508527,ORD-108559,PRD2108,3,235.66,706.98,EUR
OL508528,ORD-100504,PRD2061,3,359.5,1078.5,EUR
OL508529,ORD-100715,PRD2093,-1,377.46,,NGN
OL508530,ORD-108875,PRD2237,3,454.32,1362.96,USD
OL508531,ORD-106060,PRD2041,2,452.97,905.94,EUR
OL508532,ORD-103412,PRD2202,2,9.5,19.0,usd
OL508533,ORD-104927,PRD2045,5,283.44,1417.2,NGN
OL508534,ORD-102688,PRD2007,2,$431.75,863.5,EUR
OL508535,ORD-105702,PRD2040,3,370.95,1112.85,GBP
OL508536,ORD-108228,PRD2115,1,$409.66,409.66,USD
OL508537,ORD-104201,PRD2247,3,366.45,1099.35,usd
OL508538,ORD-105031,PRD2239,5,4.42,22.1,NGN
OL508539,ORD-105848,PRD2070,2,315.87,631.74,US Dollar
OL508540,ORD-105196,PRD2046,5,72.12,360.6,NGN
OL508541,ORD-106043,PRD2194,0,230.85,,GBP
OL508542,ORD-104664,PRD2182,2,314.58,629.16,USD
OL508543,ORD-106187,PRD2115,4,$345.61,1382.44,EUR
OL508544,ORD-105566,PRD2080,2,34.85,69.7,USD
OL508545,ORD-103906,PRD2004,3,30.44,91.32,GBP
OL508546,ORD-105160,PRD2013,2,213.25,426.5,usd
OL508547,ORD-103714,PRD2024,999,330.11,329779.89,usd
OL508548,ORD-103770,PRD2028,1,338.34,338.34,usd
OL508549,ORD-104875,PRD2071,3,88.46,265.38,EUR
OL508550,ORD-107484,PRD2156,3,465.09,1395.27,EUR
OL508551,ORD-102272,PRD2090,2,152.39,304.78,US Dollar
OL508552,ORD-103363,PRD2061,-1,273.12,,US Dollar
OL508553,ORD-103027,PRD2106,1,21.54,21.54,US Dollar
OL508554,ORD-101445,PRD2021,4,278.61,1114.44,usd
OL508555,ORD-101049,PRD2197,999,386.52,386133.48,USD
OL508556,ORD-100077,PRD2226,5,391.42,1957.1,EUR
OL508557,ORD-106674,PRD2076,3,167.31,501.93,US Dollar
OL508558,ORD-101556,PRD2001,5,74.91,374.55,NGN
OL508559,ORD-105516,PRD2213,0,483.76,,GBP
OL508560,ORD-103959,PRD2068,2,$496.54,993.08,NGN
OL508561,ORD-104672,PRD2207,5,334.74,1673.7,EUR
OL508562,ORD-108785,PRD2097,-1,$166.65,,usd
OL508563,ORD-101298,PRD2120,1,$199.69,199.69,USD
OL508564,ORD-107277,PRD2012,3,52.14,156.42,usd
OL508565,ORD-107675,PRD2007,999,402.21,401807.79,usd
OL508566,ORD-101571,PRD2120,5,89.77,448.85,US Dollar
OL508567,ORD-107337,PRD2102,0,64.93,,USD
OL508568,ORD-103146,PRD2042,3,145.86,437.58,US Dollar
OL508569,ORD-103169,PRD2084,999,227.79,227562.21,USD
OL508570,ORD-101026,PRD9394,3,297.14,891.42,EUR
OL508571,ORD-103696,PRD2035,1,$51.85,51.85,NGN
OL508572,ORD-101585,PRD2143,4,448.22,1792.88,usd
OL508573,ORD-104363,PRD2187,4,236.23,944.92,USD
OL508574,ORD-108591,PRD2054,1,$385.95,385.95,EUR
OL508575,ORD-105607,PRD2229,999,$214.54,214325.46,GBP
OL508576,ORD-105675,PRD2132,3,278.82,836.46,usd
OL508577,ORD-103049,PRD2050,5,152.08,760.4,US Dollar
OL508578,ORD-103461,PRD2203,1,206.31,206.31,EUR
OL508579,ORD-106288,PRD2061,0,333.74,,USD
OL508580,ORD-106287,PRD2247,999,107.43,107322.57,USD
OL508581,ORD-102879,PRD2193,1,25.29,25.29,US Dollar
OL508582,ORD-105902,PRD2006,999,40.93,40889.07,GBP
OL508583,ORD-101396,PRD2162,-1,166.13,,NGN
OL508584,ORD-102268,PRD2137,4,$285.45,1141.8,GBP
OL508585,ORD-103393,PRD2246,5,316.05,1580.25,US Dollar
OL508586,ORD-107944,PRD2136,2,382.65,765.3,USD
OL508587,ORD-103368,PRD2023,1,352.64,352.64,NGN
OL508588,ORD-108217,PRD2250,0,456.0,,usd
OL508589,ORD-105948,PRD2076,3,83.02,249.06,EUR
OL508590,ORD-104868,PRD2156,2,268.15,536.3,NGN
OL508591,ORD-103215,PRD2085,1,9.1,9.1,GBP
OL508592,ORD-101988,PRD2052,3,384.18,1152.54,EUR
OL508593,ORD-103358,PRD2114,2,464.34,928.68,usd
OL508594,ORD-106113,PRD2081,1,484.29,484.29,EUR
OL508595,ORD-106661,PRD2059,1,445.76,445.76,US Dollar
OL508596,ORD-106295,PRD2227,999,322.62,322297.38,GBP
OL508597,ORD-105318,PRD2232,1,43.99,43.99,USD
OL508598,ORD-105481,PRD2229,4,284.42,1137.68,usd
OL508599,ORD-107486,PRD2156,-1,136.42,,EUR
OL508600,ORD-100577,PRD2046,2,326.31,652.62,GBP
OL508601,ORD-101408,PRD2221,4,115.21,460.84,NGN
OL508602,ORD-101043,PRD2169,2,211.39,422.78,US Dollar
OL508603,ORD-105043,PRD2218,4,107.1,428.4,USD
OL508604,ORD-104643,PRD2216,2,254.35,508.7,usd
OL508605,ORD-103255,PRD2217,-1,422.09,,US Dollar
OL508606,ORD-108144,PRD2102,999,357.37,357012.63,NGN
OL508607,ORD-106595,PRD2004,2,131.73,263.46,NGN
OL508608,ORD-102297,PRD2131,4,486.67,1946.68,US Dollar
OL508609,ORD-108167,PRD2032,5,$339.86,1699.3,EUR
OL508610,ORD-101225,PRD2119,2,400.09,800.18,USD
OL508611,ORD-102184,PRD2071,999,158.09,157931.91,usd
OL508612,ORD-103821,PRD2203,3,321.18,963.54,GBP
OL508613,ORD-100075,PRD2095,1,83.02,83.02,USD
OL508614,ORD-103882,PRD2214,999,270.69,270419.31,US Dollar
OL508615,ORD-102683,PRD2105,3,127.74,383.22,USD
OL508616,ORD-108709,PRD2070,1,124.53,124.53,usd
OL508617,ORD-102246,PRD2148,4,83.71,334.84,EUR
OL508618,ORD-102945,PRD2165,4,12.48,49.92,usd
OL508619,ORD-100310,PRD2048,5,240.46,1202.3,EUR
OL508620,ORD-100551,PRD2048,3,146.94,440.82,NGN
OL508621,ORD-100481,PRD2029,2,113.24,226.48,usd
OL508622,ORD-105846,PRD2207,999,209.98,209770.02,NGN
OL508623,ORD-101410,PRD2070,2,200.89,401.78,NGN
OL508624,ORD-102107,PRD2230,1,171.47,171.47,usd
OL508625,ORD-107102,PRD2187,2,$151.45,302.9,USD
OL508626,ORD-107827,PRD2132,3,68.47,205.41,US Dollar
OL508627,ORD-101602,PRD2068,0,50.8,,EUR
OL508628,ORD-106422,PRD2233,3,115.88,347.64,usd
OL508629,ORD-102717,PRD2096,5,127.15,635.75,NGN
OL508630,ORD-106643,PRD2246,1,98.81,98.81,USD
OL508631,ORD-104272,PRD2039,3,$294.05,882.15,EUR
OL508632,ORD-101085,PRD2190,3,$9.93,29.79,GBP
OL508633,ORD-108402,PRD2156,0,200.29,,US Dollar
OL508634,ORD-103156,PRD2223,3,$480.12,1440.36,EUR
OL508635,ORD-105781,PRD2059,5,298.67,1493.35,NGN
OL508636,ORD-100477,PRD2155,3,40.27,120.81,usd
OL508637,ORD-106505,PRD2180,5,464.54,2322.7,US Dollar
OL508638,ORD-106554,PRD2173,1,$47.61,47.61,US Dollar
OL508639,ORD-100037,PRD2108,1,7.07,7.07,GBP
OL508640,ORD-108824,PRD2234,1,325.39,325.39,GBP
OL508641,ORD-108813,PRD2172,3,76.85,230.55,USD
OL508642,ORD-106163,PRD2050,4,311.5,1246.0,US Dollar
OL508643,ORD-101038,PRD2020,3,343.52,1030.56,usd
OL508644,ORD-107506,PRD2116,2,94.24,188.48,usd
OL508645,ORD-107458,PRD2187,999,13.85,13836.15,NGN
OL508646,ORD-101210,PRD2210,999,325.41,325084.59,US Dollar
OL508647,ORD-100635,PRD2183,5,131.59,657.95,USD
OL508648,ORD-100706,PRD2138,5,260.92,1304.6,EUR
OL508649,ORD-101238,PRD2108,3,292.26,876.78,GBP
OL508650,ORD-103316,PRD2106,2,278.29,556.58,GBP
OL508651,ORD-103649,PRD2103,-1,297.81,,USD
OL508652,ORD-100231,PRD2008,3,30.31,90.93,usd
OL508653,ORD-100091,PRD2098,3,172.51,517.53,usd
OL508654,ORD-100071,PRD2183,2,135.18,270.36,US Dollar
OL508655,ORD-103188,PRD2065,1,$258.88,258.88,USD
OL508656,ORD-105224,PRD2001,3,16.5,49.5,EUR
OL508657,ORD-107373,PRD2213,3,$403.07,1209.21,usd
OL508658,ORD-105300,PRD2098,3,182.42,547.26,NGN
OL508659,ORD-108340,PRD2142,2,281.71,563.42,usd
OL508660,ORD-100836,PRD2247,3,$140.75,422.25,GBP
OL508661,ORD-104918,PRD2146,2,481.74,963.48,GBP
OL508662,ORD-104037,PRD2112,999,$364.43,364065.57,GBP
OL508663,ORD-107468,PRD2118,5,109.76,548.8,GBP
OL508664,ORD-106139,PRD2125,3,44.82,134.46,USD
OL508665,ORD-100627,PRD2107,-1,433.63,,US Dollar
OL508666,ORD-107119,PRD2248,4,51.53,206.12,usd
OL508667,ORD-108365,PRD2055,4,394.96,1579.84,GBP
OL508668,ORD-106541,PRD2188,3,232.1,696.3,US Dollar
OL508669,ORD-101466,PRD2193,1,392.39,392.39,EUR
OL508670,ORD-103372,PRD2206,1,322.84,322.84,USD
OL508671,ORD-106543,PRD2186,1,124.87,124.87,usd
OL508672,ORD-104598,PRD2167,0,170.27,,EUR
OL508673,ORD-100896,PRD9537,0,448.76,,EUR
OL508674,ORD-103403,PRD2059,5,89.53,447.65,US Dollar
OL508675,ORD-103687,PRD2042,999,163.43,163266.57,EUR
OL508676,ORD-107858,PRD2200,2,168.48,336.96,USD
OL508677,ORD-105973,PRD2167,5,$391.74,1958.7,EUR
OL508678,ORD-108552,PRD2008,4,293.78,1175.12,GBP
OL508679,ORD-103678,PRD2122,999,226.03,225803.97,US Dollar
OL508680,ORD-105417,PRD2044,3,$143.36,430.08,usd
OL508681,ORD-106987,PRD2169,4,486.29,1945.16,USD
OL508682,ORD-106007,PRD2247,1,480.7,480.7,USD
OL508683,ORD-107215,PRD2087,5,240.46,1202.3,GBP
OL508684,ORD-104950,PRD2031,5,$216.95,1084.75,EUR
OL508685,ORD-101164,PRD2185,-1,402.82,,EUR
OL508686,ORD-104961,PRD2209,3,$264.93,794.79,NGN
OL508687,ORD-102962,PRD2131,999,393.94,393546.06,EUR
OL508688,ORD-108374,PRD2110,4,473.05,1892.2,NGN
OL508689,ORD-100236,PRD2148,2,269.82,539.64,NGN
OL508690,ORD-100210,PRD2123,3,349.31,1047.93,EUR
OL508691,ORD-102054,PRD2080,-1,19.23,,GBP
OL508692,ORD-100858,PRD2127,2,465.23,930.46,USD
OL508693,ORD-100463,PRD2050,5,192.17,960.85,GBP
OL508694,ORD-102873,PRD2161,4,58.82,235.28,NGN
OL508695,ORD-101263,PRD2225,5,190.37,951.85,usd
OL508696,ORD-100815,PRD2225,1,469.04,469.04,usd
OL508697,ORD-100199,PRD2088,1,$196.68,196.68,NGN
OL508698,ORD-101297,PRD2065,3,402.51,1207.53,EUR
OL508699,ORD-103162,PRD2134,3,5.35,16.05,US Dollar
OL508700,ORD-107118,PRD2086,999,270.66,270389.34,EUR
OL508701,ORD-106326,PRD2234,5,62.13,310.65,GBP
OL508702,ORD-106502,PRD2175,5,442.8,2214.0,GBP
OL508703,ORD-108649,PRD2188,999,$277.08,276802.92,NGN
OL508704,ORD-101058,PRD2190,5,463.88,2319.4,NGN
OL508705,ORD-101891,PRD2080,2,209.93,419.86,NGN
OL508706,ORD-101827,PRD2092,1,450.16,450.16,USD
OL508707,ORD-104620,PRD2217,2,486.44,972.88,EUR
OL508708,ORD-105617,PRD2217,1,$212.93,212.93,EUR
OL508709,ORD-108430,PRD2201,2,171.58,343.16,GBP
OL508710,ORD-105039,PRD2006,1,15.46,15.46,US Dollar
OL508711,ORD-100688,PRD2242,0,320.91,,GBP
OL508712,ORD-106555,PRD2245,2,413.18,826.36,USD
OL508713,ORD-108841,PRD2068,4,292.2,1168.8,NGN
OL508714,ORD-101716,PRD2108,5,402.2,2011.0,GBP
OL508715,ORD-102292,PRD2155,4,422.46,1689.84,EUR
OL508716,ORD-105550,PRD2191,3,257.14,771.42,NGN
OL508717,ORD-101366,PRD2008,1,99.32,99.32,US Dollar
OL508718,ORD-107452,PRD2068,4,46.32,185.28,USD
OL508719,ORD-101895,PRD2217,2,282.57,565.14,EUR
OL508720,ORD-107644,PRD2062,4,341.04,1364.16,EUR
OL508721,ORD-104702,PRD2104,1,369.35,369.35,NGN
OL508722,ORD-105278,PRD2186,3,470.37,1411.11,usd
OL508723,ORD-108722,PRD2143,5,249.52,1247.6,NGN
OL508724,ORD-101488,PRD2122,999,85.59,85504.41,usd
OL508725,ORD-106518,PRD2105,4,332.4,1329.6,GBP
OL508726,ORD-108948,PRD2179,0,408.46,,NGN
OL508727,ORD-101538,PRD2061,1,314.34,314.34,usd
OL508728,ORD-100210,PRD2075,1,357.87,357.87,EUR
OL508729,ORD-105975,PRD2004,4,184.04,736.16,EUR
OL508730,ORD-107275,PRD2196,1,370.4,370.4,USD
OL508731,ORD-108142,PRD2033,4,89.03,356.12,EUR
OL508732,ORD-101786,PRD2013,999,$252.59,252337.41,US Dollar
OL508733,ORD-104656,PRD2223,0,171.6,,NGN
OL508734,ORD-104771,PRD2072,1,48.66,48.66,NGN
OL508735,ORD-106846,PRD2087,1,415.55,415.55,NGN
OL508736,ORD-107584,PRD2250,0,394.79,,GBP
OL508737,ORD-107393,PRD2246,-1,429.86,,GBP
OL508738,ORD-103197,PRD2236,4,124.26,497.04,USD
OL508739,ORD-101458,PRD2029,2,52.76,105.52,US Dollar
OL508740,ORD-101776,PRD2082,999,326.59,326263.41,usd
OL508741,ORD-107328,PRD2138,4,466.15,1864.6,usd
OL508742,ORD-101114,PRD2143,2,$423.14,846.28,EUR
OL508743,ORD-103635,PRD2156,999,478.63,478151.37,EUR
OL508744,ORD-108715,PRD2092,3,491.27,1473.81,NGN
OL508745,ORD-108375,PRD2062,3,65.69,197.07,NGN
OL508746,ORD-103647,PRD2108,999,231.73,231498.27,EUR
OL508747,ORD-103889,PRD2190,2,6.8,13.6,NGN
OL508748,ORD-105401,PRD2140,0,351.71,,NGN
OL508749,ORD-104717,PRD2095,0,369.26,,EUR
OL508750,ORD-105819,PRD9511,2,203.89,407.78,usd
OL508751,ORD-105445,PRD2239,3,395.63,1186.89,US Dollar
OL508752,ORD-100340,PRD2011,0,420.93,,GBP
OL508753,ORD-107210,PRD2079,0,158.01,,GBP
OL508754,ORD-100250,PRD2219,999,269.33,269060.67,USD
OL508755,ORD-108589,PRD2182,2,474.24,948.48,US Dollar
OL508756,ORD-103667,PRD2193,4,46.56,186.24,USD
OL508757,ORD-102797,PRD2178,2,376.39,752.78,EUR
OL508758,ORD-104829,PRD2208,5,$372.17,1860.85,NGN
OL508759,ORD-106322,PRD2206,5,339.75,1698.75,US Dollar
OL508760,ORD-101396,PRD2089,5,450.61,2253.05,usd
OL508761,ORD-104548,PRD2105,4,406.49,1625.96,EUR
OL508762,ORD-107773,PRD2082,999,409.64,409230.36,NGN
OL508763,ORD-103858,PRD2028,1,324.97,324.97,GBP
OL508764,ORD-100652,PRD2247,5,$340.24,1701.2,USD
OL508765,ORD-101804,PRD2221,999,467.75,467282.25,USD
OL508766,ORD-105664,PRD2129,5,306.92,1534.6,US Dollar
OL508767,ORD-101432,PRD2063,999,42.31,42267.69,EUR
OL508768,ORD-104218,PRD2136,2,255.41,510.82,USD
OL508769,ORD-107736,PRD2111,0,435.27,,EUR
OL508770,ORD-104771,PRD2231,1,246.57,246.57,EUR
OL508771,ORD-108500,PRD2014,3,55.41,166.23,USD
OL508772,ORD-104951,PRD2004,4,309.82,1239.28,NGN
OL508773,ORD-102464,PRD2212,3,193.32,579.96,EUR
OL508774,ORD-101901,PRD2170,1,422.95,422.95,usd
OL508775,ORD-101506,PRD2132,0,103.32,,usd
OL508776,ORD-100531,PRD2171,999,$145.55,145404.45,NGN
OL508777,ORD-106255,PRD2124,2,293.85,587.7,GBP
OL508778,ORD-108076,PRD2069,999,160.32,160159.68,USD
OL508779,ORD-106287,PRD2076,3,441.49,1324.47,GBP
OL508780,ORD-100046,PRD2101,999,$268.18,267911.82,GBP
OL508781,ORD-103436,PRD2053,-1,146.79,,EUR
OL508782,ORD-106590,PRD2147,2,134.91,269.82,usd
OL508783,ORD-106453,PRD9231,3,115.82,347.46,US Dollar
OL508784,ORD-104331,PRD2185,4,468.56,1874.24,US Dollar
OL508785,ORD-104106,PRD2199,0,315.38,,GBP
OL508786,ORD-107666,PRD2008,999,96.04,95943.96,NGN
OL508787,ORD-108410,PRD2233,4,423.21,1692.84,EUR
OL508788,ORD-108197,PRD2156,1,227.36,227.36,usd
OL508789,ORD-106640,PRD2147,4,274.2,1096.8,NGN
OL508790,ORD-108969,PRD2149,1,55.63,55.63,GBP
OL508791,ORD-108616,PRD2138,4,159.6,638.4,USD
OL508792,ORD-101414,PRD2164,1,236.19,236.19,NGN
OL508793,ORD-107623,PRD2186,5,424.16,2120.8,usd
OL508794,ORD-100793,PRD2033,2,119.52,239.04,USD
OL508795,ORD-103899,PRD2116,5,17.18,85.9,NGN
OL508796,ORD-101520,PRD2171,0,359.53,,EUR
OL508797,ORD-105325,PRD2131,3,230.83,692.49,GBP
OL508798,ORD-103321,PRD2215,1,56.2,56.2,usd
OL508799,ORD-103990,PRD2055,3,19.4,58.2,EUR
OL508800,ORD-103953,PRD2040,0,280.8,,EUR
OL508801,ORD-102822,PRD2089,3,426.25,1278.75,NGN
OL508802,ORD-102763,PRD2130,1,27.41,27.41,US Dollar
OL508803,ORD-108432,PRD2101,5,42.25,211.25,US Dollar
OL508804,ORD-100508,PRD2136,3,420.33,1260.99,USD
OL508805,ORD-104086,PRD2072,3,196.7,590.1,GBP
OL508806,ORD-105142,PRD2215,2,229.42,458.84,US Dollar
OL508807,ORD-107783,PRD2223,2,16.14,32.28,GBP
OL508808,ORD-103526,PRD2013,3,$140.37,421.11,NGN
OL508809,ORD-108789,PRD2021,0,493.55,,GBP
OL508810,ORD-102630,PRD2131,1,79.67,79.67,usd
OL508811,ORD-100337,PRD2125,1,315.15,315.15,NGN
OL508812,ORD-104482,PRD2122,-1,415.22,,NGN
OL508813,ORD-108561,PRD2158,999,381.84,381458.16,NGN
OL508814,ORD-106159,PRD2246,5,$29.8,149.0,EUR
OL508815,ORD-101953,PRD2118,5,224.13,1120.65,USD
OL508816,ORD-105018,PRD2133,4,97.33,389.32,US Dollar
OL508817,ORD-107414,PRD2095,1,448.36,448.36,USD
OL508818,ORD-102345,PRD2248,3,270.97,812.91,USD
OL508819,ORD-104798,PRD2164,4,454.12,1816.48,usd
OL508820,ORD-100322,PRD2139,3,264.57,793.71,GBP
OL508821,ORD-100867,PRD2174,0,$282.62,,usd
OL508822,ORD-104672,PRD2141,2,307.36,614.72,NGN
OL508823,ORD-107239,PRD2204,5,440.32,2201.6,US Dollar
OL508824,ORD-105436,PRD2226,4,481.2,1924.8,USD
OL508825,ORD-103598,PRD2066,2,$64.12,128.24,US Dollar
OL508826,ORD-100003,PRD2176,3,309.28,927.84,NGN
OL508827,ORD-100279,PRD2069,-1,305.74,,US Dollar
OL508828,ORD-106933,PRD2231,1,369.18,369.18,US Dollar
OL508829,ORD-108947,PRD2020,0,410.78,,EUR
OL508830,ORD-102945,PRD2024,-1,48.69,,usd
OL508831,ORD-102132,PRD2152,3,247.53,742.59,EUR
OL508832,ORD-107318,PRD2233,0,76.79,,EUR
OL508833,ORD-101101,PRD2213,5,115.98,579.9,GBP
OL508834,ORD-107107,PRD2188,-1,$102.5,,NGN
OL508835,ORD-108996,PRD2183,2,98.8,197.6,EUR
OL508836,ORD-108141,PRD2166,4,422.19,1688.76,GBP
OL508837,ORD-103191,PRD2143,1,400.13,400.13,GBP
OL508838,ORD-103409,PRD2244,999,200.04,199839.96,US Dollar
OL508839,ORD-102914,PRD2025,4,$189.5,758.0,GBP
OL508840,ORD-100377,PRD2245,4,95.64,382.56,USD
OL508841,ORD-102422,PRD2064,999,429.87,429440.13,NGN
OL508842,ORD-100286,PRD2079,2,208.91,417.82,GBP
OL508843,ORD-101676,PRD2129,0,$317.86,,usd
OL508844,ORD-101505,PRD2115,2,369.59,739.18,EUR
OL508845,ORD-101255,PRD2198,4,78.65,314.6,USD
OL508846,ORD-105880,PRD2216,3,354.37,1063.11,usd
OL508847,ORD-107432,PRD2066,1,458.91,458.91,US Dollar
OL508848,ORD-101547,PRD2105,2,224.08,448.16,US Dollar
OL508849,ORD-105062,PRD2170,4,339.31,1357.24,USD
OL508850,ORD-102648,PRD2192,1,$362.29,362.29,US Dollar
OL508851,ORD-106607,PRD2046,3,455.66,1366.98,usd
OL508852,ORD-100678,PRD2188,5,12.17,60.85,US Dollar
OL508853,ORD-102384,PRD2166,5,478.84,2394.2,usd
OL508854,ORD-108467,PRD2249,3,202.46,607.38,GBP
OL508855,ORD-102359,PRD2117,4,357.03,1428.12,GBP
OL508856,ORD-105638,PRD2084,1,$72.66,72.66,US Dollar
OL508857,ORD-105323,PRD2049,4,$48.47,193.88,USD
OL508858,ORD-108503,PRD2166,0,486.76,,NGN
OL508859,ORD-107986,PRD2200,999,140.59,140449.41,usd
OL508860,ORD-100714,PRD2101,0,192.91,,US Dollar
OL508861,ORD-100303,PRD2004,999,152.95,152797.05,NGN
OL508862,ORD-103300,PRD2052,3,12.59,37.77,US Dollar
OL508863,ORD-106702,PRD2158,2,46.1,92.2,NGN
OL508864,ORD-104212,PRD2152,5,$249.0,1245.0,US Dollar
OL508865,ORD-100879,PRD2003,3,$341.78,1025.34,GBP
OL508866,ORD-106399,PRD2247,0,437.29,,USD
OL508867,ORD-101382,PRD2079,1,469.65,469.65,EUR
OL508868,ORD-106681,PRD2197,4,460.15,1840.6,US Dollar
OL508869,ORD-101585,PRD2149,5,$184.84,924.2,usd
OL508870,ORD-106669,PRD2106,2,$196.36,392.72,NGN
OL508871,ORD-100235,PRD2033,1,$284.29,284.29,EUR
OL508872,ORD-106596,PRD2210,5,$257.82,1289.1,USD
OL508873,ORD-105058,PRD2155,3,207.49,622.47,GBP
OL508874,ORD-107744,PRD2145,5,9.25,46.25,GBP
OL508875,ORD-102547,PRD2060,4,$249.57,998.28,NGN
OL508876,ORD-100735,PRD2102,4,$95.97,383.88,usd
OL508877,ORD-100439,PRD2068,4,$361.38,1445.52,USD
OL508878,ORD-105766,PRD2123,2,431.46,862.92,EUR
OL508879,ORD-103394,PRD2221,3,270.35,811.05,EUR
OL508880,ORD-104857,PRD2018,4,341.94,1367.76,US Dollar
OL508881,ORD-100008,PRD2217,-1,$98.68,,USD
OL508882,ORD-103099,PRD2058,3,$93.76,281.28,EUR
OL508883,ORD-101778,PRD9023,3,424.51,1273.53,NGN
OL508884,ORD-104021,PRD2040,4,451.84,1807.36,usd
OL508885,ORD-102621,PRD2209,3,377.38,1132.14,GBP
OL508886,ORD-105795,PRD2104,4,99.16,396.64,USD
OL508887,ORD-105027,PRD2225,2,348.11,696.22,GBP
OL508888,ORD-101449,PRD2171,1,360.76,360.76,US Dollar
OL508889,ORD-107377,PRD2216,1,124.89,124.89,GBP
OL508890,ORD-104671,PRD2138,5,$6.28,31.4,USD
OL508891,ORD-106243,PRD2049,5,83.59,417.95,NGN
OL508892,ORD-101417,PRD2167,-1,385.38,,usd
OL508893,ORD-107920,PRD2011,4,366.61,1466.44,GBP
OL508894,ORD-101721,PRD2179,3,4.45,13.35,usd
OL508895,ORD-108841,PRD2243,2,312.23,624.46,GBP
OL508896,ORD-107984,PRD2182,4,445.48,1781.92,USD
OL508897,ORD-105373,PRD2203,1,195.8,195.8,usd
OL508898,ORD-100036,PRD2044,5,228.5,1142.5,USD
OL508899,ORD-102011,PRD2156,1,155.55,155.55,EUR
OL508900,ORD-102553,PRD2183,1,$247.87,247.87,GBP
OL508901,ORD-103523,PRD2175,3,112.92,338.76,usd
OL508902,ORD-103047,PRD2152,4,$151.99,607.96,USD
OL508903,ORD-101849,PRD2189,999,$347.13,346782.87,EUR
OL508904,ORD-108463,PRD2040,1,482.54,482.54,USD
OL508905,ORD-106188,PRD2071,5,490.91,2454.55,NGN
OL508906,ORD-102179,PRD2102,4,407.06,1628.24,GBP
OL508907,ORD-107130,PRD2150,5,469.24,2346.2,NGN
OL508908,ORD-103196,PRD2173,3,220.58,661.74,GBP
OL508909,ORD-102733,PRD2189,5,326.13,1630.65,US Dollar
OL508910,ORD-108487,PRD2173,-1,234.1,,USD
OL508911,ORD-106772,PRD2062,5,$205.21,1026.05,USD
OL508912,ORD-101818,PRD2187,0,284.06,,US Dollar
OL508913,ORD-108333,PRD2019,5,243.47,1217.35,NGN
OL508914,ORD-102132,PRD2059,5,496.55,2482.75,NGN
OL508915,ORD-107739,PRD2236,-1,63.26,,EUR
OL508916,ORD-102945,PRD2022,999,204.6,204395.4,NGN
OL508917,ORD-106080,PRD2186,1,244.67,244.67,usd
OL508918,ORD-107599,PRD2230,5,81.47,407.35,US Dollar
OL508919,ORD-102660,PRD2105,5,71.34,356.7,USD
OL508920,ORD-100584,PRD2225,999,345.55,345204.45,usd
OL508921,ORD-101218,PRD2025,5,187.98,939.9,EUR
OL508922,ORD-100061,PRD2237,0,346.58,,GBP
OL508923,ORD-102929,PRD2109,1,$482.94,482.94,usd
OL508924,ORD-100253,PRD2011,4,63.17,252.68,GBP
OL508925,ORD-105160,PRD2086,999,261.2,260938.8,GBP
OL508926,ORD-105051,PRD2092,1,388.04,388.04,EUR
OL508927,ORD-102747,PRD2121,3,291.71,875.13,EUR
OL508928,ORD-105876,PRD2244,1,65.44,65.44,EUR
OL508929,ORD-106104,PRD2047,4,441.61,1766.44,EUR
OL508930,ORD-103799,PRD2124,-1,243.35,,GBP
OL508931,ORD-104157,PRD2209,4,77.29,309.16,NGN
OL508932,ORD-102015,PRD2004,5,210.04,1050.2,usd
OL508933,ORD-102780,PRD2241,2,221.06,442.12,EUR
OL508934,ORD-102646,PRD2240,0,213.01,,NGN
OL508935,ORD-108746,PRD2095,2,23.53,47.06,EUR
OL508936,ORD-101006,PRD2162,999,373.74,373366.26,USD
OL508937,ORD-106391,PRD2051,3,115.28,345.84,USD
OL508938,ORD-105998,PRD2102,3,164.58,493.74,GBP
OL508939,ORD-106674,PRD2089,1,45.39,45.39,US Dollar
OL508940,ORD-103944,PRD2081,5,369.35,1846.75,EUR
OL508941,ORD-106487,PRD2215,5,378.09,1890.45,NGN
OL508942,ORD-105656,PRD2171,5,$298.49,1492.45,EUR
OL508943,ORD-107133,PRD2122,1,65.26,65.26,US Dollar
OL508944,ORD-102851,PRD2150,3,$382.88,1148.64,US Dollar
OL508945,ORD-101854,PRD2078,5,$241.18,1205.9,NGN
OL508946,ORD-101839,PRD2078,3,151.91,455.73,US Dollar
OL508947,ORD-100464,PRD2127,4,261.43,1045.72,NGN
OL508948,ORD-103795,PRD2092,2,70.74,141.48,NGN
OL508949,ORD-108188,PRD2236,4,349.74,1398.96,usd
OL508950,ORD-108875,PRD2013,4,149.9,599.6,EUR
OL508951,ORD-103721,PRD2036,3,299.61,898.83,NGN
OL508952,ORD-108241,PRD2212,4,310.02,1240.08,usd
OL508953,ORD-100961,PRD2049,5,155.22,776.1,EUR
OL508954,ORD-103777,PRD2198,4,448.08,1792.32,NGN
OL508955,ORD-104773,PRD2217,-1,14.06,,US Dollar
OL508956,ORD-106472,PRD2125,-1,$460.6,,GBP
OL508957,ORD-107070,PRD2139,5,179.28,896.4,USD
OL508958,ORD-106918,PRD2055,5,222.03,1110.15,usd
OL508959,ORD-103780,PRD2092,4,196.63,786.52,GBP
OL508960,ORD-105164,PRD2234,5,247.65,1238.25,NGN
OL508961,ORD-107210,PRD2051,999,324.79,324465.21,USD
OL508962,ORD-102899,PRD2146,4,162.84,651.36,EUR
OL508963,ORD-106849,PRD2100,5,440.8,2204.0,USD
OL508964,ORD-103013,PRD2061,5,263.09,1315.45,US Dollar
OL508965,ORD-106586,PRD2125,2,327.92,655.84,USD
OL508966,ORD-104868,PRD2118,5,172.04,860.2,EUR
OL508967,ORD-105624,PRD2165,4,148.41,593.64,usd
OL508968,ORD-102331,PRD2135,2,88.25,176.5,USD
OL508969,ORD-100053,PRD2082,0,117.58,,GBP
OL508970,ORD-100494,PRD2202,3,397.45,1192.35,NGN
OL508971,ORD-108843,PRD2172,1,$263.44,263.44,US Dollar
OL508972,ORD-107624,PRD2145,5,438.5,2192.5,US Dollar
OL508973,ORD-101858,PRD2168,4,284.62,1138.48,US Dollar
OL508974,ORD-102421,PRD2148,5,140.38,701.9,NGN
OL508975,ORD-101129,PRD2009,1,104.39,104.39,usd
OL508976,ORD-106869,PRD2117,3,395.71,1187.13,US Dollar
OL508977,ORD-107798,PRD2186,3,129.89,389.67,EUR
OL508978,ORD-104095,PRD2058,3,16.93,50.79,GBP
OL508979,ORD-101854,PRD2032,2,436.0,872.0,USD
OL508980,ORD-105276,PRD2154,5,429.94,2149.7,GBP
OL508981,ORD-103743,PRD2216,2,456.11,912.22,EUR
OL508982,ORD-104906,PRD2142,5,309.08,1545.4,USD
OL508983,ORD-105377,PRD2145,5,132.12,660.6,GBP
OL508984,ORD-106466,PRD2187,1,360.23,360.23,GBP
OL508985,ORD-105460,PRD2123,5,115.88,579.4,GBP
OL508986,ORD-105197,PRD2099,1,148.17,148.17,NGN
OL508987,ORD-104710,PRD2080,5,466.05,2330.25,EUR
OL508988,ORD-101069,PRD2128,2,265.73,531.46,NGN
OL508989,ORD-100796,PRD2192,2,420.13,840.26,usd
OL508990,ORD-107594,PRD2095,999,107.87,107762.13,USD
OL508991,ORD-108106,PRD2018,1,460.4,460.4,usd
OL508992,ORD-103494,PRD2115,4,417.87,1671.48,EUR
OL508993,ORD-108801,PRD2111,-1,43.55,,USD
OL508994,ORD-107849,PRD2010,1,281.9,281.9,usd
OL508995,ORD-101936,PRD2218,-1,$4.63,,NGN
OL508996,ORD-108341,PRD2237,5,281.29,1406.45,EUR
OL508997,ORD-107197,PRD2127,999,385.38,384994.62,EUR
OL508998,ORD-100099,PRD2091,4,53.34,213.36,USD
OL508999,ORD-105877,PRD2043,3,$414.78,1244.34,NGN
OL509000,ORD-105631,PRD2054,2,88.07,176.14,NGN
OL509001,ORD-103665,PRD2019,5,171.67,858.35,EUR
OL509002,ORD-101828,PRD2098,2,332.48,664.96,EUR
OL509003,ORD-100619,PRD2204,3,393.11,1179.33,NGN
OL509004,ORD-107117,PRD2186,3,$89.09,267.27,USD
OL509005,ORD-108695,PRD2193,2,25.08,50.16,NGN
OL509006,ORD-106611,PRD2042,1,359.81,359.81,EUR
OL509007,ORD-103719,PRD2081,2,449.96,899.92,GBP
OL509008,ORD-107416,PRD2097,2,52.35,104.7,NGN
OL509009,ORD-107908,PRD2093,0,252.49,,NGN
OL509010,ORD-106849,PRD2144,0,385.71,,NGN
OL509011,ORD-103573,PRD2165,3,367.01,1101.03,NGN
OL509012,ORD-102104,PRD2154,999,$271.38,271108.62,USD
OL509013,ORD-103550,PRD2071,4,$142.47,569.88,EUR
OL509014,ORD-108724,PRD2226,999,277.79,277512.21,USD
OL509015,ORD-108908,PRD2238,2,21.86,43.72,EUR
OL509016,ORD-108097,PRD2204,4,154.51,618.04,usd
OL509017,ORD-100187,PRD2039,0,134.05,,NGN
OL509018,ORD-105148,PRD2195,999,432.13,431697.87,GBP
OL509019,ORD-100938,PRD2093,999,42.77,42727.23,USD
OL509020,ORD-108069,PRD2240,0,412.11,,US Dollar
OL509021,ORD-106689,PRD2111,0,$263.16,,EUR
OL509022,ORD-107883,PRD2224,5,272.25,1361.25,usd
OL509023,ORD-107133,PRD2131,3,44.04,132.12,USD
OL509024,ORD-107935,PRD2179,3,426.53,1279.59,GBP
OL509025,ORD-108108,PRD2220,5,495.19,2475.95,usd
OL509026,ORD-108034,PRD2241,5,172.41,862.05,NGN
OL509027,ORD-107137,PRD2008,3,469.42,1408.26,NGN
OL509028,ORD-102845,PRD2111,1,403.0,403.0,EUR
OL509029,ORD-103552,PRD2171,0,482.28,,GBP
OL509030,ORD-106325,PRD2055,1,404.81,404.81,usd
OL509031,ORD-108892,PRD2250,999,$386.71,386323.29,usd
OL509032,ORD-103169,PRD2108,-1,343.09,,US Dollar
OL509033,ORD-101179,PRD2137,3,188.17,564.51,GBP
OL509034,ORD-100907,PRD2125,5,432.66,2163.3,GBP
OL509035,ORD-101468,PRD2038,-1,415.69,,GBP
OL509036,ORD-103476,PRD2077,3,178.65,535.95,EUR
OL509037,ORD-103194,PRD2104,0,295.92,,USD
OL509038,ORD-107556,PRD2018,3,$189.12,567.36,NGN
OL509039,ORD-105630,PRD2240,5,12.03,60.15,USD
OL509040,ORD-105788,PRD2129,999,331.79,331458.21,EUR
OL509041,ORD-102298,PRD2107,3,279.47,838.41,EUR
OL509042,ORD-103356,PRD2160,2,$473.39,946.78,EUR
OL509043,ORD-108617,PRD2207,4,53.72,214.88,USD
OL509044,ORD-106855,PRD2035,5,434.09,2170.45,NGN
OL509045,ORD-104694,PRD2062,5,69.63,348.15,EUR
OL509046,ORD-107645,PRD2244,2,360.69,721.38,US Dollar
OL509047,ORD-101018,PRD2088,0,404.14,,USD
OL509048,ORD-105903,PRD2173,1,106.28,106.28,US Dollar
OL509049,ORD-102250,PRD2178,5,$142.35,711.75,US Dollar
OL509050,ORD-100479,PRD2204,2,$309.53,619.06,NGN
OL509051,ORD-108620,PRD2152,4,74.53,298.12,NGN
OL509052,ORD-104014,PRD2205,5,93.53,467.65,GBP
OL509053,ORD-108807,PRD2048,3,473.42,1420.26,EUR
OL509054,ORD-100567,PRD2114,2,124.56,249.12,EUR
OL509055,ORD-107122,PRD2065,-1,471.3,,USD
OL509056,ORD-104863,PRD2061,2,87.09,174.18,EUR
OL509057,ORD-103155,PRD2090,5,421.96,2109.8,USD
OL509058,ORD-105410,PRD2168,-1,90.02,,usd
OL509059,ORD-104817,PRD2243,3,417.38,1252.14,NGN
OL509060,ORD-105319,PRD2014,4,236.27,945.08,USD
OL509061,ORD-107968,PRD2172,5,229.74,1148.7,US Dollar
OL509062,ORD-102896,PRD2165,2,353.73,707.46,EUR
OL509063,ORD-100028,PRD2179,2,388.39,776.78,GBP
OL509064,ORD-103558,PRD2089,999,$25.59,25564.41,EUR
OL509065,ORD-106108,PRD2047,0,213.24,,usd
OL509066,ORD-100106,PRD2188,5,65.24,326.2,NGN
OL509067,ORD-102432,PRD2003,5,279.05,1395.25,US Dollar
OL509068,ORD-105581,PRD2009,1,47.88,47.88,EUR
OL509069,ORD-106998,PRD2187,0,47.27,,GBP
OL509070,ORD-100152,PRD2078,0,22.28,,NGN
OL509071,ORD-100770,PRD2236,3,446.72,1340.16,usd
OL509072,ORD-103927,PRD2238,3,$40.58,121.74,NGN
OL509073,ORD-105191,PRD2216,-1,$180.67,,USD
OL509074,ORD-108937,PRD2086,5,198.91,994.55,usd
OL509075,ORD-102274,PRD2002,0,493.01,,EUR
OL509076,ORD-104300,PRD2063,2,193.02,386.04,US Dollar
OL509077,ORD-103137,PRD2180,0,468.1,,USD
OL509078,ORD-103646,PRD2128,1,259.1,259.1,US Dollar
OL509079,ORD-106771,PRD2062,999,220.49,220269.51,usd
OL509080,ORD-101568,PRD2048,3,75.15,225.45,GBP
OL509081,ORD-100359,PRD2196,-1,199.99,,EUR
OL509082,ORD-104470,PRD2203,-1,$401.63,,USD
OL509083,ORD-104924,PRD2037,1,257.52,257.52,NGN
OL509084,ORD-106868,PRD2218,3,349.73,1049.19,GBP
OL509085,ORD-105315,PRD2010,1,51.85,51.85,GBP
OL509086,ORD-107084,PRD2015,5,222.81,1114.05,NGN
OL509087,ORD-103200,PRD2033,5,$47.8,239.0,EUR
OL509088,ORD-100354,PRD2194,3,50.29,150.87,USD
OL509089,ORD-102426,PRD2169,999,343.76,343416.24,NGN
OL509090,ORD-108079,PRD2134,5,272.9,1364.5,US Dollar
OL509091,ORD-102055,PRD2005,1,89.74,89.74,usd
OL509092,ORD-107226,PRD2168,0,499.77,,NGN
OL509093,ORD-105430,PRD2213,3,$53.52,160.56,usd
OL509094,ORD-101256,PRD2138,5,149.12,745.6,USD
OL509095,ORD-102876,PRD2187,2,460.85,921.7,USD
OL509096,ORD-106844,PRD2076,2,127.75,255.5,NGN
OL509097,ORD-106619,PRD2165,5,$212.42,1062.1,NGN
OL509098,ORD-102674,PRD2183,5,114.48,572.4,GBP
OL509099,ORD-100777,PRD2111,4,380.98,1523.92,NGN
OL509100,ORD-106985,PRD2208,3,53.08,159.24,EUR
OL509101,ORD-107550,PRD2245,4,19.71,78.84,US Dollar
OL509102,ORD-104048,PRD2190,5,$191.79,958.95,GBP
OL509103,ORD-104131,PRD2218,5,$290.92,1454.6,GBP
OL509104,ORD-105239,PRD2124,5,385.23,1926.15,NGN
OL509105,ORD-105529,PRD2070,3,484.87,1454.61,GBP
OL509106,ORD-108964,PRD2185,-1,421.33,,USD
OL509107,ORD-105964,PRD2248,999,79.73,79650.27,NGN
OL509108,ORD-107132,PRD2121,4,52.27,209.08,US Dollar
OL509109,ORD-107635,PRD2163,4,82.97,331.88,usd
OL509110,ORD-100041,PRD2189,3,460.78,1382.34,NGN
OL509111,ORD-106132,PRD2136,4,477.34,1909.36,NGN
OL509112,ORD-100039,PRD2076,-1,135.13,,usd
OL509113,ORD-105034,PRD2200,2,409.37,818.74,usd
OL509114,ORD-108271,PRD2205,5,$328.88,1644.4,NGN
OL509115,ORD-102913,PRD2154,2,240.43,480.86,NGN
OL509116,ORD-104772,PRD2105,1,125.75,125.75,NGN
OL509117,ORD-103695,PRD2182,0,424.68,,usd
OL509118,ORD-101670,PRD2086,4,134.86,539.44,usd
OL509119,ORD-103617,PRD2141,5,2.71,13.55,US Dollar
OL509120,ORD-108566,PRD2126,0,447.45,,usd
OL509121,ORD-106146,PRD2020,3,342.36,1027.08,NGN
OL509122,ORD-105183,PRD2091,1,16.24,16.24,EUR
OL509123,ORD-102563,PRD2227,999,279.83,279550.17,US Dollar
OL509124,ORD-104457,PRD2219,-1,205.72,,EUR
OL509125,ORD-108544,PRD2111,1,99.21,99.21,GBP
OL509126,ORD-100692,PRD2105,4,219.64,878.56,GBP
OL509127,ORD-106695,PRD2089,1,495.12,495.12,US Dollar
OL509128,ORD-101640,PRD2057,5,100.24,501.2,EUR
OL509129,ORD-102378,PRD2052,0,406.1,,EUR
OL509130,ORD-106634,PRD2170,3,276.95,830.85,USD
OL509131,ORD-101237,PRD2068,1,$483.74,483.74,GBP
OL509132,ORD-107093,PRD2233,5,259.65,1298.25,USD
OL509133,ORD-106975,PRD2095,2,$216.36,432.72,US Dollar
OL509134,ORD-105514,PRD2144,5,342.03,1710.15,EUR
OL509135,ORD-100006,PRD2245,999,22.44,22417.56,usd
OL509136,ORD-106036,PRD2022,4,261.71,1046.84,EUR
OL509137,ORD-104677,PRD2206,1,488.06,488.06,USD
OL509138,ORD-105609,PRD2245,4,90.68,362.72,NGN
OL509139,ORD-105592,PRD2103,5,$122.29,611.45,usd
OL509140,ORD-108792,PRD2065,4,481.31,1925.24,US Dollar
OL509141,ORD-100284,PRD2031,5,$67.76,338.8,GBP
OL509142,ORD-104529,PRD2059,3,$423.89,1271.67,US Dollar
OL509143,ORD-106486,PRD2103,-1,$185.66,,USD
OL509144,ORD-103004,PRD2115,5,266.52,1332.6,EUR
OL509145,ORD-101092,PRD2080,3,460.96,1382.88,EUR
OL509146,ORD-107498,PRD2014,5,81.24,406.2,USD
OL509147,ORD-104767,PRD2118,1,469.43,469.43,usd
OL509148,ORD-105038,PRD2110,5,279.36,1396.8,usd
OL509149,ORD-105508,PRD2086,3,$127.47,382.41,GBP
OL509150,ORD-101851,PRD2086,5,381.96,1909.8,NGN
OL509151,ORD-106630,PRD2221,4,$440.83,1763.32,US Dollar
OL509152,ORD-103158,PRD2044,3,372.76,1118.28,usd
OL509153,ORD-102764,PRD2103,0,275.3,,usd
OL509154,ORD-100007,PRD2146,5,59.82,299.1,usd
OL509155,ORD-108577,PRD2087,3,457.09,1371.27,GBP
OL509156,ORD-101768,PRD2140,1,288.35,288.35,US Dollar
OL509157,ORD-104187,PRD2159,2,20.11,40.22,NGN
OL509158,ORD-104220,PRD2012,0,176.06,,NGN
OL509159,ORD-105449,PRD2136,4,$262.95,1051.8,GBP
OL509160,ORD-106168,PRD2237,2,31.78,63.56,EUR
OL509161,ORD-104965,PRD2091,1,78.05,78.05,USD
OL509162,ORD-102443,PRD2186,1,81.49,81.49,USD
OL509163,ORD-104534,PRD2033,-1,240.93,,usd
OL509164,ORD-100177,PRD2139,2,$59.07,118.14,US Dollar
OL509165,ORD-108825,PRD2152,2,229.17,458.34,US Dollar
OL509166,ORD-100379,PRD2151,2,280.05,560.1,US Dollar
OL509167,ORD-104849,PRD2146,5,$353.03,1765.15,US Dollar
OL509168,ORD-105871,PRD2218,4,460.56,1842.24,GBP
OL509169,ORD-106626,PRD2183,1,460.99,460.99,usd
OL509170,ORD-105330,PRD2017,1,476.79,476.79,usd
OL509171,ORD-104447,PRD2172,3,336.36,1009.08,usd
OL509172,ORD-108779,PRD2013,3,10.92,32.76,USD
OL509173,ORD-103452,PRD2104,5,149.81,749.05,US Dollar
OL509174,ORD-106205,PRD2016,4,239.99,959.96,USD
OL509175,ORD-101048,PRD2217,0,207.67,,NGN
OL509176,ORD-103928,PRD2191,5,491.44,2457.2,usd
OL509177,ORD-104856,PRD2065,999,375.66,375284.34,US Dollar
OL509178,ORD-102323,PRD2239,4,462.84,1851.36,GBP
OL509179,ORD-106436,PRD2011,5,206.15,1030.75,US Dollar
OL509180,ORD-102918,PRD2150,1,100.99,100.99,USD
OL509181,ORD-100267,PRD2237,2,$308.7,617.4,USD
OL509182,ORD-100024,PRD2107,3,364.23,1092.69,GBP
OL509183,ORD-107004,PRD2022,5,176.69,883.45,NGN
OL509184,ORD-101926,PRD2050,4,6.07,24.28,US Dollar
OL509185,ORD-103147,PRD2088,4,65.23,260.92,NGN
OL509186,ORD-104466,PRD2152,4,51.28,205.12,USD
OL509187,ORD-100517,PRD2002,2,168.73,337.46,NGN
OL509188,ORD-106745,PRD2148,5,95.84,479.2,usd
OL509189,ORD-107081,PRD2098,2,36.83,73.66,GBP
OL509190,ORD-106607,PRD2214,1,136.94,136.94,EUR
OL509191,ORD-102313,PRD2163,999,180.88,180699.12,USD
OL509192,ORD-105837,PRD2210,5,135.54,677.7,US Dollar
OL509193,ORD-101237,PRD2048,5,189.78,948.9,GBP
OL509194,ORD-108967,PRD2167,5,18.84,94.2,NGN
OL509195,ORD-101175,PRD2170,3,225.64,676.92,NGN
OL509196,ORD-104170,PRD2171,3,223.61,670.83,NGN
OL509197,ORD-100084,PRD2190,1,112.42,112.42,EUR
OL509198,ORD-107888,PRD2250,1,346.58,346.58,USD
OL509199,ORD-102334,PRD2015,999,403.5,403096.5,EUR
OL509200,ORD-102715,PRD2250,2,$95.19,190.38,usd
OL509201,ORD-106124,PRD2220,0,271.23,,NGN
OL509202,ORD-106685,PRD2159,1,68.12,68.12,EUR
OL509203,ORD-104837,PRD2069,5,428.03,2140.15,usd
OL509204,ORD-102387,PRD2017,999,336.12,335783.88,EUR
OL509205,ORD-106850,PRD2171,2,87.33,174.66,US Dollar
OL509206,ORD-106018,PRD2145,0,$473.55,,NGN
OL509207,ORD-106751,PRD2079,1,221.3,221.3,US Dollar
OL509208,ORD-102684,PRD2063,2,260.06,520.12,GBP
OL509209,ORD-107541,PRD2180,5,67.56,337.8,NGN
OL509210,ORD-103195,PRD2049,5,251.69,1258.45,GBP
OL509211,ORD-101114,PRD2131,2,265.3,530.6,usd
OL509212,ORD-104248,PRD2049,1,65.28,65.28,EUR
OL509213,ORD-104976,PRD2078,5,132.88,664.4,EUR
OL509214,ORD-106664,PRD2034,1,414.17,414.17,US Dollar
OL509215,ORD-100489,PRD2164,4,388.44,1553.76,USD
OL509216,ORD-107609,PRD2193,5,322.74,1613.7,NGN
OL509217,ORD-104661,PRD2217,1,389.69,389.69,NGN
OL509218,ORD-101909,PRD2185,999,89.87,89780.13,EUR
OL509219,ORD-100705,PRD2007,0,487.16,,EUR
OL509220,ORD-103534,PRD2226,5,469.81,2349.05,EUR
OL509221,ORD-108272,PRD2222,3,162.34,487.02,USD
OL509222,ORD-105984,PRD2181,5,366.24,1831.2,GBP
OL509223,ORD-102523,PRD2210,0,147.4,,GBP
OL509224,ORD-107760,PRD2053,4,333.37,1333.48,usd
OL509225,ORD-102687,PRD2048,1,405.25,405.25,USD
OL509226,ORD-100210,PRD2116,2,282.48,564.96,USD
OL509227,ORD-104626,PRD2023,2,167.2,334.4,US Dollar
OL509228,ORD-100002,PRD2222,1,233.58,233.58,US Dollar
OL509229,ORD-103953,PRD2071,999,405.3,404894.7,usd
OL509230,ORD-102652,PRD2136,1,232.99,232.99,EUR
OL509231,ORD-107049,PRD2080,5,3.09,15.45,NGN
OL509232,ORD-108332,PRD2136,0,383.42,,GBP
OL509233,ORD-104295,PRD2136,2,236.95,473.9,usd
OL509234,ORD-106699,PRD2112,5,394.99,1974.95,usd
OL509235,ORD-105492,PRD2214,3,366.16,1098.48,EUR
OL509236,ORD-105514,PRD2155,4,$149.03,596.12,NGN
OL509237,ORD-101112,PRD2119,3,$240.01,720.03,US Dollar
OL509238,ORD-101692,PRD2041,4,26.58,106.32,usd
OL509239,ORD-108643,PRD2089,1,147.02,147.02,GBP
OL509240,ORD-104800,PRD2032,0,$143.9,,EUR
OL509241,ORD-100737,PRD2179,1,137.83,137.83,GBP
OL509242,ORD-107628,PRD2220,1,179.9,179.9,USD
OL509243,ORD-102451,PRD2159,2,$23.98,47.96,EUR
OL509244,ORD-100546,PRD2139,5,476.59,2382.95,EUR
OL509245,ORD-101131,PRD2107,4,474.46,1897.84,GBP
OL509246,ORD-106990,PRD2223,2,405.72,811.44,USD
OL509247,ORD-100455,PRD2177,3,165.84,497.52,USD
OL509248,ORD-108838,PRD2022,4,65.75,263.0,USD
OL509249,ORD-102608,PRD2231,3,340.72,1022.16,USD
OL509250,ORD-103716,PRD2197,1,191.12,191.12,usd
OL509251,ORD-105202,PRD2250,0,367.83,,EUR
OL509252,ORD-100315,PRD2136,3,146.52,439.56,GBP
OL509253,ORD-100502,PRD2050,2,243.86,487.72,NGN
OL509254,ORD-102358,PRD2143,5,83.49,417.45,USD
OL509255,ORD-107416,PRD2155,3,467.61,1402.83,NGN
OL509256,ORD-101061,PRD2032,1,366.19,366.19,EUR
OL509257,ORD-104913,PRD2036,5,87.81,439.05,GBP
OL509258,ORD-108509,PRD2232,3,388.17,1164.51,NGN
OL509259,ORD-104965,PRD2172,3,358.85,1076.55,USD
OL509260,ORD-108685,PRD2091,0,66.46,,USD
OL509261,ORD-101494,PRD2235,2,149.13,298.26,US Dollar
OL509262,ORD-102248,PRD2135,-1,273.8,,NGN
OL509263,ORD-103129,PRD2146,0,$198.9,,usd
OL509264,ORD-107758,PRD2047,2,$164.9,329.8,NGN
OL509265,ORD-103816,PRD2053,2,462.12,924.24,usd
OL509266,ORD-101634,PRD2091,2,172.6,345.2,USD
OL509267,ORD-103362,PRD2241,0,331.06,,NGN
OL509268,ORD-104490,PRD2062,4,76.19,304.76,GBP
OL509269,ORD-107517,PRD2054,3,5.83,17.49,US Dollar
OL509270,ORD-103269,PRD2105,0,232.44,,USD
OL509271,ORD-102179,PRD2087,999,364.55,364185.45,USD
OL509272,ORD-102245,PRD2056,0,475.87,,USD
OL509273,ORD-105357,PRD2146,1,249.72,249.72,US Dollar
OL509274,ORD-101238,PRD2097,0,$238.19,,USD
OL509275,ORD-100237,PRD2007,999,161.43,161268.57,EUR
OL509276,ORD-100659,PRD2057,0,235.75,,NGN
OL509277,ORD-106100,PRD2042,4,123.17,492.68,GBP
OL509278,ORD-108266,PRD2050,4,90.3,361.2,EUR
OL509279,ORD-104337,PRD2003,2,225.81,451.62,usd
OL509280,ORD-103695,PRD2066,3,317.19,951.57,US Dollar
OL509281,ORD-108117,PRD2045,0,344.6,,EUR
OL509282,ORD-107210,PRD2248,1,475.04,475.04,US Dollar
OL509283,ORD-102920,PRD2181,1,404.33,404.33,US Dollar
OL509284,ORD-103054,PRD2248,0,305.84,,GBP
OL509285,ORD-108308,PRD2113,1,448.3,448.3,USD
OL509286,ORD-100097,PRD2171,2,380.58,761.16,GBP
OL509287,ORD-108285,PRD2075,4,353.01,1412.04,USD
OL509288,ORD-107242,PRD2107,1,465.04,465.04,usd
OL509289,ORD-100190,PRD2049,5,148.46,742.3,GBP
OL509290,ORD-102324,PRD2112,0,357.98,,GBP
OL509291,ORD-101577,PRD2128,5,257.65,1288.25,US Dollar
OL509292,ORD-100675,PRD2226,2,56.8,113.6,USD
OL509293,ORD-106526,PRD2102,3,479.4,1438.2,usd
OL509294,ORD-108579,PRD2087,1,257.49,257.49,EUR
OL509295,ORD-101617,PRD2104,1,238.55,238.55,USD
OL509296,ORD-104138,PRD2107,0,$256.36,,GBP
OL509297,ORD-104313,PRD2183,1,77.23,77.23,US Dollar
OL509298,ORD-104234,PRD2001,-1,281.51,,usd
OL509299,ORD-100593,PRD2036,3,429.45,1288.35,GBP
OL509300,ORD-108434,PRD2205,0,105.9,,EUR
OL509301,ORD-104961,PRD2214,1,285.89,285.89,GBP
OL509302,ORD-101228,PRD2114,4,212.21,848.84,usd
OL509303,ORD-101772,PRD2050,5,198.71,993.55,USD
OL509304,ORD-102222,PRD2143,2,353.93,707.86,NGN
OL509305,ORD-104220,PRD2227,4,154.84,619.36,USD
OL509306,ORD-100240,PRD2087,0,421.02,,GBP
OL509307,ORD-103159,PRD2149,4,$397.74,1590.96,GBP
OL509308,ORD-103514,PRD2211,1,$472.64,472.64,US Dollar
OL509309,ORD-105656,PRD2052,3,323.17,969.51,NGN
OL509310,ORD-103735,PRD2122,4,280.11,1120.44,US Dollar
OL509311,ORD-104415,PRD2043,1,345.17,345.17,usd
OL509312,ORD-106393,PRD2162,1,376.28,376.28,US Dollar
OL509313,ORD-105365,PRD2020,5,162.11,810.55,GBP
OL509314,ORD-100498,PRD2023,4,407.34,1629.36,GBP
OL509315,ORD-108390,PRD2145,1,467.06,467.06,EUR
OL509316,ORD-100397,PRD2038,0,344.47,,NGN
OL509317,ORD-104648,PRD2190,4,455.22,1820.88,GBP
OL509318,ORD-106481,PRD2220,2,309.9,619.8,US Dollar
OL509319,ORD-103822,PRD2141,3,163.45,490.35,US Dollar
OL509320,ORD-101795,PRD2056,5,68.4,342.0,EUR
OL509321,ORD-102474,PRD2138,999,28.72,28691.28,usd
OL509322,ORD-107069,PRD2031,4,337.17,1348.68,usd
OL509323,ORD-103222,PRD2078,0,222.71,,usd
OL509324,ORD-101175,PRD2211,4,475.01,1900.04,GBP
OL509325,ORD-102218,PRD2064,1,171.4,171.4,USD
OL509326,ORD-103321,PRD2061,4,33.28,133.12,NGN
OL509327,ORD-105593,PRD2120,3,414.95,1244.85,GBP
OL509328,ORD-108536,PRD2081,5,238.59,1192.95,NGN
OL509329,ORD-104622,PRD2064,2,259.28,518.56,US Dollar
OL509330,ORD-107535,PRD2012,-1,46.15,,GBP
OL509331,ORD-103066,PRD2242,0,143.53,,GBP
OL509332,ORD-108221,PRD2123,1,91.47,91.47,NGN
OL509333,ORD-107256,PRD2217,4,57.38,229.52,US Dollar
OL509334,ORD-107800,PRD2046,3,281.12,843.36,usd
OL509335,ORD-107288,PRD2166,5,$222.98,1114.9,usd
OL509336,ORD-104990,PRD2090,-1,444.81,,USD
OL509337,ORD-103354,PRD2238,2,323.07,646.14,usd
OL509338,ORD-106436,PRD2095,4,306.76,1227.04,usd
OL509339,ORD-107564,PRD2171,4,479.56,1918.24,USD
OL509340,ORD-100648,PRD2019,4,252.09,1008.36,NGN
OL509341,ORD-105435,PRD2118,5,$424.72,2123.6,USD
OL509342,ORD-103005,PRD2223,2,347.03,694.06,GBP
OL509343,ORD-107033,PRD2236,-1,105.45,,NGN
OL509344,ORD-102550,PRD2070,4,448.58,1794.32,NGN
OL509345,ORD-108717,PRD2100,2,28.75,57.5,GBP
OL509346,ORD-105652,PRD2108,5,339.13,1695.65,GBP
OL509347,ORD-104355,PRD2078,5,10.59,52.95,GBP
OL509348,ORD-101718,PRD2043,2,144.44,288.88,usd
OL509349,ORD-106045,PRD2101,999,187.89,187702.11,US Dollar
OL509350,ORD-108644,PRD2035,3,156.67,470.01,usd
OL509351,ORD-104527,PRD2241,2,425.43,850.86,NGN
OL509352,ORD-108306,PRD2035,5,469.71,2348.55,US Dollar
OL509353,ORD-104258,PRD2009,999,421.26,420838.74,EUR
OL509354,ORD-104438,PRD2238,4,331.71,1326.84,USD
OL509355,ORD-103740,PRD2240,1,412.41,412.41,US Dollar
OL509356,ORD-101917,PRD2102,3,343.46,1030.38,EUR
OL509357,ORD-101535,PRD2229,2,85.2,170.4,EUR
OL509358,ORD-105229,PRD2102,3,340.44,1021.32,EUR
OL509359,ORD-101027,PRD2021,3,$286.65,859.95,EUR
OL509360,ORD-104790,PRD2116,3,225.13,675.39,US Dollar
OL509361,ORD-106336,PRD2183,5,240.72,1203.6,NGN
OL509362,ORD-103012,PRD2237,5,356.8,1784.0,EUR
OL509363,ORD-102901,PRD2160,3,388.72,1166.16,GBP
OL509364,ORD-100252,PRD2188,3,129.5,388.5,NGN
OL509365,ORD-101957,PRD2183,2,$317.53,635.06,US Dollar
OL509366,ORD-107182,PRD2150,1,306.08,306.08,USD
OL509367,ORD-101452,PRD2148,3,492.5,1477.5,NGN
OL509368,ORD-102326,PRD2156,0,75.92,,NGN
OL509369,ORD-108075,PRD2060,-1,235.69,,US Dollar
OL509370,ORD-100689,PRD2011,5,144.37,721.85,EUR
OL509371,ORD-102696,PRD2158,2,433.21,866.42,NGN
OL509372,ORD-106097,PRD2215,3,190.94,572.82,NGN
OL509373,ORD-106130,PRD2154,2,131.29,262.58,EUR
OL509374,ORD-108166,PRD2190,3,391.97,1175.91,usd
OL509375,ORD-104211,PRD2233,3,168.97,506.91,GBP
OL509376,ORD-106380,PRD2039,0,384.92,,usd
OL509377,ORD-103584,PRD2012,0,128.18,,EUR
OL509378,ORD-106642,PRD2022,5,$211.08,1055.4,USD
OL509379,ORD-101003,PRD2104,3,217.38,652.14,NGN
OL509380,ORD-101852,PRD2130,1,298.47,298.47,GBP
OL509381,ORD-108707,PRD2205,2,419.3,838.6,US Dollar
OL509382,ORD-103331,PRD2001,5,122.34,611.7,usd
OL509383,ORD-105466,PRD2225,-1,$167.34,,USD
OL509384,ORD-107587,PRD2003,2,89.6,179.2,USD
OL509385,ORD-108056,PRD2138,1,$193.49,193.49,USD
OL509386,ORD-101952,PRD2225,4,138.47,553.88,EUR
OL509387,ORD-102008,PRD2169,0,49.2,,GBP
OL509388,ORD-100056,PRD2139,-1,291.67,,GBP
OL509389,ORD-102033,PRD2219,5,275.64,1378.2,EUR
OL509390,ORD-103319,PRD2056,1,331.2,331.2,usd
OL509391,ORD-101921,PRD2191,5,468.05,2340.25,USD
OL509392,ORD-102862,PRD2159,3,230.57,691.71,NGN
OL509393,ORD-100974,PRD2100,3,$344.73,1034.19,GBP
OL509394,ORD-107929,PRD2002,1,371.83,371.83,usd
OL509395,ORD-105666,PRD2244,1,474.62,474.62,usd
OL509396,ORD-101370,PRD2186,1,19.24,19.24,NGN
OL509397,ORD-108848,PRD2245,-1,236.26,,GBP
OL509398,ORD-106910,PRD2167,5,425.58,2127.9,usd
OL509399,ORD-102373,PRD2175,4,6.23,24.92,USD
OL509400,ORD-105953,PRD2008,4,86.81,347.24,EUR
OL509401,ORD-107477,PRD2072,2,57.64,115.28,EUR
OL509402,ORD-106322,PRD2117,3,$286.07,858.21,usd
OL509403,ORD-102798,PRD2115,3,199.83,599.49,usd
OL509404,ORD-100743,PRD2114,4,351.7,1406.8,EUR
OL509405,ORD-107654,PRD2164,4,326.49,1305.96,USD
OL509406,ORD-100998,PRD2146,5,$168.06,840.3,usd
OL509407,ORD-106651,PRD2098,4,490.51,1962.04,EUR
OL509408,ORD-101379,PRD2144,4,250.02,1000.08,usd
OL509409,ORD-102607,PRD2179,3,$310.05,930.15,usd
OL509410,ORD-105784,PRD2056,1,477.41,477.41,EUR
OL509411,ORD-102781,PRD2203,-1,306.43,,EUR
OL509412,ORD-104682,PRD2242,5,152.04,760.2,US Dollar
OL509413,ORD-108019,PRD2134,999,138.43,138291.57,USD
OL509414,ORD-100096,PRD2192,2,353.34,706.68,USD
OL509415,ORD-108480,PRD2046,2,371.86,743.72,usd
OL509416,ORD-107776,PRD2030,999,67.96,67892.04,EUR
OL509417,ORD-102263,PRD2148,1,425.27,425.27,USD
OL509418,ORD-106976,PRD2123,4,448.27,1793.08,EUR
OL509419,ORD-108448,PRD2017,3,119.86,359.58,GBP
OL509420,ORD-100040,PRD2099,4,145.33,581.32,GBP
OL509421,ORD-100232,PRD2232,3,403.68,1211.04,EUR
OL509422,ORD-108205,PRD2163,5,387.99,1939.95,NGN
OL509423,ORD-101697,PRD2164,1,261.13,261.13,GBP
OL509424,ORD-101399,PRD2203,4,419.7,1678.8,US Dollar
OL509425,ORD-108959,PRD2006,2,111.1,222.2,USD
OL509426,ORD-103363,PRD2193,0,414.9,,USD
OL509427,ORD-108384,PRD2244,2,216.07,432.14,US Dollar
OL509428,ORD-105959,PRD2050,2,40.72,81.44,usd
OL509429,ORD-104959,PRD2236,4,267.14,1068.56,EUR
OL509430,ORD-108891,PRD2224,2,226.55,453.1,US Dollar
OL509431,ORD-102627,PRD2082,5,352.3,1761.5,EUR
OL509432,ORD-102144,PRD2053,0,101.66,,usd
OL509433,ORD-101917,PRD2069,3,336.76,1010.28,GBP
OL509434,ORD-103000,PRD2181,4,221.33,885.32,GBP
OL509435,ORD-103449,PRD2235,4,323.0,1292.0,US Dollar
OL509436,ORD-108837,PRD2156,4,239.27,957.08,usd
OL509437,ORD-103669,PRD2053,3,327.84,983.52,USD
OL509438,ORD-105729,PRD2059,0,$106.9,,EUR
OL509439,ORD-100519,PRD2100,3,$337.98,1013.94,NGN
OL509440,ORD-105057,PRD2139,999,45.3,45254.7,USD
OL509441,ORD-101721,PRD2077,4,31.42,125.68,US Dollar
OL509442,ORD-107063,PRD2028,3,195.98,587.94,usd
OL509443,ORD-100565,PRD2203,4,401.66,1606.64,EUR
OL509444,ORD-102002,PRD2120,0,$394.49,,USD
OL509445,ORD-103898,PRD2036,4,$449.6,1798.4,US Dollar
OL509446,ORD-107344,PRD2153,999,363.87,363506.13,usd
OL509447,ORD-102931,PRD2090,1,380.32,380.32,US Dollar
OL509448,ORD-103850,PRD2201,4,137.59,550.36,EUR
OL509449,ORD-107143,PRD2243,5,460.93,2304.65,usd
OL509450,ORD-108047,PRD2091,3,204.06,612.18,EUR
OL509451,ORD-108560,PRD2134,999,366.92,366553.08,US Dollar
OL509452,ORD-102247,PRD2235,1,180.6,180.6,EUR
OL509453,ORD-102846,PRD2107,3,189.25,567.75,EUR
OL509454,ORD-102971,PRD2144,999,203.26,203056.74,NGN
OL509455,ORD-105714,PRD2177,999,271.72,271448.28,EUR
OL509456,ORD-106901,PRD2134,4,$391.88,1567.52,usd
OL509457,ORD-103007,PRD2157,1,$290.51,290.51,US Dollar
OL509458,ORD-103957,PRD2129,5,276.51,1382.55,US Dollar
OL509459,ORD-105310,PRD2035,2,263.93,527.86,NGN
OL509460,ORD-106934,PRD2125,999,14.03,14015.97,EUR
OL509461,ORD-102526,PRD2203,2,83.61,167.22,GBP
OL509462,ORD-101524,PRD2227,4,22.29,89.16,USD
OL509463,ORD-108456,PRD2204,2,25.48,50.96,GBP
OL509464,ORD-101469,PRD2097,2,442.15,884.3,EUR
OL509465,ORD-103492,PRD2033,3,498.71,1496.13,US Dollar
OL509466,ORD-102195,PRD2178,0,319.29,,USD
OL509467,ORD-105219,PRD2134,999,2.26,2257.74,NGN
OL509468,ORD-102059,PRD2036,5,151.29,756.45,GBP
OL509469,ORD-107559,PRD2158,0,443.3,,EUR
OL509470,ORD-100439,PRD2152,999,488.57,488081.43,US Dollar
OL509471,ORD-101969,PRD2176,1,191.1,191.1,NGN
OL509472,ORD-106446,PRD2084,4,$467.14,1868.56,usd
OL509473,ORD-104434,PRD2088,0,396.53,,NGN
OL509474,ORD-100368,PRD2039,0,107.75,,USD
OL509475,ORD-105348,PRD2013,5,180.03,900.15,usd
OL509476,ORD-103577,PRD2045,4,375.61,1502.44,USD
OL509477,ORD-104825,PRD2029,5,117.82,589.1,usd
OL509478,ORD-101125,PRD2167,0,389.43,,US Dollar
OL509479,ORD-106714,PRD2087,5,$406.11,2030.55,US Dollar
OL509480,ORD-104240,PRD2218,2,415.36,830.72,usd
OL509481,ORD-107449,PRD2175,999,$421.1,420678.9,US Dollar
OL509482,ORD-104913,PRD2178,2,122.2,244.4,NGN
OL509483,ORD-102436,PRD2197,1,330.09,330.09,EUR
OL509484,ORD-106025,PRD2122,4,462.83,1851.32,USD
OL509485,ORD-100989,PRD2061,-1,$396.88,,GBP
OL509486,ORD-102677,PRD2072,2,359.31,718.62,US Dollar
OL509487,ORD-107331,PRD2210,2,349.63,699.26,NGN
OL509488,ORD-102135,PRD2040,5,468.49,2342.45,US Dollar
OL509489,ORD-107760,PRD2011,3,497.1,1491.3,EUR
OL509490,ORD-104081,PRD2193,999,117.78,117662.22,GBP
OL509491,ORD-107807,PRD2093,1,316.27,316.27,GBP
OL509492,ORD-104601,PRD2211,-1,484.29,,USD
OL509493,ORD-104627,PRD2020,0,176.22,,GBP
OL509494,ORD-102684,PRD2103,4,196.25,785.0,NGN
OL509495,ORD-104382,PRD2188,3,$354.07,1062.21,USD
OL509496,ORD-101519,PRD2173,0,334.62,,GBP
OL509497,ORD-103313,PRD2165,4,382.0,1528.0,NGN
OL509498,ORD-108490,PRD2180,3,65.61,196.83,GBP
OL509499,ORD-105062,PRD2123,-1,396.82,,GBP
OL509500,ORD-108145,PRD2078,0,40.38,,USD
OL509501,ORD-102047,PRD2064,1,477.45,477.45,NGN
OL509502,ORD-102453,PRD2135,2,167.62,335.24,USD
OL509503,ORD-106387,PRD2056,1,100.8,100.8,US Dollar
OL509504,ORD-103502,PRD2122,3,45.19,135.57,EUR
OL509505,ORD-104909,PRD2009,4,332.98,1331.92,US Dollar
OL509506,ORD-103093,PRD2133,2,$24.38,48.76,NGN
OL509507,ORD-108754,PRD2147,5,144.15,720.75,usd
OL509508,ORD-100038,PRD2093,2,74.29,148.58,usd
OL509509,ORD-108085,PRD2218,3,19.13,57.39,US Dollar
OL509510,ORD-107807,PRD2103,4,461.94,1847.76,USD
OL509511,ORD-108565,PRD2147,5,22.65,113.25,NGN
OL509512,ORD-106910,PRD2180,4,397.59,1590.36,usd
OL509513,ORD-100032,PRD2187,-1,482.13,,US Dollar
OL509514,ORD-108861,PRD2229,999,184.04,183855.96,USD
OL509515,ORD-103979,PRD2219,2,389.85,779.7,USD
OL509516,ORD-102358,PRD2069,-1,495.84,,USD
OL509517,ORD-103438,PRD2129,3,493.42,1480.26,USD
OL509518,ORD-101598,PRD2073,3,67.32,201.96,US Dollar
OL509519,ORD-102706,PRD2048,1,234.77,234.77,GBP
OL509520,ORD-104274,PRD2156,1,$478.21,478.21,GBP
OL509521,ORD-102643,PRD2112,4,22.55,90.2,GBP
OL509522,ORD-101622,PRD2112,4,339.36,1357.44,usd
OL509523,ORD-104650,PRD2055,5,326.5,1632.5,usd
OL509524,ORD-101535,PRD2234,4,352.95,1411.8,USD
OL509525,ORD-108712,PRD2048,2,$386.37,772.74,US Dollar
OL509526,ORD-101853,PRD2004,4,378.88,1515.52,US Dollar
OL509527,ORD-104396,PRD2105,4,421.77,1687.08,USD
OL509528,ORD-103678,PRD2011,4,160.66,642.64,usd
OL509529,ORD-108923,PRD2119,2,343.47,686.94,US Dollar
OL509530,ORD-102208,PRD2240,2,448.48,896.96,usd
OL509531,ORD-105744,PRD2138,4,84.86,339.44,EUR
OL509532,ORD-101813,PRD2108,999,176.58,176403.42,US Dollar
OL509533,ORD-104589,PRD2215,5,446.23,2231.15,USD
OL509534,ORD-108269,PRD2096,3,62.49,187.47,GBP
OL509535,ORD-108541,PRD2100,3,343.62,1030.86,USD
OL509536,ORD-103695,PRD2106,3,215.71,647.13,USD
OL509537,ORD-102227,PRD2116,1,425.99,425.99,USD
OL509538,ORD-107799,PRD2049,4,75.87,303.48,US Dollar
OL509539,ORD-101101,PRD2139,4,457.62,1830.48,USD
OL509540,ORD-104034,PRD2117,1,63.8,63.8,GBP
OL509541,ORD-106257,PRD2182,3,48.54,145.62,USD
OL509542,ORD-105836,PRD2118,0,450.14,,USD
OL509543,ORD-100022,PRD2222,-1,303.22,,GBP
OL509544,ORD-101251,PRD2092,5,377.98,1889.9,usd
OL509545,ORD-106050,PRD2088,1,65.35,65.35,GBP
OL509546,ORD-104419,PRD2065,5,305.96,1529.8,US Dollar
OL509547,ORD-103101,PRD2001,-1,367.97,,EUR
OL509548,ORD-108501,PRD2115,0,217.36,,EUR
OL509549,ORD-107842,PRD2086,1,18.43,18.43,GBP
OL509550,ORD-101024,PRD2157,3,88.13,264.39,EUR
OL509551,ORD-107720,PRD2133,4,$455.83,1823.32,NGN
OL509552,ORD-100727,PRD2197,999,81.69,81608.31,US Dollar
OL509553,ORD-104800,PRD2122,3,449.51,1348.53,USD
OL509554,ORD-106020,PRD2148,2,66.05,132.1,GBP
OL509555,ORD-106226,PRD2022,999,$393.9,393506.1,EUR
OL509556,ORD-100730,PRD2010,5,108.12,540.6,GBP
OL509557,ORD-106687,PRD2139,2,250.94,501.88,US Dollar
OL509558,ORD-106448,PRD2073,3,240.7,722.1,GBP
OL509559,ORD-102739,PRD2080,5,477.43,2387.15,EUR
OL509560,ORD-101822,PRD2012,3,486.6,1459.8,NGN
OL509561,ORD-102008,PRD9952,3,62.53,187.59,NGN
OL509562,ORD-100055,PRD2061,-1,165.82,,EUR
OL509563,ORD-105506,PRD2095,3,440.43,1321.29,EUR
OL509564,ORD-101226,PRD2156,0,77.03,,US Dollar
OL509565,ORD-103404,PRD2130,999,$379.46,379080.54,NGN
OL509566,ORD-101116,PRD2056,999,259.27,259010.73,GBP
OL509567,ORD-108139,PRD2046,1,34.96,34.96,USD
OL509568,ORD-100455,PRD2089,1,275.88,275.88,EUR
OL509569,ORD-104367,PRD2047,4,226.91,907.64,GBP
OL509570,ORD-108887,PRD2005,-1,52.52,,usd
OL509571,ORD-101287,PRD2190,1,197.01,197.01,GBP
OL509572,ORD-106423,PRD2002,4,55.37,221.48,NGN
OL509573,ORD-104124,PRD2246,1,333.89,333.89,GBP
OL509574,ORD-102125,PRD2161,2,40.12,80.24,GBP
OL509575,ORD-104220,PRD2181,1,489.68,489.68,USD
OL509576,ORD-101739,PRD2140,5,459.54,2297.7,usd
OL509577,ORD-103891,PRD2162,3,181.74,545.22,GBP
OL509578,ORD-108982,PRD2099,3,148.57,445.71,GBP
OL509579,ORD-108292,PRD2029,1,333.3,333.3,usd
OL509580,ORD-105572,PRD2188,3,445.37,1336.11,NGN
OL509581,ORD-107525,PRD2208,999,226.32,226093.68,GBP
OL509582,ORD-104500,PRD2154,1,107.62,107.62,NGN
OL509583,ORD-107639,PRD2192,3,246.75,740.25,US Dollar
OL509584,ORD-106280,PRD2110,5,85.47,427.35,EUR
OL509585,ORD-108568,PRD2145,2,181.1,362.2,EUR
OL509586,ORD-106260,PRD2069,1,202.41,202.41,usd
OL509587,ORD-108091,PRD2119,5,285.44,1427.2,usd
OL509588,ORD-104337,PRD2151,5,18.7,93.5,EUR
OL509589,ORD-101837,PRD2115,999,173.57,173396.43,GBP
OL509590,ORD-108470,PRD2090,2,334.45,668.9,US Dollar
OL509591,ORD-105848,PRD2010,2,162.39,324.78,GBP
OL509592,ORD-102418,PRD2249,4,28.23,112.92,USD
OL509593,ORD-104711,PRD2219,3,491.69,1475.07,EUR
OL509594,ORD-106052,PRD2008,-1,57.99,,usd
OL509595,ORD-105560,PRD2143,999,153.75,153596.25,US Dollar
OL509596,ORD-101167,PRD2188,4,$331.98,1327.92,USD
OL509597,ORD-100146,PRD2211,3,129.27,387.81,usd
OL509598,ORD-103440,PRD2002,2,93.77,187.54,USD
OL509599,ORD-105520,PRD2125,3,$194.25,582.75,NGN
OL509600,ORD-105622,PRD2008,5,155.26,776.3,EUR
OL509601,ORD-107198,PRD2037,2,223.18,446.36,GBP
OL509602,ORD-101197,PRD2200,0,307.59,,USD
OL509603,ORD-101307,PRD2002,5,490.79,2453.95,USD
OL509604,ORD-105984,PRD2182,2,$41.63,83.26,usd
OL509605,ORD-101465,PRD2184,2,$11.87,23.74,GBP
OL509606,ORD-104960,PRD2178,-1,2.75,,US Dollar
OL509607,ORD-108799,PRD2038,3,328.61,985.83,usd
OL509608,ORD-101835,PRD2029,5,5.0,25.0,usd
OL509609,ORD-100184,PRD2177,5,231.17,1155.85,USD
OL509610,ORD-105216,PRD2168,4,207.58,830.32,EUR
OL509611,ORD-105224,PRD2144,2,177.04,354.08,USD
OL509612,ORD-101789,PRD2131,4,185.66,742.64,NGN
OL509613,ORD-107056,PRD2180,-1,141.63,,NGN
OL509614,ORD-101712,PRD2042,-1,239.18,,US Dollar
OL509615,ORD-104878,PRD2137,3,52.91,158.73,US Dollar
OL509616,ORD-100813,PRD2034,1,317.14,317.14,EUR
OL509617,ORD-108715,PRD2080,3,235.04,705.12,usd
OL509618,ORD-107386,PRD2122,3,488.58,1465.74,GBP
OL509619,ORD-108110,PRD2035,3,64.08,192.24,US Dollar
OL509620,ORD-105948,PRD2004,4,134.85,539.4,EUR
OL509621,ORD-102480,PRD2018,5,63.54,317.7,EUR
OL509622,ORD-101370,PRD2241,3,160.01,480.03,usd
OL509623,ORD-107444,PRD2143,999,201.86,201658.14,EUR
OL509624,ORD-101808,PRD2004,5,19.2,96.0,EUR
OL509625,ORD-102193,PRD2050,2,464.21,928.42,US Dollar
OL509626,ORD-103589,PRD2077,5,131.62,658.1,US Dollar
OL509627,ORD-104542,PRD2172,5,67.11,335.55,USD
OL509628,ORD-107156,PRD2088,3,429.89,1289.67,usd
OL509629,ORD-101260,PRD2015,4,$185.4,741.6,usd
OL509630,ORD-107417,PRD2181,2,175.75,351.5,EUR
OL509631,ORD-100675,PRD2195,0,75.78,,US Dollar
OL509632,ORD-101249,PRD2065,4,$91.7,366.8,USD
OL509633,ORD-105678,PRD2003,5,419.49,2097.45,GBP
OL509634,ORD-103383,PRD2072,2,261.45,522.9,usd
OL509635,ORD-108653,PRD2157,1,460.82,460.82,usd
OL509636,ORD-109000,PRD2175,0,$247.91,,NGN
OL509637,ORD-107936,PRD2033,2,$157.43,314.86,USD
OL509638,ORD-102151,PRD2088,-1,119.94,,usd
OL509639,ORD-105915,PRD2032,4,301.59,1206.36,NGN
OL509640,ORD-102604,PRD2164,4,184.6,738.4,GBP
OL509641,ORD-101109,PRD2079,1,234.36,234.36,EUR
OL509642,ORD-102322,PRD2242,5,22.47,112.35,NGN
OL509643,ORD-105144,PRD2094,4,$427.67,1710.68,EUR
OL509644,ORD-108585,PRD2037,999,177.31,177132.69,US Dollar
OL509645,ORD-105638,PRD2107,-1,22.26,,USD
OL509646,ORD-102210,PRD2047,1,195.98,195.98,US Dollar
OL509647,ORD-100876,PRD2233,5,57.25,286.25,US Dollar
OL509648,ORD-107676,PRD2175,2,71.13,142.26,NGN
OL509649,ORD-108181,PRD2067,-1,72.58,,EUR
OL509650,ORD-101265,PRD2017,5,270.35,1351.75,NGN
OL509651,ORD-107850,PRD2147,2,6.39,12.78,EUR
OL509652,ORD-102257,PRD2059,4,66.1,264.4,NGN
OL509653,ORD-106132,PRD2054,4,436.64,1746.56,usd
OL509654,ORD-106412,PRD2010,4,452.69,1810.76,USD
OL509655,ORD-100665,PRD2148,5,442.92,2214.6,usd
OL509656,ORD-101003,PRD2054,5,171.36,856.8,GBP
OL509657,ORD-103589,PRD2172,5,$205.76,1028.8,USD
OL509658,ORD-106236,PRD2009,-1,214.66,,GBP
OL509659,ORD-104068,PRD2089,-1,422.5,,usd
OL509660,ORD-105081,PRD2158,4,49.64,198.56,USD
OL509661,ORD-107004,PRD2229,3,175.08,525.24,GBP
OL509662,ORD-108336,PRD2137,4,6.08,24.32,EUR
OL509663,ORD-102442,PRD2180,5,226.29,1131.45,EUR
OL509664,ORD-106065,PRD2196,3,229.07,687.21,USD
OL509665,ORD-108915,PRD2011,5,244.77,1223.85,GBP
OL509666,ORD-103373,PRD2001,3,417.09,1251.27,EUR
OL509667,ORD-101561,PRD2002,4,201.81,807.24,GBP
OL509668,ORD-101561,PRD2054,1,427.84,427.84,NGN
OL509669,ORD-100444,PRD2213,3,$359.93,1079.79,GBP
OL509670,ORD-101244,PRD2086,999,222.24,222017.76,EUR
OL509671,ORD-100043,PRD2158,2,267.8,535.6,GBP
OL509672,ORD-102529,PRD2068,1,$81.51,81.51,NGN
OL509673,ORD-105774,PRD2189,2,476.69,953.38,GBP
OL509674,ORD-102631,PRD2241,1,363.66,363.66,NGN
OL509675,ORD-104216,PRD2121,5,391.13,1955.65,USD
OL509676,ORD-102501,PRD2015,2,$262.48,524.96,US Dollar
OL509677,ORD-103198,PRD2188,1,259.01,259.01,GBP
OL509678,ORD-102636,PRD2049,999,175.09,174914.91,usd
OL509679,ORD-106048,PRD2120,2,307.45,614.9,US Dollar
OL509680,ORD-107783,PRD2162,4,27.5,110.0,NGN
OL509681,ORD-102364,PRD2191,4,289.68,1158.72,NGN
OL509682,ORD-102640,PRD2237,-1,267.16,,US Dollar
OL509683,ORD-100817,PRD2011,-1,171.83,,US Dollar
OL509684,ORD-107060,PRD2011,2,192.56,385.12,US Dollar
OL509685,ORD-100740,PRD2240,999,496.96,496463.04,USD
OL509686,ORD-101577,PRD2221,1,478.17,478.17,USD
OL509687,ORD-103871,PRD2238,3,420.69,1262.07,GBP
OL509688,ORD-106227,PRD2174,1,490.61,490.61,NGN
OL509689,ORD-104123,PRD2119,2,232.74,465.48,US Dollar
OL509690,ORD-101843,PRD2187,2,494.33,988.66,NGN
OL509691,ORD-101052,PRD2198,5,250.71,1253.55,GBP
OL509692,ORD-108722,PRD2193,3,315.19,945.57,USD
OL509693,ORD-103679,PRD2176,3,494.23,1482.69,USD
OL509694,ORD-104857,PRD2133,0,427.07,,USD
OL509695,ORD-107259,PRD2249,2,440.46,880.92,USD
OL509696,ORD-106965,PRD2221,2,80.82,161.64,NGN
OL509697,ORD-100118,PRD2063,1,242.9,242.9,USD
OL509698,ORD-103321,PRD2207,1,488.83,488.83,USD
OL509699,ORD-108246,PRD2092,5,$59.44,297.2,usd
OL509700,ORD-102672,PRD2188,-1,338.81,,US Dollar
OL509701,ORD-107640,PRD2009,2,110.3,220.6,GBP
OL509702,ORD-104613,PRD2107,4,217.07,868.28,EUR
OL509703,ORD-101303,PRD2128,5,190.23,951.15,EUR
OL509704,ORD-103913,PRD2090,5,$303.91,1519.55,usd
OL509705,ORD-100678,PRD2170,3,253.43,760.29,EUR
OL509706,ORD-106793,PRD2122,1,93.64,93.64,NGN
OL509707,ORD-102135,PRD2165,4,468.26,1873.04,usd
OL509708,ORD-103066,PRD2215,4,59.46,237.84,USD
OL509709,ORD-107300,PRD2047,4,179.29,717.16,NGN
OL509710,ORD-107598,PRD2195,5,308.6,1543.0,NGN
OL509711,ORD-106182,PRD2203,2,428.16,856.32,usd
OL509712,ORD-105322,PRD2242,2,40.65,81.3,USD
OL509713,ORD-102637,PRD2009,4,418.04,1672.16,USD
OL509714,ORD-103565,PRD2202,5,278.37,1391.85,NGN
OL509715,ORD-106260,PRD2043,999,442.33,441887.67,usd
OL509716,ORD-103357,PRD2055,1,116.07,116.07,EUR
OL509717,ORD-104474,PRD2084,0,108.76,,EUR
OL509718,ORD-107047,PRD2170,3,419.57,1258.71,US Dollar
OL509719,ORD-104036,PRD2088,2,478.21,956.42,USD
OL509720,ORD-103110,PRD2172,3,$215.09,645.27,NGN
OL509721,ORD-103470,PRD2110,0,358.57,,USD
OL509722,ORD-108980,PRD2018,3,46.66,139.98,USD
OL509723,ORD-103589,PRD2029,2,414.37,828.74,USD
OL509724,ORD-103848,PRD2058,-1,$226.21,,NGN
OL509725,ORD-103518,PRD2129,5,196.25,981.25,EUR
OL509726,ORD-107461,PRD2044,1,465.81,465.81,USD
OL509727,ORD-101284,PRD2232,4,162.81,651.24,USD
OL509728,ORD-102251,PRD2123,2,498.88,997.76,NGN
OL509729,ORD-104370,PRD2193,2,360.57,721.14,NGN
OL509730,ORD-104745,PRD2249,0,461.4,,usd
OL509731,ORD-108862,PRD2039,2,269.74,539.48,US Dollar
OL509732,ORD-108827,PRD2218,1,88.28,88.28,NGN
OL509733,ORD-106364,PRD2232,5,354.95,1774.75,US Dollar
OL509734,ORD-107465,PRD2203,4,440.45,1761.8,usd
OL509735,ORD-106583,PRD2246,2,136.79,273.58,EUR
OL509736,ORD-105398,PRD2197,4,$351.05,1404.2,US Dollar
OL509737,ORD-103954,PRD2029,4,93.37,373.48,NGN
OL509738,ORD-102077,PRD2204,5,107.87,539.35,EUR
OL509739,ORD-106457,PRD2047,1,11.76,11.76,EUR
OL509740,ORD-106529,PRD2160,1,42.24,42.24,GBP
OL509741,ORD-100038,PRD2239,3,4.58,13.74,usd
OL509742,ORD-107503,PRD2008,4,232.7,930.8,EUR
OL509743,ORD-106420,PRD2183,3,286.26,858.78,US Dollar
OL509744,ORD-105703,PRD2090,-1,378.56,,NGN
OL509745,ORD-107118,PRD2181,1,$58.14,58.14,usd
OL509746,ORD-101539,PRD2127,5,420.06,2100.3,EUR
OL509747,ORD-108312,PRD2057,0,400.85,,EUR
OL509748,ORD-105601,PRD2055,1,$258.87,258.87,US Dollar
OL509749,ORD-101861,PRD2227,4,211.4,845.6,usd
OL509750,ORD-102023,PRD2156,1,370.65,370.65,USD
OL509751,ORD-104376,PRD2122,1,$385.15,385.15,USD
OL509752,ORD-100323,PRD2102,999,19.51,19490.49,EUR
OL509753,ORD-103570,PRD2003,4,32.98,131.92,NGN
OL509754,ORD-107486,PRD2191,4,316.65,1266.6,NGN
OL509755,ORD-100923,PRD2140,4,397.46,1589.84,usd
OL509756,ORD-108703,PRD2063,4,$376.78,1507.12,GBP
OL509757,ORD-105893,PRD2186,0,$68.82,,USD
OL509758,ORD-105544,PRD2170,2,387.14,774.28,USD
OL509759,ORD-106848,PRD2189,3,22.14,66.42,usd
OL509760,ORD-103946,PRD2033,-1,447.3,,usd
OL509761,ORD-100593,PRD2079,1,447.25,447.25,US Dollar
OL509762,ORD-106124,PRD2199,3,398.64,1195.92,USD
OL509763,ORD-107310,PRD2197,5,$183.92,919.6,usd
OL509764,ORD-100490,PRD2077,-1,357.23,,GBP
OL509765,ORD-103139,PRD2224,5,408.13,2040.65,USD
OL509766,ORD-103103,PRD2237,5,224.38,1121.9,GBP
OL509767,ORD-103627,PRD2049,4,$337.85,1351.4,USD
OL509768,ORD-107880,PRD2103,2,378.01,756.02,EUR
OL509769,ORD-106378,PRD2234,0,308.69,,usd
OL509770,ORD-100632,PRD2169,5,86.96,434.8,EUR
OL509771,ORD-105621,PRD2011,5,450.29,2251.45,USD
OL509772,ORD-101348,PRD2086,-1,103.3,,EUR
OL509773,ORD-105228,PRD2087,3,395.36,1186.08,usd
OL509774,ORD-108419,PRD2137,1,239.45,239.45,usd
OL509775,ORD-108381,PRD2042,5,$187.82,939.1,USD
OL509776,ORD-105090,PRD2121,4,330.2,1320.8,GBP
OL509777,ORD-106198,PRD2167,-1,110.34,,USD
OL509778,ORD-104595,PRD2118,5,316.35,1581.75,usd
OL509779,ORD-108076,PRD2069,5,359.12,1795.6,EUR
OL509780,ORD-104984,PRD2101,4,291.04,1164.16,US Dollar
OL509781,ORD-105244,PRD2168,2,$398.7,797.4,NGN
OL509782,ORD-107022,PRD2024,0,240.11,,EUR
OL509783,ORD-108583,PRD9688,3,175.29,525.87,US Dollar
OL509784,ORD-100315,PRD2151,0,198.59,,USD
OL509785,ORD-105980,PRD2168,1,318.2,318.2,USD
OL509786,ORD-106822,PRD2114,4,33.63,134.52,USD
OL509787,ORD-108176,PRD2164,2,340.43,680.86,EUR
OL509788,ORD-108937,PRD2163,3,382.43,1147.29,USD
OL509789,ORD-102133,PRD2160,5,$85.56,427.8,NGN
OL509790,ORD-107764,PRD2073,1,292.9,292.9,US Dollar
OL509791,ORD-101775,PRD2071,5,271.93,1359.65,US Dollar
OL509792,ORD-100105,PRD2230,3,$393.58,1180.74,NGN
OL509793,ORD-102487,PRD2188,4,399.62,1598.48,GBP
OL509794,ORD-105414,PRD2225,999,327.0,326673.0,US Dollar
OL509795,ORD-102338,PRD2040,0,188.58,,US Dollar
OL509796,ORD-106350,PRD2187,3,49.14,147.42,EUR
OL509797,ORD-105711,PRD2039,-1,487.53,,GBP
OL509798,ORD-100572,PRD2246,3,238.44,715.32,US Dollar
OL509799,ORD-103783,PRD9586,5,376.54,1882.7,usd
OL509800,ORD-100017,PRD2123,2,131.8,263.6,USD
OL509801,ORD-104650,PRD2084,4,410.31,1641.24,USD
OL509802,ORD-104612,PRD2023,5,365.41,1827.05,US Dollar
OL509803,ORD-106060,PRD2246,5,402.52,2012.6,US Dollar
OL509804,ORD-105846,PRD2006,4,104.16,416.64,usd
OL509805,ORD-103842,PRD2098,3,$82.31,246.93,GBP
OL509806,ORD-100980,PRD2147,3,342.98,1028.94,EUR
OL509807,ORD-106505,PRD2247,5,282.15,1410.75,US Dollar
OL509808,ORD-101735,PRD2154,2,352.39,704.78,NGN
OL509809,ORD-108615,PRD2073,5,$142.92,714.6,USD
OL509810,ORD-100222,PRD2006,3,139.12,417.36,EUR
OL509811,ORD-103244,PRD2082,-1,437.96,,GBP
OL509812,ORD-104988,PRD2076,0,138.86,,EUR
OL509813,ORD-108545,PRD2036,3,52.28,156.84,NGN
OL509814,ORD-103526,PRD2232,0,499.76,,US Dollar
OL509815,ORD-102647,PRD2138,999,4.23,4225.77,US Dollar
OL509816,ORD-105392,PRD2237,4,$364.89,1459.56,usd
OL509817,ORD-100497,PRD2041,2,165.52,331.04,usd
OL509818,ORD-107704,PRD2246,0,237.44,,usd
OL509819,ORD-103396,PRD2040,999,465.75,465284.25,US Dollar
OL509820,ORD-105661,PRD2220,3,130.04,390.12,GBP
OL509821,ORD-106233,PRD2121,3,189.94,569.82,GBP
OL509822,ORD-108851,PRD2159,4,$230.88,923.52,usd
OL509823,ORD-102705,PRD2079,4,141.99,567.96,US Dollar
OL509824,ORD-107873,PRD2089,4,213.55,854.2,NGN
OL509825,ORD-107877,PRD2060,0,495.65,,USD
OL509826,ORD-104003,PRD2094,3,$327.45,982.35,USD
OL509827,ORD-104333,PRD2036,2,36.94,73.88,NGN
OL509828,ORD-100616,PRD2232,4,346.92,1387.68,GBP
OL509829,ORD-102873,PRD2224,4,280.37,1121.48,usd
OL509830,ORD-105617,PRD2231,3,488.47,1465.41,EUR
OL509831,ORD-105233,PRD2121,4,69.06,276.24,US Dollar
OL509832,ORD-107028,PRD2102,2,121.55,243.1,EUR
OL509833,ORD-106996,PRD2015,2,466.69,933.38,US Dollar
OL509834,ORD-105410,PRD2103,999,$440.12,439679.88,EUR
OL509835,ORD-104392,PRD2108,1,363.82,363.82,GBP
OL509836,ORD-103899,PRD2119,1,2.68,2.68,USD
OL509837,ORD-108040,PRD2111,1,271.47,271.47,EUR
OL509838,ORD-105654,PRD2117,5,400.42,2002.1,NGN
OL509839,ORD-102016,PRD2175,999,368.77,368401.23,GBP
OL509840,ORD-101393,PRD2236,0,$58.04,,EUR
OL509841,ORD-105811,PRD2154,3,$261.19,783.57,usd
OL509842,ORD-100975,PRD2161,2,473.79,947.58,GBP
OL509843,ORD-106645,PRD2216,2,343.93,687.86,USD
OL509844,ORD-108162,PRD2227,0,137.75,,USD
OL509845,ORD-102767,PRD2137,3,268.86,806.58,NGN
OL509846,ORD-108599,PRD2145,4,410.12,1640.48,NGN
OL509847,ORD-101716,PRD2021,2,308.56,617.12,USD
OL509848,ORD-103232,PRD2085,3,45.78,137.34,US Dollar
OL509849,ORD-106038,PRD2239,-1,432.82,,USD
OL509850,ORD-104458,PRD2020,999,406.67,406263.33,EUR
OL509851,ORD-107330,PRD2226,0,67.95,,EUR
OL509852,ORD-107395,PRD2240,1,$275.25,275.25,GBP
OL509853,ORD-104030,PRD2146,1,102.21,102.21,US Dollar
OL509854,ORD-102931,PRD2228,4,270.54,1082.16,GBP
OL509855,ORD-100378,PRD2065,2,$91.85,183.7,EUR
OL509856,ORD-103527,PRD2120,999,49.27,49220.73,GBP
OL509857,ORD-101869,PRD2057,1,376.75,376.75,EUR
OL509858,ORD-105083,PRD2194,0,381.27,,GBP
OL509859,ORD-106398,PRD2022,4,319.17,1276.68,EUR
OL509860,ORD-107130,PRD2219,-1,84.53,,USD
OL509861,ORD-104334,PRD2202,4,233.28,933.12,USD
OL509862,ORD-102215,PRD2149,4,210.91,843.64,GBP
OL509863,ORD-101318,PRD2007,5,462.0,2310.0,NGN
OL509864,ORD-105546,PRD2222,4,$158.41,633.64,EUR
OL509865,ORD-107581,PRD2189,1,169.73,169.73,US Dollar
OL509866,ORD-108222,PRD2013,2,$335.41,670.82,usd
OL509867,ORD-105637,PRD2124,0,125.52,,EUR
OL509868,ORD-106645,PRD2122,3,38.81,116.43,US Dollar
OL509869,ORD-101470,PRD2218,-1,$389.86,,usd
OL509870,ORD-100469,PRD2136,0,93.11,,NGN
OL509871,ORD-106418,PRD2249,3,320.86,962.58,NGN
OL509872,ORD-100725,PRD2135,3,475.12,1425.36,usd
OL509873,ORD-107001,PRD2194,0,353.37,,EUR
OL509874,ORD-102021,PRD2182,1,$288.49,288.49,US Dollar
OL509875,ORD-103751,PRD2201,5,159.24,796.2,NGN
OL509876,ORD-100519,PRD2128,4,$116.88,467.52,USD
OL509877,ORD-106502,PRD2164,3,205.87,617.61,US Dollar
OL509878,ORD-103136,PRD2120,2,39.6,79.2,GBP
OL509879,ORD-102702,PRD2020,1,473.22,473.22,NGN
OL509880,ORD-108207,PRD2130,2,49.68,99.36,NGN
OL509881,ORD-103803,PRD2040,999,367.51,367142.49,NGN
OL509882,ORD-106594,PRD2117,3,485.92,1457.76,USD
OL509883,ORD-107367,PRD2097,1,$365.82,365.82,US Dollar
OL509884,ORD-108667,PRD2166,2,112.81,225.62,USD
OL509885,ORD-101755,PRD2250,1,$408.88,408.88,EUR
OL509886,ORD-102711,PRD2063,1,33.93,33.93,EUR
OL509887,ORD-103695,PRD2075,3,40.93,122.79,USD
OL509888,ORD-101119,PRD2132,2,271.79,543.58,US Dollar
OL509889,ORD-106992,PRD2134,2,426.99,853.98,usd
OL509890,ORD-108595,PRD2233,4,250.66,1002.64,EUR
OL509891,ORD-106120,PRD2121,1,$489.05,489.05,usd
OL509892,ORD-100391,PRD2234,4,89.99,359.96,EUR
OL509893,ORD-100613,PRD2013,2,$425.21,850.42,USD
OL509894,ORD-102554,PRD2179,2,459.74,919.48,usd
OL509895,ORD-105559,PRD2017,3,388.44,1165.32,usd
OL509896,ORD-102972,PRD2227,2,381.03,762.06,USD
OL509897,ORD-106665,PRD2196,5,439.29,2196.45,NGN
OL509898,ORD-106820,PRD2197,999,460.85,460389.15,EUR
OL509899,ORD-107917,PRD2043,2,$424.44,848.88,USD
OL509900,ORD-104165,PRD2167,2,$155.97,311.94,US Dollar
OL509901,ORD-108294,PRD2244,999,244.45,244205.55,NGN
OL509902,ORD-106226,PRD2168,0,353.22,,US Dollar
OL509903,ORD-103008,PRD2095,-1,367.04,,NGN
OL509904,ORD-100827,PRD2062,1,168.59,168.59,GBP
OL509905,ORD-103295,PRD2060,-1,$259.61,,EUR
OL509906,ORD-108559,PRD2109,999,181.47,181288.53,USD
OL509907,ORD-105033,PRD2202,0,24.2,,NGN
OL509908,ORD-101727,PRD2024,5,150.53,752.65,NGN
OL509909,ORD-100422,PRD2202,4,111.71,446.84,USD
OL509910,ORD-103946,PRD2005,4,143.5,574.0,usd
OL509911,ORD-105609,PRD2109,5,384.27,1921.35,US Dollar
OL509912,ORD-108831,PRD2246,1,294.79,294.79,EUR
OL509913,ORD-105167,PRD2076,3,$116.44,349.32,NGN
OL509914,ORD-104518,PRD2122,2,$330.0,660.0,NGN
OL509915,ORD-100536,PRD2173,3,493.53,1480.59,NGN
OL509916,ORD-104839,PRD2176,2,274.37,548.74,USD
OL509917,ORD-102114,PRD2158,4,263.5,1054.0,US Dollar
OL509918,ORD-106545,PRD2075,0,436.98,,US Dollar
OL509919,ORD-107889,PRD2177,5,241.94,1209.7,US Dollar
OL509920,ORD-105739,PRD2016,-1,141.47,,GBP
OL509921,ORD-108311,PRD2077,-1,131.28,,NGN
OL509922,ORD-104089,PRD2219,2,$39.12,78.24,GBP
OL509923,ORD-108588,PRD2138,-1,$300.8,,EUR
OL509924,ORD-102790,PRD2194,-1,309.45,,NGN
OL509925,ORD-105338,PRD2054,2,253.24,506.48,usd
OL509926,ORD-100886,PRD2118,0,$265.21,,NGN
OL509927,ORD-103709,PRD2011,1,123.64,123.64,usd
OL509928,ORD-106220,PRD2168,0,218.37,,USD
OL509929,ORD-106948,PRD2068,1,480.4,480.4,NGN
OL509930,ORD-106835,PRD2028,4,493.63,1974.52,USD
OL509931,ORD-105597,PRD2102,4,207.85,831.4,NGN
OL509932,ORD-101291,PRD9957,1,311.75,311.75,EUR
OL509933,ORD-107915,PRD2223,3,353.53,1060.59,GBP
OL509934,ORD-105906,PRD2164,4,409.88,1639.52,GBP
OL509935,ORD-101794,PRD2021,5,$295.19,1475.95,EUR
OL509936,ORD-104342,PRD2061,2,399.96,799.92,usd
OL509937,ORD-106957,PRD2226,-1,160.65,,NGN
OL509938,ORD-108935,PRD2018,3,64.85,194.55,USD
OL509939,ORD-105399,PRD2178,1,129.63,129.63,EUR
OL509940,ORD-103391,PRD2137,4,190.65,762.6,NGN
OL509941,ORD-101907,PRD2228,1,452.04,452.04,EUR
OL509942,ORD-101583,PRD2091,3,126.9,380.7,usd
OL509943,ORD-100768,PRD2228,4,$190.39,761.56,EUR
OL509944,ORD-102169,PRD2204,5,179.07,895.35,US Dollar
OL509945,ORD-104751,PRD2221,-1,316.63,,usd
OL509946,ORD-103434,PRD2040,4,91.97,367.88,GBP
OL509947,ORD-108392,PRD2076,1,246.54,246.54,USD
OL509948,ORD-103817,PRD2134,0,487.16,,usd
OL509949,ORD-106769,PRD2202,3,2.44,7.32,USD
OL509950,ORD-107249,PRD2155,1,122.82,122.82,GBP
OL509951,ORD-106661,PRD2226,2,283.07,566.14,USD
OL509952,ORD-107700,PRD2030,5,489.64,2448.2,US Dollar
OL509953,ORD-105787,PRD2017,-1,26.3,,GBP
OL509954,ORD-106985,PRD2147,-1,366.3,,US Dollar
OL509955,ORD-100220,PRD2167,999,177.13,176952.87,USD
OL509956,ORD-103342,PRD2094,1,71.71,71.71,usd
OL509957,ORD-101201,PRD2110,3,322.22,966.66,EUR
OL509958,ORD-101042,PRD2212,1,317.36,317.36,US Dollar
OL509959,ORD-105002,PRD2061,1,477.9,477.9,NGN
OL509960,ORD-101790,PRD2106,2,51.47,102.94,GBP
OL509961,ORD-107055,PRD2149,1,$97.06,97.06,NGN
OL509962,ORD-108911,PRD2121,5,442.16,2210.8,GBP
OL509963,ORD-107980,PRD2076,4,258.38,1033.52,EUR
OL509964,ORD-106859,PRD2146,2,123.57,247.14,USD
OL509965,ORD-101696,PRD2177,2,56.45,112.9,USD
OL509966,ORD-107117,PRD2171,3,73.05,219.15,GBP
OL509967,ORD-108165,PRD2048,2,96.68,193.36,EUR
OL509968,ORD-106714,PRD2192,5,20.52,102.6,EUR
OL509969,ORD-104758,PRD2237,5,449.29,2246.45,US Dollar
OL509970,ORD-104274,PRD2076,3,207.69,623.07,US Dollar
OL509971,ORD-108060,PRD2160,1,397.78,397.78,US Dollar
OL509972,ORD-106489,PRD2081,1,237.6,237.6,USD
OL509973,ORD-108595,PRD2186,4,12.57,50.28,US Dollar
OL509974,ORD-106646,PRD2076,5,272.68,1363.4,EUR
OL509975,ORD-103889,PRD2032,1,56.13,56.13,usd
OL509976,ORD-102006,PRD2041,5,246.23,1231.15,EUR
OL509977,ORD-107173,PRD2063,5,$56.93,284.65,usd
OL509978,ORD-104802,PRD2069,5,401.83,2009.15,NGN
OL509979,ORD-106790,PRD2249,1,167.94,167.94,NGN
OL509980,ORD-103363,PRD2200,5,372.19,1860.95,EUR
OL509981,ORD-106809,PRD2016,1,232.46,232.46,EUR
OL509982,ORD-101369,PRD2005,2,55.43,110.86,usd
OL509983,ORD-100341,PRD2001,3,498.95,1496.85,USD
OL509984,ORD-104706,PRD2107,999,239.48,239240.52,NGN
OL509985,ORD-104273,PRD2086,-1,$103.66,,USD
OL509986,ORD-104360,PRD2210,2,$193.69,387.38,usd
OL509987,ORD-102659,PRD2237,0,199.48,,US Dollar
OL509988,ORD-103768,PRD2192,4,23.4,93.6,USD
OL509989,ORD-100715,PRD2112,3,113.11,339.33,EUR
OL509990,ORD-105179,PRD2218,5,85.99,429.95,GBP
OL509991,ORD-108851,PRD2005,4,266.17,1064.68,EUR
OL509992,ORD-103539,PRD2224,0,483.55,,USD
OL509993,ORD-106189,PRD2027,999,240.87,240629.13,NGN
OL509994,ORD-104055,PRD2159,2,$32.36,64.72,GBP
OL509995,ORD-104990,PRD2034,5,105.34,526.7,NGN
OL509996,ORD-102223,PRD2171,999,202.91,202707.09,usd
OL509997,ORD-102983,PRD2118,1,119.35,119.35,EUR
OL509998,ORD-105087,PRD2193,4,44.69,178.76,USD
OL509999,ORD-106660,PRD2022,4,116.53,466.12,usd
OL510000,ORD-101894,PRD2236,-1,276.78,,GBP
OL510001,ORD-102182,PRD2034,3,324.44,973.32,USD
OL510002,ORD-101613,PRD2134,1,339.88,339.88,usd
OL510003,ORD-107301,PRD2046,4,141.37,565.48,usd
OL510004,ORD-108113,PRD2200,3,48.99,146.97,EUR
OL510005,ORD-101545,PRD2154,2,378.42,756.84,USD
OL510006,ORD-103057,PRD2242,0,120.52,,US Dollar
OL510007,ORD-102077,PRD2114,4,142.66,570.64,GBP
OL510008,ORD-101548,PRD2182,2,30.88,61.76,EUR
OL510009,ORD-103268,PRD2040,3,7.81,23.43,USD
OL510010,ORD-100485,PRD2232,1,375.18,375.18,US Dollar
OL510011,ORD-100339,PRD2045,2,184.8,369.6,usd
OL510012,ORD-103101,PRD2072,2,105.14,210.28,GBP
OL510013,ORD-100604,PRD2005,2,364.51,729.02,EUR
OL510014,ORD-105204,PRD2106,1,227.5,227.5,usd
OL510015,ORD-100380,PRD2172,3,243.03,729.09,EUR
OL510016,ORD-101871,PRD2164,5,453.17,2265.85,USD
OL510017,ORD-103200,PRD2163,2,424.76,849.52,USD
OL510018,ORD-101378,PRD2247,1,$342.09,342.09,USD
OL510019,ORD-103749,PRD2179,3,290.47,871.41,EUR
OL510020,ORD-106236,PRD2019,1,$318.86,318.86,USD
OL510021,ORD-106930,PRD2035,0,314.77,,US Dollar
OL510022,ORD-106091,PRD2065,3,326.23,978.69,NGN
OL510023,ORD-105906,PRD2112,3,22.94,68.82,USD
OL510024,ORD-107991,PRD2148,2,321.37,642.74,usd
OL510025,ORD-106109,PRD2248,999,290.73,290439.27,NGN
OL510026,ORD-107824,PRD2024,-1,203.65,,usd
OL510027,ORD-106003,PRD2012,1,76.52,76.52,EUR
OL510028,ORD-104106,PRD2204,2,252.74,505.48,USD
OL510029,ORD-100625,PRD2170,0,450.14,,GBP
OL510030,ORD-104566,PRD2088,5,311.99,1559.95,NGN
OL510031,ORD-108163,PRD2016,4,383.52,1534.08,US Dollar
OL510032,ORD-103101,PRD2102,0,91.73,,NGN
OL510033,ORD-101370,PRD2206,0,338.42,,GBP
OL510034,ORD-102861,PRD2050,4,172.18,688.72,US Dollar
OL510035,ORD-102266,PRD2180,5,81.42,407.1,US Dollar
OL510036,ORD-107216,PRD2091,5,72.71,363.55,NGN
OL510037,ORD-102043,PRD2120,-1,329.64,,GBP
OL510038,ORD-105864,PRD2171,3,245.31,735.93,GBP
OL510039,ORD-105948,PRD2246,2,$58.44,116.88,usd
OL510040,ORD-103583,PRD2017,0,142.74,,GBP
OL510041,ORD-107190,PRD2160,999,224.44,224215.56,EUR
OL510042,ORD-101360,PRD2178,1,355.99,355.99,US Dollar
OL510043,ORD-104799,PRD2225,1,78.47,78.47,EUR
OL510044,ORD-100455,PRD2067,3,199.6,598.8,NGN
OL510045,ORD-104995,PRD2160,-1,262.25,,usd
OL510046,ORD-104873,PRD2038,5,239.54,1197.7,US Dollar
OL510047,ORD-101748,PRD2117,2,2.36,4.72,usd
OL510048,ORD-104747,PRD2243,3,293.18,879.54,usd
OL510049,ORD-103803,PRD2232,1,462.04,462.04,NGN
OL510050,ORD-105219,PRD2182,5,481.24,2406.2,US Dollar
OL510051,ORD-107633,PRD2151,3,$85.14,255.42,usd
OL510052,ORD-107464,PRD2141,4,173.8,695.2,usd
OL510053,ORD-104152,PRD2158,2,137.88,275.76,usd
OL510054,ORD-106700,PRD2212,3,275.16,825.48,usd
OL510055,ORD-107876,PRD2120,5,366.68,1833.4,usd
OL510056,ORD-104824,PRD2113,4,52.5,210.0,GBP
OL510057,ORD-105052,PRD2198,2,$281.14,562.28,USD
OL510058,ORD-105408,PRD2119,2,70.53,141.06,usd
OL510059,ORD-107671,PRD2220,4,327.33,1309.32,usd
OL510060,ORD-104473,PRD2160,999,410.83,410419.17,NGN
OL510061,ORD-103306,PRD2130,4,71.6,286.4,GBP
OL510062,ORD-105360,PRD2219,3,28.91,86.73,usd
OL510063,ORD-102219,PRD2100,999,480.29,479809.71,EUR
OL510064,ORD-102709,PRD2006,1,122.11,122.11,usd
OL510065,ORD-104669,PRD2224,999,431.03,430598.97,EUR
OL510066,ORD-105920,PRD2204,1,277.7,277.7,NGN
OL510067,ORD-107146,PRD2245,-1,424.66,,usd
OL510068,ORD-103590,PRD2209,999,247.87,247622.13,EUR
OL510069,ORD-107500,PRD2028,0,462.58,,NGN
OL510070,ORD-108431,PRD2250,2,54.79,109.58,GBP
OL510071,ORD-101091,PRD2199,4,179.32,717.28,US Dollar
OL510072,ORD-103944,PRD2105,1,145.01,145.01,US Dollar
OL510073,ORD-101456,PRD2179,5,216.52,1082.6,usd
OL510074,ORD-102648,PRD2220,0,150.07,,usd
OL510075,ORD-105816,PRD2052,3,409.81,1229.43,usd
OL510076,ORD-108312,PRD2095,999,292.59,292297.41,USD
OL510077,ORD-105184,PRD2245,2,329.83,659.66,GBP
OL510078,ORD-100966,PRD2123,4,319.94,1279.76,US Dollar
OL510079,ORD-103606,PRD2018,5,249.27,1246.35,usd
OL510080,ORD-108904,PRD2222,3,115.92,347.76,usd
OL510081,ORD-104080,PRD2239,4,401.69,1606.76,NGN
OL510082,ORD-102171,PRD2004,3,459.26,1377.78,GBP
OL510083,ORD-103264,PRD2058,4,234.61,938.44,USD
OL510084,ORD-102858,PRD2150,1,492.32,492.32,US Dollar
OL510085,ORD-104840,PRD2168,4,256.99,1027.96,usd
OL510086,ORD-102611,PRD2064,2,55.57,111.14,NGN
OL510087,ORD-103790,PRD2240,1,$315.04,315.04,NGN
OL510088,ORD-105789,PRD2045,3,77.61,232.83,USD
OL510089,ORD-108474,PRD2001,999,270.9,270629.1,NGN
OL510090,ORD-103629,PRD2248,5,335.41,1677.05,US Dollar
OL510091,ORD-103447,PRD2041,2,425.32,850.64,EUR
OL510092,ORD-107681,PRD2080,4,443.82,1775.28,EUR
OL510093,ORD-108155,PRD2168,3,131.53,394.59,usd
OL510094,ORD-102047,PRD2199,4,4.5,18.0,US Dollar
OL510095,ORD-101683,PRD2015,2,$74.15,148.3,GBP
OL510096,ORD-108298,PRD2183,2,$195.85,391.7,GBP
OL510097,ORD-107855,PRD2173,2,$194.96,389.92,EUR
OL510098,ORD-107341,PRD2149,1,433.38,433.38,GBP
OL510099,ORD-104343,PRD2246,5,67.7,338.5,EUR
OL510100,ORD-104393,PRD2156,2,274.17,548.34,GBP
OL510101,ORD-106874,PRD2231,5,$447.61,2238.05,GBP
OL510102,ORD-101126,PRD2012,1,283.07,283.07,EUR
OL510103,ORD-100633,PRD2184,2,278.63,557.26,usd
OL510104,ORD-108749,PRD2077,1,258.63,258.63,EUR
OL510105,ORD-100102,PRD2224,1,$237.35,237.35,usd
OL510106,ORD-106083,PRD2244,3,59.03,177.09,NGN
OL510107,ORD-107844,PRD2206,1,450.18,450.18,USD
OL510108,ORD-102574,PRD2195,5,$456.51,2282.55,USD
OL510109,ORD-104371,PRD2001,-1,356.92,,US Dollar
OL510110,ORD-102560,PRD2207,4,379.25,1517.0,NGN
OL510111,ORD-102919,PRD2185,5,365.84,1829.2,US Dollar
OL510112,ORD-100993,PRD2243,0,$59.33,,US Dollar
OL510113,ORD-103661,PRD2200,2,413.95,827.9,GBP
OL510114,ORD-105933,PRD2203,1,213.85,213.85,EUR
OL510115,ORD-100416,PRD2064,2,$163.99,327.98,USD
OL510116,ORD-101983,PRD2169,1,397.22,397.22,USD
OL510117,ORD-101959,PRD2237,5,59.02,295.1,USD
OL510118,ORD-100863,PRD2054,5,252.88,1264.4,GBP
OL510119,ORD-104545,PRD2213,4,75.92,303.68,US Dollar
OL510120,ORD-106773,PRD2014,5,$185.11,925.55,USD
OL510121,ORD-106550,PRD2014,2,87.96,175.92,EUR
OL510122,ORD-105637,PRD2029,3,420.93,1262.79,NGN
OL510123,ORD-107322,PRD2038,0,$253.39,,usd
OL510124,ORD-108964,PRD2092,3,211.19,633.57,USD
OL510125,ORD-104624,PRD2203,2,230.85,461.7,EUR
OL510126,ORD-104664,PRD2037,5,260.42,1302.1,USD
OL510127,ORD-102000,PRD2021,0,21.11,,EUR
OL510128,ORD-105236,PRD2087,4,499.17,1996.68,EUR
OL510129,ORD-106110,PRD2005,5,498.27,2491.35,USD
OL510130,ORD-105830,PRD2065,0,$103.17,,US Dollar
OL510131,ORD-106931,PRD2184,5,398.88,1994.4,usd
OL510132,ORD-108221,PRD2042,2,448.06,896.12,usd
OL510133,ORD-107134,PRD2120,2,$445.42,890.84,US Dollar
OL510134,ORD-102734,PRD2203,4,246.83,987.32,US Dollar
OL510135,ORD-108984,PRD2245,0,$419.38,,USD
OL510136,ORD-100982,PRD2155,-1,123.56,,usd
OL510137,ORD-100001,PRD2078,5,490.56,2452.8,NGN
OL510138,ORD-106197,PRD2092,3,250.57,751.71,US Dollar
OL510139,ORD-100383,PRD2207,0,368.7,,usd
OL510140,ORD-106998,PRD2247,2,$180.58,361.16,NGN
OL510141,ORD-107173,PRD2136,5,65.74,328.7,EUR
OL510142,ORD-107770,PRD2060,5,484.66,2423.3,EUR
OL510143,ORD-108308,PRD2130,2,444.29,888.58,usd
OL510144,ORD-108625,PRD2091,1,75.15,75.15,US Dollar
OL510145,ORD-103728,PRD2129,5,85.24,426.2,GBP
OL510146,ORD-107354,PRD2220,0,29.36,,usd
OL510147,ORD-100670,PRD2148,5,456.03,2280.15,NGN
OL510148,ORD-102555,PRD2234,4,249.26,997.04,GBP
OL510149,ORD-107664,PRD2073,2,302.75,605.5,NGN
OL510150,ORD-107830,PRD2181,5,320.35,1601.75,EUR
OL510151,ORD-107106,PRD2126,2,$133.1,266.2,NGN
OL510152,ORD-108618,PRD2245,3,274.71,824.13,NGN
OL510153,ORD-105897,PRD2073,5,231.99,1159.95,US Dollar
OL510154,ORD-102264,PRD2012,1,253.09,253.09,usd
OL510155,ORD-107527,PRD2094,-1,254.58,,US Dollar
OL510156,ORD-104370,PRD2002,0,352.3,,usd
OL510157,ORD-101652,PRD2127,1,60.71,60.71,GBP
OL510158,ORD-102052,PRD2086,1,346.4,346.4,NGN
OL510159,ORD-106308,PRD2010,0,458.18,,US Dollar
OL510160,ORD-101957,PRD2221,999,495.69,495194.31,US Dollar
OL510161,ORD-101413,PRD2058,2,489.42,978.84,usd
OL510162,ORD-108086,PRD2210,1,403.25,403.25,US Dollar
OL510163,ORD-100323,PRD2107,1,449.18,449.18,EUR
OL510164,ORD-107824,PRD2212,4,$208.23,832.92,usd
OL510165,ORD-103063,PRD2216,2,37.47,74.94,US Dollar
OL510166,ORD-107408,PRD2097,2,78.54,157.08,NGN
OL510167,ORD-106015,PRD2147,0,350.9,,EUR
OL510168,ORD-101710,PRD2029,3,158.92,476.76,US Dollar
OL510169,ORD-107623,PRD2052,-1,293.36,,usd
OL510170,ORD-104276,PRD2047,0,448.21,,EUR
OL510171,ORD-104799,PRD2102,1,8.2,8.2,usd
OL510172,ORD-106398,PRD2054,5,89.76,448.8,NGN
OL510173,ORD-102894,PRD2197,1,348.95,348.95,NGN
OL510174,ORD-103193,PRD2135,2,318.17,636.34,EUR
OL510175,ORD-100880,PRD2211,1,$318.42,318.42,GBP
OL510176,ORD-102871,PRD2096,0,281.81,,NGN
OL510177,ORD-105161,PRD2041,2,142.06,284.12,US Dollar
OL510178,ORD-107573,PRD2233,3,287.01,861.03,usd
OL510179,ORD-108492,PRD2006,4,405.97,1623.88,NGN
OL510180,ORD-107207,PRD2188,5,$131.34,656.7,USD
OL510181,ORD-101261,PRD2049,3,126.25,378.75,EUR
OL510182,ORD-106683,PRD2016,5,$230.21,1151.05,GBP
OL510183,ORD-104433,PRD2044,3,491.86,1475.58,USD
OL510184,ORD-101274,PRD2169,4,73.55,294.2,EUR
OL510185,ORD-101478,PRD2124,2,467.64,935.28,usd
OL510186,ORD-100745,PRD2107,3,184.37,553.11,EUR
OL510187,ORD-108821,PRD2143,3,398.76,1196.28,USD
OL510188,ORD-102924,PRD2016,1,$390.03,390.03,EUR
OL510189,ORD-108123,PRD2230,3,$357.58,1072.74,GBP
OL510190,ORD-103070,PRD2167,5,192.22,961.1,NGN
OL510191,ORD-100421,PRD2030,1,239.06,239.06,GBP
OL510192,ORD-105738,PRD2110,5,56.34,281.7,US Dollar
OL510193,ORD-107305,PRD2178,3,377.27,1131.81,NGN
OL510194,ORD-103811,PRD2107,2,468.13,936.26,GBP
OL510195,ORD-106297,PRD2171,-1,373.03,,EUR
OL510196,ORD-108643,PRD2158,3,417.06,1251.18,GBP
OL510197,ORD-105524,PRD2208,2,308.71,617.42,EUR
OL510198,ORD-104564,PRD2104,3,$162.53,487.59,usd
OL510199,ORD-106573,PRD2131,999,285.58,285294.42,GBP
OL510200,ORD-103422,PRD2213,0,$223.33,,GBP
OL510201,ORD-101247,PRD2038,1,2.83,2.83,usd
OL510202,ORD-107404,PRD2097,2,10.36,20.72,US Dollar
OL510203,ORD-105874,PRD2100,1,332.21,332.21,GBP
OL510204,ORD-102068,PRD2165,0,$51.17,,NGN
OL510205,ORD-105970,PRD2154,3,364.19,1092.57,US Dollar
OL510206,ORD-107968,PRD2027,999,339.45,339110.55,USD
OL510207,ORD-104214,PRD2038,1,434.99,434.99,USD
OL510208,ORD-105627,PRD2037,1,314.9,314.9,NGN
OL510209,ORD-100044,PRD2098,4,483.75,1935.0,EUR
OL510210,ORD-108994,PRD2218,2,326.47,652.94,usd
OL510211,ORD-100738,PRD2195,4,482.51,1930.04,GBP
OL510212,ORD-104873,PRD2097,2,435.33,870.66,US Dollar
OL510213,ORD-105918,PRD2135,5,73.58,367.9,US Dollar
OL510214,ORD-105983,PRD2137,-1,$359.89,,NGN
OL510215,ORD-106241,PRD2181,5,88.65,443.25,usd
OL510216,ORD-104144,PRD2241,3,400.28,1200.84,NGN
OL510217,ORD-108425,PRD2030,-1,386.44,,GBP
OL510218,ORD-104374,PRD2197,999,305.67,305364.33,USD
OL510219,ORD-107848,PRD2199,1,$222.37,222.37,GBP
OL510220,ORD-101458,PRD2112,3,207.34,622.02,usd
OL510221,ORD-100879,PRD2024,3,101.29,303.87,GBP
OL510222,ORD-104359,PRD2116,999,117.43,117312.57,EUR
OL510223,ORD-101683,PRD2147,999,47.09,47042.91,NGN
OL510224,ORD-102515,PRD2035,2,124.97,249.94,USD
OL510225,ORD-103757,PRD2071,4,36.22,144.88,EUR
OL510226,ORD-103990,PRD2128,1,438.48,438.48,EUR
OL510227,ORD-101370,PRD2032,3,239.74,719.22,usd
OL510228,ORD-101766,PRD2171,3,214.63,643.89,NGN
OL510229,ORD-104812,PRD2249,5,262.58,1312.9,NGN
OL510230,ORD-106702,PRD2075,1,351.07,351.07,US Dollar
OL510231,ORD-103156,PRD2056,-1,19.07,,US Dollar
OL510232,ORD-103982,PRD2224,4,475.37,1901.48,NGN
OL510233,ORD-100690,PRD2205,-1,105.27,,NGN
OL510234,ORD-106442,PRD2152,4,34.9,139.6,US Dollar
OL510235,ORD-101732,PRD2150,5,243.51,1217.55,US Dollar
OL510236,ORD-102384,PRD2138,4,346.06,1384.24,NGN
OL510237,ORD-108218,PRD2042,4,$74.88,299.52,GBP
OL510238,ORD-101873,PRD2049,2,$92.84,185.68,EUR
OL510239,ORD-102974,PRD2053,5,187.75,938.75,NGN
OL510240,ORD-104008,PRD2050,-1,457.55,,US Dollar
OL510241,ORD-101034,PRD2054,4,13.85,55.4,USD
OL510242,ORD-100158,PRD2106,3,419.54,1258.62,US Dollar
OL510243,ORD-104592,PRD2065,2,417.64,835.28,GBP
OL510244,ORD-107934,PRD2062,0,422.08,,US Dollar
OL510245,ORD-102483,PRD2057,-1,379.03,,NGN
OL510246,ORD-107100,PRD2065,0,$121.74,,USD
OL510247,ORD-105472,PRD2243,4,402.81,1611.24,NGN
OL510248,ORD-108463,PRD2226,2,$177.56,355.12,GBP
OL510249,ORD-103378,PRD2004,3,87.89,263.67,USD
OL510250,ORD-102613,PRD2029,4,169.22,676.88,EUR
OL510251,ORD-106739,PRD2115,999,80.54,80459.46,usd
OL510252,ORD-105785,PRD2190,999,451.11,450658.89,EUR
OL510253,ORD-104120,PRD2208,5,$205.42,1027.1,NGN
OL510254,ORD-105531,PRD2114,3,408.7,1226.1,GBP
OL510255,ORD-108650,PRD2221,-1,415.08,,EUR
OL510256,ORD-105815,PRD2114,4,467.54,1870.16,GBP
OL510257,ORD-102986,PRD2237,2,244.19,488.38,NGN
OL510258,ORD-102590,PRD2241,2,299.64,599.28,EUR
OL510259,ORD-100816,PRD2019,4,76.79,307.16,EUR
OL510260,ORD-104546,PRD2161,5,33.32,166.6,US Dollar
OL510261,ORD-105843,PRD2087,4,208.1,832.4,NGN
OL510262,ORD-103813,PRD2152,2,308.81,617.62,US Dollar
OL510263,ORD-105410,PRD2195,2,240.21,480.42,USD
OL510264,ORD-104446,PRD2212,0,23.56,,EUR
OL510265,ORD-100243,PRD2099,4,410.06,1640.24,US Dollar
OL510266,ORD-106862,PRD2070,0,$209.33,,NGN
OL510267,ORD-103206,PRD2180,-1,197.6,,NGN
OL510268,ORD-108018,PRD2012,2,488.17,976.34,EUR
OL510269,ORD-102609,PRD2180,3,412.15,1236.45,EUR
OL510270,ORD-104166,PRD2229,3,334.71,1004.13,EUR
OL510271,ORD-108157,PRD2181,0,334.13,,USD
OL510272,ORD-100658,PRD2085,2,427.34,854.68,GBP
OL510273,ORD-103924,PRD2019,2,256.52,513.04,USD
OL510274,ORD-102804,PRD2200,999,31.36,31328.64,US Dollar
OL510275,ORD-108594,PRD2093,2,100.11,200.22,usd
OL510276,ORD-106755,PRD2229,3,$115.05,345.15,US Dollar
OL510277,ORD-102374,PRD2122,2,469.79,939.58,USD
OL510278,ORD-104513,PRD2099,999,236.45,236213.55,NGN
OL510279,ORD-108394,PRD2082,1,78.02,78.02,US Dollar
OL510280,ORD-101134,PRD2182,3,380.11,1140.33,USD
OL510281,ORD-104649,PRD2216,5,45.91,229.55,usd
OL510282,ORD-104013,PRD2058,2,250.05,500.1,US Dollar
OL510283,ORD-106562,PRD2223,4,20.39,81.56,GBP
OL510284,ORD-105021,PRD2125,1,161.46,161.46,EUR
OL510285,ORD-104918,PRD2214,5,495.56,2477.8,GBP
OL510286,ORD-106789,PRD2072,2,264.93,529.86,US Dollar
OL510287,ORD-106874,PRD2184,3,97.96,293.88,NGN
OL510288,ORD-103398,PRD2121,1,108.43,108.43,EUR
OL510289,ORD-106325,PRD2203,3,113.78,341.34,usd
OL510290,ORD-106314,PRD2002,1,$318.85,318.85,GBP
OL510291,ORD-100697,PRD2149,0,222.56,,NGN
OL510292,ORD-105898,PRD2225,0,290.72,,usd
OL510293,ORD-103822,PRD2054,2,282.43,564.86,USD
OL510294,ORD-104656,PRD2173,5,$132.53,662.65,EUR
OL510295,ORD-103534,PRD2223,999,261.45,261188.55,GBP
OL510296,ORD-103048,PRD2177,3,$92.76,278.28,USD
OL510297,ORD-107329,PRD2054,3,346.98,1040.94,US Dollar
OL510298,ORD-100442,PRD2090,-1,222.87,,GBP
OL510299,ORD-103055,PRD2182,1,146.96,146.96,NGN
OL510300,ORD-106494,PRD2194,3,221.45,664.35,EUR
OL510301,ORD-103714,PRD2075,999,138.68,138541.32,US Dollar
OL510302,ORD-102976,PRD2136,999,322.33,322007.67,EUR
OL510303,ORD-101170,PRD2241,1,62.72,62.72,US Dollar
OL510304,ORD-107112,PRD2142,2,62.03,124.06,USD
OL510305,ORD-106887,PRD2242,5,148.72,743.6,EUR
OL510306,ORD-108116,PRD2232,2,$384.85,769.7,usd
OL510307,ORD-104298,PRD2042,3,274.55,823.65,usd
OL510308,ORD-108185,PRD2044,2,98.4,196.8,GBP
OL510309,ORD-102813,PRD2072,5,$32.0,160.0,usd
OL510310,ORD-103894,PRD2226,-1,326.1,,NGN
OL510311,ORD-106901,PRD2172,5,243.47,1217.35,USD
OL510312,ORD-101135,PRD2138,3,369.43,1108.29,NGN
OL510313,ORD-101887,PRD2211,4,388.85,1555.4,usd
OL510314,ORD-107255,PRD2166,5,126.02,630.1,GBP
OL510315,ORD-105686,PRD2168,5,270.7,1353.5,usd
OL510316,ORD-106547,PRD2143,1,$276.3,276.3,usd
OL510317,ORD-107994,PRD2071,3,456.99,1370.97,EUR
OL510318,ORD-100073,PRD2019,1,361.21,361.21,GBP
OL510319,ORD-104755,PRD2028,5,107.03,535.15,EUR
OL510320,ORD-104098,PRD2193,5,382.29,1911.45,EUR
OL510321,ORD-100050,PRD2136,3,184.06,552.18,usd
OL510322,ORD-103382,PRD2005,2,205.23,410.46,GBP
OL510323,ORD-106681,PRD2205,1,$217.53,217.53,usd
OL510324,ORD-104089,PRD2206,4,187.69,750.76,US Dollar
OL510325,ORD-107565,PRD2063,3,471.04,1413.12,US Dollar
OL510326,ORD-103059,PRD2238,2,204.32,408.64,EUR
OL510327,ORD-108564,PRD2185,5,26.28,131.4,NGN
OL510328,ORD-108469,PRD2122,3,409.14,1227.42,EUR
OL510329,ORD-105259,PRD2177,4,161.01,644.04,GBP
OL510330,ORD-107495,PRD2212,4,493.08,1972.32,EUR
OL510331,ORD-106971,PRD2202,3,130.97,392.91,GBP
OL510332,ORD-101266,PRD2035,5,458.41,2292.05,EUR
OL510333,ORD-107373,PRD2247,1,216.43,216.43,EUR
OL510334,ORD-104789,PRD2041,5,123.86,619.3,GBP
OL510335,ORD-103418,PRD2228,4,9.41,37.64,NGN
OL510336,ORD-100244,PRD2119,2,447.08,894.16,NGN
OL510337,ORD-103500,PRD2158,3,416.72,1250.16,US Dollar
OL510338,ORD-104411,PRD2046,999,72.36,72287.64,USD
OL510339,ORD-108362,PRD2167,2,60.63,121.26,US Dollar
OL510340,ORD-108843,PRD2035,-1,391.96,,US Dollar
OL510341,ORD-104032,PRD2250,0,$134.48,,USD
OL510342,ORD-104168,PRD2155,999,55.18,55124.82,usd
OL510343,ORD-105148,PRD2204,4,268.91,1075.64,GBP
OL510344,ORD-102508,PRD2136,4,409.45,1637.8,US Dollar
OL510345,ORD-106116,PRD2222,0,28.32,,GBP
OL510346,ORD-101557,PRD2069,2,491.33,982.66,US Dollar
OL510347,ORD-106321,PRD2034,3,201.83,605.49,NGN
OL510348,ORD-104800,PRD2155,5,445.7,2228.5,NGN
OL510349,ORD-103402,PRD2117,-1,321.14,,GBP
OL510350,ORD-107739,PRD2082,3,141.5,424.5,US Dollar
OL510351,ORD-103860,PRD2244,999,$281.84,281558.16,GBP
OL510352,ORD-100794,PRD2109,1,191.84,191.84,usd
OL510353,ORD-100876,PRD2079,5,483.74,2418.7,NGN
OL510354,ORD-106853,PRD2228,4,433.84,1735.36,usd
OL510355,ORD-103233,PRD2071,1,287.35,287.35,US Dollar
OL510356,ORD-104939,PRD2176,2,252.25,504.5,EUR
OL510357,ORD-107215,PRD2135,2,352.7,705.4,NGN
OL510358,ORD-108706,PRD2112,5,$497.64,2488.2,USD
OL510359,ORD-100463,PRD2193,4,$164.69,658.76,EUR
OL510360,ORD-107767,PRD2231,1,$278.34,278.34,USD
OL510361,ORD-104456,PRD2119,3,452.92,1358.76,EUR
OL510362,ORD-106541,PRD2169,5,312.62,1563.1,EUR
OL510363,ORD-107872,PRD2222,1,93.8,93.8,usd
OL510364,ORD-103320,PRD2154,5,$13.58,67.9,GBP
OL510365,ORD-104542,PRD2064,4,$491.1,1964.4,GBP
OL510366,ORD-101643,PRD2040,-1,52.4,,GBP
OL510367,ORD-102481,PRD2068,1,461.05,461.05,usd
OL510368,ORD-100765,PRD2247,5,$198.6,993.0,NGN
OL510369,ORD-106252,PRD2037,0,166.83,,US Dollar
OL510370,ORD-103326,PRD2231,3,319.41,958.23,NGN
OL510371,ORD-103237,PRD2235,1,$366.75,366.75,usd
OL510372,ORD-102283,PRD2052,0,466.59,,USD
OL510373,ORD-106302,PRD2032,2,319.25,638.5,USD
OL510374,ORD-107501,PRD2192,2,44.06,88.12,usd
OL510375,ORD-103057,PRD2057,4,347.4,1389.6,US Dollar
OL510376,ORD-100294,PRD2117,0,$65.32,,EUR
OL510377,ORD-106495,PRD2195,0,355.32,,EUR
OL510378,ORD-102947,PRD2180,4,63.4,253.6,GBP
OL510379,ORD-103816,PRD2104,5,397.65,1988.25,NGN
OL510380,ORD-104248,PRD2130,999,60.25,60189.75,GBP
OL510381,ORD-107057,PRD2072,4,$340.74,1362.96,GBP
OL510382,ORD-100460,PRD2016,999,$398.12,397721.88,USD
OL510383,ORD-100384,PRD2120,1,338.27,338.27,usd
OL510384,ORD-106980,PRD2218,3,33.99,101.97,US Dollar
OL510385,ORD-100819,PRD2104,0,277.51,,US Dollar
OL510386,ORD-105918,PRD2060,5,$216.44,1082.2,usd
OL510387,ORD-108174,PRD2144,5,$45.79,228.95,GBP
OL510388,ORD-108340,PRD2190,-1,7.73,,US Dollar
OL510389,ORD-103817,PRD2085,0,323.7,,USD
OL510390,ORD-108826,PRD2075,1,206.15,206.15,USD
OL510391,ORD-105599,PRD2221,5,90.91,454.55,EUR
OL510392,ORD-104535,PRD2024,4,193.0,772.0,USD
OL510393,ORD-107468,PRD2011,4,4.21,16.84,US Dollar
OL510394,ORD-102374,PRD2120,4,220.3,881.2,EUR
OL510395,ORD-106167,PRD2041,4,175.67,702.68,usd
OL510396,ORD-100677,PRD2076,2,21.31,42.62,USD
OL510397,ORD-107003,PRD2137,4,213.06,852.24,USD
OL510398,ORD-101399,PRD2075,1,429.25,429.25,GBP
OL510399,ORD-104464,PRD2097,3,43.86,131.58,usd
OL510400,ORD-100145,PRD2182,3,66.65,199.95,USD
OL510401,ORD-107858,PRD2200,0,73.23,,NGN
OL510402,ORD-105836,PRD2159,0,239.14,,usd
OL510403,ORD-105543,PRD2206,2,358.3,716.6,GBP
OL510404,ORD-101892,PRD2121,0,383.66,,EUR
OL510405,ORD-104359,PRD2064,2,431.2,862.4,USD
OL510406,ORD-107131,PRD2045,0,276.48,,GBP
OL510407,ORD-105326,PRD2060,2,119.78,239.56,EUR
OL510408,ORD-103547,PRD2208,1,395.8,395.8,EUR
OL510409,ORD-107469,PRD2052,4,361.62,1446.48,USD
OL510410,ORD-107279,PRD2206,999,485.36,484874.64,EUR
OL510411,ORD-105049,PRD2046,2,316.92,633.84,usd
OL510412,ORD-102408,PRD2218,3,144.09,432.27,US Dollar
OL510413,ORD-104635,PRD2062,4,313.17,1252.68,NGN
OL510414,ORD-106288,PRD2086,5,263.23,1316.15,GBP
OL510415,ORD-107884,PRD2234,-1,82.28,,NGN
OL510416,ORD-100788,PRD2111,-1,280.71,,GBP
OL510417,ORD-101985,PRD2152,0,$388.81,,NGN
OL510418,ORD-108335,PRD2038,-1,136.76,,EUR
OL510419,ORD-103813,PRD2030,999,65.09,65024.91,USD
OL510420,ORD-106294,PRD2048,5,168.23,841.15,US Dollar
OL510421,ORD-100044,PRD2033,1,210.51,210.51,US Dollar
OL510422,ORD-101568,PRD2039,999,446.15,445703.85,US Dollar
OL510423,ORD-108694,PRD2200,3,460.19,1380.57,usd
OL510424,ORD-102657,PRD2052,2,$476.36,952.72,USD
OL510425,ORD-104566,PRD2124,1,111.19,111.19,US Dollar
OL510426,ORD-104279,PRD2081,4,261.75,1047.0,US Dollar
OL510427,ORD-102377,PRD2086,999,$476.6,476123.4,GBP
OL510428,ORD-105703,PRD2156,2,314.22,628.44,NGN
OL510429,ORD-106376,PRD2069,-1,37.92,,GBP
OL510430,ORD-101343,PRD2130,4,427.8,1711.2,NGN
OL510431,ORD-105427,PRD2038,0,495.55,,GBP
OL510432,ORD-104638,PRD2193,2,$330.72,661.44,US Dollar
OL510433,ORD-101685,PRD2134,5,$129.6,648.0,NGN
OL510434,ORD-101825,PRD2144,3,147.43,442.29,GBP
OL510435,ORD-101426,PRD2051,1,26.91,26.91,GBP
OL510436,ORD-108321,PRD2092,4,43.82,175.28,US Dollar
OL510437,ORD-108690,PRD2172,4,386.46,1545.84,GBP
OL510438,ORD-106677,PRD2099,4,423.49,1693.96,NGN
OL510439,ORD-106113,PRD2051,2,359.17,718.34,EUR
OL510440,ORD-105027,PRD2128,5,452.13,2260.65,EUR
OL510441,ORD-105151,PRD2146,4,482.01,1928.04,usd
OL510442,ORD-105722,PRD2016,5,77.42,387.1,NGN
OL510443,ORD-104229,PRD2231,5,99.64,498.2,USD
OL510444,ORD-105718,PRD2216,2,367.0,734.0,usd
OL510445,ORD-104950,PRD2234,0,$356.84,,usd
OL510446,ORD-104369,PRD2220,2,373.38,746.76,usd
OL510447,ORD-108291,PRD2070,4,117.9,471.6,EUR
OL510448,ORD-102472,PRD2079,1,280.0,280.0,GBP
OL510449,ORD-108162,PRD2231,0,105.44,,NGN
OL510450,ORD-107320,PRD2091,4,130.72,522.88,usd
OL510451,ORD-106880,PRD2138,5,278.69,1393.45,GBP
OL510452,ORD-101414,PRD2082,999,7.57,7562.43,US Dollar
OL510453,ORD-106014,PRD2179,5,392.83,1964.15,US Dollar
OL510454,ORD-105238,PRD2036,1,326.31,326.31,US Dollar
OL510455,ORD-104900,PRD2216,2,463.05,926.1,usd
OL510456,ORD-105258,PRD2208,1,398.56,398.56,EUR
OL510457,ORD-101303,PRD2078,2,189.57,379.14,usd
OL510458,ORD-106235,PRD2025,1,364.44,364.44,US Dollar
OL510459,ORD-108231,PRD2164,1,396.37,396.37,NGN
OL510460,ORD-101082,PRD2167,1,199.63,199.63,US Dollar
OL510461,ORD-108582,PRD2117,4,468.88,1875.52,NGN
OL510462,ORD-101158,PRD2160,3,85.52,256.56,usd
OL510463,ORD-108019,PRD2045,5,294.54,1472.7,NGN
OL510464,ORD-103669,PRD2041,1,21.32,21.32,usd
OL510465,ORD-107721,PRD2078,1,364.43,364.43,US Dollar
OL510466,ORD-102990,PRD2172,3,141.26,423.78,NGN
OL510467,ORD-108625,PRD2206,3,143.44,430.32,US Dollar
OL510468,ORD-101800,PRD2064,999,176.12,175943.88,US Dollar
OL510469,ORD-106460,PRD2106,4,77.48,309.92,NGN
OL510470,ORD-103335,PRD2024,4,379.98,1519.92,GBP
OL510471,ORD-101757,PRD2247,-1,250.05,,usd
OL510472,ORD-102256,PRD2037,0,85.56,,usd
OL510473,ORD-105477,PRD2087,0,98.47,,NGN
OL510474,ORD-102417,PRD2096,-1,264.07,,EUR
OL510475,ORD-103178,PRD2140,4,110.03,440.12,GBP
OL510476,ORD-103687,PRD2221,999,234.4,234165.6,USD
OL510477,ORD-105367,PRD2102,-1,159.49,,NGN
OL510478,ORD-100441,PRD2247,4,104.33,417.32,GBP
OL510479,ORD-106206,PRD2161,2,84.27,168.54,NGN
OL510480,ORD-103040,PRD2019,0,442.04,,usd
OL510481,ORD-102351,PRD2054,2,335.12,670.24,EUR
OL510482,ORD-101621,PRD2013,1,97.94,97.94,USD
OL510483,ORD-104925,PRD2244,4,78.83,315.32,usd
OL510484,ORD-104589,PRD2053,2,428.4,856.8,EUR
OL510485,ORD-108172,PRD2195,0,192.5,,USD
OL510486,ORD-106557,PRD2150,0,477.3,,EUR
OL510487,ORD-102214,PRD2137,-1,380.53,,US Dollar
OL510488,ORD-100012,PRD2132,4,176.89,707.56,GBP
OL510489,ORD-100546,PRD2160,1,90.64,90.64,usd
OL510490,ORD-107110,PRD2030,4,$12.64,50.56,USD
OL510491,ORD-104052,PRD2097,5,118.09,590.45,USD
OL510492,ORD-100115,PRD2226,5,253.65,1268.25,usd
OL510493,ORD-104496,PRD2054,5,394.69,1973.45,EUR
OL510494,ORD-104795,PRD2192,2,413.17,826.34,USD
OL510495,ORD-101194,PRD2183,999,419.5,419080.5,US Dollar
OL510496,ORD-104814,PRD2051,4,372.17,1488.68,EUR
OL510497,ORD-107389,PRD2247,999,434.01,433575.99,NGN
OL510498,ORD-102621,PRD2188,3,240.04,720.12,NGN
OL510499,ORD-104714,PRD2069,1,166.36,166.36,EUR
OL510500,ORD-104654,PRD2200,5,475.28,2376.4,USD
OL510501,ORD-104494,PRD2048,0,465.51,,NGN
OL510502,ORD-105145,PRD2128,2,475.77,951.54,GBP
OL510503,ORD-106730,PRD2226,1,271.94,271.94,EUR
OL510504,ORD-104214,PRD2239,5,320.4,1602.0,US Dollar
OL510505,ORD-106418,PRD2010,0,342.29,,US Dollar
OL510506,ORD-102495,PRD2143,1,11.23,11.23,US Dollar
OL510507,ORD-103417,PRD2191,1,329.87,329.87,US Dollar
OL510508,ORD-104959,PRD2159,-1,202.55,,usd
OL510509,ORD-101827,PRD2069,0,87.37,,usd
OL510510,ORD-103482,PRD2196,2,170.51,341.02,GBP
OL510511,ORD-102150,PRD2113,3,351.23,1053.69,GBP
OL510512,ORD-105135,PRD2015,3,261.72,785.16,GBP
OL510513,ORD-102149,PRD2006,5,371.61,1858.05,GBP
OL510514,ORD-100918,PRD2212,999,11.48,11468.52,usd
OL510515,ORD-101729,PRD2242,5,239.05,1195.25,EUR
OL510516,ORD-107711,PRD2071,-1,487.51,,NGN
OL510517,ORD-107700,PRD2032,1,398.93,398.93,EUR
OL510518,ORD-101687,PRD2216,4,152.35,609.4,USD
OL510519,ORD-106853,PRD2161,2,140.56,281.12,EUR
OL510520,ORD-105828,PRD2217,5,$289.21,1446.05,USD
OL510521,ORD-102493,PRD2132,2,288.86,577.72,USD
OL510522,ORD-100293,PRD2175,3,424.82,1274.46,GBP
OL510523,ORD-103659,PRD2160,2,293.16,586.32,EUR
OL510524,ORD-108591,PRD2068,-1,120.37,,NGN
OL510525,ORD-103869,PRD2097,999,474.45,473975.55,GBP
OL510526,ORD-105059,PRD2096,0,96.81,,NGN
OL510527,ORD-106689,PRD2039,3,396.05,1188.15,EUR
OL510528,ORD-103606,PRD2069,2,38.24,76.48,GBP
OL510529,ORD-108060,PRD2250,4,101.9,407.6,EUR
OL510530,ORD-100200,PRD2077,0,407.87,,usd
OL510531,ORD-108083,PRD2013,1,18.95,18.95,NGN
OL510532,ORD-107717,PRD2091,0,480.46,,USD
OL510533,ORD-104807,PRD2025,-1,394.39,,NGN
OL510534,ORD-100113,PRD2041,2,69.8,139.6,USD
OL510535,ORD-108372,PRD2164,0,197.28,,USD
OL510536,ORD-102881,PRD2162,4,462.87,1851.48,GBP
OL510537,ORD-100443,PRD2218,999,186.88,186693.12,GBP
OL510538,ORD-106114,PRD2019,3,403.81,1211.43,NGN
OL510539,ORD-101715,PRD2015,2,78.71,157.42,US Dollar
OL510540,ORD-105284,PRD2024,5,70.92,354.6,GBP
OL510541,ORD-100441,PRD2022,3,169.98,509.94,US Dollar
OL510542,ORD-102789,PRD2125,5,394.79,1973.95,GBP
OL510543,ORD-102474,PRD2146,-1,5.56,,US Dollar
OL510544,ORD-104668,PRD2107,999,240.68,240439.32,NGN
OL510545,ORD-105801,PRD2129,1,23.82,23.82,GBP
OL510546,ORD-100222,PRD2114,3,322.66,967.98,GBP
OL510547,ORD-103480,PRD2099,3,399.41,1198.23,EUR
OL510548,ORD-101589,PRD2123,4,37.4,149.6,EUR
OL510549,ORD-103059,PRD2180,5,271.52,1357.6,EUR
OL510550,ORD-100983,PRD2249,2,250.43,500.86,EUR
OL510551,ORD-104628,PRD2043,4,371.59,1486.36,EUR
OL510552,ORD-100530,PRD2115,2,191.13,382.26,US Dollar
OL510553,ORD-100508,PRD2103,5,434.52,2172.6,NGN
OL510554,ORD-104055,PRD2189,0,183.77,,EUR
OL510555,ORD-108534,PRD2107,3,180.28,540.84,usd
OL510556,ORD-104643,PRD2187,4,241.84,967.36,NGN
OL510557,ORD-100384,PRD2013,5,426.51,2132.55,usd
OL510558,ORD-102520,PRD2113,999,194.79,194595.21,US Dollar
OL510559,ORD-103468,PRD2063,3,369.36,1108.08,usd
OL510560,ORD-104140,PRD2107,2,205.34,410.68,NGN
OL510561,ORD-102892,PRD2038,1,355.92,355.92,USD
OL510562,ORD-100686,PRD2006,1,$366.27,366.27,EUR
OL510563,ORD-106929,PRD2213,5,269.13,1345.65,USD
OL510564,ORD-104098,PRD2226,3,195.19,585.57,USD
OL510565,ORD-100291,PRD2109,5,$61.11,305.55,GBP
OL510566,ORD-101410,PRD2135,2,435.58,871.16,GBP
OL510567,ORD-108889,PRD2227,4,37.96,151.84,NGN
OL510568,ORD-100886,PRD2147,5,$257.19,1285.95,US Dollar
OL510569,ORD-100702,PRD2087,5,266.33,1331.65,US Dollar
OL510570,ORD-108514,PRD2250,1,404.87,404.87,usd
OL510571,ORD-108142,PRD2128,-1,107.92,,USD
OL510572,ORD-104139,PRD2244,3,179.61,538.83,EUR
OL510573,ORD-102889,PRD2012,999,476.74,476263.26,US Dollar
OL510574,ORD-102121,PRD2037,3,103.74,311.22,NGN
OL510575,ORD-100311,PRD2114,3,314.81,944.43,usd
OL510576,ORD-108666,PRD2048,3,394.53,1183.59,usd
OL510577,ORD-105238,PRD2033,4,426.06,1704.24,NGN
OL510578,ORD-103350,PRD2145,2,192.3,384.6,NGN
OL510579,ORD-105768,PRD2125,5,399.92,1999.6,NGN
OL510580,ORD-107355,PRD2087,-1,241.77,,NGN
OL510581,ORD-101375,PRD2112,3,11.57,34.71,GBP
OL510582,ORD-101202,PRD2215,3,386.48,1159.44,NGN
OL510583,ORD-100621,PRD2237,1,57.11,57.11,GBP
OL510584,ORD-101440,PRD2149,2,461.21,922.42,US Dollar
OL510585,ORD-107193,PRD2076,1,476.69,476.69,GBP
OL510586,ORD-107447,PRD2050,3,88.33,264.99,US Dollar
OL510587,ORD-105174,PRD2025,1,$139.91,139.91,US Dollar
OL510588,ORD-108487,PRD2164,0,224.49,,GBP
OL510589,ORD-104936,PRD2021,5,291.29,1456.45,US Dollar
OL510590,ORD-104316,PRD2148,1,301.19,301.19,EUR
OL510591,ORD-102762,PRD2107,-1,321.53,,EUR
OL510592,ORD-108512,PRD2024,5,207.67,1038.35,US Dollar
OL510593,ORD-102041,PRD2131,4,76.25,305.0,EUR
OL510594,ORD-105028,PRD2236,4,74.1,296.4,usd
OL510595,ORD-105052,PRD2007,3,$267.65,802.95,GBP
OL510596,ORD-104181,PRD2239,2,211.01,422.02,NGN
OL510597,ORD-105828,PRD2224,3,496.85,1490.55,US Dollar
OL510598,ORD-103147,PRD2049,4,$202.64,810.56,usd
OL510599,ORD-105040,PRD2130,2,46.51,93.02,NGN
OL510600,ORD-107663,PRD2219,5,381.3,1906.5,usd
OL510601,ORD-101262,PRD2177,1,17.86,17.86,EUR
OL510602,ORD-105515,PRD2213,4,107.09,428.36,NGN
OL510603,ORD-101360,PRD2250,1,361.05,361.05,NGN
OL510604,ORD-100210,PRD2049,0,310.27,,GBP
OL510605,ORD-102058,PRD2215,2,499.0,998.0,US Dollar
OL510606,ORD-104542,PRD2136,-1,445.43,,usd
OL510607,ORD-107928,PRD2018,2,8.15,16.3,EUR
OL510608,ORD-105201,PRD2031,3,283.65,850.95,NGN
OL510609,ORD-105802,PRD2036,5,326.44,1632.2,usd
OL510610,ORD-104425,PRD2028,1,118.16,118.16,EUR
OL510611,ORD-104957,PRD2107,5,171.63,858.15,NGN
OL510612,ORD-105720,PRD2009,5,18.75,93.75,GBP
OL510613,ORD-100528,PRD2174,999,67.54,67472.46,NGN
OL510614,ORD-100244,PRD2133,1,$216.72,216.72,EUR
OL510615,ORD-106842,PRD2203,1,$242.41,242.41,EUR
OL510616,ORD-101186,PRD2244,2,418.46,836.92,USD
OL510617,ORD-105019,PRD2042,0,100.83,,US Dollar
OL510618,ORD-104678,PRD2097,4,434.56,1738.24,NGN
OL510619,ORD-101837,PRD2095,3,83.93,251.79,usd
OL510620,ORD-104640,PRD2205,3,477.62,1432.86,EUR
OL510621,ORD-101380,PRD2231,2,301.92,603.84,USD
OL510622,ORD-106944,PRD2053,1,285.2,285.2,GBP
OL510623,ORD-103378,PRD2121,1,210.11,210.11,EUR
OL510624,ORD-107303,PRD2087,999,169.84,169670.16,GBP
OL510625,ORD-102496,PRD2133,-1,229.94,,NGN
OL510626,ORD-101808,PRD2023,0,182.64,,USD
OL510627,ORD-103041,PRD2070,3,403.54,1210.62,US Dollar
OL510628,ORD-102609,PRD2180,2,489.11,978.22,usd
OL510629,ORD-107755,PRD2188,5,$373.56,1867.8,EUR
OL510630,ORD-105245,PRD2042,3,$68.2,204.6,US Dollar
OL510631,ORD-108058,PRD2201,4,235.27,941.08,US Dollar
OL510632,ORD-108375,PRD2132,4,463.1,1852.4,USD
OL510633,ORD-107636,PRD2228,4,291.86,1167.44,NGN
OL510634,ORD-102584,PRD2006,0,66.88,,NGN
OL510635,ORD-104083,PRD2209,-1,268.17,,NGN
OL510636,ORD-102434,PRD2247,5,$442.57,2212.85,GBP
OL510637,ORD-103059,PRD2061,4,$386.75,1547.0,NGN
OL510638,ORD-103700,PRD2067,-1,58.32,,usd
OL510639,ORD-100280,PRD2096,4,$368.43,1473.72,EUR
OL510640,ORD-100943,PRD2192,5,$464.42,2322.1,NGN
OL510641,ORD-105378,PRD2011,3,365.85,1097.55,EUR
OL510642,ORD-104132,PRD2186,3,391.35,1174.05,NGN
OL510643,ORD-102944,PRD2061,5,325.36,1626.8,usd
OL510644,ORD-102682,PRD2191,-1,81.8,,USD
OL510645,ORD-103343,PRD2224,4,470.58,1882.32,EUR
OL510646,ORD-107951,PRD2048,2,207.78,415.56,EUR
OL510647,ORD-108052,PRD2087,999,487.29,486802.71,usd
OL510648,ORD-103487,PRD2021,999,451.62,451168.38,GBP
OL510649,ORD-106668,PRD2153,2,$264.21,528.42,usd
OL510650,ORD-100819,PRD2013,1,142.72,142.72,NGN
OL510651,ORD-104822,PRD2071,5,21.14,105.7,NGN
OL510652,ORD-100142,PRD2038,4,219.32,877.28,usd
OL510653,ORD-104898,PRD2197,5,148.6,743.0,usd
OL510654,ORD-103642,PRD2215,2,95.52,191.04,USD
OL510655,ORD-105089,PRD2134,0,327.52,,GBP
OL510656,ORD-107907,PRD2198,0,$470.49,,GBP
OL510657,ORD-101046,PRD2164,2,493.18,986.36,US Dollar
OL510658,ORD-106103,PRD2050,3,$323.83,971.49,GBP
OL510659,ORD-101032,PRD2056,-1,310.4,,GBP
OL510660,ORD-105293,PRD2182,-1,$62.23,,USD
OL510661,ORD-105263,PRD2160,4,462.77,1851.08,USD
OL510662,ORD-106310,PRD2159,4,15.31,61.24,EUR
OL510663,ORD-102482,PRD2109,1,462.58,462.58,usd
OL510664,ORD-104185,PRD2133,2,441.07,882.14,GBP
OL510665,ORD-100407,PRD2133,4,452.7,1810.8,NGN
OL510666,ORD-108481,PRD2112,3,197.83,593.49,NGN
OL510667,ORD-104449,PRD2154,0,393.91,,usd
OL510668,ORD-104005,PRD2007,1,462.52,462.52,usd
OL510669,ORD-102487,PRD2052,4,26.15,104.6,NGN
OL510670,ORD-105579,PRD2020,2,352.12,704.24,GBP
OL510671,ORD-108415,PRD2227,999,2.53,2527.47,NGN
OL510672,ORD-100650,PRD2178,4,351.25,1405.0,NGN
OL510673,ORD-105418,PRD2063,1,89.69,89.69,EUR
OL510674,ORD-106149,PRD2203,2,305.63,611.26,USD
OL510675,ORD-103638,PRD2126,3,366.05,1098.15,usd
OL510676,ORD-101099,PRD2192,5,126.34,631.7,EUR
OL510677,ORD-108820,PRD2219,999,465.27,464804.73,GBP
OL510678,ORD-104057,PRD2093,5,288.88,1444.4,EUR
OL510679,ORD-105062,PRD2182,3,195.25,585.75,NGN
OL510680,ORD-108322,PRD2192,2,$278.89,557.78,USD
OL510681,ORD-102380,PRD2225,999,78.89,78811.11,EUR
OL510682,ORD-101330,PRD2181,3,334.53,1003.59,USD
OL510683,ORD-107745,PRD2248,2,315.49,630.98,GBP
OL510684,ORD-101125,PRD2161,0,$462.62,,US Dollar
OL510685,ORD-108405,PRD2227,2,427.89,855.78,EUR
OL510686,ORD-100263,PRD2068,2,$268.23,536.46,GBP
OL510687,ORD-107935,PRD2081,999,$389.04,388650.96,USD
OL510688,ORD-105675,PRD2027,-1,165.49,,usd
OL510689,ORD-100459,PRD2181,5,4.94,24.7,usd
OL510690,ORD-100449,PRD2218,999,457.4,456942.6,NGN
OL510691,ORD-104352,PRD2169,3,29.69,89.07,NGN
OL510692,ORD-107225,PRD2125,0,199.03,,GBP
OL510693,ORD-108525,PRD2081,5,126.57,632.85,EUR
OL510694,ORD-104959,PRD2216,1,63.53,63.53,NGN
OL510695,ORD-102539,PRD2023,4,61.53,246.12,GBP
OL510696,ORD-104889,PRD2141,1,92.93,92.93,GBP
OL510697,ORD-101756,PRD2154,4,397.21,1588.84,GBP
OL510698,ORD-108175,PRD2250,4,321.41,1285.64,USD
OL510699,ORD-107796,PRD2082,5,107.24,536.2,EUR
OL510700,ORD-103474,PRD2019,-1,250.03,,NGN
OL510701,ORD-103877,PRD2054,5,277.27,1386.35,usd
OL510702,ORD-105327,PRD2151,0,270.67,,GBP
OL510703,ORD-104726,PRD2019,5,173.04,865.2,USD
OL510704,ORD-105919,PRD2158,2,486.46,972.92,NGN
OL510705,ORD-107394,PRD2043,999,346.9,346553.1,EUR
OL510706,ORD-103472,PRD2119,5,19.05,95.25,NGN
OL510707,ORD-106783,PRD2207,3,26.41,79.23,usd
OL510708,ORD-100983,PRD2241,-1,149.54,,US Dollar
OL510709,ORD-107377,PRD2186,3,435.62,1306.86,GBP
OL510710,ORD-104330,PRD2009,2,70.73,141.46,EUR
OL510711,ORD-103363,PRD2129,1,360.03,360.03,US Dollar
OL510712,ORD-103878,PRD2238,5,164.19,820.95,US Dollar
OL510713,ORD-107550,PRD2032,2,276.0,552.0,USD
OL510714,ORD-103104,PRD2169,999,351.47,351118.53,US Dollar
OL510715,ORD-102620,PRD2231,0,$331.07,,USD
OL510716,ORD-104301,PRD2166,3,450.0,1350.0,EUR
OL510717,ORD-107240,PRD2134,3,114.63,343.89,GBP
OL510718,ORD-100417,PRD2185,999,32.69,32657.31,EUR
OL510719,ORD-102013,PRD2190,3,296.6,889.8,GBP
OL510720,ORD-102407,PRD2010,0,27.58,,NGN
OL510721,ORD-104731,PRD2166,0,335.12,,GBP
OL510722,ORD-106261,PRD2113,0,228.45,,USD
OL510723,ORD-101893,PRD2214,999,235.84,235604.16,US Dollar
OL510724,ORD-103951,PRD2011,1,422.32,422.32,US Dollar
OL510725,ORD-104354,PRD2192,2,87.41,174.82,USD
OL510726,ORD-104795,PRD2036,0,$112.19,,USD
OL510727,ORD-101407,PRD2244,2,441.6,883.2,USD
OL510728,ORD-100083,PRD2015,3,300.97,902.91,EUR
OL510729,ORD-106572,PRD2082,5,230.13,1150.65,usd
OL510730,ORD-105890,PRD2114,3,15.18,45.54,US Dollar
OL510731,ORD-107168,PRD2028,5,9.52,47.6,USD
OL510732,ORD-101869,PRD2212,4,432.17,1728.68,EUR
OL510733,ORD-104783,PRD2211,5,5.21,26.05,EUR
OL510734,ORD-105857,PRD2041,4,125.38,501.52,EUR
OL510735,ORD-108406,PRD2094,1,293.56,293.56,EUR
OL510736,ORD-105294,PRD2144,0,$356.42,,EUR
OL510737,ORD-108744,PRD2036,4,436.64,1746.56,US Dollar
OL510738,ORD-102540,PRD2034,4,61.07,244.28,US Dollar
OL510739,ORD-107642,PRD2182,999,237.21,236972.79,GBP
OL510740,ORD-104368,PRD2209,3,$43.11,129.33,US Dollar
OL510741,ORD-104403,PRD2212,-1,200.1,,usd
OL510742,ORD-102656,PRD2030,-1,325.51,,EUR
OL510743,ORD-106104,PRD2211,3,20.0,60.0,USD
OL510744,ORD-105686,PRD2095,-1,463.71,,usd
OL510745,ORD-104522,PRD2152,5,333.35,1666.75,USD
OL510746,ORD-103449,PRD2238,5,109.03,545.15,NGN
OL510747,ORD-106028,PRD2105,2,375.22,750.44,US Dollar
OL510748,ORD-105018,PRD2137,5,313.32,1566.6,usd
OL510749,ORD-104171,PRD2219,999,197.97,197772.03,usd
OL510750,ORD-103391,PRD2210,1,253.79,253.79,usd
OL510751,ORD-106786,PRD2012,3,321.07,963.21,NGN
OL510752,ORD-106869,PRD2169,0,328.77,,usd
OL510753,ORD-108399,PRD2244,2,67.26,134.52,GBP
OL510754,ORD-104526,PRD2162,3,15.71,47.13,NGN
OL510755,ORD-101378,PRD2174,4,112.09,448.36,NGN
OL510756,ORD-100858,PRD2168,5,139.1,695.5,NGN
OL510757,ORD-106407,PRD2022,4,29.44,117.76,USD
OL510758,ORD-106447,PRD2016,999,252.11,251857.89,usd
OL510759,ORD-104179,PRD2144,0,463.25,,US Dollar
OL510760,ORD-105707,PRD2098,999,373.76,373386.24,US Dollar
OL510761,ORD-102560,PRD2243,4,49.14,196.56,US Dollar
OL510762,ORD-104848,PRD2189,1,331.3,331.3,usd
OL510763,ORD-106566,PRD2225,4,57.52,230.08,usd
OL510764,ORD-107455,PRD2076,999,$152.13,151977.87,US Dollar
OL510765,ORD-101327,PRD2170,4,329.15,1316.6,GBP
OL510766,ORD-106505,PRD2046,1,84.85,84.85,NGN
OL510767,ORD-103235,PRD9062,4,76.54,306.16,EUR
OL510768,ORD-108122,PRD2048,0,123.08,,usd
OL510769,ORD-102814,PRD2119,4,485.71,1942.84,US Dollar
OL510770,ORD-101162,PRD2021,3,$423.79,1271.37,USD
OL510771,ORD-101408,PRD2027,-1,91.59,,usd
OL510772,ORD-106915,PRD2177,2,73.27,146.54,usd
OL510773,ORD-102167,PRD2152,1,94.23,94.23,usd
OL510774,ORD-108904,PRD2244,0,52.79,,NGN
OL510775,ORD-106698,PRD2107,5,300.56,1502.8,NGN
OL510776,ORD-101150,PRD2013,3,$301.85,905.55,USD
OL510777,ORD-101087,PRD2094,3,155.63,466.89,US Dollar
OL510778,ORD-101648,PRD2123,0,193.41,,US Dollar
OL510779,ORD-103216,PRD2175,1,122.63,122.63,usd
OL510780,ORD-105945,PRD2095,5,59.12,295.6,usd
OL510781,ORD-100190,PRD2242,4,27.33,109.32,NGN
OL510782,ORD-101069,PRD2099,2,9.91,19.82,EUR
OL510783,ORD-102259,PRD2110,3,79.04,237.12,GBP
OL510784,ORD-104973,PRD2205,2,$165.7,331.4,usd
OL510785,ORD-101938,PRD2144,0,199.52,,usd
OL510786,ORD-107764,PRD2086,5,475.92,2379.6,NGN
OL510787,ORD-105261,PRD2245,-1,24.34,,USD
OL510788,ORD-106992,PRD2125,4,226.85,907.4,usd
OL510789,ORD-105538,PRD2204,0,$186.06,,NGN
OL510790,ORD-105002,PRD2148,1,125.42,125.42,EUR
OL510791,ORD-102571,PRD2201,0,60.15,,usd
OL510792,ORD-100730,PRD2089,0,466.86,,USD
OL510793,ORD-102540,PRD2042,5,357.12,1785.6,EUR
OL510794,ORD-105315,PRD2052,1,$88.01,88.01,USD
OL510795,ORD-104275,PRD2155,2,485.79,971.58,NGN
OL510796,ORD-106034,PRD2244,3,108.12,324.36,NGN
OL510797,ORD-100324,PRD2100,-1,344.33,,USD
OL510798,ORD-105742,PRD2136,999,437.85,437412.15,usd
OL510799,ORD-101277,PRD2016,4,301.78,1207.12,EUR
OL510800,ORD-103335,PRD2096,-1,499.8,,EUR
OL510801,ORD-104999,PRD2039,-1,336.11,,US Dollar
OL510802,ORD-106497,PRD2198,5,36.05,180.25,USD
OL510803,ORD-108725,PRD2125,4,4.3,17.2,usd
OL510804,ORD-103525,PRD2081,4,295.91,1183.64,GBP
OL510805,ORD-100462,PRD2069,1,262.04,262.04,GBP
OL510806,ORD-103262,PRD2101,3,367.18,1101.54,US Dollar
OL510807,ORD-107906,PRD2055,5,401.82,2009.1,USD
OL510808,ORD-103299,PRD2111,5,91.54,457.7,usd
OL510809,ORD-101916,PRD2086,4,40.2,160.8,GBP
OL510810,ORD-105150,PRD2190,2,243.8,487.6,EUR
OL510811,ORD-106534,PRD2138,0,263.44,,USD
OL510812,ORD-107600,PRD2003,5,237.13,1185.65,usd
OL510813,ORD-103469,PRD2132,3,118.48,355.44,US Dollar
OL510814,ORD-100516,PRD2040,3,479.15,1437.45,USD
OL510815,ORD-104835,PRD2045,0,$311.4,,US Dollar
OL510816,ORD-104582,PRD2092,3,416.9,1250.7,NGN
OL510817,ORD-107465,PRD2032,5,150.66,753.3,usd
OL510818,ORD-100130,PRD2085,4,158.84,635.36,GBP
OL510819,ORD-103775,PRD2117,1,15.96,15.96,NGN
OL510820,ORD-108604,PRD2088,2,$482.13,964.26,EUR
OL510821,ORD-103618,PRD2241,2,$164.75,329.5,NGN
OL510822,ORD-104613,PRD2225,1,438.22,438.22,usd
OL510823,ORD-108694,PRD2242,4,$127.43,509.72,US Dollar
OL510824,ORD-103432,PRD2014,4,435.51,1742.04,US Dollar
OL510825,ORD-107759,PRD2180,3,190.16,570.48,USD
OL510826,ORD-107314,PRD2223,4,36.47,145.88,US Dollar
OL510827,ORD-107124,PRD2176,4,423.58,1694.32,EUR
OL510828,ORD-107571,PRD2219,1,$358.85,358.85,EUR
OL510829,ORD-102736,PRD2150,3,351.49,1054.47,usd
OL510830,ORD-102305,PRD2150,0,126.0,,EUR
OL510831,ORD-105456,PRD2025,3,391.21,1173.63,usd
OL510832,ORD-101510,PRD2041,999,187.31,187122.69,GBP
OL510833,ORD-100117,PRD2082,4,418.19,1672.76,US Dollar
OL510834,ORD-104216,PRD2155,3,334.6,1003.8,US Dollar
OL510835,ORD-103753,PRD2148,4,254.09,1016.36,usd
OL510836,ORD-101351,PRD2133,4,2.81,11.24,EUR
OL510837,ORD-100113,PRD2170,1,286.65,286.65,usd
OL510838,ORD-100467,PRD2053,3,$315.03,945.09,US Dollar
OL510839,ORD-102359,PRD2023,1,381.85,381.85,EUR
OL510840,ORD-102888,PRD2190,1,429.02,429.02,usd
OL510841,ORD-100732,PRD2139,5,357.8,1789.0,USD
OL510842,ORD-102655,PRD2052,0,135.47,,NGN
OL510843,ORD-107920,PRD2023,3,454.64,1363.92,usd
OL510844,ORD-108177,PRD2231,2,130.31,260.62,US Dollar
OL510845,ORD-101146,PRD2066,1,210.45,210.45,USD
OL510846,ORD-102974,PRD2137,2,34.28,68.56,EUR
OL510847,ORD-102278,PRD2183,5,202.54,1012.7,US Dollar
OL510848,ORD-108133,PRD2021,1,$182.95,182.95,USD
OL510849,ORD-108923,PRD2161,3,399.7,1199.1,US Dollar
OL510850,ORD-105063,PRD2025,2,408.81,817.62,NGN
OL510851,ORD-104112,PRD2160,1,456.67,456.67,EUR
OL510852,ORD-108426,PRD2174,4,68.71,274.84,usd
OL510853,ORD-103666,PRD2067,1,$43.37,43.37,usd
OL510854,ORD-101667,PRD2239,-1,271.88,,NGN
OL510855,ORD-108574,PRD2093,3,464.76,1394.28,NGN
OL510856,ORD-108075,PRD2146,3,315.13,945.39,USD
OL510857,ORD-107360,PRD2138,0,83.63,,EUR
OL510858,ORD-102488,PRD2086,2,47.87,95.74,GBP
OL510859,ORD-107913,PRD2146,5,387.73,1938.65,usd
OL510860,ORD-104665,PRD2035,1,207.06,207.06,usd
OL510861,ORD-102705,PRD2159,3,194.48,583.44,USD
OL510862,ORD-103526,PRD2036,2,259.34,518.68,GBP
OL510863,ORD-103981,PRD2109,2,483.38,966.76,USD
OL510864,ORD-103850,PRD2170,999,476.23,475753.77,GBP
OL510865,ORD-100362,PRD2192,0,$249.44,,EUR
OL510866,ORD-108480,PRD2208,5,144.1,720.5,NGN
OL510867,ORD-103462,PRD2206,2,267.79,535.58,NGN
OL510868,ORD-105552,PRD2201,1,403.47,403.47,USD
OL510869,ORD-106354,PRD2225,2,$13.27,26.54,EUR
OL510870,ORD-108264,PRD2121,1,238.06,238.06,US Dollar
OL510871,ORD-103419,PRD2009,5,109.64,548.2,EUR
OL510872,ORD-101623,PRD2086,4,131.18,524.72,EUR
OL510873,ORD-105897,PRD2221,2,$414.55,829.1,US Dollar
OL510874,ORD-105290,PRD2225,5,454.8,2274.0,US Dollar
OL510875,ORD-105581,PRD2007,4,427.57,1710.28,US Dollar
OL510876,ORD-104197,PRD2216,1,247.1,247.1,GBP
OL510877,ORD-107916,PRD2205,4,84.79,339.16,USD
OL510878,ORD-108969,PRD2019,5,322.36,1611.8,usd
OL510879,ORD-105048,PRD2081,3,193.8,581.4,NGN
OL510880,ORD-102955,PRD2005,0,197.65,,USD
OL510881,ORD-106947,PRD2018,2,$25.32,50.64,usd
OL510882,ORD-100069,PRD2110,2,315.49,630.98,US Dollar
OL510883,ORD-104049,PRD2191,2,440.93,881.86,usd
OL510884,ORD-104339,PRD2087,0,405.87,,USD
OL510885,ORD-104243,PRD2109,1,226.77,226.77,GBP
OL510886,ORD-107253,PRD2021,2,32.73,65.46,EUR
OL510887,ORD-104059,PRD2129,3,$40.47,121.41,US Dollar
OL510888,ORD-102557,PRD2209,999,233.34,233106.66,EUR
OL510889,ORD-102914,PRD2163,3,$487.42,1462.26,US Dollar
OL510890,ORD-105068,PRD2168,4,246.29,985.16,NGN
OL510891,ORD-107124,PRD2189,3,310.09,930.27,usd
OL510892,ORD-102214,PRD2014,5,176.36,881.8,usd
OL510893,ORD-100954,PRD2025,3,192.57,577.71,US Dollar
OL510894,ORD-101902,PRD2218,5,339.59,1697.95,NGN
OL510895,ORD-101469,PRD2119,4,193.8,775.2,usd
OL510896,ORD-106023,PRD2206,4,393.27,1573.08,GBP
OL510897,ORD-103005,PRD2226,999,147.44,147292.56,usd
OL510898,ORD-101700,PRD2139,4,269.3,1077.2,GBP
OL510899,ORD-101522,PRD2098,4,$209.58,838.32,EUR
OL510900,ORD-102333,PRD2045,-1,104.09,,US Dollar
OL510901,ORD-106828,PRD2036,-1,46.76,,USD
OL510902,ORD-102824,PRD2120,1,216.63,216.63,USD
OL510903,ORD-104843,PRD2097,1,$443.17,443.17,NGN
OL510904,ORD-102038,PRD2084,3,445.73,1337.19,usd
OL510905,ORD-107285,PRD2077,1,459.85,459.85,EUR
OL510906,ORD-108152,PRD2082,5,491.0,2455.0,GBP
OL510907,ORD-107923,PRD2067,-1,419.05,,GBP
OL510908,ORD-101307,PRD2034,0,420.6,,USD
OL510909,ORD-105873,PRD2208,2,$437.54,875.08,US Dollar
OL510910,ORD-102667,PRD2113,4,480.47,1921.88,USD
OL510911,ORD-107750,PRD2138,5,83.06,415.3,GBP
OL510912,ORD-103117,PRD2204,4,201.06,804.24,GBP
OL510913,ORD-107948,PRD2224,2,400.95,801.9,GBP
OL510914,ORD-100844,PRD2190,4,446.27,1785.08,USD
OL510915,ORD-103342,PRD2179,3,396.45,1189.35,GBP
OL510916,ORD-108168,PRD2112,5,352.43,1762.15,EUR
OL510917,ORD-104350,PRD2036,-1,93.67,,usd
OL510918,ORD-104382,PRD2114,3,$92.67,278.01,usd
OL510919,ORD-104468,PRD2046,-1,307.6,,usd
OL510920,ORD-103037,PRD2124,1,392.5,392.5,US Dollar
OL510921,ORD-100193,PRD2013,-1,374.46,,EUR
OL510922,ORD-104348,PRD2064,1,$185.65,185.65,usd
OL510923,ORD-107230,PRD2077,5,104.8,524.0,EUR
OL510924,ORD-105296,PRD2021,1,$201.37,201.37,NGN
OL510925,ORD-100906,PRD2236,2,$364.72,729.44,usd
OL510926,ORD-103340,PRD2180,4,364.65,1458.6,usd
OL510927,ORD-103420,PRD2059,0,135.78,,US Dollar
OL510928,ORD-108016,PRD2228,4,40.46,161.84,GBP
OL510929,ORD-108711,PRD2141,1,354.34,354.34,USD
OL510930,ORD-104292,PRD9296,2,217.19,434.38,US Dollar
OL510931,ORD-100920,PRD2084,-1,420.93,,GBP
OL510932,ORD-104076,PRD2032,1,289.51,289.51,EUR
OL510933,ORD-103665,PRD2221,2,256.4,512.8,US Dollar
OL510934,ORD-105711,PRD2090,5,223.94,1119.7,NGN
OL510935,ORD-107036,PRD2038,2,94.8,189.6,US Dollar
OL510936,ORD-105604,PRD2214,5,$438.23,2191.15,GBP
OL510937,ORD-100517,PRD2070,1,90.22,90.22,US Dollar
OL510938,ORD-108480,PRD2111,3,70.03,210.09,usd
OL510939,ORD-107409,PRD2014,3,116.95,350.85,US Dollar
OL510940,ORD-101003,PRD2173,2,55.15,110.3,US Dollar
OL510941,ORD-107985,PRD2182,2,$45.26,90.52,GBP
OL510942,ORD-106224,PRD2196,0,148.19,,USD
OL510943,ORD-107081,PRD2045,4,4.15,16.6,US Dollar
OL510944,ORD-107911,PRD2103,4,158.17,632.68,NGN
OL510945,ORD-105039,PRD2213,999,408.3,407891.7,US Dollar
OL510946,ORD-108981,PRD2210,5,23.01,115.05,EUR
OL510947,ORD-101323,PRD2147,0,340.96,,EUR
OL510948,ORD-106436,PRD2089,0,420.4,,US Dollar
OL510949,ORD-103353,PRD2223,1,350.63,350.63,usd
OL510950,ORD-100610,PRD2029,1,125.81,125.81,usd
OL510951,ORD-100011,PRD2111,2,$100.29,200.58,US Dollar
OL510952,ORD-104123,PRD2071,1,62.22,62.22,GBP
OL510953,ORD-102498,PRD2079,2,403.09,806.18,usd
OL510954,ORD-102909,PRD2228,4,222.45,889.8,US Dollar
OL510955,ORD-108626,PRD2228,3,212.15,636.45,usd
OL510956,ORD-103710,PRD2126,999,45.87,45824.13,USD
OL510957,ORD-108338,PRD2117,3,138.41,415.23,EUR
OL510958,ORD-101633,PRD2233,2,145.64,291.28,usd
OL510959,ORD-106190,PRD2027,-1,400.03,,USD
OL510960,ORD-103738,PRD2141,1,139.57,139.57,EUR
OL510961,ORD-103088,PRD2063,1,381.6,381.6,GBP
OL510962,ORD-102927,PRD2149,5,290.0,1450.0,US Dollar
OL510963,ORD-108724,PRD2170,2,$78.27,156.54,NGN
OL510964,ORD-106503,PRD2200,3,410.9,1232.7,EUR
OL510965,ORD-104750,PRD2015,1,149.03,149.03,usd
OL510966,ORD-100452,PRD2060,5,$289.01,1445.05,EUR
OL510967,ORD-106395,PRD2145,3,369.8,1109.4,usd
OL510968,ORD-102750,PRD2236,-1,142.45,,usd
OL510969,ORD-106758,PRD2133,0,$288.96,,GBP
OL510970,ORD-101348,PRD2113,999,332.88,332547.12,USD
OL510971,ORD-102435,PRD2147,5,359.36,1796.8,NGN
OL510972,ORD-101238,PRD2021,999,153.72,153566.28,GBP
OL510973,ORD-106911,PRD2057,4,29.29,117.16,USD
OL510974,ORD-104419,PRD2217,4,489.22,1956.88,US Dollar
OL510975,ORD-100702,PRD2247,4,225.53,902.12,USD
OL510976,ORD-103008,PRD2165,5,121.87,609.35,GBP
OL510977,ORD-104104,PRD2164,999,269.03,268760.97,EUR
OL510978,ORD-104859,PRD2032,0,285.43,,USD
OL510979,ORD-106251,PRD2082,5,78.33,391.65,usd
OL510980,ORD-101002,PRD2163,1,109.49,109.49,USD
OL510981,ORD-102298,PRD2242,4,139.28,557.12,NGN
OL510982,ORD-108397,PRD2134,4,$340.95,1363.8,NGN
OL510983,ORD-108730,PRD2231,2,242.27,484.54,USD
OL510984,ORD-104388,PRD2084,1,95.6,95.6,usd
OL510985,ORD-100323,PRD2208,0,$470.27,,GBP
OL510986,ORD-106526,PRD2228,0,464.33,,USD
OL510987,ORD-106389,PRD2228,0,$158.45,,NGN
OL510988,ORD-107171,PRD2172,2,$241.74,483.48,GBP
OL510989,ORD-106428,PRD2069,4,301.31,1205.24,EUR
OL510990,ORD-108997,PRD9697,3,193.29,579.87,US Dollar
OL510991,ORD-101142,PRD2068,4,310.3,1241.2,GBP
OL510992,ORD-107337,PRD2010,5,438.09,2190.45,usd
OL510993,ORD-105834,PRD2109,4,332.0,1328.0,usd
OL510994,ORD-107545,PRD2151,1,321.34,321.34,NGN
OL510995,ORD-104188,PRD2127,4,272.58,1090.32,US Dollar
OL510996,ORD-102344,PRD2054,4,$213.16,852.64,USD
OL510997,ORD-100500,PRD2008,3,86.38,259.14,usd
OL510998,ORD-106341,PRD2149,3,$21.3,63.9,usd
OL510999,ORD-104618,PRD2097,3,$133.44,400.32,NGN
OL511000,ORD-100690,PRD2035,999,472.29,471817.71,USD
OL511001,ORD-106450,PRD2039,0,70.87,,EUR
OL511002,ORD-106862,PRD2245,5,201.52,1007.6,US Dollar
OL511003,ORD-104340,PRD2080,-1,379.27,,usd
OL511004,ORD-105555,PRD2105,4,72.55,290.2,US Dollar
OL511005,ORD-100251,PRD2096,5,370.47,1852.35,NGN
OL511006,ORD-108147,PRD2007,1,50.0,50.0,US Dollar
OL511007,ORD-107028,PRD2225,5,92.26,461.3,GBP
OL511008,ORD-104613,PRD2023,5,$418.54,2092.7,usd
OL511009,ORD-101815,PRD2005,3,352.0,1056.0,usd
OL511010,ORD-107953,PRD2053,5,219.78,1098.9,usd
OL511011,ORD-100781,PRD2122,-1,$235.73,,NGN
OL511012,ORD-100334,PRD2091,5,201.31,1006.55,usd
OL511013,ORD-102571,PRD2097,5,423.8,2119.0,GBP
OL511014,ORD-107143,PRD2033,4,276.07,1104.28,US Dollar
OL511015,ORD-105158,PRD2233,4,490.3,1961.2,NGN
OL511016,ORD-101858,PRD2248,999,$271.11,270838.89,US Dollar
OL511017,ORD-107807,PRD2002,4,397.46,1589.84,USD
OL511018,ORD-106411,PRD2122,0,299.19,,USD
OL511019,ORD-100119,PRD2232,4,462.28,1849.12,EUR
OL511020,ORD-105042,PRD2150,3,197.75,593.25,usd
OL511021,ORD-105412,PRD2233,4,392.85,1571.4,usd
OL511022,ORD-105277,PRD2086,5,372.84,1864.2,EUR
OL511023,ORD-102118,PRD2229,5,403.44,2017.2,usd
OL511024,ORD-102438,PRD2245,5,106.56,532.8,GBP
OL511025,ORD-100006,PRD2096,4,323.91,1295.64,USD
OL511026,ORD-104840,PRD2238,-1,188.8,,NGN
OL511027,ORD-105443,PRD2238,4,31.8,127.2,EUR
OL511028,ORD-102036,PRD2139,5,91.22,456.1,usd
OL511029,ORD-100017,PRD2065,3,$61.14,183.42,US Dollar
OL511030,ORD-106380,PRD2048,5,91.82,459.1,US Dollar
OL511031,ORD-103281,PRD2006,3,$197.25,591.75,GBP
OL511032,ORD-100586,PRD2184,3,310.19,930.57,EUR
OL511033,ORD-104307,PRD2073,1,318.93,318.93,US Dollar
OL511034,ORD-101576,PRD2230,4,133.41,533.64,USD
OL511035,ORD-105335,PRD2224,3,366.75,1100.25,US Dollar
OL511036,ORD-106440,PRD2037,1,$485.78,485.78,US Dollar
OL511037,ORD-105119,PRD2013,1,229.05,229.05,NGN
OL511038,ORD-101135,PRD2080,5,304.72,1523.6,NGN
OL511039,ORD-104541,PRD2228,4,48.37,193.48,GBP
OL511040,ORD-104095,PRD2076,1,222.89,222.89,NGN
OL511041,ORD-100784,PRD2077,1,206.14,206.14,US Dollar
OL511042,ORD-100674,PRD2082,1,71.67,71.67,USD
OL511043,ORD-108066,PRD2170,0,134.02,,NGN
OL511044,ORD-102444,PRD2030,5,$300.36,1501.8,usd
OL511045,ORD-105064,PRD2146,4,340.03,1360.12,NGN
OL511046,ORD-102628,PRD2081,1,404.62,404.62,EUR
OL511047,ORD-101803,PRD2216,5,22.95,114.75,US Dollar
OL511048,ORD-107923,PRD2002,4,400.35,1601.4,EUR
OL511049,ORD-104439,PRD2046,4,135.1,540.4,EUR
OL511050,ORD-107128,PRD2126,999,330.95,330619.05,EUR
OL511051,ORD-108994,PRD2123,4,159.85,639.4,usd
OL511052,ORD-103550,PRD2111,2,$451.39,902.78,NGN
OL511053,ORD-108733,PRD2164,1,345.06,345.06,EUR
OL511054,ORD-105979,PRD2236,1,304.6,304.6,US Dollar
OL511055,ORD-107891,PRD2101,1,443.9,443.9,usd
OL511056,ORD-104813,PRD2248,5,388.69,1943.45,EUR
OL511057,ORD-108222,PRD2228,4,330.02,1320.08,USD
OL511058,ORD-100267,PRD2108,4,114.65,458.6,GBP
OL511059,ORD-103799,PRD2115,2,72.24,144.48,EUR
OL511060,ORD-107066,PRD2185,0,347.75,,GBP
OL511061,ORD-108250,PRD2247,4,162.85,651.4,GBP
OL511062,ORD-107275,PRD2163,1,3.13,3.13,GBP
OL511063,ORD-102133,PRD2039,1,459.02,459.02,GBP
OL511064,ORD-100851,PRD2172,2,418.27,836.54,USD
OL511065,ORD-107596,PRD2118,2,147.29,294.58,US Dollar
OL511066,ORD-102207,PRD2177,0,484.87,,EUR
OL511067,ORD-104206,PRD2082,1,$77.45,77.45,USD
OL511068,ORD-104482,PRD2057,2,188.1,376.2,GBP
OL511069,ORD-107445,PRD2202,2,246.2,492.4,usd
OL511070,ORD-102816,PRD2015,1,278.14,278.14,US Dollar
OL511071,ORD-102333,PRD2149,2,106.89,213.78,usd
OL511072,ORD-102093,PRD2190,2,349.1,698.2,USD
OL511073,ORD-101144,PRD2131,2,306.66,613.32,EUR
OL511074,ORD-106436,PRD2121,-1,362.13,,GBP
OL511075,ORD-100569,PRD2073,0,423.07,,EUR
OL511076,ORD-103187,PRD2069,1,12.46,12.46,USD
OL511077,ORD-103137,PRD2185,999,169.02,168850.98,US Dollar
OL511078,ORD-108359,PRD2057,4,218.97,875.88,USD
OL511079,ORD-104045,PRD2057,3,404.73,1214.19,EUR
OL511080,ORD-100713,PRD2010,1,$116.41,116.41,EUR
OL511081,ORD-101135,PRD2060,4,358.98,1435.92,NGN
OL511082,ORD-106757,PRD2088,4,493.99,1975.96,NGN
OL511083,ORD-101176,PRD2108,999,384.11,383725.89,NGN
OL511084,ORD-104738,PRD2099,-1,37.58,,USD
OL511085,ORD-104150,PRD2128,0,175.15,,USD
OL511086,ORD-101650,PRD2134,4,77.28,309.12,EUR
OL511087,ORD-107391,PRD2166,4,226.22,904.88,NGN
OL511088,ORD-100471,PRD2013,5,413.74,2068.7,NGN
OL511089,ORD-103406,PRD2144,5,$236.95,1184.75,USD
OL511090,ORD-104846,PRD2046,1,231.38,231.38,GBP
OL511091,ORD-104906,PRD2217,1,$20.02,20.02,NGN
OL511092,ORD-103727,PRD2048,4,$333.99,1335.96,USD
OL511093,ORD-106780,PRD2059,3,$174.12,522.36,NGN
OL511094,ORD-106211,PRD2079,3,332.86,998.58,NGN
OL511095,ORD-102701,PRD2087,2,401.0,802.0,EUR
OL511096,ORD-107632,PRD2212,2,406.93,813.86,usd
OL511097,ORD-108708,PRD2045,1,182.23,182.23,US Dollar
OL511098,ORD-104359,PRD2003,2,$115.43,230.86,usd
OL511099,ORD-104568,PRD2049,999,413.34,412926.66,NGN
OL511100,ORD-100182,PRD2237,1,101.2,101.2,GBP
OL511101,ORD-104120,PRD2177,5,335.14,1675.7,usd
OL511102,ORD-104538,PRD2129,-1,$169.08,,USD
OL511103,ORD-107719,PRD2197,5,284.23,1421.15,EUR
OL511104,ORD-106276,PRD2065,1,236.26,236.26,EUR
OL511105,ORD-106129,PRD2045,-1,134.35,,NGN
OL511106,ORD-103905,PRD2179,4,235.47,941.88,NGN
OL511107,ORD-102895,PRD2177,-1,374.27,,GBP
OL511108,ORD-106450,PRD2184,4,181.52,726.08,EUR
OL511109,ORD-100498,PRD2014,5,$172.97,864.85,usd
OL511110,ORD-107966,PRD2092,4,373.25,1493.0,USD
OL511111,ORD-106511,PRD2018,5,472.02,2360.1,usd
OL511112,ORD-107177,PRD2103,5,151.92,759.6,US Dollar
OL511113,ORD-106115,PRD2205,4,$276.89,1107.56,NGN
OL511114,ORD-103258,PRD2057,1,14.45,14.45,GBP
OL511115,ORD-100498,PRD2145,2,427.53,855.06,EUR
OL511116,ORD-100104,PRD2039,3,28.83,86.49,USD
OL511117,ORD-100095,PRD2050,1,313.26,313.26,GBP
OL511118,ORD-107694,PRD2030,3,249.51,748.53,usd
OL511119,ORD-104555,PRD2204,5,126.59,632.95,GBP
OL511120,ORD-105112,PRD2053,2,246.29,492.58,EUR
OL511121,ORD-102261,PRD2198,-1,85.97,,NGN
OL511122,ORD-106251,PRD2030,1,416.0,416.0,EUR
OL511123,ORD-101881,PRD2237,4,89.54,358.16,USD
OL511124,ORD-102391,PRD2239,-1,179.99,,EUR
OL511125,ORD-103371,PRD2079,999,94.84,94745.16,GBP
OL511126,ORD-100773,PRD2158,2,241.33,482.66,NGN
OL511127,ORD-107434,PRD2086,1,124.49,124.49,GBP
OL511128,ORD-107275,PRD2135,3,357.3,1071.9,usd
OL511129,ORD-102664,PRD2172,1,3.99,3.99,NGN
OL511130,ORD-106706,PRD2033,5,$329.05,1645.25,USD
OL511131,ORD-102638,PRD2137,4,262.3,1049.2,usd
OL511132,ORD-101662,PRD2190,4,$306.79,1227.16,US Dollar
OL511133,ORD-102949,PRD2161,5,128.02,640.1,usd
OL511134,ORD-106906,PRD2204,4,23.83,95.32,USD
OL511135,ORD-106076,PRD2167,2,259.35,518.7,NGN
OL511136,ORD-101706,PRD2213,1,29.43,29.43,EUR
OL511137,ORD-104766,PRD2093,0,249.63,,usd
OL511138,ORD-100375,PRD2231,999,408.47,408061.53,US Dollar
OL511139,ORD-104374,PRD2146,3,$389.2,1167.6,NGN
OL511140,ORD-105265,PRD2204,1,138.46,138.46,NGN
OL511141,ORD-107955,PRD2234,1,275.69,275.69,GBP
OL511142,ORD-104517,PRD2153,4,474.04,1896.16,usd
OL511143,ORD-106303,PRD2070,3,$126.06,378.18,EUR
OL511144,ORD-100926,PRD2018,2,278.66,557.32,USD
OL511145,ORD-101806,PRD2208,4,258.69,1034.76,EUR
OL511146,ORD-100096,PRD2219,-1,80.4,,EUR
OL511147,ORD-103870,PRD2110,5,42.97,214.85,US Dollar
OL511148,ORD-104775,PRD2064,5,$227.32,1136.6,US Dollar
OL511149,ORD-100105,PRD2127,1,354.72,354.72,NGN
OL511150,ORD-100535,PRD2004,2,212.01,424.02,NGN
OL511151,ORD-107905,PRD2080,2,$363.57,727.14,GBP
OL511152,ORD-100214,PRD2142,999,$63.93,63866.07,GBP
OL511153,ORD-102550,PRD2141,4,$44.42,177.68,USD
OL511154,ORD-101853,PRD2211,4,483.89,1935.56,usd
OL511155,ORD-103783,PRD2110,999,161.76,161598.24,EUR
OL511156,ORD-100320,PRD2227,2,351.43,702.86,NGN
OL511157,ORD-104391,PRD2107,3,240.34,721.02,usd
OL511158,ORD-103822,PRD2111,4,114.33,457.32,GBP
OL511159,ORD-102788,PRD2030,5,$486.38,2431.9,USD
OL511160,ORD-101959,PRD2136,-1,427.25,,US Dollar
OL511161,ORD-101986,PRD2110,0,434.09,,EUR
OL511162,ORD-106328,PRD2113,-1,437.21,,NGN
OL511163,ORD-103101,PRD2190,0,55.89,,EUR
OL511164,ORD-108683,PRD2087,4,417.42,1669.68,US Dollar
OL511165,ORD-106883,PRD2091,0,198.75,,GBP
OL511166,ORD-108472,PRD2104,-1,440.63,,NGN
OL511167,ORD-101912,PRD2052,5,$219.07,1095.35,USD
OL511168,ORD-102879,PRD2093,4,39.28,157.12,usd
OL511169,ORD-104186,PRD2006,-1,420.32,,EUR
OL511170,ORD-102197,PRD2188,4,317.58,1270.32,EUR
OL511171,ORD-104526,PRD2078,2,224.28,448.56,usd
OL511172,ORD-104238,PRD2066,4,83.07,332.28,GBP
OL511173,ORD-101587,PRD2150,999,432.88,432447.12,usd
OL511174,ORD-103277,PRD2078,1,14.38,14.38,GBP
OL511175,ORD-105729,PRD2054,2,231.12,462.24,US Dollar
OL511176,ORD-106140,PRD2142,3,77.01,231.03,usd
OL511177,ORD-101561,PRD2158,1,82.52,82.52,USD
OL511178,ORD-104707,PRD2143,0,330.62,,US Dollar
OL511179,ORD-103903,PRD2197,3,332.99,998.97,GBP
OL511180,ORD-106452,PRD2050,4,213.8,855.2,NGN
OL511181,ORD-105897,PRD2110,1,353.59,353.59,GBP
OL511182,ORD-100346,PRD2009,5,356.3,1781.5,usd
OL511183,ORD-100334,PRD2008,3,214.06,642.18,EUR
OL511184,ORD-106854,PRD2197,999,458.68,458221.32,US Dollar
OL511185,ORD-106050,PRD2226,3,9.52,28.56,EUR
OL511186,ORD-101362,PRD2241,5,2.54,12.7,USD
OL511187,ORD-103957,PRD2016,4,$319.8,1279.2,EUR
OL511188,ORD-101605,PRD2232,4,490.11,1960.44,usd
OL511189,ORD-104970,PRD2229,2,182.38,364.76,EUR
OL511190,ORD-102523,PRD2004,1,410.48,410.48,usd
OL511191,ORD-101790,PRD2158,4,258.41,1033.64,usd
OL511192,ORD-108329,PRD2063,1,482.24,482.24,usd
OL511193,ORD-106056,PRD2108,999,2.97,2967.03,USD
OL511194,ORD-100632,PRD2001,1,288.81,288.81,GBP
OL511195,ORD-101684,PRD2089,5,398.15,1990.75,US Dollar
OL511196,ORD-105776,PRD2215,4,290.6,1162.4,EUR
OL511197,ORD-102042,PRD2250,2,307.79,615.58,NGN
OL511198,ORD-105126,PRD2071,3,248.03,744.09,GBP
OL511199,ORD-104219,PRD2159,5,256.06,1280.3,usd
OL511200,ORD-102250,PRD2096,3,387.95,1163.85,usd
OL511201,ORD-101407,PRD2087,1,$132.85,132.85,EUR
OL511202,ORD-103856,PRD2133,4,$90.75,363.0,US Dollar
OL511203,ORD-107499,PRD2132,2,15.35,30.7,NGN
OL511204,ORD-102593,PRD2004,999,291.76,291468.24,USD
OL511205,ORD-104438,PRD2242,5,369.67,1848.35,NGN
OL511206,ORD-104304,PRD2123,4,45.95,183.8,EUR
OL511207,ORD-104958,PRD2232,0,154.03,,USD
OL511208,ORD-104497,PRD2099,3,266.84,800.52,USD
OL511209,ORD-102113,PRD2119,5,490.51,2452.55,US Dollar
OL511210,ORD-102563,PRD2043,2,246.99,493.98,EUR
OL511211,ORD-108377,PRD2136,2,492.27,984.54,NGN
OL511212,ORD-102101,PRD2053,5,274.15,1370.75,usd
OL511213,ORD-104046,PRD2141,3,67.6,202.8,GBP
OL511214,ORD-102107,PRD2101,0,$412.72,,GBP
OL511215,ORD-102078,PRD2141,4,405.72,1622.88,NGN
OL511216,ORD-108338,PRD2003,4,224.81,899.24,US Dollar
OL511217,ORD-105855,PRD2139,1,420.08,420.08,USD
OL511218,ORD-103889,PRD2082,0,237.15,,US Dollar
OL511219,ORD-108694,PRD2248,0,21.76,,EUR
OL511220,ORD-108151,PRD2005,0,466.22,,NGN
OL511221,ORD-104911,PRD2002,2,119.75,239.5,NGN
OL511222,ORD-101648,PRD2038,1,51.52,51.52,USD
OL511223,ORD-107624,PRD2058,999,461.16,460698.84,USD
OL511224,ORD-103940,PRD2079,4,457.75,1831.0,US Dollar
OL511225,ORD-104465,PRD2037,-1,100.63,,NGN
OL511226,ORD-105776,PRD2194,4,27.8,111.2,GBP
OL511227,ORD-107246,PRD2121,3,23.86,71.58,usd
OL511228,ORD-100084,PRD2120,0,$491.23,,NGN
OL511229,ORD-101075,PRD2028,2,261.1,522.2,US Dollar
OL511230,ORD-101514,PRD2115,3,267.73,803.19,GBP
OL511231,ORD-107729,PRD2090,0,487.54,,NGN
OL511232,ORD-106812,PRD2001,-1,365.8,,US Dollar
OL511233,ORD-102385,PRD2031,-1,388.2,,US Dollar
OL511234,ORD-102579,PRD2129,1,63.85,63.85,USD
OL511235,ORD-101863,PRD2085,5,242.22,1211.1,EUR
OL511236,ORD-106579,PRD2247,2,$331.08,662.16,US Dollar
OL511237,ORD-101770,PRD2129,1,273.87,273.87,EUR
OL511238,ORD-103703,PRD2103,3,129.84,389.52,usd
OL511239,ORD-102714,PRD2015,4,259.13,1036.52,USD
OL511240,ORD-108157,PRD2178,5,220.98,1104.9,NGN
OL511241,ORD-106121,PRD2191,2,183.47,366.94,EUR
OL511242,ORD-106546,PRD2250,0,135.61,,usd
OL511243,ORD-108612,PRD2130,5,24.65,123.25,US Dollar
OL511244,ORD-104352,PRD2078,3,300.62,901.86,US Dollar
OL511245,ORD-106856,PRD2012,3,72.87,218.61,USD
OL511246,ORD-107373,PRD2102,1,223.97,223.97,GBP
OL511247,ORD-104606,PRD2060,2,238.73,477.46,EUR
OL511248,ORD-101089,PRD2141,5,300.34,1501.7,EUR
OL511249,ORD-104669,PRD2088,5,491.99,2459.95,usd
OL511250,ORD-105030,PRD2006,2,390.79,781.58,GBP
OL511251,ORD-108851,PRD2171,5,90.79,453.95,US Dollar
OL511252,ORD-101499,PRD2193,2,272.99,545.98,USD
OL511253,ORD-102445,PRD2052,4,$165.36,661.44,US Dollar
OL511254,ORD-101248,PRD2124,5,23.39,116.95,NGN
OL511255,ORD-106449,PRD2022,3,453.78,1361.34,NGN
OL511256,ORD-101415,PRD2219,0,316.4,,GBP
OL511257,ORD-105369,PRD2093,1,413.07,413.07,US Dollar
OL511258,ORD-101765,PRD2159,3,17.82,53.46,US Dollar
OL511259,ORD-105175,PRD2002,5,227.29,1136.45,NGN
OL511260,ORD-100734,PRD2182,2,445.46,890.92,GBP
OL511261,ORD-106433,PRD2198,4,$400.26,1601.04,EUR
OL511262,ORD-106293,PRD2151,0,301.6,,NGN
OL511263,ORD-101444,PRD2034,4,35.72,142.88,EUR
OL511264,ORD-100176,PRD2048,999,98.12,98021.88,USD
OL511265,ORD-104659,PRD2157,1,309.37,309.37,USD
OL511266,ORD-105684,PRD2135,4,460.05,1840.2,USD
OL511267,ORD-103624,PRD2231,3,35.21,105.63,EUR
OL511268,ORD-101745,PRD2114,1,347.79,347.79,GBP
OL511269,ORD-107727,PRD2079,0,450.65,,NGN
OL511270,ORD-103196,PRD2171,1,193.92,193.92,GBP
OL511271,ORD-105008,PRD2011,-1,419.7,,USD
OL511272,ORD-100592,PRD2035,5,171.02,855.1,NGN
OL511273,ORD-103346,PRD2058,2,372.79,745.58,GBP
OL511274,ORD-101659,PRD2005,1,270.64,270.64,usd
OL511275,ORD-107246,PRD2250,4,80.73,322.92,NGN
OL511276,ORD-102331,PRD2053,999,178.72,178541.28,NGN
OL511277,ORD-104023,PRD2185,4,57.56,230.24,US Dollar
OL511278,ORD-107022,PRD2218,2,293.0,586.0,usd
OL511279,ORD-106941,PRD2188,999,356.6,356243.4,NGN
OL511280,ORD-101019,PRD2186,4,489.43,1957.72,NGN
OL511281,ORD-106032,PRD2093,999,20.82,20799.18,GBP
OL511282,ORD-104135,PRD2228,-1,71.0,,EUR
OL511283,ORD-105855,PRD2114,2,256.85,513.7,USD
OL511284,ORD-103542,PRD2032,-1,$356.79,,EUR
OL511285,ORD-107048,PRD2180,3,48.43,145.29,usd
OL511286,ORD-108867,PRD2063,1,137.17,137.17,USD
OL511287,ORD-106659,PRD2017,4,195.74,782.96,GBP
OL511288,ORD-103093,PRD2171,0,352.44,,USD
OL511289,ORD-100174,PRD2230,4,149.68,598.72,NGN
OL511290,ORD-104544,PRD2071,5,482.4,2412.0,US Dollar
OL511291,ORD-105910,PRD2129,4,104.38,417.52,GBP
OL511292,ORD-108355,PRD2086,4,424.96,1699.84,GBP
OL511293,ORD-106460,PRD2043,3,477.92,1433.76,EUR
OL511294,ORD-106527,PRD2121,-1,$117.86,,USD
OL511295,ORD-106551,PRD2163,0,187.97,,NGN
OL511296,ORD-102074,PRD2082,4,189.3,757.2,GBP
OL511297,ORD-108585,PRD2010,3,268.38,805.14,NGN
OL511298,ORD-102308,PRD2070,4,$307.15,1228.6,usd
OL511299,ORD-108687,PRD2178,2,436.65,873.3,GBP
OL511300,ORD-107276,PRD2188,999,169.21,169040.79,NGN
OL511301,ORD-102671,PRD2134,999,22.26,22237.74,GBP
OL511302,ORD-106190,PRD2084,-1,166.77,,EUR
OL511303,ORD-104599,PRD2186,999,476.37,475893.63,EUR
OL511304,ORD-100212,PRD2078,0,257.05,,usd
OL511305,ORD-105359,PRD2188,2,170.16,340.32,GBP
OL511306,ORD-100337,PRD2065,3,60.85,182.55,GBP
OL511307,ORD-101361,PRD2136,2,55.78,111.56,usd
OL511308,ORD-105173,PRD2243,2,121.67,243.34,EUR
OL511309,ORD-104510,PRD2092,999,489.34,488850.66,US Dollar
OL511310,ORD-107350,PRD2226,2,258.09,516.18,NGN
OL511311,ORD-101880,PRD2121,0,$320.7,,US Dollar
OL511312,ORD-101019,PRD2107,5,472.34,2361.7,US Dollar
OL511313,ORD-100996,PRD2193,1,403.6,403.6,NGN
OL511314,ORD-103602,PRD2118,2,354.92,709.84,NGN
OL511315,ORD-103652,PRD2071,5,173.92,869.6,GBP
OL511316,ORD-105909,PRD2060,2,67.13,134.26,EUR
OL511317,ORD-107662,PRD2089,5,11.51,57.55,USD
OL511318,ORD-107302,PRD2117,4,335.84,1343.36,USD
OL511319,ORD-105938,PRD2163,999,361.08,360718.92,EUR
OL511320,ORD-107906,PRD2231,5,195.06,975.3,US Dollar
OL511321,ORD-104562,PRD2192,4,273.63,1094.52,USD
OL511322,ORD-108158,PRD2134,4,441.77,1767.08,USD
OL511323,ORD-104361,PRD2055,-1,453.79,,USD
OL511324,ORD-100832,PRD2058,4,337.9,1351.6,usd
OL511325,ORD-104261,PRD2092,0,291.78,,EUR
OL511326,ORD-107411,PRD2239,4,179.18,716.72,usd
OL511327,ORD-108433,PRD2040,3,220.46,661.38,EUR
OL511328,ORD-102315,PRD2032,5,192.44,962.2,GBP
OL511329,ORD-101411,PRD2222,2,26.17,52.34,usd
OL511330,ORD-101348,PRD2078,5,133.87,669.35,GBP
OL511331,ORD-100221,PRD2104,2,482.29,964.58,USD
OL511332,ORD-108677,PRD2079,4,15.23,60.92,GBP
OL511333,ORD-100665,PRD2104,2,$17.13,34.26,US Dollar
OL511334,ORD-106638,PRD2148,3,25.31,75.93,EUR
OL511335,ORD-100206,PRD2067,1,150.87,150.87,US Dollar
OL511336,ORD-108464,PRD2223,999,416.19,415773.81,EUR
OL511337,ORD-105149,PRD2041,1,379.72,379.72,usd
OL511338,ORD-101479,PRD2126,4,3.89,15.56,usd
OL511339,ORD-102596,PRD2066,999,291.75,291458.25,NGN
OL511340,ORD-100831,PRD2123,-1,478.94,,NGN
OL511341,ORD-100851,PRD2134,1,349.06,349.06,NGN
OL511342,ORD-102801,PRD2120,-1,53.8,,NGN
OL511343,ORD-107736,PRD2108,-1,394.85,,usd
OL511344,ORD-106518,PRD2229,-1,166.68,,usd
OL511345,ORD-100790,PRD2054,-1,285.43,,GBP
OL511346,ORD-108755,PRD2100,3,152.93,458.79,usd
OL511347,ORD-106168,PRD2250,1,231.24,231.24,EUR
OL511348,ORD-107416,PRD2158,1,214.4,214.4,NGN
OL511349,ORD-103651,PRD2216,1,419.4,419.4,EUR
OL511350,ORD-104178,PRD2117,2,413.68,827.36,USD
OL511351,ORD-105280,PRD2174,-1,38.13,,GBP
OL511352,ORD-107808,PRD2084,1,$408.81,408.81,USD
OL511353,ORD-107839,PRD2168,5,371.31,1856.55,USD
OL511354,ORD-106917,PRD2080,3,365.15,1095.45,GBP
OL511355,ORD-106991,PRD2130,2,156.88,313.76,GBP
OL511356,ORD-103990,PRD2009,3,$338.58,1015.74,EUR
OL511357,ORD-100552,PRD2084,4,269.47,1077.88,EUR
OL511358,ORD-107531,PRD2052,0,44.15,,usd
OL511359,ORD-103388,PRD2108,999,181.68,181498.32,EUR
OL511360,ORD-105426,PRD2069,1,118.52,118.52,NGN
OL511361,ORD-101677,PRD2166,2,167.4,334.8,US Dollar
OL511362,ORD-107492,PRD2249,-1,365.04,,USD
OL511363,ORD-103046,PRD2014,2,267.0,534.0,EUR
OL511364,ORD-108939,PRD2001,1,447.19,447.19,EUR
OL511365,ORD-100952,PRD2123,2,292.2,584.4,NGN
OL511366,ORD-100085,PRD2003,2,463.35,926.7,usd
OL511367,ORD-106560,PRD2194,3,$229.53,688.59,US Dollar
OL511368,ORD-108916,PRD2163,-1,$144.04,,NGN
OL511369,ORD-108257,PRD2079,4,294.51,1178.04,EUR
OL511370,ORD-107383,PRD2072,5,67.31,336.55,NGN
OL511371,ORD-107128,PRD2039,4,111.87,447.48,USD
OL511372,ORD-103228,PRD2211,4,164.27,657.08,usd
OL511373,ORD-104427,PRD2021,5,190.52,952.6,GBP
OL511374,ORD-103563,PRD2010,4,$158.87,635.48,EUR
OL511375,ORD-103936,PRD2204,5,70.35,351.75,NGN
OL511376,ORD-106080,PRD2167,5,28.53,142.65,EUR
OL511377,ORD-105896,PRD2202,5,$411.8,2059.0,EUR
OL511378,ORD-107861,PRD2110,999,426.7,426273.3,usd
OL511379,ORD-101463,PRD2213,4,356.86,1427.44,GBP
OL511380,ORD-108416,PRD2198,1,42.07,42.07,usd
OL511381,ORD-108800,PRD2029,999,49.61,49560.39,USD
OL511382,ORD-106771,PRD2048,-1,393.59,,USD
OL511383,ORD-107521,PRD2109,999,236.53,236293.47,GBP
OL511384,ORD-107737,PRD2012,5,431.21,2156.05,EUR
OL511385,ORD-100079,PRD2194,5,115.59,577.95,US Dollar
OL511386,ORD-104552,PRD2206,5,11.93,59.65,US Dollar
OL511387,ORD-107615,PRD2168,2,220.37,440.74,USD
OL511388,ORD-106818,PRD2167,2,294.88,589.76,USD
OL511389,ORD-100088,PRD2066,4,$368.94,1475.76,EUR
OL511390,ORD-106117,PRD2030,5,398.52,1992.6,US Dollar
OL511391,ORD-103103,PRD2032,1,35.49,35.49,usd
OL511392,ORD-104338,PRD2216,5,$325.3,1626.5,US Dollar
OL511393,ORD-106840,PRD2134,5,339.27,1696.35,NGN
OL511394,ORD-105444,PRD2112,999,186.72,186533.28,usd
OL511395,ORD-104953,PRD2099,999,453.99,453536.01,EUR
OL511396,ORD-100196,PRD2154,2,233.83,467.66,NGN
OL511397,ORD-108363,PRD2015,3,$345.34,1036.02,EUR
OL511398,ORD-104569,PRD2204,5,48.11,240.55,EUR
OL511399,ORD-108489,PRD2068,5,424.48,2122.4,usd
OL511400,ORD-105062,PRD2080,2,481.31,962.62,GBP
OL511401,ORD-106240,PRD2208,2,74.95,149.9,NGN
OL511402,ORD-101844,PRD2023,0,89.7,,GBP
OL511403,ORD-108959,PRD2105,4,$21.63,86.52,US Dollar
OL511404,ORD-105224,PRD2111,5,435.11,2175.55,usd
OL511405,ORD-101085,PRD2172,3,$111.41,334.23,USD
OL511406,ORD-106337,PRD2246,4,241.41,965.64,US Dollar
OL511407,ORD-102354,PRD2101,2,77.2,154.4,NGN
OL511408,ORD-104375,PRD2124,0,$249.55,,US Dollar
OL511409,ORD-100058,PRD2103,3,138.91,416.73,NGN
OL511410,ORD-108755,PRD2121,1,$234.34,234.34,EUR
OL511411,ORD-101091,PRD2250,3,291.92,875.76,GBP
OL511412,ORD-102526,PRD2123,2,94.85,189.7,NGN
OL511413,ORD-107020,PRD2142,1,268.4,268.4,USD
OL511414,ORD-107172,PRD2140,4,114.18,456.72,US Dollar
OL511415,ORD-106524,PRD2152,0,174.67,,USD
OL511416,ORD-102709,PRD2113,1,225.5,225.5,NGN
OL511417,ORD-103573,PRD2003,2,383.62,767.24,NGN
OL511418,ORD-101423,PRD2163,5,$66.32,331.6,EUR
OL511419,ORD-107131,PRD2080,0,152.79,,usd
OL511420,ORD-103172,PRD2022,0,234.37,,usd
OL511421,ORD-104826,PRD2101,2,118.89,237.78,US Dollar
OL511422,ORD-106784,PRD2127,0,304.84,,NGN
OL511423,ORD-108733,PRD2117,1,116.44,116.44,GBP
OL511424,ORD-104006,PRD2123,5,$195.1,975.5,usd
OL511425,ORD-107059,PRD2063,5,56.79,283.95,GBP
OL511426,ORD-106447,PRD2106,999,241.85,241608.15,USD
OL511427,ORD-103285,PRD2081,1,136.06,136.06,usd
OL511428,ORD-104198,PRD2112,0,384.61,,usd
OL511429,ORD-101496,PRD2202,1,182.01,182.01,US Dollar
OL511430,ORD-105003,PRD2072,999,287.58,287292.42,USD
OL511431,ORD-104501,PRD2236,5,$349.58,1747.9,US Dollar
OL511432,ORD-105928,PRD2224,1,212.71,212.71,US Dollar
OL511433,ORD-105679,PRD2044,1,232.88,232.88,usd
OL511434,ORD-108457,PRD2119,1,492.24,492.24,EUR
OL511435,ORD-101390,PRD2127,2,272.41,544.82,NGN
OL511436,ORD-100652,PRD2063,-1,323.72,,EUR
OL511437,ORD-102296,PRD2014,1,115.0,115.0,NGN
OL511438,ORD-103807,PRD2025,3,288.05,864.15,NGN
OL511439,ORD-108768,PRD2110,5,334.72,1673.6,NGN
OL511440,ORD-102006,PRD2045,-1,217.23,,GBP
OL511441,ORD-106514,PRD2006,0,369.18,,NGN
OL511442,ORD-107117,PRD2215,1,415.89,415.89,EUR
OL511443,ORD-108909,PRD2018,5,$417.86,2089.3,GBP
OL511444,ORD-103253,PRD2177,-1,240.84,,EUR
OL511445,ORD-108227,PRD2172,-1,333.84,,EUR
OL511446,ORD-102582,PRD2216,2,$483.65,967.3,GBP
OL511447,ORD-101620,PRD2113,999,200.08,199879.92,usd
OL511448,ORD-106158,PRD2114,3,99.38,298.14,usd
OL511449,ORD-102940,PRD2232,4,496.78,1987.12,usd
OL511450,ORD-106280,PRD2246,3,399.0,1197.0,usd
OL511451,ORD-105608,PRD2065,5,51.59,257.95,USD
OL511452,ORD-107313,PRD2067,-1,498.79,,EUR
OL511453,ORD-104152,PRD2171,3,473.6,1420.8,NGN
OL511454,ORD-107745,PRD2175,3,178.32,534.96,US Dollar
OL511455,ORD-102503,PRD2217,999,101.01,100908.99,NGN
OL511456,ORD-104237,PRD2245,5,315.37,1576.85,USD
OL511457,ORD-101705,PRD2123,2,479.38,958.76,US Dollar
OL511458,ORD-100387,PRD2163,5,$414.86,2074.3,usd
OL511459,ORD-106689,PRD2214,5,165.9,829.5,US Dollar
OL511460,ORD-106495,PRD2010,5,288.8,1444.0,US Dollar
OL511461,ORD-101535,PRD2050,5,115.61,578.05,GBP
OL511462,ORD-105776,PRD2016,999,266.98,266713.02,US Dollar
OL511463,ORD-108611,PRD2130,3,464.65,1393.95,EUR
OL511464,ORD-103519,PRD2225,5,$266.45,1332.25,GBP
OL511465,ORD-108522,PRD2014,3,297.24,891.72,US Dollar
OL511466,ORD-107961,PRD2122,3,243.24,729.72,usd
OL511467,ORD-100021,PRD2060,3,486.2,1458.6,GBP
OL511468,ORD-100446,PRD2113,5,403.78,2018.9,USD
OL511469,ORD-107612,PRD2003,999,74.54,74465.46,GBP
OL511470,ORD-104971,PRD2209,2,14.56,29.12,USD
OL511471,ORD-106207,PRD2242,-1,471.96,,EUR
OL511472,ORD-104692,PRD2006,1,82.95,82.95,usd
OL511473,ORD-108080,PRD2212,999,382.05,381667.95,USD
OL511474,ORD-103600,PRD2173,999,180.73,180549.27,usd
OL511475,ORD-100653,PRD2189,3,249.61,748.83,EUR
OL511476,ORD-103798,PRD2095,4,369.84,1479.36,US Dollar
OL511477,ORD-106366,PRD2180,5,366.25,1831.25,EUR
OL511478,ORD-105798,PRD2243,2,217.35,434.7,GBP
OL511479,ORD-103624,PRD2133,999,40.82,40779.18,EUR
OL511480,ORD-101936,PRD2098,5,107.01,535.05,NGN
OL511481,ORD-101710,PRD2088,1,413.59,413.59,usd
OL511482,ORD-105092,PRD2220,4,140.86,563.44,US Dollar
OL511483,ORD-106256,PRD2167,3,98.92,296.76,EUR
OL511484,ORD-103227,PRD2108,5,187.61,938.05,USD
OL511485,ORD-102746,PRD2115,2,314.82,629.64,usd
OL511486,ORD-108383,PRD2127,1,173.41,173.41,usd
OL511487,ORD-100598,PRD2150,3,400.83,1202.49,EUR
OL511488,ORD-104864,PRD2013,-1,323.46,,EUR
OL511489,ORD-108555,PRD2079,1,312.32,312.32,usd
OL511490,ORD-108456,PRD2099,2,252.24,504.48,usd
OL511491,ORD-101176,PRD2239,4,437.44,1749.76,USD
OL511492,ORD-101326,PRD2032,5,150.78,753.9,NGN
OL511493,ORD-106615,PRD2180,-1,254.77,,EUR
OL511494,ORD-102849,PRD2086,4,274.41,1097.64,US Dollar
OL511495,ORD-107983,PRD2103,-1,390.08,,NGN
OL511496,ORD-108251,PRD2049,1,293.45,293.45,USD
OL511497,ORD-106881,PRD2069,0,400.93,,USD
OL511498,ORD-100722,PRD2144,-1,457.59,,EUR
OL511499,ORD-107269,PRD2175,4,$7.8,31.2,USD
OL511500,ORD-102889,PRD2151,3,464.01,1392.03,US Dollar
OL511501,ORD-101326,PRD2133,3,247.4,742.2,usd
OL511502,ORD-102781,PRD2020,3,111.94,335.82,USD
OL511503,ORD-102591,PRD2090,3,267.11,801.33,EUR
OL511504,ORD-103802,PRD2071,5,167.17,835.85,usd
OL511505,ORD-102324,PRD2115,1,$176.05,176.05,US Dollar
OL511506,ORD-107766,PRD2040,1,494.44,494.44,GBP
OL511507,ORD-100589,PRD2025,3,401.53,1204.59,USD
OL511508,ORD-107426,PRD2073,5,307.4,1537.0,GBP
OL511509,ORD-101407,PRD2202,-1,375.08,,usd
OL511510,ORD-103811,PRD2173,1,30.66,30.66,NGN
OL511511,ORD-102041,PRD2051,4,274.08,1096.32,USD
OL511512,ORD-102321,PRD2191,2,252.99,505.98,US Dollar
OL511513,ORD-107329,PRD2109,-1,114.31,,USD
OL511514,ORD-101582,PRD2064,1,484.53,484.53,GBP
OL511515,ORD-108753,PRD2065,4,419.83,1679.32,usd
OL511516,ORD-102732,PRD2218,1,199.01,199.01,US Dollar
OL511517,ORD-103479,PRD2152,999,490.88,490389.12,NGN
OL511518,ORD-108054,PRD2139,0,146.95,,US Dollar
OL511519,ORD-103285,PRD2201,-1,53.31,,USD
OL511520,ORD-100136,PRD2220,1,177.56,177.56,usd
OL511521,ORD-106829,PRD2166,0,291.78,,GBP
OL511522,ORD-104764,PRD2117,2,451.73,903.46,EUR
OL511523,ORD-108806,PRD2228,3,50.97,152.91,usd
OL511524,ORD-103184,PRD2186,999,$395.96,395564.04,EUR
OL511525,ORD-105741,PRD2145,1,362.09,362.09,NGN
OL511526,ORD-102645,PRD2003,2,242.64,485.28,GBP
OL511527,ORD-100900,PRD2237,4,463.12,1852.48,GBP
OL511528,ORD-102668,PRD2143,0,123.5,,US Dollar
OL511529,ORD-104842,PRD2023,3,41.47,124.41,EUR
OL511530,ORD-100156,PRD2213,5,255.4,1277.0,usd
OL511531,ORD-104520,PRD2201,999,$139.41,139270.59,GBP
OL511532,ORD-107800,PRD2019,0,354.92,,US Dollar
OL511533,ORD-102977,PRD2077,-1,$485.74,,USD
OL511534,ORD-107512,PRD2202,1,54.4,54.4,usd
OL511535,ORD-100413,PRD2014,5,323.98,1619.9,usd
OL511536,ORD-104175,PRD2116,0,269.31,,US Dollar
OL511537,ORD-103488,PRD2186,5,173.32,866.6,NGN
OL511538,ORD-102793,PRD2090,3,$383.95,1151.85,EUR
OL511539,ORD-107565,PRD2176,4,73.66,294.64,GBP
OL511540,ORD-108160,PRD2205,5,136.35,681.75,EUR
OL511541,ORD-104568,PRD2207,1,439.84,439.84,NGN
OL511542,ORD-104854,PRD2050,3,$429.65,1288.95,US Dollar
OL511543,ORD-103731,PRD2011,2,53.45,106.9,EUR
OL511544,ORD-103549,PRD2168,1,358.39,358.39,NGN
OL511545,ORD-103011,PRD2174,-1,$123.09,,usd
OL511546,ORD-100471,PRD2134,-1,126.01,,usd
OL511547,ORD-101652,PRD2121,3,29.53,88.59,usd
OL511548,ORD-104094,PRD2148,4,213.59,854.36,EUR
OL511549,ORD-108136,PRD9346,3,7.98,23.94,NGN
OL511550,ORD-108648,PRD2104,2,32.2,64.4,US Dollar
OL511551,ORD-105948,PRD2035,3,116.78,350.34,EUR
OL511552,ORD-102183,PRD2241,2,105.35,210.7,usd
OL511553,ORD-102941,PRD2196,-1,350.37,,US Dollar
OL511554,ORD-104951,PRD2219,3,486.51,1459.53,usd
OL511555,ORD-107808,PRD2205,4,$139.8,559.2,US Dollar
OL511556,ORD-108387,PRD2147,2,344.02,688.04,EUR
OL511557,ORD-101448,PRD2019,5,77.8,389.0,EUR
OL511558,ORD-107335,PRD2037,-1,244.48,,GBP
OL511559,ORD-105674,PRD2136,5,249.5,1247.5,US Dollar
OL511560,ORD-105061,PRD2134,4,462.43,1849.72,USD
OL511561,ORD-105292,PRD2122,1,$485.1,485.1,USD
OL511562,ORD-100767,PRD2178,0,170.14,,usd
OL511563,ORD-103877,PRD2047,-1,$330.35,,GBP
OL511564,ORD-100205,PRD2010,-1,477.97,,GBP
OL511565,ORD-107790,PRD2187,4,96.4,385.6,EUR
OL511566,ORD-100410,PRD2081,3,$436.09,1308.27,GBP
OL511567,ORD-107051,PRD2137,0,411.15,,US Dollar
OL511568,ORD-106502,PRD2006,2,472.45,944.9,usd
OL511569,ORD-107892,PRD2159,-1,236.3,,usd
OL511570,ORD-108214,PRD2105,5,358.09,1790.45,USD
OL511571,ORD-101274,PRD2114,2,$394.66,789.32,EUR
OL511572,ORD-102757,PRD2203,4,396.61,1586.44,US Dollar
OL511573,ORD-104570,PRD2104,5,421.4,2107.0,GBP
OL511574,ORD-100977,PRD2203,4,426.4,1705.6,US Dollar
OL511575,ORD-100325,PRD2192,2,86.66,173.32,usd
OL511576,ORD-106555,PRD2214,4,$332.26,1329.04,usd
OL511577,ORD-107814,PRD2037,1,145.82,145.82,usd
OL511578,ORD-104897,PRD2217,4,481.5,1926.0,US Dollar
OL511579,ORD-104932,PRD2236,-1,251.63,,US Dollar
OL511580,ORD-108684,PRD2116,999,375.46,375084.54,EUR
OL511581,ORD-106211,PRD2119,3,475.71,1427.13,usd
OL511582,ORD-105085,PRD2088,3,$57.48,172.44,US Dollar
OL511583,ORD-101577,PRD2128,2,36.24,72.48,US Dollar
OL511584,ORD-105146,PRD2048,5,491.03,2455.15,NGN
OL511585,ORD-103141,PRD2162,4,458.03,1832.12,EUR
OL511586,ORD-108438,PRD2025,3,59.88,179.64,USD
OL511587,ORD-108367,PRD2135,2,253.41,506.82,NGN
OL511588,ORD-107882,PRD2013,-1,391.97,,USD
OL511589,ORD-102782,PRD2089,999,231.84,231608.16,USD
OL511590,ORD-107672,PRD2055,2,151.45,302.9,USD
OL511591,ORD-106923,PRD2227,5,396.07,1980.35,US Dollar
OL511592,ORD-101405,PRD2249,1,240.3,240.3,US Dollar
OL511593,ORD-103111,PRD2241,0,291.99,,USD
OL511594,ORD-106244,PRD2228,3,185.06,555.18,EUR
OL511595,ORD-100182,PRD2226,3,396.09,1188.27,NGN
OL511596,ORD-105589,PRD2027,5,303.95,1519.75,GBP
OL511597,ORD-107562,PRD2066,4,105.77,423.08,GBP
OL511598,ORD-102755,PRD2158,3,$256.11,768.33,US Dollar
OL511599,ORD-104730,PRD2117,5,389.41,1947.05,usd
OL511600,ORD-105652,PRD2093,1,271.92,271.92,NGN
OL511601,ORD-105783,PRD2110,3,$499.76,1499.28,usd
OL511602,ORD-103061,PRD2079,2,$439.86,879.72,US Dollar
OL511603,ORD-100148,PRD2203,4,97.28,389.12,NGN
OL511604,ORD-102015,PRD2076,5,464.11,2320.55,USD
OL511605,ORD-101599,PRD2242,3,390.04,1170.12,usd
OL511606,ORD-101709,PRD2099,5,369.53,1847.65,NGN
OL511607,ORD-104360,PRD2009,2,246.92,493.84,US Dollar
OL511608,ORD-105119,PRD2248,-1,71.68,,US Dollar
OL511609,ORD-108486,PRD2138,999,4.66,4655.34,USD
OL511610,ORD-107876,PRD2011,999,83.13,83046.87,usd
OL511611,ORD-103419,PRD2130,4,198.3,793.2,US Dollar
OL511612,ORD-100242,PRD2187,2,381.59,763.18,EUR
OL511613,ORD-102952,PRD2195,3,233.83,701.49,NGN
OL511614,ORD-108620,PRD2190,4,399.85,1599.4,usd
OL511615,ORD-107943,PRD2216,3,432.11,1296.33,US Dollar
OL511616,ORD-101581,PRD2148,999,239.36,239120.64,usd
OL511617,ORD-104376,PRD2159,5,63.43,317.15,USD
OL511618,ORD-108311,PRD2133,-1,72.14,,USD
OL511619,ORD-107184,PRD2069,999,210.32,210109.68,GBP
OL511620,ORD-107781,PRD2001,5,346.73,1733.65,NGN
OL511621,ORD-102403,PRD2070,3,54.91,164.73,US Dollar
OL511622,ORD-104912,PRD2059,999,$42.6,42557.4,GBP
OL511623,ORD-100980,PRD2065,4,174.37,697.48,US Dollar
OL511624,ORD-104910,PRD2181,-1,$204.93,,NGN
OL511625,ORD-103708,PRD2006,3,135.71,407.13,GBP
OL511626,ORD-106057,PRD2090,1,$270.95,270.95,NGN
OL511627,ORD-101477,PRD2023,-1,25.63,,EUR
OL511628,ORD-105024,PRD2193,-1,147.35,,US Dollar
OL511629,ORD-105650,PRD2247,5,$291.94,1459.7,EUR
OL511630,ORD-105238,PRD2071,999,122.35,122227.65,NGN
OL511631,ORD-101404,PRD2062,3,370.24,1110.72,NGN
OL511632,ORD-107801,PRD2181,999,53.89,53836.11,GBP
OL511633,ORD-106449,PRD2105,3,102.09,306.27,US Dollar
OL511634,ORD-100869,PRD2087,2,343.64,687.28,EUR
OL511635,ORD-102890,PRD2172,1,189.01,189.01,NGN
OL511636,ORD-100497,PRD2192,999,161.33,161168.67,US Dollar
OL511637,ORD-100804,PRD2132,5,492.45,2462.25,GBP
OL511638,ORD-106647,PRD2042,3,$257.18,771.54,NGN
OL511639,ORD-100291,PRD2178,-1,458.29,,NGN
OL511640,ORD-100133,PRD2248,4,372.06,1488.24,EUR
OL511641,ORD-104163,PRD2042,2,485.92,971.84,usd
OL511642,ORD-100462,PRD2167,5,434.41,2172.05,NGN
OL511643,ORD-107741,PRD2095,4,15.79,63.16,NGN
OL511644,ORD-106687,PRD2044,4,355.3,1421.2,GBP
OL511645,ORD-106761,PRD2223,3,$325.8,977.4,US Dollar
OL511646,ORD-105343,PRD2007,3,120.06,360.18,GBP
OL511647,ORD-107633,PRD2227,2,$135.22,270.44,US Dollar
OL511648,ORD-101553,PRD2157,5,31.96,159.8,EUR
OL511649,ORD-101252,PRD2149,5,451.79,2258.95,EUR
OL511650,ORD-108644,PRD2134,-1,174.02,,GBP
OL511651,ORD-107302,PRD2017,0,$104.82,,GBP
OL511652,ORD-100108,PRD2041,3,$246.31,738.93,NGN
OL511653,ORD-102513,PRD2117,999,108.51,108401.49,EUR
OL511654,ORD-103468,PRD2032,3,267.64,802.92,NGN
OL511655,ORD-104510,PRD2236,999,83.65,83566.35,usd
OL511656,ORD-107904,PRD2046,999,258.78,258521.22,USD
OL511657,ORD-103260,PRD2027,0,88.12,,GBP
OL511658,ORD-107816,PRD2136,2,169.86,339.72,usd
OL511659,ORD-108653,PRD2228,4,267.79,1071.16,US Dollar
OL511660,ORD-105311,PRD2149,3,$148.46,445.38,USD
OL511661,ORD-108850,PRD2078,5,149.23,746.15,US Dollar
OL511662,ORD-105425,PRD2142,0,93.89,,usd
OL511663,ORD-105792,PRD2137,0,4.2,,EUR
OL511664,ORD-106953,PRD2242,2,400.73,801.46,GBP
OL511665,ORD-104824,PRD2134,4,$493.7,1974.8,GBP
OL511666,ORD-100079,PRD2151,1,37.08,37.08,usd
OL511667,ORD-108245,PRD2137,-1,166.56,,GBP
OL511668,ORD-101240,PRD2033,-1,$421.17,,GBP
OL511669,ORD-103534,PRD2111,3,287.19,861.57,US Dollar
OL511670,ORD-103780,PRD2211,2,119.35,238.7,EUR
OL511671,ORD-101048,PRD2076,3,467.58,1402.74,USD
OL511672,ORD-100920,PRD2249,-1,196.32,,GBP
OL511673,ORD-106146,PRD2093,5,440.02,2200.1,EUR
OL511674,ORD-108853,PRD2178,3,125.27,375.81,USD
OL511675,ORD-102828,PRD2197,3,110.65,331.95,NGN
OL511676,ORD-104866,PRD2125,-1,205.03,,usd
OL511677,ORD-108637,PRD2072,3,224.11,672.33,USD
OL511678,ORD-102492,PRD2141,-1,41.82,,US Dollar
OL511679,ORD-104792,PRD2114,4,489.45,1957.8,usd
OL511680,ORD-101741,PRD2245,0,499.23,,usd
OL511681,ORD-106180,PRD2176,3,173.67,521.01,USD
OL511682,ORD-102656,PRD2110,5,231.04,1155.2,usd
OL511683,ORD-105053,PRD2022,-1,417.05,,EUR
OL511684,ORD-100227,PRD2053,5,240.75,1203.75,NGN
OL511685,ORD-106348,PRD2114,1,474.75,474.75,EUR
OL511686,ORD-100951,PRD2132,4,105.19,420.76,EUR
OL511687,ORD-108365,PRD2219,1,472.07,472.07,USD
OL511688,ORD-102043,PRD2214,-1,237.36,,USD
OL511689,ORD-106003,PRD2118,5,$159.26,796.3,NGN
OL511690,ORD-105955,PRD2051,2,334.14,668.28,usd
OL511691,ORD-108036,PRD2037,-1,128.12,,EUR
OL511692,ORD-104429,PRD2024,1,257.99,257.99,GBP
OL511693,ORD-105068,PRD2063,999,87.41,87322.59,US Dollar
OL511694,ORD-107047,PRD2008,3,70.84,212.52,usd
OL511695,ORD-106435,PRD2214,1,22.16,22.16,usd
OL511696,ORD-102673,PRD2167,4,454.34,1817.36,US Dollar
OL511697,ORD-102161,PRD2027,4,$325.86,1303.44,USD
OL511698,ORD-106227,PRD2054,2,36.44,72.88,GBP
OL511699,ORD-106615,PRD2061,2,304.98,609.96,GBP
OL511700,ORD-104748,PRD2034,5,391.41,1957.05,GBP
OL511701,ORD-101270,PRD2184,5,$53.35,266.75,GBP
OL511702,ORD-102162,PRD2106,2,439.86,879.72,EUR
OL511703,ORD-104160,PRD2133,5,119.27,596.35,US Dollar
OL511704,ORD-101175,PRD2150,3,351.9,1055.7,EUR
OL511705,ORD-105796,PRD2242,2,407.59,815.18,GBP
OL511706,ORD-101614,PRD2167,5,185.24,926.2,GBP
OL511707,ORD-101732,PRD2053,2,219.19,438.38,GBP
OL511708,ORD-107257,PRD2093,1,364.42,364.42,EUR
OL511709,ORD-105242,PRD2034,3,293.84,881.52,EUR
OL511710,ORD-103359,PRD2011,1,226.1,226.1,NGN
OL511711,ORD-102707,PRD2001,3,87.99,263.97,EUR
OL511712,ORD-100194,PRD2212,-1,225.93,,EUR
OL511713,ORD-105426,PRD2155,-1,368.1,,EUR
OL511714,ORD-101310,PRD2010,3,$213.18,639.54,US Dollar
OL511715,ORD-100487,PRD2119,3,259.97,779.91,NGN
OL511716,ORD-101202,PRD2101,3,330.53,991.59,GBP
OL511717,ORD-106379,PRD2042,999,139.2,139060.8,US Dollar
OL511718,ORD-100806,PRD2091,3,288.3,864.9,GBP
OL511719,ORD-108283,PRD2144,1,$8.3,8.3,usd
OL511720,ORD-105715,PRD2016,5,241.57,1207.85,usd
OL511721,ORD-101527,PRD2186,0,374.08,,USD
OL511722,ORD-101855,PRD2043,1,313.32,313.32,EUR
OL511723,ORD-106223,PRD2133,4,488.1,1952.4,usd
OL511724,ORD-105705,PRD2117,3,190.25,570.75,NGN
OL511725,ORD-107260,PRD2025,999,$162.76,162597.24,usd
OL511726,ORD-100499,PRD2153,0,59.61,,usd
OL511727,ORD-108159,PRD2094,2,$193.28,386.56,usd
OL511728,ORD-101630,PRD2188,0,387.79,,NGN
OL511729,ORD-101359,PRD2043,4,375.5,1502.0,US Dollar
OL511730,ORD-106558,PRD2190,5,357.4,1787.0,usd
OL511731,ORD-105264,PRD2146,0,$123.68,,US Dollar
OL511732,ORD-100512,PRD2072,2,69.26,138.52,US Dollar
OL511733,ORD-102378,PRD2101,5,213.78,1068.9,usd
OL511734,ORD-103153,PRD2177,-1,30.58,,GBP
OL511735,ORD-104199,PRD2160,999,36.41,36373.59,US Dollar
OL511736,ORD-101615,PRD2137,3,330.46,991.38,US Dollar
OL511737,ORD-108882,PRD2060,5,452.63,2263.15,GBP
OL511738,ORD-106753,PRD2054,5,$285.48,1427.4,EUR
OL511739,ORD-103942,PRD2079,4,158.08,632.32,GBP
OL511740,ORD-101052,PRD2149,4,92.17,368.68,GBP
OL511741,ORD-108748,PRD2217,1,120.33,120.33,GBP
OL511742,ORD-103909,PRD2116,4,63.88,255.52,NGN
OL511743,ORD-104746,PRD2223,-1,203.78,,USD
OL511744,ORD-104862,PRD2149,999,10.49,10479.51,GBP
OL511745,ORD-102141,PRD2171,1,403.55,403.55,EUR
OL511746,ORD-104767,PRD2088,4,23.9,95.6,USD
OL511747,ORD-103341,PRD2241,2,$161.68,323.36,GBP
OL511748,ORD-100558,PRD2087,-1,179.18,,NGN
OL511749,ORD-104491,PRD2167,3,442.16,1326.48,EUR
OL511750,ORD-108459,PRD2227,5,$137.36,686.8,NGN
OL511751,ORD-101821,PRD2236,5,473.87,2369.35,NGN
OL511752,ORD-104154,PRD2199,5,313.7,1568.5,USD
OL511753,ORD-101232,PRD9377,3,$450.98,1352.94,NGN
OL511754,ORD-103157,PRD2068,4,3.14,12.56,usd
OL511755,ORD-103933,PRD2105,0,246.72,,usd
OL511756,ORD-108198,PRD2228,3,200.8,602.4,USD
OL511757,ORD-105149,PRD2034,1,100.32,100.32,EUR
OL511758,ORD-101549,PRD2059,999,$58.74,58681.26,usd
OL511759,ORD-106274,PRD2058,4,$415.14,1660.56,USD
OL511760,ORD-103540,PRD2178,5,$169.12,845.6,GBP
OL511761,ORD-101668,PRD2200,3,23.38,70.14,EUR
OL511762,ORD-101819,PRD2028,3,324.77,974.31,NGN
OL511763,ORD-107642,PRD2105,-1,456.41,,NGN
OL511764,ORD-100935,PRD2250,1,264.54,264.54,NGN
OL511765,ORD-104698,PRD2075,-1,356.91,,GBP
OL511766,ORD-102290,PRD2112,999,268.72,268451.28,US Dollar
OL511767,ORD-101493,PRD2121,5,241.81,1209.05,USD
OL511768,ORD-103279,PRD2141,2,485.84,971.68,GBP
OL511769,ORD-102078,PRD2061,5,111.91,559.55,NGN
OL511770,ORD-101189,PRD2114,5,85.79,428.95,usd
OL511771,ORD-108451,PRD2036,4,169.98,679.92,usd
OL511772,ORD-108779,PRD2147,5,378.71,1893.55,NGN
OL511773,ORD-106766,PRD2185,0,285.79,,NGN
OL511774,ORD-100721,PRD2051,2,194.99,389.98,US Dollar
OL511775,ORD-107746,PRD2096,3,189.66,568.98,EUR
OL511776,ORD-104696,PRD2123,4,339.81,1359.24,USD
OL511777,ORD-107946,PRD2143,4,346.1,1384.4,US Dollar
OL511778,ORD-106702,PRD2184,999,310.01,309699.99,usd
OL511779,ORD-107808,PRD2177,3,238.88,716.64,US Dollar
OL511780,ORD-106269,PRD2014,3,485.3,1455.9,NGN
OL511781,ORD-104500,PRD2137,5,$483.52,2417.6,US Dollar
OL511782,ORD-101635,PRD2228,-1,290.9,,GBP
OL511783,ORD-107261,PRD2062,1,243.67,243.67,GBP
OL511784,ORD-108036,PRD2117,4,$313.11,1252.44,GBP
OL511785,ORD-106223,PRD2028,2,3.87,7.74,US Dollar
OL511786,ORD-101954,PRD2127,4,277.02,1108.08,USD
OL511787,ORD-104902,PRD2224,0,351.51,,NGN
OL511788,ORD-106204,PRD2166,2,459.66,919.32,USD
OL511789,ORD-101401,PRD2089,4,67.3,269.2,NGN
OL511790,ORD-107982,PRD2007,1,$476.68,476.68,EUR
OL511791,ORD-103096,PRD2221,3,46.73,140.19,GBP
OL511792,ORD-104265,PRD2148,5,$275.08,1375.4,EUR
OL511793,ORD-107487,PRD2075,2,241.74,483.48,US Dollar
OL511794,ORD-105907,PRD2094,4,315.0,1260.0,usd
OL511795,ORD-103359,PRD2201,5,29.95,149.75,US Dollar
OL511796,ORD-106571,PRD2041,5,267.16,1335.8,EUR
OL511797,ORD-100007,PRD2098,999,354.21,353855.79,US Dollar
OL511798,ORD-108046,PRD2172,999,86.19,86103.81,NGN
OL511799,ORD-104229,PRD2164,1,384.55,384.55,NGN
OL511800,ORD-102179,PRD2250,999,389.23,388840.77,US Dollar
OL511801,ORD-108965,PRD2042,4,311.31,1245.24,usd
OL511802,ORD-104391,PRD2082,0,427.65,,usd
OL511803,ORD-107955,PRD2167,4,209.21,836.84,USD
OL511804,ORD-102867,PRD2167,999,2.11,2107.89,US Dollar
OL511805,ORD-103899,PRD2136,999,247.5,247252.5,NGN
OL511806,ORD-106440,PRD2150,1,267.32,267.32,NGN
OL511807,ORD-105049,PRD2142,2,341.43,682.86,NGN
OL511808,ORD-106087,PRD2220,-1,312.9,,US Dollar
OL511809,ORD-103107,PRD2210,4,$373.72,1494.88,usd
OL511810,ORD-100414,PRD2163,-1,476.73,,US Dollar
OL511811,ORD-103568,PRD2197,1,130.92,130.92,US Dollar
OL511812,ORD-106938,PRD2128,-1,241.83,,NGN
OL511813,ORD-102644,PRD2229,2,422.85,845.7,US Dollar
OL511814,ORD-102032,PRD2109,1,327.89,327.89,GBP
OL511815,ORD-103882,PRD2006,2,209.24,418.48,NGN
OL511816,ORD-108613,PRD2197,3,88.16,264.48,NGN
OL511817,ORD-103726,PRD2205,-1,$68.98,,NGN
OL511818,ORD-100717,PRD2045,5,64.56,322.8,NGN
OL511819,ORD-102130,PRD2187,4,$299.63,1198.52,NGN
OL511820,ORD-107684,PRD2066,3,$293.18,879.54,EUR
OL511821,ORD-103876,PRD2001,4,298.37,1193.48,GBP
OL511822,ORD-106857,PRD2125,4,194.54,778.16,EUR
OL511823,ORD-103784,PRD2018,5,118.96,594.8,usd
OL511824,ORD-103004,PRD2235,1,83.9,83.9,usd
OL511825,ORD-103719,PRD2023,-1,207.21,,GBP
OL511826,ORD-108223,PRD2242,-1,323.58,,US Dollar
OL511827,ORD-106573,PRD2011,4,190.69,762.76,US Dollar
OL511828,ORD-105213,PRD2054,1,228.68,228.68,USD
OL511829,ORD-106394,PRD2139,0,$194.77,,NGN
OL511830,ORD-106375,PRD2185,1,463.34,463.34,usd
OL511831,ORD-104304,PRD2071,999,382.56,382177.44,US Dollar
OL511832,ORD-105018,PRD2108,0,$460.02,,USD
OL511833,ORD-104359,PRD2241,-1,$217.33,,USD
OL511834,ORD-102923,PRD2043,-1,$37.53,,GBP
OL511835,ORD-108463,PRD2138,999,398.09,397691.91,EUR
OL511836,ORD-102136,PRD2242,3,234.91,704.73,US Dollar
OL511837,ORD-105659,PRD2142,1,215.74,215.74,usd
OL511838,ORD-102084,PRD2056,1,138.84,138.84,USD
OL511839,ORD-106336,PRD2144,4,187.17,748.68,USD
OL511840,ORD-105590,PRD2234,999,108.78,108671.22,GBP
OL511841,ORD-108876,PRD2066,999,$20.89,20869.11,EUR
OL511842,ORD-108892,PRD2046,2,142.5,285.0,USD
OL511843,ORD-103619,PRD2052,999,473.04,472566.96,US Dollar
OL511844,ORD-101294,PRD2049,2,186.67,373.34,EUR
OL511845,ORD-101011,PRD2222,999,411.29,410878.71,EUR
OL511846,ORD-104572,PRD2212,-1,254.41,,NGN
OL511847,ORD-103707,PRD2212,-1,161.58,,NGN
OL511848,ORD-101793,PRD2138,5,309.11,1545.55,GBP
OL511849,ORD-106634,PRD2152,2,264.02,528.04,GBP
OL511850,ORD-104360,PRD2109,5,280.84,1404.2,GBP
OL511851,ORD-107078,PRD2132,5,415.34,2076.7,USD
OL511852,ORD-100537,PRD2228,3,124.58,373.74,EUR
OL511853,ORD-103961,PRD2230,3,279.61,838.83,usd
OL511854,ORD-100738,PRD2151,3,14.95,44.85,GBP
OL511855,ORD-105584,PRD2197,5,315.92,1579.6,US Dollar
OL511856,ORD-107239,PRD2094,3,357.74,1073.22,EUR
OL511857,ORD-107619,PRD2070,-1,80.11,,GBP
OL511858,ORD-105074,PRD2107,999,$287.7,287412.3,GBP
OL511859,ORD-108288,PRD2001,5,292.6,1463.0,EUR
OL511860,ORD-103219,PRD2141,999,$238.55,238311.45,USD
OL511861,ORD-100798,PRD2054,999,215.78,215564.22,GBP
OL511862,ORD-106882,PRD2069,1,103.39,103.39,usd
OL511863,ORD-107458,PRD2030,3,324.78,974.34,GBP
OL511864,ORD-107221,PRD2144,3,449.68,1349.04,EUR
OL511865,ORD-105586,PRD2110,-1,118.4,,usd
OL511866,ORD-104191,PRD2139,2,397.34,794.68,usd
OL511867,ORD-101015,PRD2050,5,409.24,2046.2,US Dollar
OL511868,ORD-101007,PRD2178,0,144.5,,NGN
OL511869,ORD-107744,PRD2013,2,250.0,500.0,GBP
OL511870,ORD-101765,PRD2117,3,205.07,615.21,USD
OL511871,ORD-105738,PRD2054,999,377.94,377562.06,EUR
OL511872,ORD-108589,PRD2112,3,313.93,941.79,US Dollar
OL511873,ORD-100770,PRD2062,-1,$47.31,,USD
OL511874,ORD-101100,PRD2130,0,11.18,,NGN
OL511875,ORD-107928,PRD2224,1,438.71,438.71,usd
OL511876,ORD-104437,PRD2208,3,30.48,91.44,USD
OL511877,ORD-103279,PRD2226,-1,115.97,,usd
OL511878,ORD-100945,PRD2221,2,312.38,624.76,US Dollar
OL511879,ORD-104544,PRD2119,3,4.55,13.65,GBP
OL511880,ORD-102526,PRD2076,3,94.18,282.54,usd
OL511881,ORD-104778,PRD2181,999,68.13,68061.87,USD
OL511882,ORD-104080,PRD2116,2,186.88,373.76,usd
OL511883,ORD-105774,PRD2024,999,490.51,490019.49,EUR
OL511884,ORD-103524,PRD2027,5,6.97,34.85,NGN
OL511885,ORD-101210,PRD2027,3,76.73,230.19,NGN
OL511886,ORD-104646,PRD2117,-1,261.32,,usd
OL511887,ORD-104843,PRD2050,999,312.43,312117.57,EUR
OL511888,ORD-108905,PRD2034,5,465.34,2326.7,EUR
OL511889,ORD-107825,PRD2044,0,$431.85,,US Dollar
OL511890,ORD-105668,PRD2053,0,454.71,,US Dollar
OL511891,ORD-106088,PRD2170,0,398.67,,USD
OL511892,ORD-100526,PRD2043,4,283.62,1134.48,GBP
OL511893,ORD-108143,PRD2208,1,182.43,182.43,GBP
OL511894,ORD-106308,PRD2172,2,$173.55,347.1,US Dollar
OL511895,ORD-101522,PRD2144,0,353.13,,USD
OL511896,ORD-104985,PRD2197,3,170.52,511.56,NGN
OL511897,ORD-100135,PRD2130,2,45.13,90.26,usd
OL511898,ORD-107764,PRD2109,3,325.46,976.38,NGN
OL511899,ORD-106753,PRD2231,0,412.2,,EUR
OL511900,ORD-103110,PRD2087,5,$374.0,1870.0,USD
OL511901,ORD-107788,PRD2195,999,200.12,199919.88,GBP
OL511902,ORD-102637,PRD2136,3,$377.83,1133.49,GBP
OL511903,ORD-106980,PRD2168,5,107.29,536.45,USD
OL511904,ORD-100377,PRD2104,3,486.72,1460.16,usd
OL511905,ORD-101416,PRD2023,2,182.78,365.56,NGN
OL511906,ORD-101042,PRD2189,5,449.09,2245.45,EUR
OL511907,ORD-102596,PRD2198,1,53.11,53.11,USD
OL511908,ORD-103019,PRD2201,3,96.74,290.22,GBP
OL511909,ORD-108516,PRD2006,2,437.54,875.08,EUR
OL511910,ORD-100349,PRD2122,1,$358.96,358.96,GBP
OL511911,ORD-105488,PRD2082,3,$227.34,682.02,USD
OL511912,ORD-100934,PRD2156,-1,289.72,,usd
OL511913,ORD-106208,PRD2192,2,279.32,558.64,GBP
OL511914,ORD-107432,PRD2022,0,423.16,,usd
OL511915,ORD-104311,PRD2003,5,350.03,1750.15,GBP
OL511916,ORD-102144,PRD2143,4,308.78,1235.12,US Dollar
OL511917,ORD-105838,PRD2063,4,260.56,1042.24,USD
OL511918,ORD-107992,PRD2035,1,344.31,344.31,EUR
OL511919,ORD-102332,PRD2109,1,243.77,243.77,EUR
OL511920,ORD-106583,PRD2022,5,156.29,781.45,NGN
OL511921,ORD-108896,PRD2022,3,338.27,1014.81,GBP
OL511922,ORD-104184,PRD2002,0,294.63,,NGN
OL511923,ORD-102232,PRD2069,5,378.04,1890.2,US Dollar
OL511924,ORD-106907,PRD2117,5,258.61,1293.05,usd
OL511925,ORD-105627,PRD2242,5,362.88,1814.4,US Dollar
OL511926,ORD-105651,PRD2109,2,178.17,356.34,GBP
OL511927,ORD-100397,PRD2107,1,329.9,329.9,GBP
OL511928,ORD-100052,PRD2138,0,397.27,,US Dollar
OL511929,ORD-107854,PRD2029,5,119.56,597.8,USD
OL511930,ORD-100723,PRD2241,5,$79.15,395.75,NGN
OL511931,ORD-100194,PRD2049,-1,182.69,,EUR
OL511932,ORD-102374,PRD2024,2,224.86,449.72,NGN
OL511933,ORD-104089,PRD2109,999,29.68,29650.32,GBP
OL511934,ORD-104585,PRD2233,999,142.42,142277.58,NGN
OL511935,ORD-100287,PRD2114,1,380.13,380.13,usd
OL511936,ORD-108391,PRD2066,4,235.93,943.72,USD
OL511937,ORD-100192,PRD2246,999,325.53,325204.47,GBP
OL511938,ORD-103449,PRD2177,1,$388.2,388.2,US Dollar
OL511939,ORD-101883,PRD2127,3,202.68,608.04,NGN
OL511940,ORD-101304,PRD2106,2,72.79,145.58,usd
OL511941,ORD-106476,PRD2023,5,$177.43,887.15,US Dollar
OL511942,ORD-108929,PRD2175,2,406.58,813.16,US Dollar
OL511943,ORD-107147,PRD2101,5,$9.77,48.85,NGN
OL511944,ORD-103917,PRD2191,999,49.15,49100.85,usd
OL511945,ORD-105042,PRD2015,0,334.36,,US Dollar
OL511946,ORD-106539,PRD2063,0,380.83,,NGN
OL511947,ORD-102301,PRD2053,999,463.11,462646.89,NGN
OL511948,ORD-101611,PRD2102,3,396.91,1190.73,US Dollar
OL511949,ORD-105021,PRD2011,5,63.94,319.7,EUR
OL511950,ORD-100025,PRD2108,3,102.2,306.6,NGN
OL511951,ORD-103358,PRD2246,2,116.7,233.4,USD
OL511952,ORD-105672,PRD2126,3,134.56,403.68,usd
OL511953,ORD-101507,PRD2151,3,225.44,676.32,NGN
OL511954,ORD-101052,PRD2225,1,174.64,174.64,US Dollar
OL511955,ORD-101239,PRD2084,2,121.65,243.3,US Dollar
OL511956,ORD-100545,PRD2064,4,79.11,316.44,NGN
OL511957,ORD-107348,PRD2146,0,442.18,,US Dollar
OL511958,ORD-104785,PRD2069,3,170.17,510.51,EUR
OL511959,ORD-103882,PRD2226,-1,458.81,,usd
OL511960,ORD-100107,PRD2087,0,4.15,,GBP
OL511961,ORD-102150,PRD2048,5,407.13,2035.65,NGN
OL511962,ORD-105134,PRD2086,3,405.19,1215.57,USD
OL511963,ORD-104766,PRD2239,2,$65.46,130.92,USD
OL511964,ORD-104625,PRD2148,-1,42.48,,GBP
OL511965,ORD-103517,PRD2004,5,239.91,1199.55,EUR
OL511966,ORD-103075,PRD2236,5,57.32,286.6,NGN
OL511967,ORD-104313,PRD2250,3,125.06,375.18,usd
OL511968,ORD-101269,PRD2101,3,496.25,1488.75,GBP
OL511969,ORD-102051,PRD9737,1,453.57,453.57,usd
OL511970,ORD-108994,PRD2216,-1,$467.43,,EUR
OL511971,ORD-107102,PRD2206,4,206.44,825.76,EUR
OL511972,ORD-104825,PRD2165,1,250.5,250.5,usd
OL511973,ORD-101758,PRD2107,4,98.44,393.76,EUR
OL511974,ORD-105063,PRD2011,1,$239.79,239.79,USD
OL511975,ORD-100891,PRD2238,2,319.95,639.9,NGN
OL511976,ORD-108540,PRD2040,5,221.82,1109.1,NGN
OL511977,ORD-105306,PRD2085,2,272.07,544.14,USD
OL511978,ORD-107565,PRD2022,3,345.15,1035.45,USD
OL511979,ORD-107059,PRD2108,4,264.46,1057.84,EUR
OL511980,ORD-106472,PRD2017,999,89.57,89480.43,usd
OL511981,ORD-106287,PRD2105,3,44.9,134.7,EUR
OL511982,ORD-107422,PRD2171,5,134.17,670.85,EUR
OL511983,ORD-102069,PRD2177,2,382.18,764.36,GBP
OL511984,ORD-102511,PRD2190,0,316.43,,GBP
OL511985,ORD-105461,PRD2212,2,490.66,981.32,USD
OL511986,ORD-101581,PRD2046,3,165.74,497.22,usd
OL511987,ORD-103915,PRD2191,3,476.48,1429.44,US Dollar
OL511988,ORD-102588,PRD2042,3,478.08,1434.24,US Dollar
OL511989,ORD-101310,PRD2135,3,65.06,195.18,NGN
OL511990,ORD-105057,PRD2028,0,89.92,,GBP
OL511991,ORD-108198,PRD2209,-1,340.33,,GBP
OL511992,ORD-102607,PRD2139,999,226.19,225963.81,usd
OL511993,ORD-107033,PRD2058,1,73.57,73.57,usd
OL511994,ORD-104176,PRD2035,5,259.87,1299.35,NGN
OL511995,ORD-103511,PRD2066,999,278.47,278191.53,USD
OL511996,ORD-107405,PRD2133,999,38.04,38001.96,GBP
OL511997,ORD-107335,PRD2064,3,165.86,497.58,EUR
OL511998,ORD-106254,PRD2211,5,367.62,1838.1,usd
OL511999,ORD-103356,PRD2212,3,155.48,466.44,NGN
OL512000,ORD-106728,PRD2181,3,185.6,556.8,GBP
OL512001,ORD-103455,PRD2248,0,280.33,,USD
OL512002,ORD-102285,PRD2188,2,$333.81,667.62,EUR
OL512003,ORD-108167,PRD2221,2,331.21,662.42,US Dollar
OL512004,ORD-107898,PRD2017,5,$329.25,1646.25,EUR
OL512005,ORD-101730,PRD2051,5,87.77,438.85,usd
OL512006,ORD-108695,PRD2109,5,38.0,190.0,usd
OL512007,ORD-104756,PRD2113,1,183.75,183.75,usd
OL512008,ORD-105247,PRD2052,5,64.58,322.9,USD
OL512009,ORD-105115,PRD2120,0,497.01,,EUR
OL512010,ORD-104466,PRD2173,4,117.68,470.72,US Dollar
OL512011,ORD-104375,PRD2192,1,266.86,266.86,usd
OL512012,ORD-105715,PRD2088,0,69.92,,USD
OL512013,ORD-106928,PRD2002,2,168.33,336.66,NGN
OL512014,ORD-105221,PRD2142,4,381.07,1524.28,EUR
OL512015,ORD-104230,PRD2136,-1,182.52,,US Dollar
OL512016,ORD-103124,PRD2133,5,450.72,2253.6,GBP
OL512017,ORD-108047,PRD2126,5,212.44,1062.2,US Dollar
OL512018,ORD-107970,PRD2133,5,477.12,2385.6,USD
OL512019,ORD-103342,PRD2017,1,495.46,495.46,NGN
OL512020,ORD-101171,PRD2025,0,49.66,,US Dollar
OL512021,ORD-105622,PRD2209,3,313.06,939.18,USD
OL512022,ORD-100617,PRD2149,3,116.67,350.01,USD
OL512023,ORD-102456,PRD2132,0,32.15,,USD
OL512024,ORD-107463,PRD2195,999,329.53,329200.47,US Dollar
OL512025,ORD-101650,PRD2242,5,45.97,229.85,EUR
OL512026,ORD-106564,PRD2187,0,246.66,,US Dollar
OL512027,ORD-103591,PRD2123,2,92.27,184.54,GBP
OL512028,ORD-107046,PRD2078,5,74.71,373.55,NGN
OL512029,ORD-100846,PRD2223,0,238.03,,USD
OL512030,ORD-100040,PRD2058,3,$367.08,1101.24,US Dollar
OL512031,ORD-103637,PRD2133,0,360.16,,EUR
OL512032,ORD-103810,PRD2121,4,332.79,1331.16,US Dollar
OL512033,ORD-102041,PRD2119,3,200.83,602.49,GBP
OL512034,ORD-101992,PRD2020,5,368.32,1841.6,EUR
OL512035,ORD-103692,PRD2198,-1,310.34,,US Dollar
OL512036,ORD-108824,PRD2166,0,237.34,,USD
OL512037,ORD-104397,PRD2215,5,410.59,2052.95,EUR
OL512038,ORD-107195,PRD2082,5,$414.66,2073.3,EUR
OL512039,ORD-104560,PRD2006,5,$176.93,884.65,NGN
OL512040,ORD-106646,PRD2103,999,433.09,432656.91,usd
OL512041,ORD-101253,PRD2060,4,133.37,533.48,GBP
OL512042,ORD-108531,PRD2139,5,177.69,888.45,US Dollar
OL512043,ORD-107738,PRD2117,5,267.51,1337.55,GBP
OL512044,ORD-106817,PRD2227,1,382.59,382.59,NGN
OL512045,ORD-103671,PRD2077,3,$384.76,1154.28,EUR
OL512046,ORD-101284,PRD2065,-1,225.53,,NGN
OL512047,ORD-101792,PRD2076,5,485.38,2426.9,usd
OL512048,ORD-107360,PRD2091,1,39.85,39.85,EUR
OL512049,ORD-102273,PRD2206,4,53.52,214.08,NGN
OL512050,ORD-105364,PRD2135,999,248.28,248031.72,US Dollar
OL512051,ORD-102200,PRD2163,4,$483.93,1935.72,USD
OL512052,ORD-104200,PRD2106,5,147.63,738.15,usd
OL512053,ORD-102098,PRD2239,-1,$375.59,,usd
OL512054,ORD-103562,PRD2095,1,149.23,149.23,EUR
OL512055,ORD-105864,PRD2161,-1,$419.47,,NGN
OL512056,ORD-105925,PRD2147,5,355.39,1776.95,NGN
OL512057,ORD-100062,PRD2030,5,209.43,1047.15,USD
OL512058,ORD-107995,PRD2189,4,56.84,227.36,EUR
OL512059,ORD-100468,PRD2139,4,195.77,783.08,US Dollar
OL512060,ORD-102155,PRD2211,999,18.55,18531.45,EUR
OL512061,ORD-101791,PRD2023,5,238.61,1193.05,NGN
OL512062,ORD-103725,PRD2145,5,352.54,1762.7,EUR
OL512063,ORD-101549,PRD2230,4,80.69,322.76,EUR
OL512064,ORD-106074,PRD2106,5,165.27,826.35,US Dollar
OL512065,ORD-101020,PRD2162,0,$233.05,,NGN
OL512066,ORD-103339,PRD2229,3,304.33,912.99,USD
OL512067,ORD-103043,PRD2054,1,328.98,328.98,GBP
OL512068,ORD-108845,PRD2070,4,40.94,163.76,USD
OL512069,ORD-102247,PRD2165,2,484.76,969.52,US Dollar
OL512070,ORD-106011,PRD2166,3,$191.66,574.98,NGN
OL512071,ORD-100765,PRD9991,4,407.09,1628.36,NGN
OL512072,ORD-100539,PRD2025,5,488.87,2444.35,EUR
OL512073,ORD-105217,PRD2145,0,49.19,,US Dollar
OL512074,ORD-106639,PRD2042,5,215.58,1077.9,USD
OL512075,ORD-105906,PRD2135,2,332.65,665.3,USD
OL512076,ORD-106706,PRD2098,1,294.53,294.53,EUR
OL512077,ORD-106287,PRD2041,2,339.97,679.94,NGN
OL512078,ORD-108421,PRD2172,2,$17.86,35.72,EUR
OL512079,ORD-108422,PRD2135,4,113.5,454.0,EUR
OL512080,ORD-102271,PRD2157,3,202.42,607.26,NGN
OL512081,ORD-103336,PRD2195,3,188.64,565.92,US Dollar
OL512082,ORD-105339,PRD2066,1,205.37,205.37,US Dollar
OL512083,ORD-105016,PRD2199,5,467.22,2336.1,NGN
OL512084,ORD-101690,PRD2032,1,117.89,117.89,usd
OL512085,ORD-108692,PRD2110,2,392.69,785.38,US Dollar
OL512086,ORD-100998,PRD2059,3,126.0,378.0,GBP
OL512087,ORD-106531,PRD2144,1,$209.22,209.22,usd
OL512088,ORD-108999,PRD2179,4,$322.16,1288.64,US Dollar
OL512089,ORD-104408,PRD2044,1,238.69,238.69,US Dollar
OL512090,ORD-107642,PRD2088,999,246.77,246523.23,usd
OL512091,ORD-107768,PRD2199,2,61.64,123.28,EUR
OL512092,ORD-105213,PRD2180,2,416.92,833.84,USD
OL512093,ORD-103146,PRD2115,-1,69.79,,GBP
OL512094,ORD-105327,PRD2210,3,455.18,1365.54,EUR
OL512095,ORD-108280,PRD2228,2,93.33,186.66,USD
OL512096,ORD-107453,PRD2235,999,11.73,11718.27,USD
OL512097,ORD-100713,PRD2122,4,$437.3,1749.2,US Dollar
OL512098,ORD-103253,PRD2011,2,264.43,528.86,US Dollar
OL512099,ORD-101003,PRD2075,999,34.63,34595.37,US Dollar
OL512100,ORD-106885,PRD2024,-1,224.37,,usd
OL512101,ORD-108006,PRD2001,1,289.03,289.03,EUR
OL512102,ORD-105224,PRD2021,2,107.23,214.46,US Dollar
OL512103,ORD-104909,PRD2234,4,241.19,964.76,usd
OL512104,ORD-101360,PRD2132,3,158.74,476.22,EUR
OL512105,ORD-108215,PRD2044,3,435.56,1306.68,USD
OL512106,ORD-102175,PRD2037,2,247.58,495.16,EUR
OL512107,ORD-102621,PRD2047,999,397.03,396632.97,USD
OL512108,ORD-102662,PRD2238,-1,$116.72,,usd
OL512109,ORD-100069,PRD2025,1,469.1,469.1,US Dollar
OL512110,ORD-108075,PRD2149,4,$360.93,1443.72,GBP
OL512111,ORD-102101,PRD2189,4,98.01,392.04,GBP
OL512112,ORD-107811,PRD2131,4,180.21,720.84,NGN
OL512113,ORD-103590,PRD2025,-1,129.98,,NGN
OL512114,ORD-107476,PRD2236,5,49.67,248.35,US Dollar
OL512115,ORD-107226,PRD2185,2,244.27,488.54,GBP
OL512116,ORD-105497,PRD2225,2,170.47,340.94,GBP
OL512117,ORD-103656,PRD2003,1,471.34,471.34,GBP
OL512118,ORD-102855,PRD2148,3,15.53,46.59,US Dollar
OL512119,ORD-105983,PRD2121,999,$130.65,130519.35,GBP
OL512120,ORD-103064,PRD2107,999,33.89,33856.11,NGN
OL512121,ORD-104418,PRD2090,-1,$336.49,,GBP
OL512122,ORD-103736,PRD2146,3,465.51,1396.53,EUR
OL512123,ORD-106647,PRD2101,4,2.34,9.36,US Dollar
OL512124,ORD-108341,PRD2167,1,$107.57,107.57,usd
OL512125,ORD-103685,PRD2195,5,$376.25,1881.25,EUR
OL512126,ORD-102639,PRD2142,5,313.61,1568.05,EUR
OL512127,ORD-104313,PRD2235,3,$384.51,1153.53,usd
OL512128,ORD-100923,PRD2236,0,81.83,,USD
OL512129,ORD-100679,PRD2108,0,$153.22,,NGN
OL512130,ORD-107778,PRD2203,3,110.21,330.63,usd
OL512131,ORD-106610,PRD2016,3,271.33,813.99,usd
OL512132,ORD-107562,PRD2181,999,277.22,276942.78,USD
OL512133,ORD-107219,PRD2052,0,17.84,,US Dollar
OL512134,ORD-101486,PRD2025,5,290.47,1452.35,usd
OL512135,ORD-102494,PRD2167,3,475.95,1427.85,usd
OL512136,ORD-103939,PRD2056,5,192.33,961.65,EUR
OL512137,ORD-104766,PRD2199,1,41.94,41.94,NGN
OL512138,ORD-107757,PRD2024,-1,373.86,,usd
OL512139,ORD-105298,PRD2142,3,344.69,1034.07,EUR
OL512140,ORD-107620,PRD2189,-1,$341.4,,EUR
OL512141,ORD-107466,PRD2223,1,224.8,224.8,USD
OL512142,ORD-107333,PRD2027,5,$413.57,2067.85,NGN
OL512143,ORD-100429,PRD2035,1,25.95,25.95,usd
OL512144,ORD-108866,PRD2236,4,112.19,448.76,GBP
OL512145,ORD-107753,PRD2226,5,266.18,1330.9,EUR
OL512146,ORD-103853,PRD2063,3,118.57,355.71,usd
OL512147,ORD-100496,PRD2080,3,415.64,1246.92,GBP
OL512148,ORD-108770,PRD2211,4,405.33,1621.32,GBP
OL512149,ORD-101091,PRD2112,3,409.68,1229.04,GBP
OL512150,ORD-106539,PRD2077,2,295.17,590.34,NGN
OL512151,ORD-100886,PRD2053,4,229.2,916.8,NGN
OL512152,ORD-107191,PRD2077,4,$332.85,1331.4,GBP
OL512153,ORD-107959,PRD2047,5,53.29,266.45,NGN
OL512154,ORD-100607,PRD2022,999,$474.26,473785.74,usd
OL512155,ORD-108652,PRD2004,2,58.31,116.62,USD
OL512156,ORD-101773,PRD2123,4,126.9,507.6,US Dollar
OL512157,ORD-100808,PRD2037,4,146.8,587.2,usd
OL512158,ORD-101828,PRD2013,1,49.05,49.05,USD
OL512159,ORD-105484,PRD2197,3,50.68,152.04,USD
OL512160,ORD-104677,PRD2244,4,200.42,801.68,NGN
OL512161,ORD-101561,PRD2103,999,449.79,449340.21,usd
OL512162,ORD-102688,PRD2153,4,448.85,1795.4,EUR
OL512163,ORD-108304,PRD2247,3,242.5,727.5,GBP
OL512164,ORD-103804,PRD2168,4,357.37,1429.48,NGN
OL512165,ORD-101703,PRD2101,5,$177.13,885.65,USD
OL512166,ORD-108909,PRD2240,1,444.09,444.09,US Dollar
OL512167,ORD-102688,PRD2192,1,19.44,19.44,GBP
OL512168,ORD-100212,PRD2242,1,466.4,466.4,USD
OL512169,ORD-100947,PRD2091,4,461.24,1844.96,EUR
OL512170,ORD-104899,PRD2056,4,438.59,1754.36,GBP
OL512171,ORD-101629,PRD2075,4,361.3,1445.2,NGN
OL512172,ORD-107998,PRD2112,2,262.47,524.94,US Dollar
OL512173,ORD-106057,PRD2111,999,428.96,428531.04,usd
OL512174,ORD-104137,PRD2174,999,52.08,52027.92,EUR
OL512175,ORD-107782,PRD2187,0,$365.97,,US Dollar
OL512176,ORD-104838,PRD2150,999,250.49,250239.51,GBP
OL512177,ORD-104159,PRD2128,3,88.71,266.13,NGN
OL512178,ORD-100217,PRD2192,4,181.92,727.68,usd
OL512179,ORD-103675,PRD2070,2,34.59,69.18,USD
OL512180,ORD-101159,PRD2041,2,251.83,503.66,EUR
OL512181,ORD-100211,PRD2100,3,365.74,1097.22,usd
OL512182,ORD-103816,PRD2071,0,308.68,,usd
OL512183,ORD-100123,PRD2028,3,229.63,688.89,EUR
OL512184,ORD-106384,PRD2135,1,420.99,420.99,GBP
OL512185,ORD-108531,PRD2110,0,292.43,,USD
OL512186,ORD-107689,PRD2179,1,176.98,176.98,NGN
OL512187,ORD-104074,PRD2174,3,24.55,73.65,usd
OL512188,ORD-100272,PRD2230,3,357.56,1072.68,USD
OL512189,ORD-101871,PRD2102,3,449.7,1349.1,usd
OL512190,ORD-108575,PRD2144,2,$121.19,242.38,GBP
OL512191,ORD-105199,PRD2194,1,12.39,12.39,EUR
OL512192,ORD-107542,PRD2182,4,297.56,1190.24,US Dollar
OL512193,ORD-101094,PRD2211,2,11.59,23.18,USD
OL512194,ORD-100148,PRD2102,2,366.63,733.26,NGN
OL512195,ORD-108989,PRD2007,3,95.46,286.38,EUR
OL512196,ORD-107955,PRD2226,1,397.76,397.76,usd
OL512197,ORD-105134,PRD2195,4,131.91,527.64,NGN
OL512198,ORD-106070,PRD2008,3,$380.06,1140.18,usd
OL512199,ORD-101191,PRD2012,4,$487.49,1949.96,usd
OL512200,ORD-107649,PRD2129,5,132.16,660.8,USD
OL512201,ORD-105402,PRD2009,4,359.71,1438.84,USD
OL512202,ORD-108960,PRD2034,5,$48.17,240.85,usd
OL512203,ORD-101748,PRD2031,4,486.92,1947.68,GBP
OL512204,ORD-100376,PRD2007,4,275.29,1101.16,usd
OL512205,ORD-102640,PRD2058,4,404.35,1617.4,NGN
OL512206,ORD-105580,PRD2006,4,190.52,762.08,usd
OL512207,ORD-102421,PRD2213,0,434.63,,EUR
OL512208,ORD-105581,PRD2179,3,7.75,23.25,US Dollar
OL512209,ORD-105426,PRD2107,2,$268.91,537.82,US Dollar
OL512210,ORD-101925,PRD2136,1,220.99,220.99,US Dollar
OL512211,ORD-101318,PRD2041,5,$355.61,1778.05,EUR
OL512212,ORD-102322,PRD2157,5,459.55,2297.75,EUR
OL512213,ORD-104466,PRD2094,3,43.0,129.0,NGN
OL512214,ORD-108361,PRD2069,999,322.93,322607.07,GBP
OL512215,ORD-101433,PRD2004,-1,366.21,,usd
OL512216,ORD-100163,PRD2128,5,183.77,918.85,USD
OL512217,ORD-105391,PRD2201,1,233.99,233.99,USD
OL512218,ORD-104881,PRD2190,999,465.46,464994.54,USD
OL512219,ORD-100619,PRD2142,5,217.75,1088.75,GBP
OL512220,ORD-102313,PRD2099,1,47.5,47.5,NGN
OL512221,ORD-102060,PRD2118,4,351.87,1407.48,USD
OL512222,ORD-108194,PRD2141,5,353.52,1767.6,NGN
OL512223,ORD-108600,PRD2096,1,490.25,490.25,NGN
OL512224,ORD-106324,PRD2187,5,495.22,2476.1,NGN
OL512225,ORD-100689,PRD2067,3,187.7,563.1,US Dollar
OL512226,ORD-104216,PRD2116,0,240.14,,US Dollar
OL512227,ORD-106697,PRD2156,4,93.48,373.92,NGN
OL512228,ORD-106750,PRD2055,1,224.89,224.89,USD
OL512229,ORD-103805,PRD2102,5,443.15,2215.75,usd
OL512230,ORD-103374,PRD2115,-1,$185.56,,US Dollar
OL512231,ORD-100536,PRD2059,4,$209.28,837.12,NGN
OL512232,ORD-106020,PRD2048,1,105.63,105.63,USD
OL512233,ORD-104105,PRD2173,4,185.34,741.36,usd
OL512234,ORD-103654,PRD2183,5,128.59,642.95,usd
OL512235,ORD-106764,PRD2125,2,427.45,854.9,USD
OL512236,ORD-103819,PRD2093,2,$91.25,182.5,GBP
OL512237,ORD-105027,PRD2177,5,$10.86,54.3,USD
OL512238,ORD-108588,PRD2130,3,308.7,926.1,EUR
OL512239,ORD-107180,PRD2065,5,$399.26,1996.3,GBP
OL512240,ORD-105041,PRD2011,2,206.6,413.2,US Dollar
OL512241,ORD-103416,PRD2243,3,270.79,812.37,GBP
OL512242,ORD-104522,PRD2131,3,417.29,1251.87,NGN
OL512243,ORD-102408,PRD2233,4,479.49,1917.96,GBP
OL512244,ORD-106516,PRD2080,3,407.96,1223.88,NGN
OL512245,ORD-102102,PRD2143,3,$302.27,906.81,US Dollar
OL512246,ORD-100612,PRD2171,2,337.91,675.82,GBP
OL512247,ORD-105041,PRD2100,1,406.55,406.55,USD
OL512248,ORD-108313,PRD2249,999,67.4,67332.6,GBP
OL512249,ORD-108965,PRD2042,4,412.7,1650.8,US Dollar
OL512250,ORD-102709,PRD2143,4,$11.04,44.16,US Dollar
OL512251,ORD-105432,PRD2017,0,310.82,,GBP
OL512252,ORD-102048,PRD2039,1,117.6,117.6,usd
OL512253,ORD-105037,PRD2224,-1,35.61,,NGN
OL512254,ORD-106115,PRD2073,1,171.41,171.41,NGN
OL512255,ORD-104973,PRD2046,5,211.13,1055.65,NGN
OL512256,ORD-101933,PRD2098,3,$326.22,978.66,USD
OL512257,ORD-101787,PRD2013,0,123.82,,EUR
OL512258,ORD-105735,PRD2003,4,341.35,1365.4,usd
OL512259,ORD-106005,PRD2003,1,456.23,456.23,NGN
OL512260,ORD-108759,PRD2120,5,95.52,477.6,US Dollar
OL512261,ORD-107922,PRD2041,1,235.71,235.71,NGN
OL512262,ORD-106656,PRD2139,2,18.09,36.18,EUR
OL512263,ORD-106284,PRD2042,3,432.5,1297.5,USD
OL512264,ORD-104458,PRD2063,2,315.73,631.46,USD
OL512265,ORD-104102,PRD2200,5,421.79,2108.95,US Dollar
OL512266,ORD-100004,PRD2085,3,315.91,947.73,EUR
OL512267,ORD-101935,PRD2190,-1,364.4,,US Dollar
OL512268,ORD-105677,PRD2119,5,410.2,2051.0,EUR
OL512269,ORD-102594,PRD2135,999,470.82,470349.18,EUR
OL512270,ORD-107647,PRD2185,999,$223.36,223136.64,usd
OL512271,ORD-102687,PRD2001,1,218.54,218.54,usd
OL512272,ORD-106386,PRD2034,-1,412.85,,GBP
OL512273,ORD-107856,PRD2015,1,275.22,275.22,NGN
OL512274,ORD-107305,PRD2140,0,148.3,,EUR
OL512275,ORD-101602,PRD2239,0,143.97,,GBP
OL512276,ORD-105420,PRD2138,1,335.83,335.83,USD
OL512277,ORD-108903,PRD2155,4,456.51,1826.04,NGN
OL512278,ORD-105530,PRD2248,3,$472.95,1418.85,usd
OL512279,ORD-100245,PRD2080,5,$297.54,1487.7,US Dollar
OL512280,ORD-105866,PRD2204,2,357.97,715.94,GBP
OL512281,ORD-106370,PRD2185,5,$208.37,1041.85,NGN
OL512282,ORD-101071,PRD2180,2,467.7,935.4,US Dollar
OL512283,ORD-101070,PRD2249,3,212.91,638.73,GBP
OL512284,ORD-108016,PRD2144,3,176.75,530.25,USD
OL512285,ORD-100573,PRD2041,2,269.51,539.02,NGN
OL512286,ORD-107032,PRD2065,5,319.26,1596.3,GBP
OL512287,ORD-108619,PRD2120,2,$498.96,997.92,EUR
OL512288,ORD-101265,PRD2177,999,$157.18,157022.82,GBP
OL512289,ORD-108142,PRD2132,1,206.55,206.55,GBP
OL512290,ORD-100993,PRD2138,5,29.26,146.3,usd
OL512291,ORD-106982,PRD2054,5,480.01,2400.05,USD
OL512292,ORD-103380,PRD2154,4,288.38,1153.52,US Dollar
OL512293,ORD-108773,PRD2039,2,424.37,848.74,USD
OL512294,ORD-106892,PRD2176,5,331.03,1655.15,GBP
OL512295,ORD-106406,PRD2110,0,453.86,,NGN
OL512296,ORD-106175,PRD2022,3,228.78,686.34,usd
OL512297,ORD-102905,PRD2113,-1,105.12,,NGN
OL512298,ORD-106291,PRD2129,3,46.36,139.08,NGN
OL512299,ORD-108083,PRD2171,-1,143.84,,usd
OL512300,ORD-102119,PRD2094,2,103.94,207.88,USD
OL512301,ORD-107655,PRD2213,2,$77.88,155.76,US Dollar
OL512302,ORD-106150,PRD2114,5,14.15,70.75,US Dollar
OL512303,ORD-103754,PRD2050,1,178.43,178.43,US Dollar
OL512304,ORD-107701,PRD2118,5,434.74,2173.7,GBP
OL512305,ORD-101532,PRD2247,999,$96.62,96523.38,GBP
OL512306,ORD-105805,PRD2121,3,437.63,1312.89,USD
OL512307,ORD-100179,PRD2153,4,492.46,1969.84,usd
OL512308,ORD-107724,PRD2204,3,$143.65,430.95,EUR
OL512309,ORD-104033,PRD2046,3,359.94,1079.82,NGN
OL512310,ORD-104032,PRD2070,1,379.5,379.5,USD
OL512311,ORD-105427,PRD2192,4,$425.79,1703.16,GBP
OL512312,ORD-105456,PRD2146,1,$75.51,75.51,USD
OL512313,ORD-105825,PRD2122,4,483.89,1935.56,US Dollar
OL512314,ORD-108623,PRD2144,4,378.6,1514.4,US Dollar
OL512315,ORD-107927,PRD2188,-1,358.8,,GBP
OL512316,ORD-103588,PRD2128,5,99.84,499.2,USD
OL512317,ORD-101334,PRD2236,1,8.28,8.28,EUR
OL512318,ORD-105931,PRD2013,5,362.5,1812.5,NGN
OL512319,ORD-107943,PRD2132,4,22.85,91.4,EUR
OL512320,ORD-100951,PRD2148,2,353.19,706.38,USD
OL512321,ORD-108413,PRD2169,999,135.57,135434.43,GBP
OL512322,ORD-106551,PRD2141,3,63.62,190.86,GBP
OL512323,ORD-101467,PRD2236,2,393.37,786.74,usd
OL512324,ORD-106309,PRD2222,5,357.17,1785.85,NGN
OL512325,ORD-108789,PRD2154,2,281.82,563.64,EUR
OL512326,ORD-108675,PRD2223,1,283.24,283.24,EUR
OL512327,ORD-101270,PRD2079,1,225.5,225.5,NGN
OL512328,ORD-101826,PRD2080,2,115.12,230.24,USD
OL512329,ORD-100469,PRD2168,5,178.67,893.35,US Dollar
OL512330,ORD-107647,PRD2142,3,499.65,1498.95,US Dollar
OL512331,ORD-108241,PRD2017,4,256.48,1025.92,usd
OL512332,ORD-100471,PRD2240,5,$327.34,1636.7,USD
OL512333,ORD-107041,PRD2142,3,122.45,367.35,NGN
OL512334,ORD-101750,PRD2068,5,437.25,2186.25,NGN
OL512335,ORD-107689,PRD2008,999,239.82,239580.18,EUR
OL512336,ORD-107138,PRD2122,4,154.3,617.2,usd
OL512337,ORD-102762,PRD2178,1,191.9,191.9,usd
OL512338,ORD-100966,PRD2166,5,376.46,1882.3,GBP
OL512339,ORD-106919,PRD2130,4,300.3,1201.2,EUR
OL512340,ORD-103664,PRD2207,1,$255.66,255.66,USD
OL512341,ORD-108134,PRD2061,999,455.73,455274.27,EUR
OL512342,ORD-107185,PRD2140,4,426.41,1705.64,NGN
OL512343,ORD-107897,PRD2089,5,282.47,1412.35,US Dollar
OL512344,ORD-103050,PRD2134,4,332.65,1330.6,NGN
OL512345,ORD-106941,PRD2208,5,433.59,2167.95,EUR
OL512346,ORD-106170,PRD2108,3,$360.84,1082.52,usd
OL512347,ORD-102433,PRD2032,999,220.26,220039.74,usd
OL512348,ORD-108605,PRD2113,5,236.12,1180.6,GBP
OL512349,ORD-104968,PRD2031,5,455.03,2275.15,EUR
OL512350,ORD-108798,PRD2166,3,467.6,1402.8,USD
OL512351,ORD-108172,PRD2188,1,123.42,123.42,usd
OL512352,ORD-102153,PRD2014,5,$49.09,245.45,NGN
OL512353,ORD-104197,PRD2064,0,58.45,,USD
OL512354,ORD-105909,PRD2228,2,366.76,733.52,EUR
OL512355,ORD-102578,PRD2056,0,$485.94,,NGN
OL512356,ORD-100046,PRD2220,0,$265.2,,US Dollar
OL512357,ORD-105523,PRD2021,2,204.61,409.22,NGN
OL512358,ORD-106895,PRD2117,-1,310.05,,US Dollar
OL512359,ORD-108831,PRD2080,1,$165.81,165.81,USD
OL512360,ORD-108908,PRD2007,3,176.65,529.95,USD
OL512361,ORD-108417,PRD2066,0,220.64,,EUR
OL512362,ORD-107236,PRD2059,999,450.6,450149.4,EUR
OL512363,ORD-103341,PRD2035,3,420.71,1262.13,NGN
OL512364,ORD-101875,PRD2150,0,246.25,,USD
OL512365,ORD-103005,PRD2231,3,230.63,691.89,GBP
OL512366,ORD-100552,PRD2173,999,153.24,153086.76,usd
OL512367,ORD-104501,PRD2034,3,376.27,1128.81,NGN
OL512368,ORD-105300,PRD2044,1,20.27,20.27,US Dollar
OL512369,ORD-106222,PRD2161,0,268.64,,usd
OL512370,ORD-104264,PRD2164,2,50.07,100.14,EUR
OL512371,ORD-105366,PRD2219,2,72.74,145.48,NGN
OL512372,ORD-100797,PRD2043,5,303.61,1518.05,US Dollar
OL512373,ORD-102682,PRD2112,-1,366.45,,usd
OL512374,ORD-102449,PRD2072,0,$226.06,,US Dollar
OL512375,ORD-108802,PRD2071,3,178.31,534.93,NGN
OL512376,ORD-103163,PRD2155,1,381.46,381.46,NGN
OL512377,ORD-101365,PRD2130,3,213.82,641.46,GBP
OL512378,ORD-102018,PRD2186,5,48.59,242.95,USD
OL512379,ORD-106396,PRD2130,5,283.45,1417.25,NGN
OL512380,ORD-105483,PRD2158,3,117.61,352.83,USD
OL512381,ORD-108589,PRD2096,1,$434.68,434.68,GBP
OL512382,ORD-103703,PRD2065,5,188.91,944.55,usd
OL512383,ORD-101048,PRD2167,5,475.63,2378.15,US Dollar
OL512384,ORD-107371,PRD2206,4,100.29,401.16,US Dollar
OL512385,ORD-104986,PRD2142,1,432.28,432.28,USD
OL512386,ORD-105790,PRD2113,1,301.3,301.3,US Dollar
OL512387,ORD-103734,PRD2012,4,265.92,1063.68,EUR
OL512388,ORD-107453,PRD2194,0,6.51,,GBP
OL512389,ORD-106467,PRD2203,5,9.75,48.75,USD
OL512390,ORD-107457,PRD2016,3,456.44,1369.32,NGN
OL512391,ORD-106479,PRD2190,2,195.54,391.08,EUR
OL512392,ORD-104838,PRD2238,-1,368.37,,GBP
OL512393,ORD-105159,PRD2214,1,$153.27,153.27,GBP
OL512394,ORD-103155,PRD2238,3,$354.34,1063.02,NGN
OL512395,ORD-104899,PRD2033,3,58.25,174.75,NGN
OL512396,ORD-107541,PRD2122,1,$346.23,346.23,EUR
OL512397,ORD-107198,PRD2157,0,71.9,,NGN
OL512398,ORD-106784,PRD2008,999,440.08,439639.92,USD
OL512399,ORD-106444,PRD2132,5,412.01,2060.05,EUR
OL512400,ORD-104625,PRD2086,3,118.89,356.67,US Dollar
OL512401,ORD-107099,PRD2012,5,221.4,1107.0,EUR
OL512402,ORD-104889,PRD2007,999,439.08,438640.92,GBP
OL512403,ORD-103377,PRD2238,2,68.48,136.96,EUR
OL512404,ORD-106110,PRD9641,3,$272.55,817.65,EUR
OL512405,ORD-100473,PRD2048,3,292.65,877.95,GBP
OL512406,ORD-103376,PRD2132,2,141.33,282.66,USD
OL512407,ORD-100721,PRD2120,4,101.02,404.08,NGN
OL512408,ORD-107001,PRD2056,4,488.24,1952.96,NGN
OL512409,ORD-108291,PRD2040,2,$498.25,996.5,EUR
OL512410,ORD-102295,PRD2240,3,369.59,1108.77,GBP
OL512411,ORD-103792,PRD2191,2,204.7,409.4,NGN
OL512412,ORD-103414,PRD2139,4,458.1,1832.4,NGN
OL512413,ORD-106819,PRD2030,5,$88.12,440.6,NGN
OL512414,ORD-102278,PRD2067,0,495.53,,usd
OL512415,ORD-102067,PRD2056,1,153.43,153.43,EUR
OL512416,ORD-100853,PRD2237,0,378.61,,usd
OL512417,ORD-100665,PRD2226,999,197.08,196882.92,US Dollar
OL512418,ORD-104200,PRD2078,0,330.64,,NGN
OL512419,ORD-104848,PRD2138,1,290.35,290.35,usd
OL512420,ORD-102726,PRD2150,0,$188.02,,usd
OL512421,ORD-107337,PRD2067,1,$177.2,177.2,NGN
OL512422,ORD-102107,PRD2134,-1,61.15,,US Dollar
OL512423,ORD-104797,PRD2139,3,91.05,273.15,US Dollar
OL512424,ORD-107959,PRD2241,4,60.98,243.92,NGN
OL512425,ORD-104062,PRD2160,-1,434.06,,USD
OL512426,ORD-106176,PRD2111,1,$38.26,38.26,EUR
OL512427,ORD-104567,PRD2146,5,386.16,1930.8,USD
OL512428,ORD-108999,PRD2225,3,281.16,843.48,GBP
OL512429,ORD-106853,PRD2171,5,157.67,788.35,GBP
OL512430,ORD-107839,PRD2088,-1,169.3,,GBP
OL512431,ORD-103088,PRD2195,1,46.59,46.59,US Dollar
OL512432,ORD-107982,PRD2170,3,282.57,847.71,US Dollar
OL512433,ORD-105932,PRD2158,4,390.32,1561.28,usd
OL512434,ORD-108314,PRD2097,-1,$158.0,,GBP
OL512435,ORD-107114,PRD2088,5,320.56,1602.8,usd
OL512436,ORD-103287,PRD2248,4,354.02,1416.08,USD
OL512437,ORD-103462,PRD2141,999,454.32,453865.68,NGN
OL512438,ORD-108539,PRD2234,5,91.58,457.9,EUR
OL512439,ORD-106573,PRD2208,999,$309.23,308920.77,usd
OL512440,ORD-108604,PRD2198,3,344.85,1034.55,EUR
OL512441,ORD-102380,PRD2164,999,67.96,67892.04,NGN
OL512442,ORD-108472,PRD2147,4,489.05,1956.2,GBP
OL512443,ORD-103294,PRD2120,5,461.14,2305.7,US Dollar
OL512444,ORD-102171,PRD2118,2,182.04,364.08,usd
OL512445,ORD-101941,PRD2232,4,162.02,648.08,NGN
OL512446,ORD-108689,PRD2107,2,377.99,755.98,US Dollar
OL512447,ORD-100414,PRD2144,1,313.56,313.56,EUR
OL512448,ORD-106709,PRD2210,999,186.1,185913.9,usd
OL512449,ORD-108074,PRD2250,2,180.11,360.22,GBP
OL512450,ORD-107792,PRD2102,4,394.6,1578.4,NGN
OL512451,ORD-102988,PRD2232,2,224.31,448.62,GBP
OL512452,ORD-103739,PRD2033,-1,61.87,,EUR
OL512453,ORD-104829,PRD2224,4,498.4,1993.6,GBP
OL512454,ORD-106812,PRD2004,5,318.76,1593.8,NGN
OL512455,ORD-102028,PRD2070,4,89.75,359.0,USD
OL512456,ORD-105137,PRD2248,999,249.55,249300.45,USD
OL512457,ORD-108809,PRD2145,1,320.43,320.43,US Dollar
OL512458,ORD-104646,PRD2238,5,236.29,1181.45,usd
OL512459,ORD-108057,PRD2157,3,444.42,1333.26,US Dollar
OL512460,ORD-107491,PRD2165,3,29.6,88.8,GBP
OL512461,ORD-105014,PRD2144,2,190.32,380.64,usd
OL512462,ORD-106418,PRD2118,0,$373.78,,EUR
OL512463,ORD-108766,PRD2170,999,276.44,276163.56,US Dollar
OL512464,ORD-104624,PRD2221,999,126.74,126613.26,USD
OL512465,ORD-100618,PRD2042,-1,482.85,,USD
OL512466,ORD-102944,PRD2004,3,230.3,690.9,EUR
OL512467,ORD-106057,PRD2013,-1,489.46,,NGN
OL512468,ORD-106106,PRD2098,3,$82.8,248.4,NGN
OL512469,ORD-107228,PRD2124,999,$444.26,443815.74,USD
OL512470,ORD-101560,PRD2187,3,$120.45,361.35,EUR
OL512471,ORD-101477,PRD2101,999,412.53,412117.47,NGN
OL512472,ORD-106254,PRD2199,-1,382.0,,EUR
OL512473,ORD-106645,PRD2223,2,187.64,375.28,GBP
OL512474,ORD-100360,PRD2145,4,352.17,1408.68,usd
OL512475,ORD-102082,PRD2046,3,127.19,381.57,GBP
OL512476,ORD-102822,PRD2179,1,384.03,384.03,EUR
OL512477,ORD-101403,PRD2223,-1,401.66,,USD
OL512478,ORD-107999,PRD2133,1,$383.87,383.87,USD
OL512479,ORD-106925,PRD2143,0,135.31,,usd
OL512480,ORD-104006,PRD2073,5,9.52,47.6,usd
OL512481,ORD-106150,PRD2157,3,$105.24,315.72,NGN
OL512482,ORD-100672,PRD2121,2,457.61,915.22,US Dollar
OL512483,ORD-107421,PRD2032,0,$336.13,,GBP
OL512484,ORD-105042,PRD2229,3,21.13,63.39,usd
OL512485,ORD-102416,PRD2070,2,71.59,143.18,USD
OL512486,ORD-102156,PRD2004,999,401.61,401208.39,NGN
OL512487,ORD-100208,PRD2228,4,243.38,973.52,GBP
OL512488,ORD-102473,PRD2220,5,89.08,445.4,EUR
OL512489,ORD-103320,PRD2078,999,287.74,287452.26,USD
OL512490,ORD-104299,PRD2077,3,161.5,484.5,US Dollar
OL512491,ORD-101317,PRD2001,2,135.57,271.14,GBP
OL512492,ORD-103358,PRD2182,999,303.25,302946.75,US Dollar
OL512493,ORD-108612,PRD2233,-1,165.22,,US Dollar
OL512494,ORD-107309,PRD2028,0,350.52,,NGN
OL512495,ORD-106931,PRD2023,999,399.11,398710.89,NGN
OL512496,ORD-100721,PRD2122,1,$48.38,48.38,EUR
OL512497,ORD-104273,PRD2097,-1,315.45,,US Dollar
OL512498,ORD-104058,PRD2029,5,$284.67,1423.35,USD
OL512499,ORD-104727,PRD2104,-1,344.87,,EUR
OL512500,ORD-102537,PRD2163,2,153.62,307.24,usd
OL512501,ORD-102416,PRD2117,5,141.19,705.95,EUR
OL512502,ORD-102513,PRD2004,4,58.2,232.8,USD
OL512503,ORD-105097,PRD2146,1,200.91,200.91,USD
OL512504,ORD-102546,PRD2052,1,$132.17,132.17,EUR
OL512505,ORD-104539,PRD2035,2,409.64,819.28,usd
OL512506,ORD-106073,PRD2235,2,458.83,917.66,USD
OL512507,ORD-102563,PRD2180,2,57.27,114.54,usd
OL512508,ORD-100822,PRD2114,4,287.9,1151.6,GBP
OL512509,ORD-105973,PRD2188,5,131.87,659.35,US Dollar
OL512510,ORD-108746,PRD2059,4,285.73,1142.92,NGN
OL512511,ORD-101710,PRD2118,-1,296.26,,EUR
OL512512,ORD-107460,PRD2113,3,$375.79,1127.37,usd
OL512513,ORD-101582,PRD2135,2,486.17,972.34,usd
OL512514,ORD-106488,PRD2249,0,92.59,,USD
OL512515,ORD-108076,PRD2068,1,199.93,199.93,NGN
OL512516,ORD-100076,PRD2239,5,290.7,1453.5,GBP
OL512517,ORD-100443,PRD2091,1,183.53,183.53,usd
OL512518,ORD-103491,PRD2081,2,160.38,320.76,US Dollar
OL512519,ORD-104667,PRD2064,3,389.33,1167.99,US Dollar
OL512520,ORD-108708,PRD2110,2,138.49,276.98,US Dollar
OL512521,ORD-102382,PRD2246,0,277.13,,USD
OL512522,ORD-100810,PRD2104,5,$212.45,1062.25,US Dollar
OL512523,ORD-104460,PRD2073,4,$419.4,1677.6,GBP
OL512524,ORD-104601,PRD2122,2,314.08,628.16,US Dollar
OL512525,ORD-105000,PRD2047,4,$70.35,281.4,GBP
OL512526,ORD-103218,PRD2168,999,457.94,457482.06,GBP
OL512527,ORD-104641,PRD2013,0,199.07,,NGN
OL512528,ORD-101151,PRD2003,4,431.64,1726.56,usd
OL512529,ORD-105356,PRD2173,4,287.33,1149.32,EUR
OL512530,ORD-107733,PRD2238,999,130.4,130269.6,usd
OL512531,ORD-107617,PRD2194,2,231.23,462.46,GBP
OL512532,ORD-105456,PRD2231,2,241.95,483.9,EUR
OL512533,ORD-108978,PRD2189,2,350.74,701.48,usd
OL512534,ORD-106498,PRD2191,3,88.29,264.87,EUR
OL512535,ORD-102362,PRD2163,1,100.02,100.02,usd
OL512536,ORD-107700,PRD2013,-1,$87.0,,EUR
OL512537,ORD-104526,PRD2023,3,$370.92,1112.76,GBP
OL512538,ORD-107652,PRD2078,-1,375.38,,usd
OL512539,ORD-100248,PRD2052,3,30.06,90.18,usd
OL512540,ORD-104899,PRD2039,1,201.56,201.56,NGN
OL512541,ORD-100413,PRD2011,1,486.91,486.91,US Dollar
OL512542,ORD-104011,PRD2003,2,371.3,742.6,NGN
OL512543,ORD-106594,PRD2206,-1,136.73,,GBP
OL512544,ORD-105484,PRD2087,5,451.53,2257.65,GBP
OL512545,ORD-106094,PRD2051,5,307.34,1536.7,GBP
OL512546,ORD-107608,PRD2053,1,23.46,23.46,GBP
OL512547,ORD-107945,PRD2151,2,135.18,270.36,USD
OL512548,ORD-108626,PRD2184,1,414.35,414.35,EUR
OL512549,ORD-103733,PRD2090,3,$241.51,724.53,NGN
OL512550,ORD-107931,PRD2028,0,176.42,,US Dollar
OL512551,ORD-106056,PRD2233,3,10.15,30.45,usd
OL512552,ORD-105911,PRD2206,5,396.66,1983.3,US Dollar
OL512553,ORD-105960,PRD2103,-1,30.07,,GBP
OL512554,ORD-101623,PRD2127,5,$12.97,64.85,GBP
OL512555,ORD-102931,PRD2077,5,26.53,132.65,GBP
OL512556,ORD-107774,PRD2088,2,202.1,404.2,US Dollar
OL512557,ORD-102660,PRD2235,999,102.02,101917.98,EUR
OL512558,ORD-103115,PRD2159,0,278.49,,usd
OL512559,ORD-108917,PRD2092,4,254.38,1017.52,USD
OL512560,ORD-107901,PRD2070,0,440.37,,USD
OL512561,ORD-102780,PRD2127,2,49.39,98.78,EUR
OL512562,ORD-106482,PRD2013,-1,67.91,,GBP
OL512563,ORD-107168,PRD2001,999,408.3,407891.7,USD
OL512564,ORD-101411,PRD2112,999,58.87,58811.13,GBP
OL512565,ORD-105547,PRD2029,2,429.09,858.18,NGN
OL512566,ORD-102541,PRD2050,3,70.22,210.66,US Dollar
OL512567,ORD-104260,PRD2155,2,139.57,279.14,US Dollar
OL512568,ORD-102275,PRD2072,5,153.79,768.95,EUR
OL512569,ORD-100257,PRD2075,4,211.39,845.56,EUR
OL512570,ORD-108871,PRD2219,5,276.99,1384.95,EUR
OL512571,ORD-105759,PRD2135,5,378.38,1891.9,GBP
OL512572,ORD-104268,PRD2022,999,9.99,9980.01,EUR
OL512573,ORD-105976,PRD2175,2,461.97,923.94,GBP
OL512574,ORD-103784,PRD2032,1,214.42,214.42,NGN
OL512575,ORD-104270,PRD2075,4,16.87,67.48,GBP
OL512576,ORD-107307,PRD2247,2,247.15,494.3,EUR
OL512577,ORD-102962,PRD2099,1,111.74,111.74,GBP
OL512578,ORD-105707,PRD2129,1,$378.21,378.21,US Dollar
OL512579,ORD-107339,PRD2206,0,220.46,,USD
OL512580,ORD-105723,PRD2205,-1,84.41,,GBP
OL512581,ORD-105520,PRD2049,0,412.95,,EUR
OL512582,ORD-107159,PRD2168,1,219.28,219.28,US Dollar
OL512583,ORD-108190,PRD2029,2,67.82,135.64,NGN
OL512584,ORD-104004,PRD2159,4,336.55,1346.2,EUR
OL512585,ORD-101082,PRD2104,999,390.21,389819.79,NGN
OL512586,ORD-106317,PRD2073,3,403.54,1210.62,EUR
OL512587,ORD-108900,PRD2068,-1,198.71,,US Dollar
OL512588,ORD-105310,PRD2061,2,263.32,526.64,GBP
OL512589,ORD-105870,PRD2127,5,483.82,2419.1,EUR
OL512590,ORD-100122,PRD2144,999,$225.68,225454.32,usd
OL512591,ORD-101676,PRD2067,2,199.03,398.06,EUR
OL512592,ORD-105777,PRD2203,0,380.9,,NGN
OL512593,ORD-101355,PRD2131,2,478.38,956.76,US Dollar
OL512594,ORD-102185,PRD2176,3,$391.81,1175.43,usd
OL512595,ORD-104969,PRD2049,4,$81.75,327.0,NGN
OL512596,ORD-104305,PRD2062,3,$368.13,1104.39,NGN
OL512597,ORD-103367,PRD2140,-1,71.1,,NGN
OL512598,ORD-102048,PRD2092,2,183.81,367.62,NGN
OL512599,ORD-103408,PRD2125,4,25.2,100.8,EUR
OL512600,ORD-100411,PRD2193,1,285.63,285.63,NGN
OL512601,ORD-100259,PRD2182,3,314.98,944.94,GBP
OL512602,ORD-106030,PRD2239,3,224.17,672.51,USD
OL512603,ORD-101378,PRD2196,5,195.45,977.25,NGN
OL512604,ORD-105245,PRD2178,5,305.16,1525.8,GBP
OL512605,ORD-105265,PRD2184,3,2.16,6.48,usd
OL512606,ORD-108389,PRD2163,4,428.98,1715.92,GBP
OL512607,ORD-107028,PRD2075,1,127.91,127.91,EUR
OL512608,ORD-102281,PRD2164,3,12.64,37.92,GBP
OL512609,ORD-100340,PRD2100,2,131.45,262.9,US Dollar
OL512610,ORD-107640,PRD2166,0,167.86,,GBP
OL512611,ORD-108239,PRD2167,3,30.89,92.67,US Dollar
OL512612,ORD-106108,PRD2204,2,285.08,570.16,NGN
OL512613,ORD-100736,PRD2054,999,16.88,16863.12,USD
OL512614,ORD-105034,PRD2012,-1,485.35,,GBP
OL512615,ORD-107691,PRD2224,4,465.93,1863.72,US Dollar
OL512616,ORD-105620,PRD2201,4,69.2,276.8,usd
OL512617,ORD-108469,PRD2113,1,71.64,71.64,US Dollar
OL512618,ORD-105329,PRD2222,2,439.83,879.66,USD
OL512619,ORD-101248,PRD2124,2,106.35,212.7,usd
OL512620,ORD-108468,PRD2125,3,341.35,1024.05,usd
OL512621,ORD-103754,PRD2168,4,$119.39,477.56,GBP
OL512622,ORD-100933,PRD2208,4,$69.45,277.8,GBP
OL512623,ORD-102608,PRD2056,2,376.46,752.92,USD
OL512624,ORD-106240,PRD2086,5,428.05,2140.25,GBP
OL512625,ORD-107369,PRD2124,3,438.41,1315.23,usd
OL512626,ORD-107790,PRD2195,999,$247.7,247452.3,NGN
OL512627,ORD-101270,PRD2032,999,347.04,346692.96,US Dollar
OL512628,ORD-105724,PRD2159,3,180.94,542.82,USD
OL512629,ORD-105297,PRD2096,999,295.68,295384.32,NGN
OL512630,ORD-106382,PRD2117,2,162.61,325.22,US Dollar
OL512631,ORD-107279,PRD2247,0,294.44,,usd
OL512632,ORD-100862,PRD2135,5,440.03,2200.15,USD
OL512633,ORD-102519,PRD2082,3,131.39,394.17,NGN
OL512634,ORD-100037,PRD2071,4,168.78,675.12,US Dollar
OL512635,ORD-103490,PRD2193,2,$73.44,146.88,usd
OL512636,ORD-105510,PRD2033,999,490.02,489529.98,US Dollar
OL512637,ORD-103391,PRD2075,3,423.82,1271.46,GBP
OL512638,ORD-105586,PRD2134,1,9.41,9.41,usd
OL512639,ORD-107348,PRD2071,0,$23.12,,EUR
OL512640,ORD-104793,PRD2204,3,$317.95,953.85,US Dollar
OL512641,ORD-100065,PRD2098,2,244.91,489.82,USD
OL512642,ORD-104338,PRD2169,3,$402.47,1207.41,US Dollar
OL512643,ORD-101524,PRD2067,5,437.65,2188.25,USD
OL512644,ORD-108980,PRD2243,2,291.6,583.2,USD
OL512645,ORD-103934,PRD2198,3,$69.79,209.37,EUR
OL512646,ORD-101639,PRD2050,1,$80.68,80.68,EUR
OL512647,ORD-100791,PRD2209,1,90.35,90.35,EUR
OL512648,ORD-103673,PRD2094,5,271.69,1358.45,EUR
OL512649,ORD-102044,PRD2033,2,$320.32,640.64,NGN
OL512650,ORD-107261,PRD2137,999,$3.54,3536.46,usd
OL512651,ORD-103495,PRD2029,2,118.37,236.74,GBP
OL512652,ORD-104474,PRD2034,3,43.58,130.74,NGN
OL512653,ORD-108253,PRD2018,-1,428.18,,USD
OL512654,ORD-105747,PRD2043,1,364.62,364.62,US Dollar
OL512655,ORD-108101,PRD2191,5,317.63,1588.15,usd
OL512656,ORD-101806,PRD2102,999,357.24,356882.76,NGN
OL512657,ORD-101328,PRD2030,2,$451.7,903.4,GBP
OL512658,ORD-107872,PRD2155,4,234.41,937.64,GBP
OL512659,ORD-106387,PRD2063,4,153.91,615.64,usd
OL512660,ORD-107333,PRD2086,999,53.01,52956.99,USD
OL512661,ORD-108625,PRD2060,-1,67.75,,GBP
OL512662,ORD-103654,PRD2130,-1,334.37,,US Dollar
OL512663,ORD-102939,PRD2052,4,78.31,313.24,GBP
OL512664,ORD-103010,PRD2135,4,203.09,812.36,GBP
OL512665,ORD-104375,PRD2164,2,279.71,559.42,usd
OL512666,ORD-100135,PRD2134,-1,493.44,,EUR
OL512667,ORD-106390,PRD2132,4,444.26,1777.04,USD
OL512668,ORD-104419,PRD2004,0,224.15,,NGN
OL512669,ORD-100175,PRD2168,1,45.04,45.04,US Dollar
OL512670,ORD-104112,PRD2039,1,131.7,131.7,US Dollar
OL512671,ORD-100950,PRD2059,4,365.86,1463.44,GBP
OL512672,ORD-103540,PRD2016,-1,78.9,,NGN
OL512673,ORD-103261,PRD2232,3,8.01,24.03,EUR
OL512674,ORD-102640,PRD2076,1,167.45,167.45,USD
OL512675,ORD-104485,PRD2066,1,46.63,46.63,USD
OL512676,ORD-100395,PRD2130,3,113.99,341.97,NGN
OL512677,ORD-107175,PRD2016,3,351.32,1053.96,usd
OL512678,ORD-105027,PRD2171,4,289.72,1158.88,NGN
OL512679,ORD-105293,PRD2065,3,63.98,191.94,USD
OL512680,ORD-101911,PRD2159,0,147.2,,USD
OL512681,ORD-105846,PRD2179,2,362.23,724.46,NGN
OL512682,ORD-108417,PRD2097,1,385.98,385.98,US Dollar
OL512683,ORD-106297,PRD2192,3,88.07,264.21,USD
OL512684,ORD-106924,PRD2154,5,25.39,126.95,usd
OL512685,ORD-108202,PRD2138,3,439.97,1319.91,NGN
OL512686,ORD-107266,PRD2232,-1,309.09,,US Dollar
OL512687,ORD-102176,PRD2209,0,369.77,,usd
OL512688,ORD-107097,PRD2106,1,130.29,130.29,USD
OL512689,ORD-103235,PRD2065,1,96.89,96.89,usd
OL512690,ORD-100337,PRD2110,2,431.64,863.28,GBP
OL512691,ORD-100581,PRD2164,0,$4.59,,EUR
OL512692,ORD-105591,PRD2049,2,131.1,262.2,USD
OL512693,ORD-102211,PRD2248,1,486.08,486.08,GBP
OL512694,ORD-108334,PRD2169,5,354.12,1770.6,NGN
OL512695,ORD-101482,PRD2041,5,120.46,602.3,USD
OL512696,ORD-100462,PRD2161,5,426.41,2132.05,NGN
OL512697,ORD-101114,PRD2071,2,315.01,630.02,US Dollar
OL512698,ORD-102915,PRD2112,3,395.6,1186.8,GBP
OL512699,ORD-107257,PRD2221,2,415.91,831.82,usd
OL512700,ORD-105071,PRD2180,4,20.4,81.6,USD
OL512701,ORD-101593,PRD2149,2,123.74,247.48,USD
OL512702,ORD-106910,PRD2145,2,14.14,28.28,USD
OL512703,ORD-103858,PRD2084,1,474.86,474.86,GBP
OL512704,ORD-104938,PRD2239,0,$347.68,,GBP
OL512705,ORD-104325,PRD2246,1,4.94,4.94,EUR
OL512706,ORD-104016,PRD2210,4,137.6,550.4,NGN
OL512707,ORD-107173,PRD2022,1,423.45,423.45,NGN
OL512708,ORD-103868,PRD2032,999,$381.61,381228.39,EUR
OL512709,ORD-106333,PRD2245,0,170.26,,EUR
OL512710,ORD-104009,PRD2106,3,396.86,1190.58,NGN
OL512711,ORD-108492,PRD2097,5,184.35,921.75,EUR
OL512712,ORD-100924,PRD9298,0,$77.61,,EUR
OL512713,ORD-106403,PRD2215,1,34.92,34.92,NGN
OL512714,ORD-105663,PRD2105,3,303.44,910.32,USD
OL512715,ORD-100896,PRD2239,-1,247.48,,GBP
OL512716,ORD-108935,PRD2054,0,265.55,,GBP
OL512717,ORD-100696,PRD2125,0,453.26,,GBP
OL512718,ORD-105561,PRD2214,5,277.56,1387.8,GBP
OL512719,ORD-108635,PRD2230,999,347.8,347452.2,EUR
OL512720,ORD-105322,PRD2144,3,172.67,518.01,EUR
OL512721,ORD-100868,PRD2212,0,356.02,,GBP
OL512722,ORD-103872,PRD2004,999,418.91,418491.09,NGN
OL512723,ORD-100728,PRD2174,-1,494.56,,usd
OL512724,ORD-101414,PRD2107,999,189.32,189130.68,GBP
OL512725,ORD-105236,PRD2096,0,159.04,,US Dollar
OL512726,ORD-105354,PRD2184,3,$50.92,152.76,NGN
OL512727,ORD-101539,PRD2209,3,379.56,1138.68,usd
OL512728,ORD-105070,PRD2001,5,65.95,329.75,US Dollar
OL512729,ORD-107984,PRD2024,0,$399.71,,NGN
OL512730,ORD-105374,PRD2065,0,468.88,,USD
OL512731,ORD-101854,PRD2164,5,115.94,579.7,GBP
OL512732,ORD-100680,PRD2240,4,335.13,1340.52,GBP
OL512733,ORD-105732,PRD2120,1,5.75,5.75,USD
OL512734,ORD-104034,PRD2058,3,50.49,151.47,EUR
OL512735,ORD-100889,PRD2023,2,$104.49,208.98,USD
OL512736,ORD-100538,PRD2179,4,$272.97,1091.88,USD
OL512737,ORD-105702,PRD2096,4,251.6,1006.4,usd
OL512738,ORD-107008,PRD2016,3,94.07,282.21,EUR
OL512739,ORD-100303,PRD2218,4,$452.93,1811.72,GBP
OL512740,ORD-100278,PRD2082,3,$345.24,1035.72,USD
OL512741,ORD-105863,PRD2049,4,304.41,1217.64,GBP
OL512742,ORD-101565,PRD2206,2,116.01,232.02,GBP
OL512743,ORD-101303,PRD2045,5,$331.3,1656.5,usd
OL512744,ORD-103641,PRD2056,0,369.51,,USD
OL512745,ORD-103426,PRD2122,5,63.63,318.15,EUR
OL512746,ORD-108691,PRD2124,4,42.92,171.68,GBP
OL512747,ORD-105735,PRD2087,2,197.84,395.68,USD
OL512748,ORD-103745,PRD2055,5,497.72,2488.6,usd
OL512749,ORD-103588,PRD2198,-1,321.01,,USD
OL512750,ORD-100314,PRD2021,1,297.77,297.77,usd
OL512751,ORD-104028,PRD2235,5,318.93,1594.65,US Dollar
OL512752,ORD-102098,PRD2104,0,437.45,,GBP
OL512753,ORD-107337,PRD2044,2,224.06,448.12,NGN
OL512754,ORD-107404,PRD2147,5,383.66,1918.3,NGN
OL512755,ORD-107015,PRD2029,-1,308.56,,US Dollar
OL512756,ORD-100063,PRD2012,4,417.8,1671.2,USD
OL512757,ORD-104892,PRD2109,3,146.41,439.23,GBP
OL512758,ORD-102494,PRD2224,1,426.66,426.66,usd
OL512759,ORD-101292,PRD2111,-1,190.7,,EUR
OL512760,ORD-103959,PRD2100,1,282.87,282.87,GBP
OL512761,ORD-101546,PRD2182,1,335.48,335.48,usd
OL512762,ORD-104194,PRD2059,4,42.38,169.52,EUR
OL512763,ORD-102832,PRD2158,999,330.02,329689.98,EUR
OL512764,ORD-102646,PRD2082,5,151.61,758.05,GBP
OL512765,ORD-104904,PRD2188,5,$444.05,2220.25,GBP
OL512766,ORD-102768,PRD2167,2,385.36,770.72,US Dollar
OL512767,ORD-108074,PRD2157,1,259.96,259.96,EUR
OL512768,ORD-100755,PRD2091,0,344.71,,usd
OL512769,ORD-100376,PRD2231,5,139.01,695.05,GBP
OL512770,ORD-104706,PRD2010,5,230.36,1151.8,GBP
OL512771,ORD-103755,PRD2246,3,342.11,1026.33,usd
OL512772,ORD-107063,PRD2186,2,270.06,540.12,NGN
OL512773,ORD-100981,PRD2014,0,391.39,,US Dollar
OL512774,ORD-102047,PRD2078,1,$205.35,205.35,EUR
OL512775,ORD-107143,PRD2124,5,$429.84,2149.2,US Dollar
OL512776,ORD-108891,PRD2027,5,386.58,1932.9,US Dollar
OL512777,ORD-100743,PRD2119,4,229.09,916.36,US Dollar
OL512778,ORD-105505,PRD2140,3,151.1,453.3,USD
OL512779,ORD-101306,PRD2153,5,238.9,1194.5,GBP
OL512780,ORD-107863,PRD2189,3,$69.95,209.85,US Dollar
OL512781,ORD-100984,PRD2154,2,$370.72,741.44,usd
OL512782,ORD-106783,PRD2077,999,81.44,81358.56,USD
OL512783,ORD-108774,PRD2027,1,26.42,26.42,USD
OL512784,ORD-104215,PRD2177,5,$296.61,1483.05,US Dollar
OL512785,ORD-107560,PRD2176,3,387.78,1163.34,usd
OL512786,ORD-101964,PRD2201,-1,412.03,,US Dollar
OL512787,ORD-101374,PRD2218,999,466.96,466493.04,usd
OL512788,ORD-104555,PRD2085,0,$345.8,,USD
OL512789,ORD-100497,PRD2191,5,265.91,1329.55,US Dollar
OL512790,ORD-104860,PRD2066,2,117.51,235.02,NGN
OL512791,ORD-104566,PRD2139,2,15.23,30.46,usd
OL512792,ORD-101181,PRD2045,999,387.05,386662.95,EUR
OL512793,ORD-108336,PRD2042,5,71.04,355.2,US Dollar
OL512794,ORD-105382,PRD2200,1,193.69,193.69,GBP
OL512795,ORD-103854,PRD2216,0,225.25,,GBP
OL512796,ORD-103196,PRD2060,1,265.52,265.52,US Dollar
OL512797,ORD-107644,PRD2216,1,439.4,439.4,EUR
OL512798,ORD-106595,PRD2030,2,281.81,563.62,usd
OL512799,ORD-105991,PRD2235,0,$362.64,,USD
OL512800,ORD-102666,PRD2136,5,$12.21,61.05,GBP
OL512801,ORD-104105,PRD2133,-1,199.2,,EUR
OL512802,ORD-105976,PRD2141,-1,$199.66,,usd
OL512803,ORD-100905,PRD2145,2,242.06,484.12,usd
OL512804,ORD-108116,PRD2198,0,408.38,,usd
OL512805,ORD-107099,PRD2222,2,372.18,744.36,GBP
OL512806,ORD-105323,PRD2028,999,254.9,254645.1,USD
OL512807,ORD-102549,PRD2063,5,351.0,1755.0,USD
OL512808,ORD-102461,PRD2134,999,365.65,365284.35,GBP
OL512809,ORD-107779,PRD2214,3,422.74,1268.22,NGN
OL512810,ORD-103317,PRD2001,1,177.83,177.83,NGN
OL512811,ORD-106066,PRD2107,0,49.18,,NGN
OL512812,ORD-103007,PRD2162,4,106.12,424.48,NGN
OL512813,ORD-104708,PRD2148,5,71.34,356.7,NGN
OL512814,ORD-106633,PRD2170,3,374.29,1122.87,USD
OL512815,ORD-106233,PRD2126,1,225.02,225.02,usd
OL512816,ORD-105447,PRD2054,-1,256.95,,GBP
OL512817,ORD-100776,PRD2149,3,$3.6,10.8,EUR
OL512818,ORD-100069,PRD2033,4,7.65,30.6,US Dollar
OL512819,ORD-108926,PRD2066,1,177.33,177.33,EUR
OL512820,ORD-102913,PRD2119,0,349.67,,EUR
OL512821,ORD-102302,PRD2199,3,253.72,761.16,US Dollar
OL512822,ORD-102029,PRD2079,4,339.67,1358.68,USD
OL512823,ORD-105528,PRD2037,3,62.98,188.94,EUR
OL512824,ORD-106182,PRD2005,2,15.34,30.68,usd
OL512825,ORD-103057,PRD2125,4,390.19,1560.76,US Dollar
OL512826,ORD-105437,PRD2244,5,380.9,1904.5,NGN
OL512827,ORD-105958,PRD2122,3,196.78,590.34,USD
OL512828,ORD-107053,PRD2038,1,$312.48,312.48,US Dollar
OL512829,ORD-102495,PRD2038,-1,189.9,,US Dollar
OL512830,ORD-103707,PRD2087,3,104.65,313.95,US Dollar
OL512831,ORD-103658,PRD2118,1,$371.81,371.81,USD
OL512832,ORD-106369,PRD2100,4,$28.6,114.4,NGN
OL512833,ORD-101309,PRD2066,3,$323.03,969.09,usd
OL512834,ORD-101396,PRD2245,4,236.44,945.76,GBP
OL512835,ORD-105129,PRD2199,1,$482.43,482.43,US Dollar
OL512836,ORD-104865,PRD2244,999,305.32,305014.68,EUR
OL512837,ORD-105899,PRD2211,4,223.23,892.92,usd
OL512838,ORD-105574,PRD2214,1,178.35,178.35,GBP
OL512839,ORD-108359,PRD2142,3,$365.56,1096.68,US Dollar
OL512840,ORD-100487,PRD2090,0,422.45,,US Dollar
OL512841,ORD-107061,PRD2193,2,279.46,558.92,EUR
OL512842,ORD-102421,PRD2001,1,320.42,320.42,usd
OL512843,ORD-108780,PRD2146,999,420.06,419639.94,NGN
OL512844,ORD-108643,PRD2113,5,385.03,1925.15,usd
OL512845,ORD-100433,PRD2023,3,396.59,1189.77,US Dollar
OL512846,ORD-103705,PRD2133,2,117.06,234.12,US Dollar
OL512847,ORD-100758,PRD2029,5,378.58,1892.9,NGN
OL512848,ORD-101849,PRD2073,2,333.08,666.16,EUR
OL512849,ORD-100332,PRD2079,5,499.77,2498.85,NGN
OL512850,ORD-104816,PRD2031,999,244.6,244355.4,NGN
OL512851,ORD-100435,PRD2098,-1,$93.9,,EUR
OL512852,ORD-101618,PRD2167,1,324.75,324.75,USD
OL512853,ORD-103573,PRD2210,0,177.1,,US Dollar
OL512854,ORD-101036,PRD2064,4,486.59,1946.36,GBP
OL512855,ORD-107211,PRD2124,4,181.62,726.48,EUR
OL512856,ORD-102884,PRD2085,5,116.46,582.3,NGN
OL512857,ORD-106702,PRD2081,2,$173.92,347.84,USD
OL512858,ORD-100037,PRD2120,2,369.98,739.96,usd
OL512859,ORD-100527,PRD2077,-1,217.98,,NGN
OL512860,ORD-102164,PRD2116,0,453.29,,EUR
OL512861,ORD-100562,PRD2217,-1,112.34,,USD
OL512862,ORD-105161,PRD2077,0,127.0,,NGN
OL512863,ORD-108175,PRD2176,5,421.36,2106.8,US Dollar
OL512864,ORD-103029,PRD2195,4,333.06,1332.24,GBP
OL512865,ORD-103815,PRD2136,0,146.4,,GBP
OL512866,ORD-106049,PRD2142,4,394.28,1577.12,USD
OL512867,ORD-101012,PRD2012,4,32.21,128.84,US Dollar
OL512868,ORD-101862,PRD2159,4,226.5,906.0,USD
OL512869,ORD-106869,PRD2012,0,446.06,,US Dollar
OL512870,ORD-103226,PRD2238,1,350.23,350.23,GBP
OL512871,ORD-101036,PRD2220,0,58.1,,US Dollar
OL512872,ORD-107313,PRD2187,999,19.8,19780.2,usd
OL512873,ORD-104520,PRD2121,5,173.56,867.8,EUR
OL512874,ORD-103728,PRD2090,0,384.43,,GBP
OL512875,ORD-103680,PRD2110,4,297.18,1188.72,usd
OL512876,ORD-105832,PRD2158,1,487.49,487.49,GBP
OL512877,ORD-102618,PRD2180,5,270.21,1351.05,USD
OL512878,ORD-101119,PRD2008,1,369.43,369.43,NGN
OL512879,ORD-107892,PRD2186,4,$97.0,388.0,GBP
OL512880,ORD-105507,PRD2038,5,25.34,126.7,GBP
OL512881,ORD-101409,PRD2246,999,211.4,211188.6,EUR
OL512882,ORD-100689,PRD2144,4,437.96,1751.84,US Dollar
OL512883,ORD-108107,PRD2010,5,119.14,595.7,GBP
OL512884,ORD-108810,PRD2104,4,466.11,1864.44,NGN
OL512885,ORD-104429,PRD2039,5,43.77,218.85,EUR
OL512886,ORD-107553,PRD2004,1,27.32,27.32,US Dollar
OL512887,ORD-108806,PRD2105,3,326.13,978.39,usd
OL512888,ORD-107589,PRD2121,4,159.8,639.2,GBP
OL512889,ORD-106295,PRD2048,1,264.09,264.09,US Dollar
OL512890,ORD-104269,PRD2065,3,$92.21,276.63,usd
OL512891,ORD-102280,PRD2241,5,228.03,1140.15,USD
OL512892,ORD-107465,PRD2220,0,67.72,,USD
OL512893,ORD-108383,PRD2110,4,367.53,1470.12,USD
OL512894,ORD-105764,PRD2067,-1,229.81,,GBP
OL512895,ORD-102060,PRD2069,1,316.04,316.04,usd
OL512896,ORD-107900,PRD2108,4,143.19,572.76,US Dollar
OL512897,ORD-101186,PRD2182,999,181.42,181238.58,US Dollar
OL512898,ORD-107705,PRD2241,3,$140.0,420.0,EUR
OL512899,ORD-106496,PRD2249,4,56.0,224.0,GBP
OL512900,ORD-107739,PRD2245,2,294.03,588.06,USD
OL512901,ORD-107626,PRD2186,5,127.25,636.25,EUR
OL512902,ORD-100235,PRD2198,1,385.23,385.23,US Dollar
OL512903,ORD-103551,PRD2019,5,395.28,1976.4,usd
OL512904,ORD-103763,PRD2224,2,129.19,258.38,EUR
OL512905,ORD-101890,PRD2175,5,$91.18,455.9,GBP
OL512906,ORD-100190,PRD2163,3,418.67,1256.01,US Dollar
OL512907,ORD-107473,PRD2021,2,369.39,738.78,USD
OL512908,ORD-108107,PRD2112,5,145.47,727.35,USD
OL512909,ORD-100214,PRD2033,3,170.57,511.71,US Dollar
OL512910,ORD-104265,PRD2246,-1,396.97,,EUR
OL512911,ORD-102588,PRD2241,5,201.29,1006.45,usd
OL512912,ORD-101608,PRD2094,999,384.57,384185.43,USD
OL512913,ORD-101859,PRD2062,0,320.59,,usd
OL512914,ORD-106022,PRD2094,1,260.21,260.21,GBP
OL512915,ORD-100465,PRD2013,5,468.14,2340.7,GBP
OL512916,ORD-102002,PRD2216,5,398.39,1991.95,EUR
OL512917,ORD-107569,PRD2129,3,279.36,838.08,EUR
OL512918,ORD-101135,PRD2169,4,101.73,406.92,usd
OL512919,ORD-103886,PRD2090,0,77.5,,GBP
OL512920,ORD-103102,PRD2033,3,357.71,1073.13,usd
OL512921,ORD-102958,PRD2229,999,116.92,116803.08,US Dollar
OL512922,ORD-101289,PRD2122,1,323.09,323.09,usd
OL512923,ORD-101585,PRD2128,1,$445.91,445.91,EUR
OL512924,ORD-104927,PRD2016,-1,444.9,,usd
OL512925,ORD-101522,PRD2137,5,96.25,481.25,EUR
OL512926,ORD-103036,PRD2222,3,484.94,1454.82,usd
OL512927,ORD-104093,PRD2125,4,309.94,1239.76,NGN
OL512928,ORD-101966,PRD2215,5,282.07,1410.35,US Dollar
OL512929,ORD-108207,PRD2202,999,390.87,390479.13,EUR
OL512930,ORD-101330,PRD2081,-1,2.24,,GBP
OL512931,ORD-100744,PRD2092,5,249.65,1248.25,USD
OL512932,ORD-104135,PRD2166,3,61.34,184.02,US Dollar
OL512933,ORD-103732,PRD2236,2,265.64,531.28,usd
OL512934,ORD-100981,PRD2159,5,248.8,1244.0,USD
OL512935,ORD-101747,PRD2011,-1,180.85,,usd
OL512936,ORD-102488,PRD2139,-1,468.45,,usd
OL512937,ORD-105194,PRD2041,5,194.65,973.25,EUR
OL512938,ORD-104120,PRD2124,3,3.02,9.06,GBP
OL512939,ORD-103868,PRD2222,2,274.9,549.8,usd
OL512940,ORD-100419,PRD2111,3,83.07,249.21,US Dollar
OL512941,ORD-103476,PRD2061,5,277.9,1389.5,EUR
OL512942,ORD-102341,PRD2248,5,367.04,1835.2,USD
OL512943,ORD-104952,PRD2152,1,267.63,267.63,usd
OL512944,ORD-108650,PRD2019,2,112.15,224.3,NGN
OL512945,ORD-101867,PRD2039,5,13.16,65.8,GBP
OL512946,ORD-103096,PRD2230,-1,119.75,,GBP
OL512947,ORD-105378,PRD2143,3,136.84,410.52,EUR
OL512948,ORD-100637,PRD2071,2,411.02,822.04,USD
OL512949,ORD-100780,PRD2095,2,480.07,960.14,GBP
OL512950,ORD-108313,PRD9350,1,335.92,335.92,usd
OL512951,ORD-100882,PRD2075,5,357.99,1789.95,EUR
OL512952,ORD-106287,PRD2240,0,38.17,,GBP
OL512953,ORD-102140,PRD2072,5,309.1,1545.5,USD
OL512954,ORD-108418,PRD2071,4,$474.66,1898.64,usd
OL512955,ORD-102392,PRD2140,5,107.79,538.95,usd
OL512956,ORD-105674,PRD2129,1,12.38,12.38,usd
OL512957,ORD-102390,PRD2220,999,477.76,477282.24,GBP
OL512958,ORD-101224,PRD2122,0,252.71,,GBP
OL512959,ORD-104413,PRD2080,999,373.46,373086.54,USD
OL512960,ORD-101267,PRD2111,4,129.8,519.2,USD
OL512961,ORD-108583,PRD2127,2,363.58,727.16,EUR
OL512962,ORD-107641,PRD2095,999,463.78,463316.22,usd
OL512963,ORD-101024,PRD2195,0,447.54,,US Dollar
OL512964,ORD-105073,PRD2112,4,$231.85,927.4,NGN
OL512965,ORD-101777,PRD2001,4,454.14,1816.56,usd
OL512966,ORD-107954,PRD2132,0,168.79,,NGN
OL512967,ORD-102841,PRD2060,0,162.42,,NGN
OL512968,ORD-107207,PRD2040,999,4.12,4115.88,US Dollar
OL512969,ORD-103233,PRD2231,5,$66.94,334.7,EUR
OL512970,ORD-103958,PRD2188,4,296.16,1184.64,EUR
OL512971,ORD-108406,PRD2068,-1,23.01,,EUR
OL512972,ORD-106557,PRD2079,4,438.55,1754.2,EUR
OL512973,ORD-107115,PRD2086,3,411.81,1235.43,NGN
OL512974,ORD-108744,PRD2081,3,433.02,1299.06,GBP
OL512975,ORD-105379,PRD2001,0,457.85,,US Dollar
OL512976,ORD-103724,PRD2242,2,308.18,616.36,USD
OL512977,ORD-103224,PRD2089,4,340.37,1361.48,USD
OL512978,ORD-104728,PRD2058,1,$312.09,312.09,usd
OL512979,ORD-108050,PRD2195,2,339.24,678.48,NGN
OL512980,ORD-105538,PRD2095,1,187.71,187.71,GBP
OL512981,ORD-105944,PRD2059,5,221.58,1107.9,usd
OL512982,ORD-100971,PRD2082,0,308.39,,NGN
OL512983,ORD-103765,PRD2218,3,67.78,203.34,USD
OL512984,ORD-105030,PRD2139,5,10.7,53.5,EUR
OL512985,ORD-103267,PRD2158,3,217.82,653.46,USD
OL512986,ORD-106004,PRD2151,-1,435.21,,EUR
OL512987,ORD-105356,PRD2030,1,385.42,385.42,USD
OL512988,ORD-106867,PRD2170,0,156.74,,US Dollar
OL512989,ORD-105748,PRD2196,3,431.77,1295.31,GBP
OL512990,ORD-107593,PRD2095,1,60.78,60.78,usd
OL512991,ORD-100827,PRD2165,5,177.03,885.15,EUR
OL512992,ORD-101930,PRD2039,4,279.54,1118.16,US Dollar
OL512993,ORD-108071,PRD2206,0,489.72,,USD
OL512994,ORD-100066,PRD2069,1,447.15,447.15,USD
OL512995,ORD-107762,PRD2120,4,466.92,1867.68,usd
OL512996,ORD-107007,PRD2055,5,64.7,323.5,NGN
OL512997,ORD-104652,PRD2025,5,479.95,2399.75,usd
OL512998,ORD-104887,PRD2020,1,137.08,137.08,GBP
OL512999,ORD-105566,PRD2219,5,23.78,118.9,NGN
OL513000,ORD-101119,PRD2064,-1,42.79,,EUR
OL513001,ORD-105166,PRD2184,1,458.55,458.55,GBP
OL513002,ORD-105321,PRD2197,3,457.33,1371.99,usd
OL513003,ORD-101649,PRD2073,5,36.07,180.35,US Dollar
OL513004,ORD-105701,PRD2045,4,$343.3,1373.2,usd
OL513005,ORD-103578,PRD2159,999,113.48,113366.52,usd
OL513006,ORD-106517,PRD2143,3,298.68,896.04,EUR
OL513007,ORD-101608,PRD2028,2,445.8,891.6,EUR
OL513008,ORD-104220,PRD2116,-1,234.71,,usd
OL513009,ORD-102740,PRD2115,2,395.3,790.6,USD
OL513010,ORD-100562,PRD2213,5,361.49,1807.45,GBP
OL513011,ORD-106394,PRD2006,-1,353.58,,EUR
OL513012,ORD-107575,PRD2179,-1,$278.1,,USD
OL513013,ORD-101438,PRD2161,2,214.34,428.68,usd
OL513014,ORD-105231,PRD2082,5,268.18,1340.9,NGN
OL513015,ORD-102350,PRD2098,-1,2.07,,GBP
OL513016,ORD-103511,PRD2146,2,241.93,483.86,usd
OL513017,ORD-101614,PRD2244,3,231.12,693.36,usd
OL513018,ORD-101386,PRD2055,999,431.51,431078.49,NGN
OL513019,ORD-106404,PRD2063,999,$313.66,313346.34,EUR
OL513020,ORD-102886,PRD2020,2,85.67,171.34,NGN
OL513021,ORD-100815,PRD2104,3,276.77,830.31,EUR
OL513022,ORD-108626,PRD2018,0,452.65,,US Dollar
OL513023,ORD-107139,PRD2064,4,5.83,23.32,US Dollar
OL513024,ORD-103502,PRD2184,0,353.02,,USD
OL513025,ORD-107337,PRD2006,1,225.21,225.21,EUR
OL513026,ORD-100803,PRD2115,5,8.23,41.15,NGN
OL513027,ORD-103335,PRD2081,0,178.56,,US Dollar
OL513028,ORD-108256,PRD2020,4,247.92,991.68,EUR
OL513029,ORD-100619,PRD2242,3,424.15,1272.45,usd
OL513030,ORD-102618,PRD2142,4,$22.96,91.84,NGN
OL513031,ORD-100501,PRD2084,5,463.42,2317.1,USD
OL513032,ORD-107814,PRD2132,4,$332.97,1331.88,usd
OL513033,ORD-102281,PRD2142,3,286.69,860.07,USD
OL513034,ORD-103715,PRD2247,1,276.93,276.93,US Dollar
OL513035,ORD-101855,PRD2125,-1,264.01,,EUR
OL513036,ORD-101658,PRD2189,4,365.03,1460.12,EUR
OL513037,ORD-104525,PRD2087,2,76.26,152.52,EUR
OL513038,ORD-105643,PRD2121,3,11.96,35.88,US Dollar
OL513039,ORD-106600,PRD2223,2,$394.66,789.32,NGN
OL513040,ORD-106825,PRD2174,1,390.02,390.02,GBP
OL513041,ORD-107913,PRD2023,1,470.73,470.73,usd
OL513042,ORD-100166,PRD2180,-1,64.97,,EUR
OL513043,ORD-107296,PRD2234,2,135.97,271.94,NGN
OL513044,ORD-101522,PRD2103,999,84.94,84855.06,US Dollar
OL513045,ORD-105815,PRD2030,999,194.47,194275.53,GBP
OL513046,ORD-104470,PRD2187,2,187.32,374.64,US Dollar
OL513047,ORD-101475,PRD2078,1,281.33,281.33,NGN
OL513048,ORD-108715,PRD2144,1,198.44,198.44,NGN
OL513049,ORD-103973,PRD2138,0,273.62,,EUR
OL513050,ORD-105126,PRD2122,5,200.88,1004.4,US Dollar
OL513051,ORD-103356,PRD2236,999,205.42,205214.58,EUR
OL513052,ORD-106891,PRD2065,0,154.63,,US Dollar
OL513053,ORD-103480,PRD2207,2,249.73,499.46,GBP
OL513054,ORD-101441,PRD2135,2,397.02,794.04,GBP
OL513055,ORD-101561,PRD2103,2,132.86,265.72,GBP
OL513056,ORD-101001,PRD2120,999,$33.64,33606.36,EUR
OL513057,ORD-101976,PRD2220,3,210.7,632.1,US Dollar
OL513058,ORD-108319,PRD2208,2,168.37,336.74,NGN
OL513059,ORD-107769,PRD2173,1,444.4,444.4,NGN
OL513060,ORD-107632,PRD2221,1,206.53,206.53,USD
OL513061,ORD-104608,PRD2236,0,362.36,,usd
OL513062,ORD-104709,PRD2159,999,$227.58,227352.42,US Dollar
OL513063,ORD-100921,PRD2094,3,$369.29,1107.87,usd
OL513064,ORD-102193,PRD2181,4,366.57,1466.28,US Dollar
OL513065,ORD-103730,PRD2062,4,229.16,916.64,usd
OL513066,ORD-104302,PRD2037,2,$235.48,470.96,usd
OL513067,ORD-105568,PRD2199,3,328.33,984.99,USD
OL513068,ORD-108050,PRD2147,4,139.99,559.96,US Dollar
OL513069,ORD-102325,PRD2237,3,238.3,714.9,usd
OL513070,ORD-100917,PRD2082,0,282.91,,usd
OL513071,ORD-101825,PRD2113,1,243.64,243.64,GBP
OL513072,ORD-103012,PRD2227,0,447.93,,NGN
OL513073,ORD-100701,PRD2033,0,274.93,,EUR
OL513074,ORD-108687,PRD2181,0,302.07,,US Dollar
OL513075,ORD-108925,PRD2184,5,$9.16,45.8,USD
OL513076,ORD-107657,PRD2053,5,438.66,2193.3,GBP
OL513077,ORD-102272,PRD9445,999,222.83,222607.17,EUR
OL513078,ORD-106459,PRD2214,0,384.35,,USD
OL513079,ORD-101909,PRD2235,4,222.09,888.36,US Dollar
OL513080,ORD-101362,PRD2065,999,71.9,71828.1,GBP
OL513081,ORD-101618,PRD2020,1,$426.08,426.08,usd
OL513082,ORD-102274,PRD2049,5,367.78,1838.9,GBP
OL513083,ORD-104721,PRD2059,1,493.96,493.96,GBP
OL513084,ORD-107957,PRD2059,1,120.28,120.28,GBP
OL513085,ORD-101160,PRD2015,2,389.18,778.36,EUR
OL513086,ORD-104188,PRD2220,1,405.95,405.95,USD
OL513087,ORD-103646,PRD2148,3,218.42,655.26,NGN
OL513088,ORD-103478,PRD2231,3,124.1,372.3,usd
OL513089,ORD-107360,PRD2152,2,10.52,21.04,GBP
OL513090,ORD-103837,PRD2243,999,338.5,338161.5,usd
OL513091,ORD-102663,PRD2197,2,480.22,960.44,NGN
OL513092,ORD-103103,PRD2001,2,140.55,281.1,GBP
OL513093,ORD-106741,PRD2228,3,190.71,572.13,EUR
OL513094,ORD-106661,PRD2152,2,35.93,71.86,USD
OL513095,ORD-106431,PRD2054,3,314.16,942.48,NGN
OL513096,ORD-103005,PRD2135,3,$165.42,496.26,usd
OL513097,ORD-106439,PRD2078,999,46.52,46473.48,usd
OL513098,ORD-107064,PRD2168,4,28.09,112.36,usd
OL513099,ORD-106452,PRD2203,2,$482.57,965.14,usd
OL513100,ORD-105936,PRD2132,4,106.19,424.76,usd
OL513101,ORD-102252,PRD2011,1,19.53,19.53,GBP
OL513102,ORD-103735,PRD2110,0,492.05,,USD
OL513103,ORD-106856,PRD2067,2,409.77,819.54,EUR
OL513104,ORD-102451,PRD2060,2,452.4,904.8,GBP
OL513105,ORD-105564,PRD2112,3,343.48,1030.44,USD
OL513106,ORD-104191,PRD2150,2,$289.16,578.32,EUR
OL513107,ORD-103607,PRD2138,0,451.47,,NGN
OL513108,ORD-106474,PRD2035,4,115.78,463.12,USD
OL513109,ORD-102472,PRD2107,4,232.1,928.4,USD
OL513110,ORD-100308,PRD2199,3,139.44,418.32,US Dollar
OL513111,ORD-107663,PRD2014,1,$478.42,478.42,US Dollar
OL513112,ORD-107449,PRD2139,3,282.24,846.72,US Dollar
OL513113,ORD-100648,PRD2009,2,447.18,894.36,US Dollar
OL513114,ORD-105409,PRD2164,5,116.55,582.75,US Dollar
OL513115,ORD-107469,PRD2160,0,$388.1,,GBP
OL513116,ORD-107257,PRD2219,-1,194.58,,NGN
OL513117,ORD-100268,PRD2221,4,84.21,336.84,usd
OL513118,ORD-102420,PRD2226,2,220.09,440.18,US Dollar
OL513119,ORD-107065,PRD2002,4,76.01,304.04,NGN
OL513120,ORD-101036,PRD2150,0,174.07,,NGN
OL513121,ORD-100193,PRD2187,-1,$460.87,,USD
OL513122,ORD-105454,PRD2221,1,$32.18,32.18,US Dollar
OL513123,ORD-108436,PRD2234,1,147.31,147.31,US Dollar
OL513124,ORD-103242,PRD2067,1,192.34,192.34,US Dollar
OL513125,ORD-108190,PRD2200,5,$420.78,2103.9,US Dollar
OL513126,ORD-106211,PRD2011,5,409.36,2046.8,GBP
OL513127,ORD-108896,PRD2107,3,53.65,160.95,usd
OL513128,ORD-101819,PRD2105,0,256.99,,GBP
OL513129,ORD-104785,PRD2244,5,169.36,846.8,usd
OL513130,ORD-104645,PRD2070,999,207.46,207252.54,usd
OL513131,ORD-102926,PRD2072,0,384.55,,GBP
OL513132,ORD-106800,PRD2070,5,457.82,2289.1,NGN
OL513133,ORD-107562,PRD2066,5,$88.17,440.85,usd
OL513134,ORD-103320,PRD2186,5,241.92,1209.6,EUR
OL513135,ORD-104193,PRD2232,3,190.09,570.27,EUR
OL513136,ORD-106788,PRD2201,1,124.22,124.22,GBP
OL513137,ORD-100027,PRD2128,-1,381.78,,US Dollar
OL513138,ORD-101487,PRD2087,3,486.36,1459.08,GBP
OL513139,ORD-107218,PRD2181,0,179.99,,usd
OL513140,ORD-108894,PRD2155,1,441.45,441.45,US Dollar
OL513141,ORD-103315,PRD2150,-1,297.36,,US Dollar
OL513142,ORD-103968,PRD2223,3,329.19,987.57,NGN
OL513143,ORD-102914,PRD2192,-1,56.47,,GBP
OL513144,ORD-102470,PRD2158,5,153.46,767.3,GBP
OL513145,ORD-106624,PRD2199,0,487.35,,USD
OL513146,ORD-100760,PRD2213,4,370.24,1480.96,usd
OL513147,ORD-100280,PRD2049,5,75.97,379.85,US Dollar
OL513148,ORD-108966,PRD2113,4,80.21,320.84,USD
OL513149,ORD-106343,PRD2103,5,58.53,292.65,US Dollar
OL513150,ORD-106565,PRD2148,0,389.5,,US Dollar
OL513151,ORD-100740,PRD2162,2,248.25,496.5,NGN
OL513152,ORD-108015,PRD2183,2,141.97,283.94,NGN
OL513153,ORD-107485,PRD2092,1,228.05,228.05,US Dollar
OL513154,ORD-106087,PRD2109,0,157.3,,EUR
OL513155,ORD-103677,PRD2202,1,420.55,420.55,USD
OL513156,ORD-100815,PRD2071,3,274.6,823.8,USD
OL513157,ORD-107445,PRD2097,0,80.35,,NGN
OL513158,ORD-108391,PRD2094,2,457.99,915.98,GBP
OL513159,ORD-100570,PRD2106,4,383.02,1532.08,EUR
OL513160,ORD-100497,PRD2140,5,279.64,1398.2,usd
OL513161,ORD-105842,PRD2025,4,182.12,728.48,USD
OL513162,ORD-102450,PRD2156,4,363.77,1455.08,US Dollar
OL513163,ORD-108762,PRD2172,5,$197.89,989.45,USD
OL513164,ORD-104324,PRD2227,0,283.16,,usd
OL513165,ORD-102998,PRD2142,3,101.02,303.06,GBP
OL513166,ORD-107951,PRD2111,5,$373.44,1867.2,NGN
OL513167,ORD-101031,PRD2215,3,223.73,671.19,USD
OL513168,ORD-107917,PRD2006,2,463.5,927.0,EUR
OL513169,ORD-108114,PRD2216,2,8.33,16.66,USD
OL513170,ORD-107907,PRD2037,999,140.99,140849.01,EUR
OL513171,ORD-106639,PRD2038,1,$255.92,255.92,usd
OL513172,ORD-101330,PRD2223,999,$333.64,333306.36,usd
OL513173,ORD-101241,PRD2217,-1,$241.77,,GBP
OL513174,ORD-100800,PRD9892,2,232.7,465.4,US Dollar
OL513175,ORD-102895,PRD2123,0,$444.86,,USD
OL513176,ORD-104375,PRD2218,2,188.94,377.88,US Dollar
OL513177,ORD-105566,PRD2139,2,123.75,247.5,usd
OL513178,ORD-108559,PRD2200,999,416.04,415623.96,NGN
OL513179,ORD-100095,PRD2162,1,182.6,182.6,NGN
OL513180,ORD-102513,PRD2067,999,13.89,13876.11,USD
OL513181,ORD-100703,PRD2125,1,65.79,65.79,NGN
OL513182,ORD-101237,PRD2106,0,$86.21,,usd
OL513183,ORD-100328,PRD2182,999,60.41,60349.59,USD
OL513184,ORD-100491,PRD2014,1,255.56,255.56,NGN
OL513185,ORD-104092,PRD2160,4,123.26,493.04,US Dollar
OL513186,ORD-103308,PRD2127,5,$469.99,2349.95,US Dollar
OL513187,ORD-108625,PRD2144,-1,410.73,,EUR
OL513188,ORD-101237,PRD2235,0,$389.97,,EUR
OL513189,ORD-107003,PRD2080,3,250.44,751.32,usd
OL513190,ORD-104683,PRD2063,2,142.95,285.9,GBP
OL513191,ORD-103223,PRD2046,1,$68.59,68.59,USD
OL513192,ORD-104261,PRD2180,1,325.23,325.23,usd
OL513193,ORD-105737,PRD2202,0,353.96,,USD
OL513194,ORD-102916,PRD2109,-1,160.44,,EUR
OL513195,ORD-103670,PRD2044,2,76.75,153.5,NGN
OL513196,ORD-102300,PRD2165,4,58.84,235.36,GBP
OL513197,ORD-105719,PRD2218,3,240.48,721.44,NGN
OL513198,ORD-103641,PRD2240,3,240.15,720.45,US Dollar
OL513199,ORD-100735,PRD2057,-1,489.19,,NGN
OL513200,ORD-107776,PRD2142,999,354.35,353995.65,NGN
OL513201,ORD-108612,PRD2104,2,59.84,119.68,USD
OL513202,ORD-102237,PRD2109,1,373.38,373.38,EUR
OL513203,ORD-101216,PRD2138,3,$55.22,165.66,NGN
OL513204,ORD-102363,PRD2013,5,438.77,2193.85,USD
OL513205,ORD-103797,PRD2016,4,290.66,1162.64,NGN
OL513206,ORD-100445,PRD2097,1,402.19,402.19,usd
OL513207,ORD-105932,PRD2059,3,363.97,1091.91,EUR
OL513208,ORD-106234,PRD2103,1,28.79,28.79,US Dollar
OL513209,ORD-106468,PRD2071,4,426.94,1707.76,GBP
OL513210,ORD-104327,PRD2182,2,302.24,604.48,US Dollar
OL513211,ORD-104197,PRD2077,1,262.44,262.44,EUR
OL513212,ORD-100160,PRD2029,4,17.91,71.64,EUR
OL513213,ORD-106352,PRD2102,1,450.41,450.41,EUR
OL513214,ORD-103429,PRD2078,1,$419.53,419.53,GBP
OL513215,ORD-103452,PRD2250,1,471.3,471.3,US Dollar
OL513216,ORD-100775,PRD2107,4,7.18,28.72,US Dollar
OL513217,ORD-108103,PRD2178,5,366.62,1833.1,EUR
OL513218,ORD-101675,PRD2006,-1,251.04,,GBP
OL513219,ORD-101683,PRD2066,-1,341.41,,US Dollar
OL513220,ORD-107277,PRD2053,2,260.02,520.04,NGN
OL513221,ORD-101900,PRD2062,5,460.54,2302.7,EUR
OL513222,ORD-101005,PRD2168,1,484.21,484.21,USD
OL513223,ORD-104102,PRD2163,2,400.67,801.34,GBP
OL513224,ORD-108239,PRD2065,-1,220.72,,US Dollar
OL513225,ORD-103911,PRD2249,-1,288.01,,NGN
OL513226,ORD-104610,PRD2019,3,$325.95,977.85,EUR
OL513227,ORD-102029,PRD2106,999,98.3,98201.7,GBP
OL513228,ORD-104484,PRD2176,4,457.68,1830.72,usd
OL513229,ORD-100439,PRD2054,3,110.14,330.42,US Dollar
OL513230,ORD-108803,PRD2213,999,62.27,62207.73,usd
OL513231,ORD-105446,PRD2169,1,215.16,215.16,GBP
OL513232,ORD-104022,PRD2011,3,$389.67,1169.01,GBP
OL513233,ORD-100844,PRD2243,0,222.28,,NGN
OL513234,ORD-100833,PRD2230,3,144.3,432.9,USD
OL513235,ORD-106473,PRD2055,1,$92.09,92.09,USD
OL513236,ORD-106398,PRD2109,999,74.97,74895.03,USD
OL513237,ORD-107653,PRD2169,1,499.21,499.21,usd
OL513238,ORD-108962,PRD2063,4,52.33,209.32,usd
OL513239,ORD-106882,PRD2204,4,328.47,1313.88,USD
OL513240,ORD-103619,PRD2228,999,$340.96,340619.04,GBP
OL513241,ORD-100981,PRD2198,0,24.56,,US Dollar
OL513242,ORD-105226,PRD2121,1,110.83,110.83,US Dollar
OL513243,ORD-104063,PRD2188,3,342.09,1026.27,GBP
OL513244,ORD-100148,PRD2099,4,249.8,999.2,usd
OL513245,ORD-103070,PRD2181,0,115.84,,GBP
OL513246,ORD-103181,PRD2158,0,$169.39,,USD
OL513247,ORD-101521,PRD2246,4,$436.94,1747.76,usd
OL513248,ORD-108437,PRD2230,-1,477.05,,USD
OL513249,ORD-104724,PRD2108,5,477.52,2387.6,USD
OL513250,ORD-105101,PRD2072,999,175.08,174904.92,NGN
OL513251,ORD-108226,PRD2020,2,191.4,382.8,USD
OL513252,ORD-104778,PRD2103,1,$342.02,342.02,US Dollar
OL513253,ORD-101096,PRD2162,2,367.3,734.6,usd
OL513254,ORD-102325,PRD2194,2,436.41,872.82,GBP
OL513255,ORD-101120,PRD2178,4,193.79,775.16,USD
OL513256,ORD-107126,PRD2157,1,$329.38,329.38,US Dollar
OL513257,ORD-100539,PRD2011,2,134.7,269.4,US Dollar
OL513258,ORD-107378,PRD2070,-1,313.49,,USD
OL513259,ORD-108836,PRD2039,1,250.47,250.47,NGN
OL513260,ORD-108762,PRD2012,4,$100.43,401.72,USD
OL513261,ORD-108606,PRD2107,3,$302.14,906.42,US Dollar
OL513262,ORD-106016,PRD2150,3,$268.18,804.54,EUR
OL513263,ORD-100444,PRD2197,3,$108.49,325.47,US Dollar
OL513264,ORD-100073,PRD2157,-1,179.32,,US Dollar
OL513265,ORD-107355,PRD2174,3,375.95,1127.85,GBP
OL513266,ORD-100334,PRD2182,0,435.95,,NGN
OL513267,ORD-107681,PRD2184,4,39.95,159.8,usd
OL513268,ORD-106165,PRD2228,999,122.99,122867.01,NGN
OL513269,ORD-105036,PRD2188,4,245.55,982.2,usd
OL513270,ORD-100115,PRD9208,4,43.54,174.16,US Dollar
OL513271,ORD-105593,PRD2144,1,352.99,352.99,GBP
OL513272,ORD-103018,PRD2075,4,275.46,1101.84,USD
OL513273,ORD-105642,PRD2202,4,72.49,289.96,US Dollar
OL513274,ORD-104920,PRD2181,5,104.11,520.55,usd
OL513275,ORD-106871,PRD2059,4,202.71,810.84,GBP
OL513276,ORD-106982,PRD2139,0,364.86,,GBP
OL513277,ORD-107986,PRD2159,3,216.99,650.97,EUR
OL513278,ORD-107871,PRD2119,5,$29.98,149.9,USD
OL513279,ORD-100231,PRD2174,1,157.23,157.23,EUR
OL513280,ORD-102060,PRD2112,0,190.24,,EUR
OL513281,ORD-104004,PRD2172,3,13.02,39.06,NGN
OL513282,ORD-101890,PRD2128,1,286.81,286.81,GBP
OL513283,ORD-106939,PRD2207,1,424.51,424.51,NGN
OL513284,ORD-105315,PRD2099,0,$227.69,,NGN
OL513285,ORD-100660,PRD2176,1,301.16,301.16,NGN
OL513286,ORD-104784,PRD2152,5,207.11,1035.55,EUR
OL513287,ORD-103362,PRD2070,3,335.15,1005.45,USD
OL513288,ORD-108901,PRD2141,1,360.59,360.59,usd
OL513289,ORD-106388,PRD2090,1,159.31,159.31,EUR
OL513290,ORD-108232,PRD2105,1,182.16,182.16,US Dollar
OL513291,ORD-107498,PRD2223,1,91.78,91.78,USD
OL513292,ORD-106461,PRD2096,999,356.21,355853.79,usd
OL513293,ORD-105057,PRD2078,0,465.79,,EUR
OL513294,ORD-100753,PRD2229,5,318.55,1592.75,EUR
OL513295,ORD-108275,PRD9693,-1,470.6,,US Dollar
OL513296,ORD-106765,PRD2007,2,490.95,981.9,US Dollar
OL513297,ORD-100231,PRD2192,2,325.49,650.98,NGN
OL513298,ORD-105491,PRD2042,3,361.09,1083.27,usd
OL513299,ORD-105471,PRD2149,1,140.1,140.1,EUR
OL513300,ORD-108881,PRD2058,4,122.59,490.36,NGN
OL513301,ORD-108214,PRD2051,1,89.17,89.17,usd
OL513302,ORD-108142,PRD2223,0,95.51,,usd
OL513303,ORD-105089,PRD2063,0,$341.61,,USD
OL513304,ORD-102568,PRD2093,2,211.58,423.16,US Dollar
OL513305,ORD-105853,PRD2191,5,64.21,321.05,usd
OL513306,ORD-108721,PRD2147,1,73.27,73.27,US Dollar
OL513307,ORD-104700,PRD2111,4,40.95,163.8,GBP
OL513308,ORD-102570,PRD2076,4,26.03,104.12,GBP
OL513309,ORD-106954,PRD2220,5,271.62,1358.1,EUR
OL513310,ORD-108786,PRD2118,2,125.1,250.2,NGN
OL513311,ORD-107457,PRD2127,4,13.63,54.52,usd
OL513312,ORD-101025,PRD2170,1,469.23,469.23,US Dollar
OL513313,ORD-107042,PRD2182,-1,48.16,,GBP
OL513314,ORD-108886,PRD2071,5,161.42,807.1,usd
OL513315,ORD-107197,PRD2033,1,265.22,265.22,US Dollar
OL513316,ORD-103143,PRD2020,2,121.86,243.72,usd
OL513317,ORD-106072,PRD2189,-1,307.01,,US Dollar
OL513318,ORD-100975,PRD2146,2,421.21,842.42,USD
OL513319,ORD-106861,PRD2009,999,152.09,151937.91,US Dollar
OL513320,ORD-105486,PRD2008,2,338.09,676.18,USD
OL513321,ORD-108305,PRD2195,2,156.85,313.7,EUR
OL513322,ORD-100648,PRD2014,-1,357.61,,NGN
OL513323,ORD-105514,PRD2045,5,362.65,1813.25,NGN
OL513324,ORD-100741,PRD2244,4,310.04,1240.16,NGN
OL513325,ORD-105168,PRD2229,999,455.14,454684.86,GBP
OL513326,ORD-105094,PRD2228,5,$463.55,2317.75,GBP
OL513327,ORD-101396,PRD2227,999,240.34,240099.66,GBP
OL513328,ORD-108702,PRD2134,999,139.32,139180.68,US Dollar
OL513329,ORD-106404,PRD2146,1,434.63,434.63,USD
OL513330,ORD-104749,PRD2023,5,173.4,867.0,NGN
OL513331,ORD-103039,PRD2215,4,408.54,1634.16,usd
OL513332,ORD-102496,PRD2044,5,94.93,474.65,US Dollar
OL513333,ORD-107757,PRD2118,-1,$385.46,,USD
OL513334,ORD-105592,PRD2008,2,390.35,780.7,GBP
OL513335,ORD-100180,PRD2085,-1,110.07,,GBP
OL513336,ORD-101249,PRD2093,1,161.76,161.76,GBP
OL513337,ORD-107425,PRD2225,4,84.89,339.56,USD
OL513338,ORD-106965,PRD2212,999,368.39,368021.61,GBP
OL513339,ORD-102005,PRD2126,1,410.89,410.89,usd
OL513340,ORD-106176,PRD2036,5,432.0,2160.0,US Dollar
OL513341,ORD-105892,PRD2179,2,253.08,506.16,US Dollar
OL513342,ORD-101715,PRD2014,1,228.27,228.27,EUR
OL513343,ORD-108489,PRD2013,4,28.95,115.8,USD
OL513344,ORD-102452,PRD2087,4,473.87,1895.48,US Dollar
OL513345,ORD-104473,PRD2115,3,61.31,183.93,GBP
OL513346,ORD-101270,PRD2240,-1,10.1,,usd
OL513347,ORD-101510,PRD2176,999,348.26,347911.74,GBP
OL513348,ORD-101920,PRD2240,1,$225.79,225.79,NGN
OL513349,ORD-100298,PRD2188,5,163.93,819.65,USD
OL513350,ORD-108015,PRD2077,5,397.95,1989.75,GBP
OL513351,ORD-101923,PRD2167,-1,295.71,,GBP
OL513352,ORD-103184,PRD2150,5,$392.98,1964.9,usd
OL513353,ORD-105970,PRD2238,1,6.2,6.2,US Dollar
OL513354,ORD-103864,PRD2079,1,140.23,140.23,US Dollar
OL513355,ORD-101566,PRD2202,4,303.8,1215.2,usd
OL513356,ORD-100612,PRD2237,0,75.82,,US Dollar
OL513357,ORD-104016,PRD2150,0,142.47,,NGN
OL513358,ORD-102015,PRD2043,2,337.69,675.38,usd
OL513359,ORD-108949,PRD2111,2,449.68,899.36,USD
OL513360,ORD-104731,PRD2039,999,$52.99,52937.01,NGN
OL513361,ORD-102487,PRD2168,5,255.47,1277.35,EUR
OL513362,ORD-102004,PRD2029,0,410.65,,GBP
OL513363,ORD-107871,PRD2032,2,456.43,912.86,USD
OL513364,ORD-106710,PRD2051,-1,90.36,,usd
OL513365,ORD-101138,PRD2215,2,355.98,711.96,GBP
OL513366,ORD-101536,PRD2107,5,221.54,1107.7,US Dollar
OL513367,ORD-103221,PRD2041,999,$154.51,154355.49,usd
OL513368,ORD-100050,PRD2149,0,$360.14,,EUR
OL513369,ORD-105165,PRD2120,0,149.32,,GBP
OL513370,ORD-106238,PRD2022,2,266.69,533.38,USD
OL513371,ORD-108681,PRD2250,1,435.18,435.18,USD
OL513372,ORD-108186,PRD2068,5,485.99,2429.95,US Dollar
OL513373,ORD-104861,PRD2056,5,99.07,495.35,US Dollar
OL513374,ORD-107567,PRD2189,4,106.29,425.16,NGN
OL513375,ORD-100320,PRD2115,-1,482.19,,GBP
OL513376,ORD-101467,PRD2068,2,219.37,438.74,US Dollar
OL513377,ORD-103320,PRD2064,2,$285.46,570.92,usd
OL513378,ORD-100632,PRD2136,3,392.45,1177.35,US Dollar
OL513379,ORD-102371,PRD2058,2,367.65,735.3,NGN
OL513380,ORD-107101,PRD2248,5,$81.53,407.65,usd
OL513381,ORD-106955,PRD2181,4,22.25,89.0,USD
OL513382,ORD-107781,PRD2017,4,$380.03,1520.12,usd
OL513383,ORD-104372,PRD2190,1,436.35,436.35,usd
OL513384,ORD-102963,PRD2008,4,9.56,38.24,USD
OL513385,ORD-106500,PRD2238,2,473.04,946.08,US Dollar
OL513386,ORD-105727,PRD2188,-1,258.77,,GBP
OL513387,ORD-101033,PRD2094,3,386.74,1160.22,usd
OL513388,ORD-103141,PRD2087,3,461.03,1383.09,US Dollar
OL513389,ORD-101536,PRD2093,999,172.28,172107.72,NGN
OL513390,ORD-102743,PRD2012,5,97.71,488.55,usd
OL513391,ORD-100438,PRD2249,-1,22.41,,EUR
OL513392,ORD-106968,PRD2133,0,$330.15,,usd
OL513393,ORD-104881,PRD2011,3,432.31,1296.93,NGN
OL513394,ORD-103206,PRD2226,999,207.71,207502.29,NGN
OL513395,ORD-101546,PRD2124,4,437.38,1749.52,USD
OL513396,ORD-104082,PRD2076,999,154.58,154425.42,usd
OL513397,ORD-101194,PRD2035,4,495.18,1980.72,usd
OL513398,ORD-104064,PRD2220,0,141.03,,GBP
OL513399,ORD-105428,PRD2112,5,54.69,273.45,GBP
OL513400,ORD-106529,PRD2169,3,$141.53,424.59,US Dollar
OL513401,ORD-104481,PRD2158,-1,396.21,,GBP
OL513402,ORD-100625,PRD2035,1,352.76,352.76,USD
OL513403,ORD-102997,PRD2028,5,$318.01,1590.05,USD
OL513404,ORD-107023,PRD2076,5,411.47,2057.35,USD
OL513405,ORD-105461,PRD2058,0,$348.37,,GBP
OL513406,ORD-107572,PRD2019,4,163.61,654.44,GBP
OL513407,ORD-104425,PRD2167,5,$284.09,1420.45,GBP
OL513408,ORD-104600,PRD2017,3,$176.04,528.12,GBP
OL513409,ORD-103207,PRD2229,3,322.07,966.21,USD
OL513410,ORD-102844,PRD2194,3,215.72,647.16,US Dollar
OL513411,ORD-103782,PRD2143,3,139.91,419.73,USD
OL513412,ORD-102801,PRD2073,5,356.91,1784.55,US Dollar
OL513413,ORD-106069,PRD2172,0,484.82,,EUR
OL513414,ORD-102464,PRD2061,4,233.04,932.16,GBP
OL513415,ORD-103932,PRD2219,5,414.45,2072.25,NGN
OL513416,ORD-108678,PRD2240,5,123.45,617.25,EUR
OL513417,ORD-105815,PRD2208,4,202.5,810.0,usd
OL513418,ORD-108604,PRD2178,3,470.54,1411.62,usd
OL513419,ORD-108560,PRD2021,1,138.68,138.68,EUR
OL513420,ORD-102188,PRD2010,999,$354.86,354505.14,USD
OL513421,ORD-100619,PRD2081,2,124.11,248.22,EUR
OL513422,ORD-105815,PRD2103,999,316.51,316193.49,EUR
OL513423,ORD-106728,PRD2234,4,$230.5,922.0,GBP
OL513424,ORD-100152,PRD2084,3,249.14,747.42,USD
OL513425,ORD-107869,PRD2144,-1,$135.49,,usd
OL513426,ORD-105813,PRD2082,0,68.26,,GBP
OL513427,ORD-101949,PRD2200,2,490.98,981.96,NGN
OL513428,ORD-108813,PRD2109,2,108.94,217.88,GBP
OL513429,ORD-108269,PRD2223,1,86.57,86.57,EUR
OL513430,ORD-103130,PRD2051,-1,262.41,,NGN
OL513431,ORD-101698,PRD2130,5,$180.37,901.85,USD
OL513432,ORD-106362,PRD2166,-1,$462.07,,USD
OL513433,ORD-101356,PRD2238,2,$448.32,896.64,USD
OL513434,ORD-102130,PRD2032,3,219.86,659.58,USD
OL513435,ORD-108387,PRD2209,4,$294.39,1177.56,EUR
OL513436,ORD-108255,PRD2078,5,374.08,1870.4,usd
OL513437,ORD-108362,PRD2192,5,491.12,2455.6,US Dollar
OL513438,ORD-105644,PRD2008,2,381.66,763.32,NGN
OL513439,ORD-108775,PRD2183,1,155.85,155.85,GBP
OL513440,ORD-102605,PRD2229,5,311.09,1555.45,US Dollar
OL513441,ORD-101347,PRD2069,0,329.45,,US Dollar
OL513442,ORD-102673,PRD2191,999,235.43,235194.57,US Dollar
OL513443,ORD-104175,PRD2241,-1,301.95,,NGN
OL513444,ORD-106653,PRD2019,0,150.83,,usd
OL513445,ORD-102160,PRD2095,4,$93.16,372.64,EUR
OL513446,ORD-108544,PRD2233,4,402.91,1611.64,EUR
OL513447,ORD-103970,PRD2220,2,308.11,616.22,usd
OL513448,ORD-102209,PRD2110,2,$476.64,953.28,NGN
OL513449,ORD-102303,PRD2161,3,324.85,974.55,GBP
OL513450,ORD-100678,PRD2094,2,303.01,606.02,EUR
OL513451,ORD-101844,PRD2031,2,60.24,120.48,USD
OL513452,ORD-104430,PRD2159,1,$20.26,20.26,GBP
OL513453,ORD-106859,PRD2103,3,440.49,1321.47,EUR
OL513454,ORD-108063,PRD2127,5,288.01,1440.05,US Dollar
OL513455,ORD-105473,PRD2137,2,$270.96,541.92,usd
OL513456,ORD-102161,PRD2180,3,433.34,1300.02,USD
OL513457,ORD-108834,PRD2012,3,392.27,1176.81,US Dollar
OL513458,ORD-100351,PRD2159,3,289.09,867.27,GBP
OL513459,ORD-102953,PRD2174,5,$30.03,150.15,NGN
OL513460,ORD-101115,PRD2049,4,301.4,1205.6,EUR
OL513461,ORD-102312,PRD2143,2,162.93,325.86,EUR
OL513462,ORD-104142,PRD2060,-1,116.35,,US Dollar
OL513463,ORD-108084,PRD2116,4,225.62,902.48,US Dollar
OL513464,ORD-103707,PRD2127,5,393.18,1965.9,US Dollar
OL513465,ORD-104527,PRD2238,3,$396.39,1189.17,US Dollar
OL513466,ORD-100575,PRD2245,3,194.63,583.89,USD
OL513467,ORD-104724,PRD2224,-1,194.95,,NGN
OL513468,ORD-105571,PRD2073,999,408.82,408411.18,USD
OL513469,ORD-100404,PRD2063,3,154.44,463.32,EUR
OL513470,ORD-107215,PRD2054,1,167.78,167.78,GBP
OL513471,ORD-104563,PRD2243,1,130.77,130.77,EUR
OL513472,ORD-102435,PRD2245,5,363.74,1818.7,EUR
OL513473,ORD-100899,PRD2010,2,310.17,620.34,USD
OL513474,ORD-106275,PRD2154,1,$132.77,132.77,USD
OL513475,ORD-100953,PRD2132,4,$102.99,411.96,usd
OL513476,ORD-101605,PRD2071,999,236.02,235783.98,US Dollar
OL513477,ORD-105716,PRD2154,4,$272.46,1089.84,usd
OL513478,ORD-106190,PRD2111,0,205.25,,USD
OL513479,ORD-107186,PRD2113,4,237.29,949.16,EUR
OL513480,ORD-108936,PRD2073,2,62.72,125.44,NGN
OL513481,ORD-106301,PRD2129,2,26.15,52.3,EUR
OL513482,ORD-106643,PRD2056,2,67.89,135.78,NGN
OL513483,ORD-105610,PRD2065,4,$233.0,932.0,USD
OL513484,ORD-100607,PRD2224,1,108.0,108.0,EUR
OL513485,ORD-108390,PRD2038,3,417.57,1252.71,NGN
OL513486,ORD-102355,PRD2035,999,366.89,366523.11,NGN
OL513487,ORD-106124,PRD2011,4,419.11,1676.44,EUR
OL513488,ORD-106276,PRD2077,1,213.06,213.06,EUR
OL513489,ORD-103102,PRD2199,5,$95.2,476.0,US Dollar
OL513490,ORD-102433,PRD2029,2,133.71,267.42,usd
OL513491,ORD-108740,PRD2018,-1,102.83,,usd
OL513492,ORD-108594,PRD2063,3,312.07,936.21,GBP
OL513493,ORD-101728,PRD2220,3,$194.06,582.18,US Dollar
OL513494,ORD-100702,PRD2200,4,389.32,1557.28,EUR
OL513495,ORD-100640,PRD2057,4,296.53,1186.12,GBP
OL513496,ORD-102040,PRD2022,2,426.56,853.12,US Dollar
OL513497,ORD-103997,PRD2206,4,326.55,1306.2,EUR
OL513498,ORD-101855,PRD2079,999,$50.5,50449.5,NGN
OL513499,ORD-107402,PRD2023,5,42.44,212.2,NGN
OL513500,ORD-105235,PRD2023,0,213.73,,EUR
OL513501,ORD-108562,PRD2183,5,$161.24,806.2,EUR
OL513502,ORD-104962,PRD2200,4,$253.85,1015.4,USD
OL513503,ORD-104770,PRD2050,3,$482.92,1448.76,US Dollar
OL513504,ORD-101195,PRD2107,3,42.71,128.13,NGN
OL513505,ORD-104080,PRD2020,4,135.04,540.16,GBP
OL513506,ORD-103547,PRD2067,999,$258.61,258351.39,NGN
OL513507,ORD-106064,PRD2222,0,174.7,,USD
OL513508,ORD-103419,PRD2060,3,246.58,739.74,EUR
OL513509,ORD-100741,PRD2017,2,498.78,997.56,NGN
OL513510,ORD-108747,PRD2036,5,250.72,1253.6,EUR
OL513511,ORD-105579,PRD2216,5,412.37,2061.85,NGN
OL513512,ORD-105741,PRD2116,5,436.86,2184.3,GBP
OL513513,ORD-102286,PRD2247,3,$354.7,1064.1,NGN
OL513514,ORD-101664,PRD2208,4,448.71,1794.84,USD
OL513515,ORD-100302,PRD2179,3,94.96,284.88,USD
OL513516,ORD-107056,PRD2126,3,392.63,1177.89,USD
OL513517,ORD-108574,PRD2180,4,211.45,845.8,EUR
OL513518,ORD-106495,PRD2024,0,417.26,,usd
OL513519,ORD-104595,PRD2099,1,406.43,406.43,GBP
OL513520,ORD-104178,PRD2010,1,449.51,449.51,usd
OL513521,ORD-108235,PRD2015,-1,29.39,,GBP
OL513522,ORD-100047,PRD2132,999,495.61,495114.39,EUR
OL513523,ORD-106734,PRD2080,999,234.5,234265.5,EUR
OL513524,ORD-103661,PRD2028,2,$454.3,908.6,NGN
OL513525,ORD-100572,PRD2059,3,19.95,59.85,usd
OL513526,ORD-101679,PRD2004,-1,230.0,,EUR
OL513527,ORD-108071,PRD2127,4,452.05,1808.2,usd
OL513528,ORD-107729,PRD2197,1,213.4,213.4,US Dollar
OL513529,ORD-102842,PRD2037,5,27.49,137.45,USD
OL513530,ORD-108015,PRD2138,1,$377.11,377.11,NGN
OL513531,ORD-102487,PRD2057,999,406.52,406113.48,USD
OL513532,ORD-100447,PRD2149,5,405.05,2025.25,EUR
OL513533,ORD-107151,PRD2161,1,73.17,73.17,usd
OL513534,ORD-101697,PRD2002,-1,47.5,,US Dollar
OL513535,ORD-103605,PRD2087,5,205.82,1029.1,NGN
OL513536,ORD-107716,PRD2161,-1,453.86,,USD
OL513537,ORD-105314,PRD2027,0,236.57,,usd
OL513538,ORD-100827,PRD2143,5,475.39,2376.95,USD
OL513539,ORD-105491,PRD2033,3,103.23,309.69,USD
OL513540,ORD-101710,PRD2164,999,303.88,303576.12,GBP
OL513541,ORD-107161,PRD2237,1,35.43,35.43,EUR
OL513542,ORD-105554,PRD2105,999,$219.32,219100.68,EUR
OL513543,ORD-101888,PRD2043,1,$378.54,378.54,US Dollar
OL513544,ORD-102369,PRD2053,1,232.61,232.61,usd
OL513545,ORD-104555,PRD2075,4,228.91,915.64,USD
OL513546,ORD-100673,PRD2060,4,25.58,102.32,US Dollar
OL513547,ORD-102856,PRD2113,5,$87.37,436.85,GBP
OL513548,ORD-106117,PRD2169,1,228.84,228.84,EUR
OL513549,ORD-104510,PRD2059,4,386.2,1544.8,USD
OL513550,ORD-105546,PRD2032,1,245.88,245.88,EUR
OL513551,ORD-104883,PRD2144,1,385.79,385.79,US Dollar
OL513552,ORD-107566,PRD2166,-1,36.64,,NGN
OL513553,ORD-107876,PRD2011,999,336.75,336413.25,US Dollar
OL513554,ORD-106701,PRD2168,3,99.01,297.03,EUR
OL513555,ORD-106574,PRD2118,2,75.05,150.1,usd
OL513556,ORD-103419,PRD2030,3,26.57,79.71,USD
OL513557,ORD-106931,PRD2055,4,492.08,1968.32,EUR
OL513558,ORD-108856,PRD2050,5,39.68,198.4,EUR
OL513559,ORD-102464,PRD2163,3,484.74,1454.22,USD
OL513560,ORD-108039,PRD2216,3,2.59,7.77,USD
OL513561,ORD-105226,PRD2104,4,346.74,1386.96,USD
OL513562,ORD-104241,PRD2003,4,$32.85,131.4,EUR
OL513563,ORD-101247,PRD2187,1,477.13,477.13,usd
OL513564,ORD-105211,PRD2132,2,104.57,209.14,NGN
OL513565,ORD-105370,PRD2112,1,71.74,71.74,US Dollar
OL513566,ORD-100547,PRD2120,3,252.92,758.76,USD
OL513567,ORD-100919,PRD2225,3,340.31,1020.93,USD
OL513568,ORD-103190,PRD2101,2,360.57,721.14,USD
OL513569,ORD-107581,PRD2189,4,$149.93,599.72,GBP
OL513570,ORD-108721,PRD2114,999,$408.91,408501.09,US Dollar
OL513571,ORD-103059,PRD2067,1,14.02,14.02,GBP
OL513572,ORD-101408,PRD2177,4,$345.47,1381.88,USD
OL513573,ORD-103721,PRD2115,1,465.14,465.14,EUR
OL513574,ORD-100709,PRD2027,1,331.56,331.56,NGN
OL513575,ORD-107750,PRD9570,3,437.69,1313.07,US Dollar
OL513576,ORD-106542,PRD2125,5,429.2,2146.0,GBP
OL513577,ORD-106900,PRD2174,4,163.87,655.48,GBP
OL513578,ORD-105953,PRD2215,2,396.26,792.52,USD
OL513579,ORD-105917,PRD2241,0,9.14,,NGN
OL513580,ORD-107331,PRD2093,5,386.44,1932.2,GBP
OL513581,ORD-103492,PRD2140,3,466.69,1400.07,USD
OL513582,ORD-106880,PRD2003,-1,474.95,,usd
OL513583,ORD-105565,PRD2191,4,320.57,1282.28,usd
OL513584,ORD-100637,PRD2004,0,4.23,,GBP
OL513585,ORD-105372,PRD2036,-1,438.19,,GBP
OL513586,ORD-108760,PRD2160,999,250.53,250279.47,GBP
OL513587,ORD-102967,PRD2122,5,472.33,2361.65,usd
OL513588,ORD-104956,PRD2077,1,74.77,74.77,USD
OL513589,ORD-106142,PRD2084,4,343.53,1374.12,usd
OL513590,ORD-107171,PRD2156,4,40.87,163.48,NGN
OL513591,ORD-106386,PRD2239,999,310.55,310239.45,USD
OL513592,ORD-101854,PRD2154,-1,69.32,,usd
OL513593,ORD-100509,PRD2057,4,328.89,1315.56,usd
OL513594,ORD-106776,PRD2119,2,$479.28,958.56,NGN
OL513595,ORD-102676,PRD2158,3,$414.44,1243.32,GBP
OL513596,ORD-100886,PRD2227,-1,90.66,,US Dollar
OL513597,ORD-102042,PRD2076,3,420.75,1262.25,EUR
OL513598,ORD-101414,PRD2077,5,313.98,1569.9,usd
OL513599,ORD-103820,PRD2206,2,376.82,753.64,EUR
OL513600,ORD-103839,PRD2004,3,380.29,1140.87,GBP
OL513601,ORD-100131,PRD2056,1,453.2,453.2,EUR
OL513602,ORD-100505,PRD2141,3,262.25,786.75,usd
OL513603,ORD-103642,PRD2188,1,211.99,211.99,USD
OL513604,ORD-106632,PRD2002,3,245.63,736.89,EUR
OL513605,ORD-108639,PRD2160,1,34.55,34.55,EUR
OL513606,ORD-106608,PRD2125,5,235.99,1179.95,usd
OL513607,ORD-106140,PRD2215,3,437.89,1313.67,NGN
OL513608,ORD-106983,PRD2193,-1,$329.94,,USD
OL513609,ORD-104677,PRD2100,3,329.71,989.13,US Dollar
OL513610,ORD-105099,PRD2144,999,336.77,336433.23,USD
OL513611,ORD-106483,PRD2228,3,356.29,1068.87,EUR
OL513612,ORD-104439,PRD2049,-1,452.89,,USD
OL513613,ORD-106234,PRD2228,-1,378.46,,US Dollar
OL513614,ORD-102635,PRD2220,5,356.18,1780.9,USD
OL513615,ORD-100130,PRD2047,2,348.75,697.5,EUR
OL513616,ORD-107740,PRD2042,1,133.71,133.71,usd
OL513617,ORD-105578,PRD2149,2,138.16,276.32,EUR
OL513618,ORD-101278,PRD2188,4,135.53,542.12,usd
OL513619,ORD-101681,PRD2092,2,123.87,247.74,US Dollar
OL513620,ORD-106925,PRD2120,999,$481.55,481068.45,NGN
OL513621,ORD-105831,PRD2143,1,$334.08,334.08,EUR
OL513622,ORD-102968,PRD2082,1,482.36,482.36,EUR
OL513623,ORD-100510,PRD2176,2,406.49,812.98,US Dollar
OL513624,ORD-100888,PRD2109,999,166.12,165953.88,NGN
OL513625,ORD-100624,PRD2239,4,244.7,978.8,EUR
OL513626,ORD-103790,PRD2197,0,82.73,,GBP
OL513627,ORD-108709,PRD2071,-1,374.04,,US Dollar
OL513628,ORD-106797,PRD2059,3,493.23,1479.69,GBP
OL513629,ORD-103772,PRD2109,-1,201.14,,US Dollar
OL513630,ORD-102855,PRD2121,4,$306.93,1227.72,NGN
OL513631,ORD-102406,PRD2152,1,$306.18,306.18,GBP
OL513632,ORD-101715,PRD2012,5,$31.29,156.45,USD
OL513633,ORD-104496,PRD2185,999,209.53,209320.47,EUR
OL513634,ORD-104564,PRD2166,5,101.93,509.65,US Dollar
OL513635,ORD-103619,PRD2244,-1,$383.95,,US Dollar
OL513636,ORD-100341,PRD2128,5,496.2,2481.0,usd
OL513637,ORD-108340,PRD2174,5,276.42,1382.1,usd
OL513638,ORD-102768,PRD2128,4,422.57,1690.28,EUR
OL513639,ORD-106511,PRD2082,1,$485.33,485.33,EUR
OL513640,ORD-106202,PRD2189,1,88.36,88.36,GBP
OL513641,ORD-100325,PRD2106,5,227.65,1138.25,NGN
OL513642,ORD-104242,PRD2195,5,115.78,578.9,US Dollar
OL513643,ORD-101823,PRD2242,0,404.74,,EUR
OL513644,ORD-105303,PRD2086,3,338.48,1015.44,US Dollar
OL513645,ORD-100208,PRD2112,1,118.32,118.32,NGN
OL513646,ORD-108221,PRD2132,4,14.88,59.52,EUR
OL513647,ORD-102271,PRD2138,4,350.8,1403.2,GBP
OL513648,ORD-100125,PRD2047,1,44.11,44.11,EUR
OL513649,ORD-102885,PRD2240,4,269.44,1077.76,GBP
OL513650,ORD-104843,PRD2103,4,$96.84,387.36,NGN
OL513651,ORD-104483,PRD2116,4,233.41,933.64,usd
OL513652,ORD-106981,PRD2108,999,156.26,156103.74,GBP
OL513653,ORD-105226,PRD2226,2,469.15,938.3,US Dollar
OL513654,ORD-108969,PRD2198,0,227.92,,US Dollar
OL513655,ORD-104055,PRD2072,4,265.99,1063.96,usd
OL513656,ORD-104597,PRD2127,3,88.55,265.65,GBP
OL513657,ORD-105493,PRD2213,999,163.81,163646.19,GBP
OL513658,ORD-106299,PRD2211,4,136.02,544.08,EUR
OL513659,ORD-101033,PRD2217,4,382.6,1530.4,USD
OL513660,ORD-106885,PRD2178,4,331.04,1324.16,US Dollar
OL513661,ORD-102563,PRD2173,4,422.09,1688.36,usd
OL513662,ORD-106669,PRD2180,999,4.92,4915.08,GBP
OL513663,ORD-101585,PRD2205,2,401.72,803.44,usd
OL513664,ORD-108290,PRD2020,3,$385.83,1157.49,GBP
OL513665,ORD-102931,PRD2241,0,231.17,,US Dollar
OL513666,ORD-107955,PRD2204,999,$12.65,12637.35,NGN
OL513667,ORD-103082,PRD2141,3,429.65,1288.95,USD
OL513668,ORD-108683,PRD2249,3,300.9,902.7,NGN
OL513669,ORD-103420,PRD2193,1,403.08,403.08,US Dollar
OL513670,ORD-108437,PRD2144,-1,328.31,,EUR
OL513671,ORD-101793,PRD2152,1,213.33,213.33,NGN
OL513672,ORD-106370,PRD2116,0,$96.43,,GBP
OL513673,ORD-103213,PRD2124,-1,490.24,,GBP
OL513674,ORD-106380,PRD2143,2,232.51,465.02,EUR
OL513675,ORD-102543,PRD2001,5,136.36,681.8,US Dollar
OL513676,ORD-100507,PRD2058,1,210.5,210.5,US Dollar
OL513677,ORD-108520,PRD2212,4,398.62,1594.48,US Dollar
OL513678,ORD-104899,PRD9317,2,11.93,23.86,NGN
OL513679,ORD-105412,PRD9520,0,113.47,,US Dollar
OL513680,ORD-106638,PRD2174,0,141.32,,usd
OL513681,ORD-102052,PRD2212,5,$420.79,2103.95,NGN
OL513682,ORD-108145,PRD2031,3,254.79,764.37,USD
OL513683,ORD-101035,PRD2019,3,459.08,1377.24,US Dollar
OL513684,ORD-104105,PRD2196,5,177.35,886.75,usd
OL513685,ORD-102745,PRD2018,1,$370.69,370.69,US Dollar
OL513686,ORD-104254,PRD2181,5,175.25,876.25,usd
OL513687,ORD-104017,PRD2129,5,368.93,1844.65,EUR
OL513688,ORD-102529,PRD2147,5,$121.56,607.8,GBP
OL513689,ORD-102139,PRD2059,4,276.69,1106.76,US Dollar
OL513690,ORD-106134,PRD2045,3,264.81,794.43,EUR
OL513691,ORD-107208,PRD2149,5,258.28,1291.4,US Dollar
OL513692,ORD-105205,PRD2072,1,327.99,327.99,NGN
OL513693,ORD-102858,PRD2173,999,309.8,309490.2,US Dollar
OL513694,ORD-102871,PRD2042,999,444.17,443725.83,NGN
OL513695,ORD-100327,PRD2077,1,104.34,104.34,GBP
OL513696,ORD-108747,PRD2238,3,250.64,751.92,US Dollar
OL513697,ORD-108321,PRD2201,-1,18.4,,USD
OL513698,ORD-107283,PRD2052,1,52.23,52.23,USD
OL513699,ORD-104191,PRD2086,5,354.43,1772.15,usd
OL513700,ORD-101217,PRD2112,5,183.27,916.35,NGN
OL513701,ORD-107428,PRD2070,999,$199.46,199260.54,NGN
OL513702,ORD-102710,PRD2009,1,124.42,124.42,NGN
OL513703,ORD-103571,PRD2132,1,$432.26,432.26,NGN
OL513704,ORD-100812,PRD2138,4,143.89,575.56,GBP
OL513705,ORD-104809,PRD2165,5,$41.18,205.9,GBP
OL513706,ORD-106624,PRD2139,-1,$289.07,,US Dollar
OL513707,ORD-105324,PRD2150,3,211.7,635.1,usd
OL513708,ORD-102743,PRD2155,1,363.0,363.0,GBP
OL513709,ORD-107039,PRD2055,1,253.94,253.94,usd
OL513710,ORD-105674,PRD2127,999,353.84,353486.16,US Dollar
OL513711,ORD-108101,PRD2164,1,452.61,452.61,NGN
OL513712,ORD-105816,PRD2052,0,211.03,,NGN
OL513713,ORD-101654,PRD2241,1,$231.55,231.55,GBP
OL513714,ORD-104555,PRD2056,2,46.37,92.74,NGN
OL513715,ORD-100809,PRD2237,3,180.17,540.51,US Dollar
OL513716,ORD-105283,PRD2179,-1,112.41,,usd
OL513717,ORD-104671,PRD2145,0,418.81,,USD
OL513718,ORD-101696,PRD2126,3,$106.83,320.49,USD
OL513719,ORD-106740,PRD2209,1,453.3,453.3,NGN
OL513720,ORD-108632,PRD2232,1,47.48,47.48,GBP
OL513721,ORD-107681,PRD2125,999,268.41,268141.59,usd
OL513722,ORD-105054,PRD2224,4,$7.36,29.44,EUR
OL513723,ORD-102965,PRD2099,1,344.54,344.54,USD
OL513724,ORD-105806,PRD2122,4,$145.14,580.56,USD
OL513725,ORD-106822,PRD2024,1,140.83,140.83,NGN
OL513726,ORD-108726,PRD2210,4,466.14,1864.56,NGN
OL513727,ORD-101284,PRD2163,3,40.93,122.79,USD
OL513728,ORD-100858,PRD2002,4,10.54,42.16,NGN
OL513729,ORD-102937,PRD2237,999,7.24,7232.76,GBP
OL513730,ORD-107706,PRD2239,5,153.72,768.6,US Dollar
OL513731,ORD-100567,PRD2232,4,405.78,1623.12,NGN
OL513732,ORD-108929,PRD2094,4,425.52,1702.08,USD
OL513733,ORD-105458,PRD2006,4,240.88,963.52,NGN
OL513734,ORD-102464,PRD2118,-1,278.29,,usd
OL513735,ORD-100517,PRD2116,5,$5.48,27.4,USD
OL513736,ORD-102603,PRD2024,1,21.19,21.19,EUR
OL513737,ORD-108857,PRD2166,-1,487.15,,US Dollar
OL513738,ORD-102450,PRD2035,4,41.65,166.6,USD
OL513739,ORD-104182,PRD2116,5,$446.89,2234.45,USD
OL513740,ORD-108557,PRD2178,4,349.64,1398.56,EUR
OL513741,ORD-106879,PRD2044,1,202.58,202.58,usd
OL513742,ORD-108541,PRD2224,3,8.63,25.89,USD
OL513743,ORD-100864,PRD2201,2,$385.45,770.9,US Dollar
OL513744,ORD-102090,PRD2205,4,415.84,1663.36,USD
OL513745,ORD-108006,PRD2189,1,$465.2,465.2,EUR
OL513746,ORD-102418,PRD2159,-1,$103.38,,usd
OL513747,ORD-106446,PRD2194,4,$403.26,1613.04,NGN
OL513748,ORD-106511,PRD2035,4,436.15,1744.6,EUR
OL513749,ORD-107838,PRD2180,999,482.45,481967.55,GBP
OL513750,ORD-104619,PRD2136,5,135.64,678.2,EUR
OL513751,ORD-102119,PRD2054,2,67.72,135.44,EUR
OL513752,ORD-103504,PRD2072,999,63.93,63866.07,usd
OL513753,ORD-108143,PRD2184,-1,$236.93,,usd
OL513754,ORD-108058,PRD2208,4,479.6,1918.4,USD
OL513755,ORD-100270,PRD2048,2,498.82,997.64,usd
OL513756,ORD-105541,PRD2035,999,65.86,65794.14,GBP
OL513757,ORD-102588,PRD2062,4,495.07,1980.28,USD
OL513758,ORD-105208,PRD2141,4,155.67,622.68,EUR
OL513759,ORD-102533,PRD2024,999,339.85,339510.15,GBP
OL513760,ORD-103704,PRD2030,-1,389.11,,US Dollar
OL513761,ORD-107418,PRD2157,2,242.28,484.56,US Dollar
OL513762,ORD-100983,PRD2076,3,326.4,979.2,NGN
OL513763,ORD-102943,PRD2102,0,286.09,,USD
OL513764,ORD-108148,PRD2086,2,455.8,911.6,US Dollar
OL513765,ORD-100898,PRD2002,5,98.88,494.4,NGN
OL513766,ORD-108470,PRD2103,-1,446.47,,USD
OL513767,ORD-106138,PRD2140,2,119.48,238.96,GBP
OL513768,ORD-108349,PRD2082,-1,499.21,,NGN
OL513769,ORD-106542,PRD2214,0,140.21,,usd
OL513770,ORD-101541,PRD2075,-1,409.61,,NGN
OL513771,ORD-107336,PRD2044,5,36.65,183.25,NGN
OL513772,ORD-107421,PRD2233,1,434.26,434.26,usd
OL513773,ORD-107644,PRD2206,-1,91.91,,US Dollar
OL513774,ORD-100171,PRD2244,1,253.51,253.51,US Dollar
OL513775,ORD-104948,PRD2114,-1,35.41,,EUR
OL513776,ORD-101668,PRD2059,-1,418.44,,US Dollar
OL513777,ORD-108623,PRD2169,999,39.83,39790.17,usd
OL513778,ORD-104154,PRD2008,0,234.41,,GBP
OL513779,ORD-106135,PRD2078,5,14.58,72.9,USD
OL513780,ORD-105284,PRD2210,5,$76.6,383.0,USD
OL513781,ORD-103934,PRD2165,5,442.73,2213.65,usd
OL513782,ORD-106113,PRD2126,3,249.02,747.06,usd
OL513783,ORD-105015,PRD2065,1,189.93,189.93,EUR
OL513784,ORD-105526,PRD2245,5,10.69,53.45,usd
OL513785,ORD-101202,PRD2169,999,$463.09,462626.91,EUR
OL513786,ORD-104588,PRD2052,3,177.32,531.96,NGN
OL513787,ORD-107726,PRD2097,3,431.03,1293.09,US Dollar
OL513788,ORD-107734,PRD2153,1,112.75,112.75,US Dollar
OL513789,ORD-104973,PRD2025,3,100.79,302.37,EUR
OL513790,ORD-101190,PRD2114,1,154.18,154.18,usd
OL513791,ORD-104608,PRD2032,3,276.9,830.7,GBP
OL513792,ORD-100556,PRD2183,4,226.56,906.24,usd
OL513793,ORD-104846,PRD2050,5,53.45,267.25,usd
OL513794,ORD-103673,PRD2090,999,281.52,281238.48,USD
OL513795,ORD-102401,PRD2117,999,145.79,145644.21,US Dollar
OL513796,ORD-101910,PRD2243,5,36.84,184.2,US Dollar
OL513797,ORD-102068,PRD2204,0,276.02,,usd
OL513798,ORD-100667,PRD2141,4,399.96,1599.84,usd
OL513799,ORD-106692,PRD2166,999,136.18,136043.82,usd
OL513800,ORD-100818,PRD2077,999,381.75,381368.25,US Dollar
OL513801,ORD-102658,PRD2206,2,200.39,400.78,NGN
OL513802,ORD-104821,PRD2005,2,224.17,448.34,USD
OL513803,ORD-104029,PRD2241,999,287.42,287132.58,GBP
OL513804,ORD-107353,PRD2073,1,174.22,174.22,NGN
OL513805,ORD-104820,PRD2058,1,262.11,262.11,usd
OL513806,ORD-102363,PRD2045,1,56.25,56.25,usd
OL513807,ORD-101902,PRD2009,5,366.58,1832.9,EUR
OL513808,ORD-108046,PRD2234,0,431.18,,GBP
OL513809,ORD-105168,PRD2220,3,399.7,1199.1,NGN
OL513810,ORD-104617,PRD2207,999,179.46,179280.54,USD
OL513811,ORD-103377,PRD2175,0,8.31,,EUR
OL513812,ORD-105233,PRD2072,4,$278.19,1112.76,US Dollar
OL513813,ORD-101383,PRD2175,0,306.45,,NGN
OL513814,ORD-102684,PRD2062,2,277.76,555.52,EUR
OL513815,ORD-101253,PRD2202,3,10.78,32.34,USD
OL513816,ORD-102591,PRD2001,5,204.17,1020.85,US Dollar
OL513817,ORD-105489,PRD2048,999,$207.3,207092.7,EUR
OL513818,ORD-106748,PRD2179,-1,139.85,,usd
OL513819,ORD-101542,PRD2186,3,140.05,420.15,USD
OL513820,ORD-106435,PRD2209,-1,413.14,,usd
OL513821,ORD-100265,PRD2247,2,$460.88,921.76,GBP
OL513822,ORD-100449,PRD2063,3,396.38,1189.14,usd
OL513823,ORD-103722,PRD2095,1,379.54,379.54,USD
OL513824,ORD-107087,PRD2220,-1,327.72,,usd
OL513825,ORD-103624,PRD2102,4,$213.52,854.08,NGN
OL513826,ORD-104055,PRD2157,2,122.08,244.16,EUR
OL513827,ORD-104967,PRD2216,-1,$376.27,,USD
OL513828,ORD-106857,PRD2219,3,202.34,607.02,US Dollar
OL513829,ORD-104856,PRD2015,2,344.25,688.5,usd
OL513830,ORD-101673,PRD2101,-1,19.44,,US Dollar
OL513831,ORD-105807,PRD2090,4,374.56,1498.24,NGN
OL513832,ORD-103882,PRD2235,5,18.38,91.9,EUR
OL513833,ORD-105113,PRD2232,1,437.63,437.63,US Dollar
OL513834,ORD-102301,PRD2177,2,272.35,544.7,EUR
OL513835,ORD-104216,PRD2169,0,359.42,,US Dollar
OL513836,ORD-102164,PRD2135,2,112.61,225.22,EUR
OL513837,ORD-101250,PRD2078,4,496.4,1985.6,EUR
OL513838,ORD-102411,PRD2011,2,263.99,527.98,usd
OL513839,ORD-100140,PRD2151,1,492.17,492.17,GBP
OL513840,ORD-100872,PRD2152,999,398.17,397771.83,EUR
OL513841,ORD-101268,PRD2181,2,275.58,551.16,GBP
OL513842,ORD-107811,PRD2029,4,158.75,635.0,GBP
OL513843,ORD-108179,PRD2214,3,47.87,143.61,USD
OL513844,ORD-104045,PRD2128,2,$30.46,60.92,EUR
OL513845,ORD-107713,PRD2213,5,160.78,803.9,US Dollar
OL513846,ORD-102216,PRD2203,3,38.9,116.7,usd
OL513847,ORD-100982,PRD2120,999,335.55,335214.45,USD
OL513848,ORD-107590,PRD2093,4,2.13,8.52,NGN
OL513849,ORD-104143,PRD2213,2,174.64,349.28,usd
OL513850,ORD-102224,PRD2225,4,$119.15,476.6,GBP
OL513851,ORD-105200,PRD2054,4,498.12,1992.48,USD
OL513852,ORD-101812,PRD2078,5,142.96,714.8,usd
OL513853,ORD-108576,PRD2137,3,437.63,1312.89,usd
OL513854,ORD-106299,PRD2046,2,18.05,36.1,GBP
OL513855,ORD-101897,PRD2037,0,180.71,,USD
OL513856,ORD-106139,PRD2020,3,308.46,925.38,USD
OL513857,ORD-105212,PRD2067,0,$349.58,,NGN
OL513858,ORD-108768,PRD2093,4,271.88,1087.52,GBP
OL513859,ORD-105679,PRD2132,2,$205.91,411.82,USD
OL513860,ORD-105535,PRD2073,1,266.41,266.41,GBP
OL513861,ORD-105017,PRD2160,0,308.85,,EUR
OL513862,ORD-108229,PRD2156,1,445.41,445.41,GBP
OL513863,ORD-106435,PRD2218,-1,$232.51,,NGN
OL513864,ORD-106776,PRD2006,0,345.78,,GBP
OL513865,ORD-107532,PRD2157,-1,194.09,,US Dollar
OL513866,ORD-103724,PRD2015,4,$428.47,1713.88,GBP
OL513867,ORD-105087,PRD2212,5,473.98,2369.9,EUR
OL513868,ORD-100319,PRD2222,2,$231.67,463.34,usd
OL513869,ORD-106649,PRD2070,0,102.81,,US Dollar
OL513870,ORD-105555,PRD2052,1,24.0,24.0,USD
OL513871,ORD-105266,PRD2100,5,$474.68,2373.4,NGN
OL513872,ORD-100715,PRD2176,2,134.23,268.46,US Dollar
OL513873,ORD-108266,PRD2032,-1,281.13,,GBP
OL513874,ORD-104061,PRD2112,3,397.51,1192.53,EUR
OL513875,ORD-102727,PRD2190,1,167.97,167.97,EUR
OL513876,ORD-107500,PRD2007,3,368.35,1105.05,GBP
OL513877,ORD-104386,PRD2025,999,283.28,282996.72,US Dollar
OL513878,ORD-108380,PRD2168,5,$53.8,269.0,usd
OL513879,ORD-105570,PRD2062,-1,352.12,,GBP
OL513880,ORD-101672,PRD2232,5,318.96,1594.8,GBP
OL513881,ORD-100752,PRD2120,999,70.12,70049.88,US Dollar
OL513882,ORD-105885,PRD2150,2,447.83,895.66,usd
OL513883,ORD-100332,PRD2165,999,154.22,154065.78,NGN
OL513884,ORD-102567,PRD2149,-1,397.64,,EUR
OL513885,ORD-101751,PRD2094,4,96.49,385.96,GBP
OL513886,ORD-108992,PRD2076,5,$316.81,1584.05,NGN
OL513887,ORD-100683,PRD2165,2,271.06,542.12,US Dollar
OL513888,ORD-102332,PRD2228,1,20.72,20.72,EUR
OL513889,ORD-102332,PRD2019,5,$450.19,2250.95,USD
OL513890,ORD-101190,PRD2039,5,361.2,1806.0,US Dollar
OL513891,ORD-102667,PRD2215,4,121.93,487.72,USD
OL513892,ORD-100347,PRD2176,-1,$477.27,,USD
OL513893,ORD-103481,PRD2128,0,172.71,,usd
OL513894,ORD-101719,PRD2067,4,200.84,803.36,usd
OL513895,ORD-105629,PRD2002,3,$29.52,88.56,US Dollar
OL513896,ORD-102811,PRD2150,3,345.21,1035.63,EUR
OL513897,ORD-101891,PRD2065,0,225.14,,USD
OL513898,ORD-100019,PRD2120,2,94.63,189.26,USD
OL513899,ORD-103621,PRD2112,4,37.23,148.92,EUR
OL513900,ORD-104164,PRD2097,2,83.39,166.78,NGN
OL513901,ORD-104299,PRD2129,4,137.79,551.16,NGN
OL513902,ORD-106994,PRD2160,3,448.1,1344.3,US Dollar
OL513903,ORD-105485,PRD2005,2,266.54,533.08,GBP
OL513904,ORD-103455,PRD2226,1,30.53,30.53,NGN
OL513905,ORD-108829,PRD2129,3,$51.89,155.67,USD
OL513906,ORD-107797,PRD2221,2,129.57,259.14,USD
OL513907,ORD-103046,PRD2040,4,355.95,1423.8,EUR
OL513908,ORD-102011,PRD2211,0,474.79,,EUR
OL513909,ORD-100152,PRD2140,2,490.6,981.2,US Dollar
OL513910,ORD-104554,PRD2136,1,131.9,131.9,NGN
OL513911,ORD-105069,PRD2152,-1,417.49,,usd
OL513912,ORD-105743,PRD2230,5,$357.91,1789.55,EUR
OL513913,ORD-102702,PRD2242,0,233.8,,GBP
OL513914,ORD-105691,PRD2120,999,499.75,499250.25,GBP
OL513915,ORD-102927,PRD2148,0,327.5,,USD
OL513916,ORD-106327,PRD2202,5,109.6,548.0,US Dollar
OL513917,ORD-106161,PRD2047,2,155.85,311.7,usd
OL513918,ORD-102491,PRD2232,4,264.81,1059.24,usd
OL513919,ORD-106970,PRD2174,3,31.94,95.82,NGN
OL513920,ORD-100475,PRD2145,-1,363.59,,usd
OL513921,ORD-105392,PRD2009,4,306.71,1226.84,US Dollar
OL513922,ORD-107086,PRD2034,0,446.01,,US Dollar
OL513923,ORD-103357,PRD2049,999,495.58,495084.42,usd
OL513924,ORD-104452,PRD2210,3,422.29,1266.87,usd
OL513925,ORD-106901,PRD2035,1,393.3,393.3,USD
OL513926,ORD-105562,PRD2051,1,459.5,459.5,NGN
OL513927,ORD-103501,PRD2090,-1,392.88,,NGN
OL513928,ORD-107959,PRD2068,5,150.21,751.05,US Dollar
OL513929,ORD-106881,PRD2156,3,12.92,38.76,US Dollar
OL513930,ORD-107351,PRD2179,5,78.5,392.5,usd
OL513931,ORD-107920,PRD2114,999,$102.19,102087.81,USD
OL513932,ORD-108696,PRD2144,4,275.39,1101.56,usd
OL513933,ORD-107910,PRD2222,0,297.21,,NGN
OL513934,ORD-104565,PRD2086,2,371.89,743.78,NGN
OL513935,ORD-108625,PRD2149,4,127.08,508.32,GBP
OL513936,ORD-106044,PRD2088,3,172.88,518.64,US Dollar
OL513937,ORD-105762,PRD2202,4,123.0,492.0,US Dollar
OL513938,ORD-103014,PRD2182,999,$470.1,469629.9,GBP
OL513939,ORD-105660,PRD2196,2,193.17,386.34,US Dollar
OL513940,ORD-108015,PRD2088,-1,125.22,,EUR
OL513941,ORD-108618,PRD2078,5,444.45,2222.25,NGN
OL513942,ORD-106379,PRD2247,5,245.85,1229.25,NGN
OL513943,ORD-104706,PRD2185,-1,372.8,,NGN
OL513944,ORD-108675,PRD2220,1,300.53,300.53,US Dollar
OL513945,ORD-100365,PRD2097,4,$370.04,1480.16,USD
OL513946,ORD-100323,PRD2151,5,206.18,1030.9,NGN
OL513947,ORD-102809,PRD2248,1,336.29,336.29,EUR
OL513948,ORD-104782,PRD2046,2,241.41,482.82,usd
OL513949,ORD-105842,PRD2232,-1,398.89,,usd
OL513950,ORD-104333,PRD2124,1,482.03,482.03,NGN
OL513951,ORD-104138,PRD2082,5,163.27,816.35,NGN
OL513952,ORD-108809,PRD2164,1,206.69,206.69,EUR
OL513953,ORD-105745,PRD2193,4,$474.55,1898.2,EUR
OL513954,ORD-105999,PRD2223,0,28.7,,usd
OL513955,ORD-101919,PRD2158,4,401.99,1607.96,USD
OL513956,ORD-103994,PRD2090,999,249.66,249410.34,GBP
OL513957,ORD-105170,PRD2222,5,200.29,1001.45,GBP
OL513958,ORD-101940,PRD2116,4,295.54,1182.16,usd
OL513959,ORD-101941,PRD2091,4,168.81,675.24,usd
OL513960,ORD-103460,PRD2060,999,105.28,105174.72,GBP
OL513961,ORD-101296,PRD2099,999,209.96,209750.04,GBP
OL513962,ORD-108536,PRD2119,3,5.44,16.32,GBP
OL513963,ORD-103850,PRD2136,0,38.0,,GBP
OL513964,ORD-102232,PRD2216,2,435.65,871.3,USD
OL513965,ORD-105399,PRD2013,2,6.58,13.16,US Dollar
OL513966,ORD-105662,PRD2111,3,336.25,1008.75,usd
OL513967,ORD-102561,PRD2223,3,253.45,760.35,usd
OL513968,ORD-102618,PRD2081,3,$220.18,660.54,EUR
OL513969,ORD-106305,PRD2194,2,148.87,297.74,EUR
OL513970,ORD-103852,PRD2014,2,15.92,31.84,NGN
OL513971,ORD-102663,PRD2012,0,217.06,,US Dollar
OL513972,ORD-103855,PRD2110,2,$498.83,997.66,usd
OL513973,ORD-100220,PRD2036,2,294.5,589.0,EUR
OL513974,ORD-101949,PRD2175,4,240.68,962.72,USD
OL513975,ORD-101741,PRD2087,5,372.22,1861.1,NGN
OL513976,ORD-104680,PRD2145,0,$171.14,,NGN
OL513977,ORD-102444,PRD2116,1,111.68,111.68,EUR
OL513978,ORD-103585,PRD2209,5,$494.51,2472.55,NGN
OL513979,ORD-101233,PRD2196,2,248.73,497.46,US Dollar
OL513980,ORD-101084,PRD2220,5,195.28,976.4,NGN
OL513981,ORD-103294,PRD2191,999,78.87,78791.13,NGN
OL513982,ORD-107832,PRD2037,2,379.7,759.4,usd
OL513983,ORD-103986,PRD2056,999,398.35,397951.65,US Dollar
OL513984,ORD-102395,PRD2068,-1,303.91,,usd
OL513985,ORD-108535,PRD2030,2,12.77,25.54,USD
OL513986,ORD-101157,PRD2192,0,106.6,,GBP
OL513987,ORD-106598,PRD2155,2,194.04,388.08,EUR
OL513988,ORD-100471,PRD2205,4,186.51,746.04,GBP
OL513989,ORD-105444,PRD2065,1,279.85,279.85,NGN
OL513990,ORD-103900,PRD2173,4,490.19,1960.76,GBP
OL513991,ORD-100208,PRD2247,4,483.44,1933.76,GBP
OL513992,ORD-100831,PRD2193,4,142.53,570.12,GBP
OL513993,ORD-103271,PRD2079,4,$350.26,1401.04,usd
OL513994,ORD-102283,PRD2095,-1,147.7,,US Dollar
OL513995,ORD-107223,PRD2036,1,29.6,29.6,USD
OL513996,ORD-100424,PRD2077,5,154.58,772.9,US Dollar
OL513997,ORD-103837,PRD2193,5,473.75,2368.75,GBP
OL513998,ORD-101141,PRD2138,4,77.08,308.32,NGN
OL513999,ORD-101395,PRD2136,5,$434.47,2172.35,GBP
OL514000,ORD-108756,PRD2065,-1,394.86,,US Dollar
OL514001,ORD-101723,PRD2237,4,$454.19,1816.76,NGN
OL514002,ORD-107526,PRD2116,5,272.4,1362.0,US Dollar
OL514003,ORD-101974,PRD2084,-1,435.86,,NGN
OL514004,ORD-102605,PRD2187,999,444.38,443935.62,EUR
OL514005,ORD-105776,PRD2209,3,489.1,1467.3,US Dollar
OL514006,ORD-100943,PRD2228,2,249.25,498.5,usd
OL514007,ORD-106173,PRD2246,1,410.14,410.14,usd
OL514008,ORD-100654,PRD2166,4,240.86,963.44,GBP
OL514009,ORD-106198,PRD2089,999,$42.7,42657.3,US Dollar
OL514010,ORD-107493,PRD2249,3,259.65,778.95,US Dollar
OL514011,ORD-103691,PRD2082,4,81.93,327.72,usd
OL514012,ORD-104805,PRD2207,3,186.78,560.34,USD
OL514013,ORD-106407,PRD2110,3,$339.58,1018.74,US Dollar
OL514014,ORD-108383,PRD2095,4,318.7,1274.8,NGN
OL514015,ORD-102344,PRD2198,5,400.15,2000.75,USD
OL514016,ORD-100482,PRD2236,3,279.12,837.36,NGN
OL514017,ORD-106924,PRD2152,1,50.83,50.83,usd
OL514018,ORD-108346,PRD2131,4,111.33,445.32,EUR
OL514019,ORD-101151,PRD2183,-1,480.69,,usd
OL514020,ORD-106317,PRD2050,-1,$219.99,,USD
OL514021,ORD-101304,PRD2227,999,44.13,44085.87,GBP
OL514022,ORD-103441,PRD2211,3,28.07,84.21,USD
OL514023,ORD-102250,PRD2184,2,$385.04,770.08,US Dollar
OL514024,ORD-103387,PRD2236,3,$187.75,563.25,USD
OL514025,ORD-104835,PRD2100,4,388.83,1555.32,EUR
OL514026,ORD-102317,PRD2216,2,230.14,460.28,US Dollar
OL514027,ORD-101967,PRD2016,2,96.53,193.06,GBP
OL514028,ORD-105434,PRD2021,2,4.43,8.86,NGN
OL514029,ORD-101029,PRD2147,3,225.24,675.72,US Dollar
OL514030,ORD-105683,PRD2109,3,168.73,506.19,EUR
OL514031,ORD-103871,PRD2199,3,$265.33,795.99,GBP
OL514032,ORD-103356,PRD2168,4,18.13,72.52,EUR
OL514033,ORD-108371,PRD2228,5,411.61,2058.05,US Dollar
OL514034,ORD-101395,PRD2011,4,216.88,867.52,EUR
OL514035,ORD-106683,PRD2036,2,453.5,907.0,usd
OL514036,ORD-104685,PRD2038,5,140.57,702.85,US Dollar
OL514037,ORD-108666,PRD2109,3,84.05,252.15,usd
OL514038,ORD-106305,PRD2188,2,359.4,718.8,EUR
OL514039,ORD-106747,PRD2178,-1,96.61,,GBP
OL514040,ORD-108138,PRD2028,4,143.73,574.92,EUR
OL514041,ORD-108680,PRD2175,3,$216.94,650.82,US Dollar
OL514042,ORD-106114,PRD2249,4,284.56,1138.24,US Dollar
OL514043,ORD-101335,PRD2163,5,$466.0,2330.0,usd
OL514044,ORD-102223,PRD2165,1,269.94,269.94,usd
OL514045,ORD-102464,PRD2128,1,38.73,38.73,GBP
OL514046,ORD-102974,PRD2199,2,476.57,953.14,NGN
OL514047,ORD-108612,PRD2104,1,282.37,282.37,NGN
OL514048,ORD-108791,PRD2061,5,295.36,1476.8,USD
OL514049,ORD-104187,PRD2053,4,163.1,652.4,usd
OL514050,ORD-106715,PRD2097,3,$177.07,531.21,EUR
OL514051,ORD-108777,PRD2230,3,60.73,182.19,US Dollar
OL514052,ORD-105173,PRD2115,5,13.86,69.3,usd
OL514053,ORD-100789,PRD2106,0,53.54,,USD
OL514054,ORD-101147,PRD2236,2,34.25,68.5,US Dollar
OL514055,ORD-107879,PRD2127,0,244.28,,US Dollar
OL514056,ORD-100271,PRD2034,4,440.26,1761.04,GBP
OL514057,ORD-101472,PRD2153,4,125.3,501.2,GBP
OL514058,ORD-105576,PRD2233,2,416.78,833.56,usd
OL514059,ORD-102928,PRD2165,4,384.57,1538.28,US Dollar
OL514060,ORD-103833,PRD2199,2,$499.13,998.26,EUR
OL514061,ORD-103987,PRD2044,999,390.06,389669.94,usd
OL514062,ORD-107087,PRD2032,1,105.22,105.22,usd
OL514063,ORD-101873,PRD2025,4,102.44,409.76,usd
OL514064,ORD-108241,PRD2232,0,215.61,,US Dollar
OL514065,ORD-105567,PRD2242,1,$299.44,299.44,USD
OL514066,ORD-106771,PRD2166,-1,24.07,,US Dollar
OL514067,ORD-100709,PRD2165,-1,318.25,,NGN
OL514068,ORD-106008,PRD2184,2,112.6,225.2,EUR
OL514069,ORD-102654,PRD2076,3,$478.73,1436.19,NGN
OL514070,ORD-106415,PRD2086,4,$462.91,1851.64,EUR
OL514071,ORD-107736,PRD2063,0,37.8,,US Dollar
OL514072,ORD-107970,PRD2082,-1,245.34,,US Dollar
OL514073,ORD-101827,PRD2019,2,193.87,387.74,NGN
OL514074,ORD-102048,PRD2212,5,$161.03,805.15,NGN
OL514075,ORD-105397,PRD2109,5,213.32,1066.6,EUR
OL514076,ORD-104931,PRD9499,4,490.53,1962.12,GBP
OL514077,ORD-106695,PRD2152,4,225.42,901.68,usd
OL514078,ORD-100493,PRD2092,0,397.4,,usd
OL514079,ORD-108275,PRD2087,0,395.98,,NGN
OL514080,ORD-100964,PRD2046,999,339.12,338780.88,NGN
OL514081,ORD-100023,PRD2180,-1,$285.91,,EUR
OL514082,ORD-108220,PRD2214,999,$367.29,366922.71,usd
OL514083,ORD-107014,PRD2109,5,349.95,1749.75,GBP
OL514084,ORD-100177,PRD2175,4,$459.07,1836.28,GBP
OL514085,ORD-104032,PRD2089,-1,414.28,,USD
OL514086,ORD-104371,PRD2231,1,10.81,10.81,NGN
OL514087,ORD-104420,PRD2206,3,146.21,438.63,USD
OL514088,ORD-100780,PRD2161,4,306.04,1224.16,GBP
OL514089,ORD-102750,PRD2250,1,447.65,447.65,NGN
OL514090,ORD-108993,PRD2027,-1,196.94,,EUR
OL514091,ORD-102501,PRD2011,4,77.22,308.88,US Dollar
OL514092,ORD-101411,PRD2184,999,432.15,431717.85,US Dollar
OL514093,ORD-102914,PRD2058,2,312.69,625.38,GBP
OL514094,ORD-101349,PRD2005,1,353.61,353.61,EUR
OL514095,ORD-106188,PRD2193,999,69.07,69000.93,usd
OL514096,ORD-106547,PRD2152,2,68.99,137.98,usd
OL514097,ORD-107998,PRD2110,3,18.82,56.46,US Dollar
OL514098,ORD-104477,PRD2147,2,129.07,258.14,EUR
OL514099,ORD-107329,PRD2165,1,4.75,4.75,NGN
OL514100,ORD-101560,PRD2058,3,$123.7,371.1,usd
OL514101,ORD-107917,PRD2148,-1,96.42,,GBP
OL514102,ORD-106034,PRD2205,4,246.89,987.56,EUR
OL514103,ORD-108589,PRD2175,2,357.78,715.56,USD
OL514104,ORD-104586,PRD2102,999,425.55,425124.45,NGN
OL514105,ORD-102151,PRD2176,3,33.3,99.9,USD
OL514106,ORD-106781,PRD2048,1,415.02,415.02,EUR
OL514107,ORD-100763,PRD2024,3,193.02,579.06,NGN
OL514108,ORD-102594,PRD2212,1,247.61,247.61,usd
OL514109,ORD-106600,PRD2130,-1,432.69,,GBP
OL514110,ORD-104442,PRD2222,2,335.19,670.38,EUR
OL514111,ORD-102203,PRD2056,1,333.08,333.08,usd
OL514112,ORD-106890,PRD2236,5,144.91,724.55,USD
OL514113,ORD-108150,PRD2068,-1,405.49,,EUR
OL514114,ORD-106793,PRD2113,999,87.2,87112.8,NGN
OL514115,ORD-108944,PRD2108,0,56.59,,US Dollar
OL514116,ORD-103565,PRD2232,1,428.2,428.2,GBP
OL514117,ORD-105163,PRD2197,3,220.15,660.45,EUR
OL514118,ORD-102841,PRD2210,4,217.94,871.76,GBP
OL514119,ORD-102249,PRD2121,3,151.49,454.47,usd
OL514120,ORD-101293,PRD2213,0,123.59,,GBP
OL514121,ORD-105299,PRD2078,5,$486.83,2434.15,US Dollar
OL514122,ORD-101795,PRD2115,2,333.9,667.8,US Dollar
OL514123,ORD-102480,PRD2042,1,$381.14,381.14,EUR
OL514124,ORD-100825,PRD2241,5,$132.54,662.7,NGN
OL514125,ORD-107264,PRD2044,0,480.07,,EUR
OL514126,ORD-100314,PRD2028,999,274.42,274145.58,USD
OL514127,ORD-104276,PRD2003,2,168.92,337.84,EUR
OL514128,ORD-102848,PRD2002,5,143.71,718.55,EUR
OL514129,ORD-105272,PRD2174,5,200.87,1004.35,EUR
OL514130,ORD-105820,PRD2127,3,$186.75,560.25,EUR
OL514131,ORD-101920,PRD2087,1,116.85,116.85,EUR
OL514132,ORD-107967,PRD2132,2,$372.69,745.38,usd
OL514133,ORD-102543,PRD2205,3,255.26,765.78,GBP
OL514134,ORD-102888,PRD2085,999,$481.94,481458.06,US Dollar
OL514135,ORD-107424,PRD2045,2,478.68,957.36,GBP
OL514136,ORD-100038,PRD2216,3,$27.87,83.61,usd
OL514137,ORD-100847,PRD2250,0,$294.68,,GBP
OL514138,ORD-108787,PRD2049,4,384.61,1538.44,GBP
OL514139,ORD-105039,PRD2229,3,$110.78,332.34,USD
OL514140,ORD-107629,PRD2143,2,381.82,763.64,GBP
OL514141,ORD-106141,PRD2107,-1,43.49,,NGN
OL514142,ORD-104230,PRD2221,999,23.27,23246.73,NGN
OL514143,ORD-106102,PRD2228,-1,477.02,,US Dollar
OL514144,ORD-108531,PRD2016,-1,$456.97,,US Dollar
OL514145,ORD-102876,PRD2197,-1,458.08,,GBP
OL514146,ORD-104616,PRD2079,2,439.91,879.82,GBP
OL514147,ORD-103022,PRD2207,1,52.06,52.06,NGN
OL514148,ORD-107803,PRD2052,5,203.82,1019.1,GBP
OL514149,ORD-108946,PRD2015,2,247.41,494.82,NGN
OL514150,ORD-104086,PRD2099,3,365.74,1097.22,US Dollar
OL514151,ORD-106276,PRD2224,4,104.98,419.92,US Dollar
OL514152,ORD-100073,PRD2238,1,180.75,180.75,usd
OL514153,ORD-105727,PRD2156,-1,185.49,,US Dollar
OL514154,ORD-101680,PRD2181,3,206.5,619.5,usd
OL514155,ORD-100159,PRD2007,2,$115.41,230.82,USD
OL514156,ORD-108459,PRD2220,3,141.66,424.98,EUR
OL514157,ORD-100831,PRD2119,1,124.13,124.13,usd
OL514158,ORD-103815,PRD2028,3,156.02,468.06,EUR
OL514159,ORD-105957,PRD2049,4,384.45,1537.8,US Dollar
OL514160,ORD-104410,PRD2181,3,195.6,586.8,NGN
OL514161,ORD-100104,PRD2053,4,$262.65,1050.6,USD
OL514162,ORD-100860,PRD2045,3,227.69,683.07,GBP
OL514163,ORD-105660,PRD2064,3,70.35,211.05,usd
OL514164,ORD-108682,PRD2188,2,207.11,414.22,US Dollar
OL514165,ORD-101545,PRD2246,3,405.57,1216.71,EUR
OL514166,ORD-103195,PRD2146,4,82.22,328.88,GBP
OL514167,ORD-104384,PRD2092,2,11.49,22.98,USD
OL514168,ORD-105429,PRD2179,3,445.82,1337.46,usd
OL514169,ORD-103614,PRD2052,1,90.96,90.96,EUR
OL514170,ORD-108996,PRD2060,0,75.91,,GBP
OL514171,ORD-103801,PRD2063,5,322.11,1610.55,US Dollar
OL514172,ORD-106305,PRD2199,5,126.09,630.45,EUR
OL514173,ORD-101556,PRD2208,1,269.14,269.14,USD
OL514174,ORD-104010,PRD2043,0,198.0,,usd
OL514175,ORD-101791,PRD2250,1,$114.27,114.27,usd
OL514176,ORD-102334,PRD2242,4,27.36,109.44,GBP
OL514177,ORD-107861,PRD2057,1,253.07,253.07,EUR
OL514178,ORD-102423,PRD2060,3,219.34,658.02,usd
OL514179,ORD-108966,PRD2041,1,35.67,35.67,EUR
OL514180,ORD-101719,PRD2044,2,476.63,953.26,GBP
OL514181,ORD-104207,PRD2216,999,213.05,212836.95,USD
OL514182,ORD-103513,PRD2059,4,50.41,201.64,USD
OL514183,ORD-101191,PRD2136,2,400.34,800.68,USD
OL514184,ORD-101348,PRD2226,999,328.77,328441.23,USD
OL514185,ORD-101504,PRD2178,-1,369.11,,NGN
OL514186,ORD-108081,PRD2146,3,407.25,1221.75,US Dollar
OL514187,ORD-108452,PRD2170,2,257.67,515.34,USD
OL514188,ORD-102386,PRD2232,999,367.5,367132.5,EUR
OL514189,ORD-107442,PRD2013,999,438.34,437901.66,usd
OL514190,ORD-101572,PRD2168,0,335.44,,GBP
OL514191,ORD-102170,PRD2005,3,331.38,994.14,usd
OL514192,ORD-101444,PRD2058,3,$226.24,678.72,NGN
OL514193,ORD-101199,PRD2122,5,$224.29,1121.45,US Dollar
OL514194,ORD-103049,PRD2221,-1,464.58,,USD
OL514195,ORD-107315,PRD2073,3,$67.58,202.74,USD
OL514196,ORD-104601,PRD2180,1,343.76,343.76,US Dollar
OL514197,ORD-104436,PRD2096,999,$4.58,4575.42,US Dollar
OL514198,ORD-103057,PRD2003,2,$154.83,309.66,US Dollar
OL514199,ORD-102912,PRD2086,4,123.11,492.44,USD
OL514200,ORD-107241,PRD2007,999,$157.08,156922.92,NGN
OL514201,ORD-108250,PRD2240,4,173.79,695.16,USD
OL514202,ORD-108976,PRD2162,5,$281.62,1408.1,USD
OL514203,ORD-100794,PRD2206,1,$344.8,344.8,NGN
OL514204,ORD-108958,PRD2222,5,282.75,1413.75,US Dollar
OL514205,ORD-107938,PRD2213,4,167.58,670.32,usd
OL514206,ORD-100442,PRD2247,4,$343.21,1372.84,GBP
OL514207,ORD-102190,PRD2127,5,$11.84,59.2,GBP
OL514208,ORD-103113,PRD2099,3,416.45,1249.35,US Dollar
OL514209,ORD-104611,PRD2114,3,28.31,84.93,US Dollar
OL514210,ORD-108675,PRD2171,3,219.71,659.13,US Dollar
OL514211,ORD-108705,PRD2107,3,495.82,1487.46,usd
OL514212,ORD-106067,PRD2141,3,244.79,734.37,usd
OL514213,ORD-101366,PRD2238,-1,129.49,,USD
OL514214,ORD-106809,PRD2114,-1,441.38,,US Dollar
OL514215,ORD-103258,PRD2003,2,$487.67,975.34,US Dollar
OL514216,ORD-104313,PRD2024,3,378.12,1134.36,USD
OL514217,ORD-102001,PRD2041,0,479.82,,EUR
OL514218,ORD-106569,PRD2158,5,$63.95,319.75,EUR
OL514219,ORD-106837,PRD2093,999,203.36,203156.64,GBP
OL514220,ORD-108726,PRD2050,2,213.77,427.54,USD
OL514221,ORD-106055,PRD2203,5,311.4,1557.0,EUR
OL514222,ORD-108010,PRD2222,5,291.97,1459.85,US Dollar
OL514223,ORD-104251,PRD2221,2,$161.22,322.44,EUR
OL514224,ORD-100391,PRD2116,5,330.97,1654.85,EUR
OL514225,ORD-103103,PRD2153,1,387.6,387.6,GBP
OL514226,ORD-102881,PRD2105,2,321.85,643.7,EUR
OL514227,ORD-105386,PRD2126,5,$59.01,295.05,usd
OL514228,ORD-102614,PRD2030,5,490.26,2451.3,GBP
OL514229,ORD-107529,PRD2062,999,190.16,189969.84,NGN
OL514230,ORD-107292,PRD2008,1,398.39,398.39,US Dollar
OL514231,ORD-105326,PRD2174,1,483.48,483.48,US Dollar
OL514232,ORD-107070,PRD2091,5,455.45,2277.25,USD
OL514233,ORD-102717,PRD2086,999,366.98,366613.02,EUR
OL514234,ORD-108239,PRD2057,2,133.84,267.68,NGN
OL514235,ORD-104025,PRD2095,4,284.93,1139.72,NGN
OL514236,ORD-104430,PRD2052,5,82.21,411.05,usd
OL514237,ORD-100345,PRD2104,2,172.38,344.76,US Dollar
OL514238,ORD-100158,PRD2214,3,458.46,1375.38,GBP
OL514239,ORD-107042,PRD2237,999,174.82,174645.18,GBP
OL514240,ORD-100901,PRD2201,-1,163.39,,US Dollar
OL514241,ORD-105314,PRD2008,-1,85.46,,USD
OL514242,ORD-101370,PRD2066,4,482.88,1931.52,USD
OL514243,ORD-101862,PRD2112,0,259.63,,EUR
OL514244,ORD-100401,PRD2174,999,123.09,122966.91,USD
OL514245,ORD-108103,PRD2229,2,447.39,894.78,usd
OL514246,ORD-107735,PRD2153,2,28.3,56.6,EUR
OL514247,ORD-103194,PRD2249,1,450.65,450.65,usd
OL514248,ORD-103570,PRD2061,5,352.48,1762.4,NGN
OL514249,ORD-107940,PRD2088,4,$5.67,22.68,US Dollar
OL514250,ORD-101453,PRD2128,1,97.85,97.85,NGN
OL514251,ORD-100329,PRD2028,3,55.79,167.37,usd
OL514252,ORD-108274,PRD2089,999,52.93,52877.07,usd
OL514253,ORD-100416,PRD2147,2,113.65,227.3,usd
OL514254,ORD-108023,PRD2159,2,249.31,498.62,US Dollar
OL514255,ORD-108242,PRD2131,3,305.26,915.78,usd
OL514256,ORD-107248,PRD2195,4,44.59,178.36,NGN
OL514257,ORD-107495,PRD2186,999,69.27,69200.73,US Dollar
OL514258,ORD-107354,PRD2060,2,469.27,938.54,US Dollar
OL514259,ORD-102994,PRD2041,1,336.44,336.44,NGN
OL514260,ORD-105432,PRD2080,5,11.11,55.55,EUR
OL514261,ORD-103793,PRD2164,3,$2.11,6.33,US Dollar
OL514262,ORD-105083,PRD2123,5,404.35,2021.75,NGN
OL514263,ORD-100886,PRD2051,5,67.75,338.75,usd
OL514264,ORD-104309,PRD2063,5,208.25,1041.25,US Dollar
OL514265,ORD-100842,PRD2153,-1,15.37,,EUR
OL514266,ORD-100242,PRD2198,5,$244.38,1221.9,usd
OL514267,ORD-107408,PRD2152,4,$146.01,584.04,USD
OL514268,ORD-108812,PRD2124,4,399.79,1599.16,NGN
OL514269,ORD-105174,PRD9986,5,404.71,2023.55,GBP
OL514270,ORD-101829,PRD2031,5,294.01,1470.05,usd
OL514271,ORD-107819,PRD2077,-1,382.32,,NGN
OL514272,ORD-103296,PRD2167,1,466.89,466.89,usd
OL514273,ORD-100366,PRD2038,3,332.93,998.79,USD
OL514274,ORD-107560,PRD2029,1,498.33,498.33,NGN
OL514275,ORD-103359,PRD2009,3,337.16,1011.48,EUR
OL514276,ORD-102006,PRD2138,5,88.0,440.0,NGN
OL514277,ORD-105639,PRD2031,2,440.38,880.76,usd
OL514278,ORD-106574,PRD2133,5,$72.84,364.2,US Dollar
OL514279,ORD-102570,PRD2019,4,2.74,10.96,EUR
OL514280,ORD-106063,PRD2003,999,304.72,304415.28,EUR
OL514281,ORD-101714,PRD2057,2,363.48,726.96,usd
OL514282,ORD-103494,PRD2155,1,375.96,375.96,usd
OL514283,ORD-108119,PRD2247,3,229.36,688.08,EUR
OL514284,ORD-108741,PRD2140,2,263.91,527.82,usd
OL514285,ORD-107362,PRD2048,2,346.26,692.52,GBP
OL514286,ORD-104183,PRD2126,2,71.62,143.24,EUR
OL514287,ORD-100216,PRD2194,0,171.26,,USD
OL514288,ORD-108965,PRD2196,-1,363.49,,usd
OL514289,ORD-107035,PRD2132,5,317.13,1585.65,NGN
OL514290,ORD-107073,PRD2003,3,$45.35,136.05,NGN
OL514291,ORD-106098,PRD2048,3,120.62,361.86,USD
OL514292,ORD-107411,PRD2051,4,$412.27,1649.08,USD
OL514293,ORD-105214,PRD2033,3,498.47,1495.41,GBP
OL514294,ORD-106038,PRD2008,4,417.85,1671.4,USD
OL514295,ORD-102852,PRD2024,1,131.01,131.01,EUR
OL514296,ORD-104512,PRD9805,5,162.1,810.5,NGN
OL514297,ORD-107563,PRD2122,-1,66.57,,USD
OL514298,ORD-105833,PRD2219,1,119.57,119.57,USD
OL514299,ORD-108751,PRD2057,3,$453.92,1361.76,EUR
OL514300,ORD-108421,PRD2062,1,$190.25,190.25,EUR
OL514301,ORD-108174,PRD2092,2,167.1,334.2,NGN
OL514302,ORD-104285,PRD2212,4,$246.07,984.28,USD
OL514303,ORD-102183,PRD2237,1,387.21,387.21,US Dollar
OL514304,ORD-101628,PRD2032,5,119.69,598.45,USD
OL514305,ORD-108474,PRD2060,1,418.63,418.63,GBP
OL514306,ORD-100655,PRD2015,4,140.81,563.24,EUR
OL514307,ORD-101029,PRD2084,2,$277.18,554.36,GBP
OL514308,ORD-107972,PRD2118,3,130.66,391.98,usd
OL514309,ORD-100574,PRD2218,-1,$280.9,,USD
OL514310,ORD-103038,PRD2123,2,$180.97,361.94,GBP
OL514311,ORD-101837,PRD2249,3,268.99,806.97,usd
OL514312,ORD-102147,PRD2125,4,219.84,879.36,NGN
OL514313,ORD-104068,PRD2110,0,9.09,,US Dollar
OL514314,ORD-100681,PRD2077,-1,382.82,,USD
OL514315,ORD-106780,PRD2079,3,351.17,1053.51,EUR
OL514316,ORD-100683,PRD2080,1,456.39,456.39,NGN
OL514317,ORD-100303,PRD2134,-1,232.17,,GBP
OL514318,ORD-104576,PRD2213,4,9.95,39.8,usd
OL514319,ORD-107935,PRD2103,3,267.65,802.95,EUR
OL514320,ORD-103523,PRD2013,3,280.96,842.88,US Dollar
OL514321,ORD-101972,PRD2101,3,143.62,430.86,NGN
OL514322,ORD-101125,PRD2166,3,$450.65,1351.95,EUR
OL514323,ORD-105735,PRD2089,3,104.97,314.91,usd
OL514324,ORD-103154,PRD2047,5,255.69,1278.45,EUR
OL514325,ORD-100430,PRD2165,5,452.3,2261.5,US Dollar
OL514326,ORD-105181,PRD2059,4,482.78,1931.12,USD
OL514327,ORD-104951,PRD2042,1,167.35,167.35,GBP
OL514328,ORD-105306,PRD2216,3,60.82,182.46,USD
OL514329,ORD-106770,PRD2223,1,331.69,331.69,USD
OL514330,ORD-104001,PRD2205,3,167.21,501.63,NGN
OL514331,ORD-104661,PRD2144,5,138.71,693.55,NGN
OL514332,ORD-107777,PRD2033,999,453.63,453176.37,usd
OL514333,ORD-105937,PRD2014,999,131.9,131768.1,NGN
OL514334,ORD-107255,PRD2226,-1,3.07,,USD
OL514335,ORD-102609,PRD2029,-1,380.47,,US Dollar
OL514336,ORD-102169,PRD2158,1,358.08,358.08,US Dollar
OL514337,ORD-105979,PRD2079,0,349.6,,USD
OL514338,ORD-106440,PRD2232,5,336.79,1683.95,US Dollar
OL514339,ORD-106950,PRD2034,3,476.37,1429.11,usd
OL514340,ORD-100288,PRD2146,3,76.52,229.56,NGN
OL514341,ORD-104085,PRD2176,5,258.31,1291.55,GBP
OL514342,ORD-106851,PRD2114,0,125.22,,GBP
OL514343,ORD-100732,PRD2234,5,208.27,1041.35,GBP
OL514344,ORD-105733,PRD9167,4,$362.45,1449.8,USD
OL514345,ORD-108154,PRD2124,1,350.95,350.95,EUR
OL514346,ORD-105302,PRD2204,0,448.78,,US Dollar
OL514347,ORD-104795,PRD2168,5,84.18,420.9,US Dollar
OL514348,ORD-105516,PRD2193,1,81.36,81.36,USD
OL514349,ORD-100437,PRD2164,0,139.16,,NGN
OL514350,ORD-107369,PRD2032,2,134.45,268.9,usd
OL514351,ORD-107300,PRD2063,5,143.92,719.6,usd
OL514352,ORD-102885,PRD2146,999,148.36,148211.64,US Dollar
OL514353,ORD-107138,PRD2186,999,184.23,184045.77,US Dollar
OL514354,ORD-105929,PRD2024,1,117.84,117.84,US Dollar
OL514355,ORD-103784,PRD2190,2,90.98,181.96,US Dollar
OL514356,ORD-104273,PRD2100,4,345.99,1383.96,USD
OL514357,ORD-101779,PRD2147,5,104.4,522.0,EUR
OL514358,ORD-102985,PRD2243,1,372.18,372.18,usd
OL514359,ORD-105392,PRD2226,-1,346.46,,usd
OL514360,ORD-101534,PRD2237,2,409.75,819.5,NGN
OL514361,ORD-107055,PRD2031,5,77.16,385.8,GBP
OL514362,ORD-103746,PRD2215,999,$453.8,453346.2,USD
OL514363,ORD-108801,PRD2060,5,396.97,1984.85,USD
OL514364,ORD-101656,PRD2224,3,430.48,1291.44,USD
OL514365,ORD-101348,PRD2183,-1,427.24,,US Dollar
OL514366,ORD-100367,PRD2062,1,$202.56,202.56,NGN
OL514367,ORD-101319,PRD2227,3,376.78,1130.34,EUR
OL514368,ORD-107130,PRD2006,1,336.93,336.93,NGN
OL514369,ORD-101361,PRD2209,-1,163.16,,EUR
OL514370,ORD-108433,PRD2126,1,114.83,114.83,usd
OL514371,ORD-103046,PRD2016,-1,299.66,,USD
OL514372,ORD-100487,PRD2227,5,393.41,1967.05,usd
OL514373,ORD-105974,PRD2198,999,$368.39,368021.61,usd
OL514374,ORD-106444,PRD2146,2,$84.78,169.56,usd
OL514375,ORD-101903,PRD2136,3,313.98,941.94,NGN
OL514376,ORD-101708,PRD2185,999,405.61,405204.39,US Dollar
OL514377,ORD-102299,PRD2146,1,120.0,120.0,US Dollar
OL514378,ORD-103221,PRD2217,-1,449.34,,US Dollar
OL514379,ORD-107549,PRD2183,2,14.49,28.98,GBP
OL514380,ORD-102903,PRD2165,2,264.78,529.56,USD
OL514381,ORD-101795,PRD2244,2,273.51,547.02,usd
OL514382,ORD-108270,PRD2166,3,59.65,178.95,NGN
OL514383,ORD-108597,PRD2210,1,415.61,415.61,EUR
OL514384,ORD-100797,PRD2069,999,251.29,251038.71,USD
OL514385,ORD-108499,PRD2042,1,263.74,263.74,NGN
OL514386,ORD-106410,PRD2005,-1,16.28,,EUR
OL514387,ORD-108550,PRD2069,2,221.7,443.4,USD
OL514388,ORD-103239,PRD2220,5,436.93,2184.65,USD
OL514389,ORD-102847,PRD2170,5,$253.36,1266.8,EUR
OL514390,ORD-103148,PRD2028,3,$264.96,794.88,EUR
OL514391,ORD-107162,PRD2155,5,$429.25,2146.25,US Dollar
OL514392,ORD-105055,PRD2132,1,97.3,97.3,USD
OL514393,ORD-101957,PRD2031,2,425.58,851.16,usd
OL514394,ORD-107351,PRD2065,1,220.73,220.73,GBP
OL514395,ORD-102987,PRD2116,4,$66.35,265.4,US Dollar
OL514396,ORD-107779,PRD2052,3,199.46,598.38,NGN
OL514397,ORD-103707,PRD2144,5,124.27,621.35,USD
OL514398,ORD-101159,PRD2206,3,431.17,1293.51,US Dollar
OL514399,ORD-103178,PRD2061,0,60.14,,US Dollar
OL514400,ORD-103379,PRD2034,2,123.23,246.46,usd
OL514401,ORD-104472,PRD2205,999,151.04,150888.96,US Dollar
OL514402,ORD-103953,PRD2028,4,461.87,1847.48,USD
OL514403,ORD-101729,PRD9030,4,396.22,1584.88,NGN
OL514404,ORD-103015,PRD2168,3,$37.81,113.43,usd
OL514405,ORD-103719,PRD2122,-1,238.48,,GBP
OL514406,ORD-102971,PRD2240,4,482.68,1930.72,NGN
OL514407,ORD-105102,PRD2240,1,309.01,309.01,usd
OL514408,ORD-100503,PRD2155,1,248.49,248.49,NGN
OL514409,ORD-103750,PRD2174,5,$125.1,625.5,usd
OL514410,ORD-105025,PRD2039,2,$119.53,239.06,US Dollar
OL514411,ORD-100299,PRD2171,5,$106.5,532.5,EUR
OL514412,ORD-101164,PRD2058,-1,440.68,,US Dollar
OL514413,ORD-105834,PRD2210,1,$181.24,181.24,NGN
OL514414,ORD-107334,PRD2105,-1,$145.45,,usd
OL514415,ORD-105385,PRD2181,999,229.01,228780.99,GBP
OL514416,ORD-101670,PRD2009,4,479.92,1919.68,EUR
OL514417,ORD-108307,PRD2225,3,478.94,1436.82,GBP
OL514418,ORD-100492,PRD2224,3,21.73,65.19,US Dollar
OL514419,ORD-102848,PRD2095,1,$163.82,163.82,US Dollar
OL514420,ORD-108965,PRD2194,-1,393.78,,GBP
OL514421,ORD-101610,PRD2024,4,358.03,1432.12,USD
OL514422,ORD-105938,PRD2092,2,101.55,203.1,US Dollar
OL514423,ORD-104878,PRD2060,1,245.22,245.22,EUR
OL514424,ORD-100490,PRD2204,0,119.06,,US Dollar
OL514425,ORD-100287,PRD2011,2,117.86,235.72,GBP
OL514426,ORD-106703,PRD2198,1,386.49,386.49,GBP
OL514427,ORD-101708,PRD2025,-1,56.32,,USD
OL514428,ORD-107099,PRD2028,4,32.07,128.28,USD
OL514429,ORD-101449,PRD2159,3,54.38,163.14,NGN
OL514430,ORD-106590,PRD2068,0,190.35,,EUR
OL514431,ORD-102474,PRD2142,3,177.86,533.58,GBP
OL514432,ORD-104591,PRD2154,3,192.72,578.16,usd
OL514433,ORD-106554,PRD2190,5,63.31,316.55,USD
OL514434,ORD-104852,PRD2063,4,308.89,1235.56,US Dollar
OL514435,ORD-103407,PRD2062,5,192.01,960.05,GBP
OL514436,ORD-108623,PRD2198,5,$136.38,681.9,EUR
OL514437,ORD-108358,PRD2219,1,443.2,443.2,US Dollar
OL514438,ORD-103404,PRD2079,5,98.09,490.45,USD
OL514439,ORD-101804,PRD2140,3,228.73,686.19,NGN
OL514440,ORD-101105,PRD2196,3,269.24,807.72,NGN
OL514441,ORD-103102,PRD2029,5,398.43,1992.15,usd
OL514442,ORD-108952,PRD2015,1,112.89,112.89,US Dollar
OL514443,ORD-105566,PRD2176,2,422.95,845.9,NGN
OL514444,ORD-104843,PRD2204,2,137.55,275.1,US Dollar
OL514445,ORD-102542,PRD2243,999,116.01,115893.99,US Dollar
OL514446,ORD-107343,PRD2110,4,$142.93,571.72,NGN
OL514447,ORD-107535,PRD2148,3,491.83,1475.49,GBP
OL514448,ORD-102283,PRD2155,2,360.73,721.46,NGN
OL514449,ORD-102156,PRD2239,999,$261.89,261628.11,usd
OL514450,ORD-107988,PRD2222,4,452.79,1811.16,GBP
OL514451,ORD-107369,PRD2125,5,$445.59,2227.95,USD
OL514452,ORD-105479,PRD2030,4,489.2,1956.8,NGN
OL514453,ORD-102873,PRD2012,999,194.18,193985.82,EUR
OL514454,ORD-101206,PRD2112,999,153.69,153536.31,USD
OL514455,ORD-105512,PRD2245,5,356.45,1782.25,USD
OL514456,ORD-108415,PRD2030,3,297.43,892.29,GBP
OL514457,ORD-104512,PRD2224,5,$308.04,1540.2,GBP
OL514458,ORD-103721,PRD2130,4,370.24,1480.96,GBP
OL514459,ORD-101732,PRD2248,5,217.44,1087.2,GBP
OL514460,ORD-100393,PRD2247,1,424.44,424.44,EUR
OL514461,ORD-107463,PRD2146,3,424.7,1274.1,US Dollar
OL514462,ORD-100300,PRD2191,5,420.06,2100.3,NGN
OL514463,ORD-108342,PRD2158,2,130.46,260.92,GBP
OL514464,ORD-106158,PRD2102,3,156.06,468.18,GBP
OL514465,ORD-105272,PRD2127,999,105.03,104924.97,EUR
OL514466,ORD-103123,PRD2031,5,385.85,1929.25,EUR
OL514467,ORD-108852,PRD2136,3,420.64,1261.92,US Dollar
OL514468,ORD-108503,PRD2246,4,124.74,498.96,GBP
OL514469,ORD-106533,PRD2182,3,139.06,417.18,GBP
OL514470,ORD-101862,PRD2073,1,$475.25,475.25,usd
OL514471,ORD-101752,PRD2118,3,117.23,351.69,US Dollar
OL514472,ORD-100897,PRD2015,999,417.93,417512.07,USD
OL514473,ORD-100576,PRD2204,-1,441.45,,usd
OL514474,ORD-103061,PRD2171,1,$115.3,115.3,NGN
OL514475,ORD-106896,PRD2008,5,175.39,876.95,usd
OL514476,ORD-106308,PRD2186,999,$150.37,150219.63,usd
OL514477,ORD-108677,PRD2040,0,493.07,,USD
OL514478,ORD-105686,PRD2198,0,140.2,,usd
OL514479,ORD-103317,PRD2127,1,433.04,433.04,usd
OL514480,ORD-102792,PRD2025,5,339.42,1697.1,EUR
OL514481,ORD-100791,PRD2120,3,460.19,1380.57,EUR
OL514482,ORD-103113,PRD2229,4,400.89,1603.56,NGN
OL514483,ORD-105136,PRD2211,999,209.91,209700.09,NGN
OL514484,ORD-105845,PRD2004,2,189.99,379.98,NGN
OL514485,ORD-104343,PRD2140,2,$4.39,8.78,USD
OL514486,ORD-100809,PRD2235,999,415.52,415104.48,usd
OL514487,ORD-100993,PRD2003,4,213.16,852.64,GBP
OL514488,ORD-103166,PRD2205,-1,353.04,,EUR
OL514489,ORD-101367,PRD2217,999,320.93,320609.07,USD
OL514490,ORD-107223,PRD2021,-1,236.06,,EUR
OL514491,ORD-106466,PRD2117,2,451.19,902.38,USD
OL514492,ORD-107239,PRD2040,3,75.54,226.62,EUR
OL514493,ORD-101450,PRD2249,5,342.67,1713.35,US Dollar
OL514494,ORD-101287,PRD2015,1,424.96,424.96,GBP
OL514495,ORD-105736,PRD2103,5,294.64,1473.2,NGN
OL514496,ORD-102944,PRD2094,999,249.06,248810.94,EUR
OL514497,ORD-106588,PRD2142,2,440.25,880.5,USD
OL514498,ORD-103363,PRD2158,2,$350.99,701.98,GBP
OL514499,ORD-102026,PRD2135,4,390.59,1562.36,usd
OL514500,ORD-102956,PRD2080,2,26.6,53.2,NGN
OL514501,ORD-100143,PRD2108,1,$413.88,413.88,EUR
OL514502,ORD-102739,PRD2119,-1,$251.59,,US Dollar
OL514503,ORD-105220,PRD2204,5,140.02,700.1,EUR
OL514504,ORD-101411,PRD2097,5,285.12,1425.6,US Dollar
OL514505,ORD-106764,PRD2181,4,334.47,1337.88,USD
OL514506,ORD-105130,PRD2010,0,270.74,,GBP
OL514507,ORD-108985,PRD2240,3,332.24,996.72,EUR
OL514508,ORD-108268,PRD2123,0,$463.08,,US Dollar
OL514509,ORD-105896,PRD2230,2,258.52,517.04,EUR
OL514510,ORD-106178,PRD2030,5,398.64,1993.2,NGN
OL514511,ORD-106868,PRD2096,1,126.09,126.09,GBP
OL514512,ORD-108525,PRD2062,1,324.52,324.52,US Dollar
OL514513,ORD-106358,PRD2062,1,407.7,407.7,usd
OL514514,ORD-105535,PRD2166,0,371.38,,GBP
OL514515,ORD-104587,PRD2095,1,237.44,237.44,NGN
OL514516,ORD-104211,PRD2212,-1,207.44,,NGN
OL514517,ORD-104792,PRD2105,-1,$424.68,,NGN
OL514518,ORD-101482,PRD2135,2,66.77,133.54,US Dollar
OL514519,ORD-102213,PRD2155,4,142.1,568.4,usd
OL514520,ORD-106422,PRD2225,3,103.81,311.43,USD
OL514521,ORD-100960,PRD2246,2,$13.43,26.86,US Dollar
OL514522,ORD-104359,PRD2027,1,91.79,91.79,usd
OL514523,ORD-104123,PRD2181,4,89.4,357.6,US Dollar
OL514524,ORD-105485,PRD2160,5,290.89,1454.45,GBP
OL514525,ORD-102203,PRD2235,2,142.97,285.94,usd
OL514526,ORD-102098,PRD2222,5,$345.01,1725.05,EUR
OL514527,ORD-100322,PRD2068,5,24.17,120.85,EUR
OL514528,ORD-103870,PRD2085,4,$490.52,1962.08,usd
OL514529,ORD-105013,PRD2185,1,414.0,414.0,US Dollar
OL514530,ORD-104581,PRD2016,999,$318.83,318511.17,NGN
OL514531,ORD-105200,PRD2033,4,320.76,1283.04,usd
OL514532,ORD-104577,PRD2146,4,363.17,1452.68,USD
OL514533,ORD-107504,PRD2209,1,124.4,124.4,usd
OL514534,ORD-108525,PRD2228,2,66.02,132.04,GBP
OL514535,ORD-104411,PRD2097,2,276.35,552.7,NGN
OL514536,ORD-107366,PRD2082,0,317.56,,usd
OL514537,ORD-100234,PRD2193,5,254.8,1274.0,US Dollar
OL514538,ORD-104516,PRD2064,4,304.98,1219.92,GBP
OL514539,ORD-106400,PRD2025,3,224.44,673.32,US Dollar
OL514540,ORD-102849,PRD2132,3,404.41,1213.23,US Dollar
OL514541,ORD-101578,PRD2182,4,326.88,1307.52,usd
OL514542,ORD-105903,PRD2193,2,102.63,205.26,EUR
OL514543,ORD-108016,PRD2089,2,88.92,177.84,EUR
OL514544,ORD-100866,PRD2059,4,487.33,1949.32,USD
OL514545,ORD-104092,PRD2016,1,447.04,447.04,USD
OL514546,ORD-103899,PRD2174,3,212.18,636.54,usd
OL514547,ORD-103962,PRD2147,4,400.49,1601.96,US Dollar
OL514548,ORD-105650,PRD2226,999,283.31,283026.69,US Dollar
OL514549,ORD-104951,PRD2036,3,161.67,485.01,US Dollar
OL514550,ORD-102411,PRD2011,3,488.22,1464.66,GBP
OL514551,ORD-104185,PRD2169,4,127.48,509.92,USD
OL514552,ORD-108916,PRD2175,1,152.3,152.3,US Dollar
OL514553,ORD-103778,PRD2178,0,140.5,,US Dollar
OL514554,ORD-106518,PRD2135,-1,76.44,,EUR
OL514555,ORD-103772,PRD2222,4,433.51,1734.04,NGN
OL514556,ORD-104253,PRD2226,1,154.76,154.76,usd
OL514557,ORD-101011,PRD2064,2,56.82,113.64,GBP
OL514558,ORD-100245,PRD2198,4,41.96,167.84,NGN
OL514559,ORD-108425,PRD2013,4,$168.41,673.64,usd
OL514560,ORD-100582,PRD2190,1,389.2,389.2,GBP
OL514561,ORD-103558,PRD2068,1,61.34,61.34,EUR
OL514562,ORD-101449,PRD2106,5,352.12,1760.6,GBP
OL514563,ORD-102544,PRD2060,2,373.08,746.16,EUR
OL514564,ORD-100413,PRD2157,2,49.16,98.32,GBP
OL514565,ORD-100972,PRD2024,0,159.84,,USD
OL514566,ORD-106206,PRD2060,0,33.35,,NGN
OL514567,ORD-105392,PRD2030,2,79.25,158.5,usd
OL514568,ORD-106393,PRD2078,3,48.4,145.2,NGN
OL514569,ORD-101724,PRD2237,1,90.89,90.89,GBP
OL514570,ORD-101269,PRD2041,-1,323.31,,usd
OL514571,ORD-107784,PRD2032,4,108.98,435.92,GBP
OL514572,ORD-104898,PRD2057,2,62.15,124.3,US Dollar
OL514573,ORD-102614,PRD2087,2,47.6,95.2,usd
OL514574,ORD-100658,PRD2228,3,240.55,721.65,NGN
OL514575,ORD-104668,PRD2047,5,59.25,296.25,usd
OL514576,ORD-103936,PRD2068,999,467.29,466822.71,usd
OL514577,ORD-100632,PRD2185,0,153.62,,usd
OL514578,ORD-107044,PRD2063,5,377.48,1887.4,EUR
OL514579,ORD-106283,PRD2174,3,154.72,464.16,GBP
OL514580,ORD-107858,PRD2164,999,289.03,288740.97,USD
OL514581,ORD-108134,PRD2125,1,$172.11,172.11,US Dollar
OL514582,ORD-106388,PRD2067,1,78.2,78.2,EUR
OL514583,ORD-100811,PRD2200,1,320.24,320.24,USD
OL514584,ORD-104164,PRD2168,3,355.82,1067.46,NGN
OL514585,ORD-101349,PRD2034,2,188.43,376.86,EUR
OL514586,ORD-105662,PRD2201,2,90.72,181.44,usd
OL514587,ORD-101700,PRD2065,3,$372.65,1117.95,NGN
OL514588,ORD-106923,PRD2163,4,387.46,1549.84,EUR
OL514589,ORD-100860,PRD2232,1,76.53,76.53,USD
OL514590,ORD-100834,PRD2120,-1,94.21,,NGN
OL514591,ORD-105484,PRD2063,999,$360.49,360129.51,NGN
OL514592,ORD-108682,PRD2111,-1,394.49,,NGN
OL514593,ORD-103114,PRD2168,-1,425.79,,usd
OL514594,ORD-104305,PRD2076,2,199.6,399.2,GBP
OL514595,ORD-108497,PRD2037,3,303.47,910.41,NGN
OL514596,ORD-102939,PRD2001,999,$197.23,197032.77,EUR
OL514597,ORD-106259,PRD2018,4,79.51,318.04,NGN
OL514598,ORD-101459,PRD2141,3,418.18,1254.54,US Dollar
OL514599,ORD-100658,PRD2200,3,137.77,413.31,usd
OL514600,ORD-103023,PRD2122,1,218.84,218.84,EUR
OL514601,ORD-107764,PRD2035,5,12.66,63.3,EUR
OL514602,ORD-103041,PRD2155,5,225.84,1129.2,GBP
OL514603,ORD-101362,PRD2200,-1,381.7,,usd
OL514604,ORD-108165,PRD2173,999,352.58,352227.42,NGN
OL514605,ORD-108491,PRD2107,2,479.84,959.68,NGN
OL514606,ORD-104870,PRD2212,4,139.19,556.76,US Dollar
OL514607,ORD-106802,PRD2076,4,346.46,1385.84,USD
OL514608,ORD-103996,PRD2105,4,156.84,627.36,US Dollar
OL514609,ORD-103377,PRD2095,-1,164.33,,USD
OL514610,ORD-104854,PRD2120,1,430.49,430.49,usd
OL514611,ORD-107863,PRD2049,4,280.39,1121.56,GBP
OL514612,ORD-107624,PRD2111,1,357.14,357.14,US Dollar
OL514613,ORD-101408,PRD2180,2,34.25,68.5,EUR
OL514614,ORD-102828,PRD2002,2,$73.75,147.5,EUR
OL514615,ORD-101368,PRD2155,3,484.05,1452.15,EUR
OL514616,ORD-100516,PRD2238,3,157.4,472.2,usd
OL514617,ORD-103119,PRD2052,1,197.52,197.52,USD
OL514618,ORD-102816,PRD2109,4,429.27,1717.08,NGN
OL514619,ORD-101650,PRD2198,3,362.94,1088.82,USD
OL514620,ORD-102941,PRD2006,999,303.99,303686.01,US Dollar
OL514621,ORD-100969,PRD2099,1,351.26,351.26,GBP
OL514622,ORD-104832,PRD2233,999,243.67,243426.33,USD
OL514623,ORD-106317,PRD2192,1,105.83,105.83,NGN
OL514624,ORD-104700,PRD2101,999,192.56,192367.44,USD
OL514625,ORD-107498,PRD2028,1,$232.75,232.75,USD
OL514626,ORD-105498,PRD2173,-1,$331.87,,EUR
OL514627,ORD-104807,PRD2130,4,50.2,200.8,NGN
OL514628,ORD-101896,PRD2172,2,295.02,590.04,GBP
OL514629,ORD-104563,PRD2038,5,$456.78,2283.9,GBP
OL514630,ORD-100219,PRD2236,1,306.07,306.07,NGN
OL514631,ORD-100911,PRD2122,3,494.37,1483.11,GBP
OL514632,ORD-106689,PRD2052,-1,221.8,,GBP
OL514633,ORD-104474,PRD2037,2,426.42,852.84,EUR
OL514634,ORD-108639,PRD2162,5,111.02,555.1,GBP
OL514635,ORD-104719,PRD2080,999,385.86,385474.14,usd
OL514636,ORD-102558,PRD2116,1,139.49,139.49,GBP
OL514637,ORD-104347,PRD2119,5,485.39,2426.95,EUR
OL514638,ORD-108753,PRD2148,-1,293.49,,USD
OL514639,ORD-108946,PRD2173,4,$470.91,1883.64,NGN
OL514640,ORD-103315,PRD2101,4,$314.9,1259.6,EUR
OL514641,ORD-105276,PRD2069,1,255.95,255.95,GBP
OL514642,ORD-103470,PRD2077,999,36.29,36253.71,GBP
OL514643,ORD-102909,PRD2110,1,396.39,396.39,NGN
OL514644,ORD-107659,PRD2066,1,209.11,209.11,EUR
OL514645,ORD-101696,PRD2196,2,119.07,238.14,usd
OL514646,ORD-105654,PRD2116,4,11.9,47.6,US Dollar
OL514647,ORD-100803,PRD2116,5,$72.81,364.05,GBP
OL514648,ORD-102346,PRD2203,3,265.31,795.93,EUR
OL514649,ORD-104692,PRD2087,2,343.62,687.24,usd
OL514650,ORD-100161,PRD2050,1,449.06,449.06,EUR
OL514651,ORD-101723,PRD2247,999,248.71,248461.29,NGN
OL514652,ORD-100686,PRD2116,5,436.81,2184.05,usd
OL514653,ORD-104822,PRD2122,3,204.98,614.94,GBP
OL514654,ORD-107859,PRD2030,-1,491.74,,GBP
OL514655,ORD-100433,PRD2150,5,$392.31,1961.55,GBP
OL514656,ORD-105073,PRD2037,1,473.28,473.28,EUR
OL514657,ORD-107109,PRD2247,0,$298.99,,usd
OL514658,ORD-101626,PRD2131,3,376.14,1128.42,usd
OL514659,ORD-104373,PRD2047,0,332.8,,usd
OL514660,ORD-101603,PRD2070,5,45.62,228.1,US Dollar
OL514661,ORD-107246,PRD2081,4,463.75,1855.0,USD
OL514662,ORD-101098,PRD2069,1,196.87,196.87,usd
OL514663,ORD-100370,PRD2160,3,212.75,638.25,usd
OL514664,ORD-106232,PRD2235,2,329.84,659.68,EUR
OL514665,ORD-108542,PRD2228,2,415.67,831.34,usd
OL514666,ORD-101753,PRD2163,3,$330.45,991.35,GBP
OL514667,ORD-102470,PRD2029,2,323.62,647.24,usd
OL514668,ORD-106722,PRD2188,0,191.41,,NGN
OL514669,ORD-101971,PRD2129,3,188.85,566.55,NGN
OL514670,ORD-101883,PRD2063,3,455.54,1366.62,USD
OL514671,ORD-104873,PRD2032,4,$154.88,619.52,EUR
OL514672,ORD-105938,PRD2236,-1,28.52,,EUR
OL514673,ORD-102747,PRD2039,1,443.87,443.87,usd
OL514674,ORD-102812,PRD2131,3,$59.06,177.18,EUR
OL514675,ORD-107493,PRD2056,1,490.85,490.85,NGN
OL514676,ORD-108428,PRD2006,-1,327.32,,US Dollar
OL514677,ORD-107413,PRD2160,1,$141.4,141.4,NGN
OL514678,ORD-108957,PRD2198,5,55.95,279.75,US Dollar
OL514679,ORD-105667,PRD2164,3,97.31,291.93,NGN
OL514680,ORD-107961,PRD2150,0,286.03,,USD
OL514681,ORD-104720,PRD2117,4,$223.79,895.16,usd
OL514682,ORD-108613,PRD2132,5,2.56,12.8,EUR
OL514683,ORD-107324,PRD2065,3,449.88,1349.64,NGN
OL514684,ORD-108967,PRD2016,2,331.48,662.96,GBP
OL514685,ORD-106626,PRD2010,5,349.6,1748.0,GBP
OL514686,ORD-100523,PRD2061,1,390.35,390.35,GBP
OL514687,ORD-105915,PRD2187,2,267.05,534.1,US Dollar
OL514688,ORD-107166,PRD2218,3,$198.26,594.78,USD
OL514689,ORD-100850,PRD2169,-1,40.32,,GBP
OL514690,ORD-100292,PRD2157,4,$373.66,1494.64,usd
OL514691,ORD-104521,PRD2218,2,70.0,140.0,GBP
OL514692,ORD-102851,PRD2009,2,18.98,37.96,EUR
OL514693,ORD-102214,PRD2157,4,$214.54,858.16,EUR
OL514694,ORD-102684,PRD2068,3,149.95,449.85,USD
OL514695,ORD-106717,PRD2199,1,313.98,313.98,US Dollar
OL514696,ORD-104434,PRD2017,0,452.43,,GBP
OL514697,ORD-107083,PRD2077,4,416.92,1667.68,usd
OL514698,ORD-104886,PRD2226,1,34.28,34.28,NGN
OL514699,ORD-100173,PRD2069,0,348.01,,EUR
OL514700,ORD-100734,PRD2001,3,$359.18,1077.54,usd
OL514701,ORD-106111,PRD2092,2,65.29,130.58,usd
OL514702,ORD-106277,PRD2124,1,449.12,449.12,US Dollar
OL514703,ORD-103576,PRD2075,3,163.16,489.48,GBP
OL514704,ORD-104859,PRD2237,1,51.4,51.4,US Dollar
OL514705,ORD-100264,PRD2061,3,260.09,780.27,NGN
OL514706,ORD-104709,PRD2232,0,80.98,,US Dollar
OL514707,ORD-103127,PRD2065,4,101.59,406.36,GBP
OL514708,ORD-100504,PRD2204,5,38.91,194.55,NGN
OL514709,ORD-100705,PRD2140,5,261.12,1305.6,USD
OL514710,ORD-106213,PRD2007,2,414.21,828.42,NGN
OL514711,ORD-105966,PRD2130,999,94.67,94575.33,GBP
OL514712,ORD-101863,PRD2131,2,311.12,622.24,USD
OL514713,ORD-105651,PRD2070,1,302.64,302.64,USD
OL514714,ORD-104177,PRD2177,4,72.74,290.96,GBP
OL514715,ORD-103654,PRD2008,4,$334.67,1338.68,EUR
OL514716,ORD-103213,PRD2199,2,301.88,603.76,US Dollar
OL514717,ORD-101165,PRD2103,3,92.62,277.86,usd
OL514718,ORD-105896,PRD2063,3,262.73,788.19,GBP
OL514719,ORD-103702,PRD2174,1,$136.26,136.26,NGN
OL514720,ORD-107358,PRD2063,3,395.44,1186.32,GBP
OL514721,ORD-101488,PRD2065,4,$330.55,1322.2,EUR
OL514722,ORD-102663,PRD2175,0,150.89,,NGN
OL514723,ORD-107949,PRD2064,-1,17.21,,US Dollar
OL514724,ORD-106723,PRD2241,5,468.53,2342.65,EUR
OL514725,ORD-103479,PRD2246,0,247.9,,USD
OL514726,ORD-104252,PRD2186,4,259.58,1038.32,USD
OL514727,ORD-101885,PRD2041,0,381.67,,USD
OL514728,ORD-106896,PRD2079,-1,68.83,,NGN
OL514729,ORD-106915,PRD2008,2,205.93,411.86,GBP
OL514730,ORD-103008,PRD2024,4,354.01,1416.04,EUR
OL514731,ORD-106050,PRD2113,5,185.35,926.75,NGN
OL514732,ORD-101710,PRD2210,-1,202.35,,US Dollar
OL514733,ORD-100553,PRD2002,5,362.0,1810.0,US Dollar
OL514734,ORD-108305,PRD2161,1,392.5,392.5,NGN
OL514735,ORD-106140,PRD2022,4,349.23,1396.92,GBP
OL514736,ORD-105758,PRD2152,2,$300.88,601.76,usd
OL514737,ORD-104566,PRD2203,3,276.0,828.0,GBP
OL514738,ORD-104260,PRD2059,2,98.26,196.52,EUR
OL514739,ORD-108797,PRD2158,0,144.35,,GBP
OL514740,ORD-103811,PRD2094,4,$402.46,1609.84,EUR
OL514741,ORD-100344,PRD2189,5,$373.9,1869.5,NGN
OL514742,ORD-102829,PRD2064,4,456.6,1826.4,EUR
OL514743,ORD-100417,PRD2221,1,$325.97,325.97,US Dollar
OL514744,ORD-101419,PRD2140,4,462.59,1850.36,NGN
OL514745,ORD-108406,PRD2147,3,409.4,1228.2,NGN
OL514746,ORD-106496,PRD2158,2,334.53,669.06,usd
OL514747,ORD-106294,PRD2130,0,64.81,,EUR
OL514748,ORD-103048,PRD2010,1,51.91,51.91,GBP
OL514749,ORD-108118,PRD2179,999,494.0,493506.0,EUR
OL514750,ORD-108857,PRD2008,4,495.65,1982.6,US Dollar
OL514751,ORD-101753,PRD2246,1,38.8,38.8,usd
OL514752,ORD-108892,PRD2045,1,$410.36,410.36,GBP
OL514753,ORD-106467,PRD2200,5,469.14,2345.7,EUR
OL514754,ORD-101828,PRD2088,1,377.99,377.99,GBP
OL514755,ORD-105592,PRD2097,999,284.38,284095.62,EUR
OL514756,ORD-105217,PRD2127,5,483.09,2415.45,usd
OL514757,ORD-108888,PRD2044,2,460.49,920.98,EUR
OL514758,ORD-106162,PRD2106,2,207.38,414.76,usd
OL514759,ORD-103796,PRD2134,999,70.5,70429.5,USD
OL514760,ORD-100395,PRD2063,5,472.82,2364.1,USD
OL514761,ORD-104718,PRD2204,5,305.03,1525.15,NGN
OL514762,ORD-104765,PRD2221,4,$377.6,1510.4,USD
OL514763,ORD-102165,PRD2036,4,299.42,1197.68,usd
OL514764,ORD-100161,PRD2154,5,314.56,1572.8,USD
OL514765,ORD-100822,PRD2110,2,164.1,328.2,USD
OL514766,ORD-108141,PRD2133,999,329.4,329070.6,usd
OL514767,ORD-103374,PRD2177,3,459.79,1379.37,usd
OL514768,ORD-107818,PRD2208,4,132.7,530.8,USD
OL514769,ORD-103384,PRD2240,5,143.35,716.75,NGN
OL514770,ORD-105700,PRD2232,4,88.04,352.16,GBP
OL514771,ORD-107236,PRD2059,1,185.69,185.69,NGN
OL514772,ORD-105786,PRD2062,1,127.17,127.17,USD
OL514773,ORD-106191,PRD2017,1,323.71,323.71,EUR
OL514774,ORD-102735,PRD2174,2,60.88,121.76,USD
OL514775,ORD-106897,PRD2072,5,$388.97,1944.85,US Dollar
OL514776,ORD-101862,PRD2206,1,292.72,292.72,EUR
OL514777,ORD-103759,PRD2040,5,284.17,1420.85,NGN
OL514778,ORD-100190,PRD2037,3,280.47,841.41,NGN
OL514779,ORD-105800,PRD2233,999,209.76,209550.24,EUR
OL514780,ORD-107036,PRD2008,4,308.35,1233.4,GBP
OL514781,ORD-100890,PRD2090,4,490.49,1961.96,NGN
OL514782,ORD-103811,PRD2182,-1,283.87,,GBP
OL514783,ORD-105798,PRD2102,0,446.52,,EUR
OL514784,ORD-100058,PRD2246,-1,135.04,,USD
OL514785,ORD-100962,PRD2206,0,37.51,,NGN
OL514786,ORD-105454,PRD2030,2,$476.74,953.48,US Dollar
OL514787,ORD-105997,PRD2056,4,$84.89,339.56,GBP
OL514788,ORD-101237,PRD2188,-1,407.62,,NGN
OL514789,ORD-108624,PRD2070,5,249.06,1245.3,GBP
OL514790,ORD-107578,PRD2176,3,$287.53,862.59,GBP
OL514791,ORD-105151,PRD2184,1,19.5,19.5,EUR
OL514792,ORD-101877,PRD2064,1,159.8,159.8,EUR
OL514793,ORD-104482,PRD2090,-1,314.08,,NGN
OL514794,ORD-108460,PRD2100,3,433.64,1300.92,GBP
OL514795,ORD-103555,PRD2071,1,$316.96,316.96,GBP
OL514796,ORD-103057,PRD2129,4,12.71,50.84,USD
OL514797,ORD-105214,PRD2006,3,$450.93,1352.79,US Dollar
OL514798,ORD-101130,PRD2177,5,406.35,2031.75,GBP
OL514799,ORD-104250,PRD2222,999,$284.44,284155.56,GBP
OL514800,ORD-105963,PRD2116,999,326.85,326523.15,usd
OL514801,ORD-100542,PRD2023,3,156.08,468.24,USD
OL514802,ORD-103091,PRD2119,2,$288.26,576.52,GBP
OL514803,ORD-108651,PRD2107,0,220.54,,GBP
OL514804,ORD-107115,PRD2189,3,143.4,430.2,EUR
OL514805,ORD-107419,PRD2217,1,410.46,410.46,usd
OL514806,ORD-102135,PRD2243,-1,270.79,,EUR
OL514807,ORD-107693,PRD2173,2,253.18,506.36,USD
OL514808,ORD-102735,PRD2075,1,265.67,265.67,EUR
OL514809,ORD-101919,PRD2199,3,189.84,569.52,US Dollar
OL514810,ORD-102216,PRD2147,-1,79.43,,US Dollar
OL514811,ORD-101351,PRD2250,5,139.91,699.55,usd
OL514812,ORD-106384,PRD2107,3,383.81,1151.43,NGN
OL514813,ORD-101878,PRD2058,1,$415.48,415.48,EUR
OL514814,ORD-101168,PRD2102,5,97.16,485.8,EUR
OL514815,ORD-107058,PRD2154,0,218.54,,GBP
OL514816,ORD-106508,PRD2060,999,245.73,245484.27,USD
OL514817,ORD-102850,PRD2108,5,$114.78,573.9,USD
OL514818,ORD-107551,PRD2127,4,61.73,246.92,EUR
OL514819,ORD-107152,PRD2202,4,354.37,1417.48,NGN
OL514820,ORD-108432,PRD2021,999,363.98,363616.02,EUR
OL514821,ORD-103757,PRD2182,3,54.94,164.82,USD
OL514822,ORD-102269,PRD2160,999,403.27,402866.73,NGN
OL514823,ORD-105916,PRD2126,1,282.24,282.24,NGN
OL514824,ORD-106750,PRD2144,999,352.93,352577.07,GBP
OL514825,ORD-105103,PRD2068,-1,155.31,,US Dollar
OL514826,ORD-100081,PRD2243,1,98.26,98.26,EUR
OL514827,ORD-106148,PRD2002,2,$213.49,426.98,GBP
OL514828,ORD-108145,PRD2106,4,356.17,1424.68,EUR
OL514829,ORD-102263,PRD2025,1,374.01,374.01,US Dollar
OL514830,ORD-106900,PRD2166,5,333.76,1668.8,USD
OL514831,ORD-104038,PRD2132,999,354.29,353935.71,EUR
OL514832,ORD-102151,PRD2238,0,45.19,,usd
OL514833,ORD-100573,PRD2182,3,302.69,908.07,EUR
OL514834,ORD-105070,PRD2126,-1,$19.3,,USD
OL514835,ORD-106284,PRD2041,3,408.73,1226.19,GBP
OL514836,ORD-105091,PRD2022,1,171.75,171.75,usd
OL514837,ORD-100850,PRD2217,-1,222.23,,EUR
OL514838,ORD-103748,PRD2100,1,116.94,116.94,EUR
OL514839,ORD-100832,PRD2054,2,336.34,672.68,GBP
OL514840,ORD-100374,PRD2068,1,98.71,98.71,USD
OL514841,ORD-103866,PRD2210,5,385.26,1926.3,NGN
OL514842,ORD-108014,PRD2106,4,410.91,1643.64,usd
OL514843,ORD-104817,PRD2088,999,110.79,110679.21,USD
OL514844,ORD-105906,PRD2172,-1,$145.55,,US Dollar
OL514845,ORD-103200,PRD2222,0,36.49,,usd
OL514846,ORD-105866,PRD2106,0,67.21,,USD
OL514847,ORD-105729,PRD2017,4,444.13,1776.52,EUR
OL514848,ORD-101333,PRD2085,4,488.16,1952.64,GBP
OL514849,ORD-106816,PRD2194,3,206.73,620.19,USD
OL514850,ORD-105125,PRD2145,5,$49.96,249.8,US Dollar
OL514851,ORD-106897,PRD2028,-1,253.69,,EUR
OL514852,ORD-107245,PRD2033,5,$250.88,1254.4,GBP
OL514853,ORD-107337,PRD2172,2,39.68,79.36,USD
OL514854,ORD-108758,PRD2180,2,$231.69,463.38,NGN
OL514855,ORD-106876,PRD2217,3,374.28,1122.84,usd
OL514856,ORD-107009,PRD2212,5,200.71,1003.55,EUR
OL514857,ORD-100980,PRD2045,4,491.09,1964.36,USD
OL514858,ORD-100385,PRD2207,2,367.03,734.06,usd
OL514859,ORD-106785,PRD2114,-1,25.93,,GBP
OL514860,ORD-107964,PRD2009,1,32.93,32.93,EUR
OL514861,ORD-100225,PRD2120,3,$253.13,759.39,GBP
OL514862,ORD-108650,PRD2209,4,250.93,1003.72,EUR
OL514863,ORD-105911,PRD2226,999,62.87,62807.13,NGN
OL514864,ORD-104369,PRD2144,2,128.59,257.18,GBP
OL514865,ORD-104475,PRD2096,4,$86.02,344.08,GBP
OL514866,ORD-107995,PRD2205,0,93.83,,USD
OL514867,ORD-108474,PRD2031,2,108.99,217.98,EUR
OL514868,ORD-106295,PRD2094,1,19.88,19.88,US Dollar
OL514869,ORD-103215,PRD2002,3,91.29,273.87,usd
OL514870,ORD-108290,PRD2221,5,412.31,2061.55,NGN
OL514871,ORD-102493,PRD2192,3,447.91,1343.73,usd
OL514872,ORD-106518,PRD2166,5,$184.37,921.85,NGN
OL514873,ORD-100542,PRD2235,1,307.45,307.45,NGN
OL514874,ORD-102538,PRD2181,3,481.99,1445.97,EUR
OL514875,ORD-106442,PRD2165,1,486.61,486.61,GBP
OL514876,ORD-100422,PRD2199,1,212.95,212.95,US Dollar
OL514877,ORD-108778,PRD2139,4,338.87,1355.48,usd
OL514878,ORD-106954,PRD2004,999,287.5,287212.5,NGN
OL514879,ORD-106926,PRD2212,5,301.87,1509.35,US Dollar
OL514880,ORD-102396,PRD2051,1,8.19,8.19,EUR
OL514881,ORD-101197,PRD2191,3,403.45,1210.35,GBP
OL514882,ORD-101343,PRD2149,-1,387.7,,usd
OL514883,ORD-103405,PRD2205,4,$369.87,1479.48,EUR
OL514884,ORD-102410,PRD2006,2,136.3,272.6,USD
OL514885,ORD-108283,PRD2078,5,$484.28,2421.4,GBP
OL514886,ORD-107393,PRD2045,999,430.66,430229.34,usd
OL514887,ORD-105155,PRD2092,4,162.16,648.64,usd
OL514888,ORD-103706,PRD2222,5,141.43,707.15,GBP
OL514889,ORD-105964,PRD2224,2,74.89,149.78,USD
OL514890,ORD-101366,PRD2084,3,237.39,712.17,NGN
OL514891,ORD-101463,PRD2223,1,$478.24,478.24,USD
OL514892,ORD-103471,PRD2248,3,490.3,1470.9,US Dollar
OL514893,ORD-102656,PRD2096,2,$305.58,611.16,EUR
OL514894,ORD-102317,PRD2239,1,414.54,414.54,GBP
OL514895,ORD-104659,PRD2042,0,143.1,,US Dollar
OL514896,ORD-100098,PRD2170,1,95.47,95.47,USD
OL514897,ORD-108027,PRD2214,2,$491.87,983.74,USD
OL514898,ORD-106585,PRD2042,4,99.32,397.28,EUR
OL514899,ORD-104067,PRD2111,2,374.97,749.94,NGN
OL514900,ORD-100633,PRD2157,4,22.53,90.12,USD
OL514901,ORD-104614,PRD2061,4,483.25,1933.0,EUR
OL514902,ORD-103448,PRD2037,-1,68.54,,usd
OL514903,ORD-107631,PRD2121,1,206.41,206.41,NGN
OL514904,ORD-106115,PRD2104,5,118.63,593.15,NGN
OL514905,ORD-100181,PRD2060,-1,265.92,,usd
OL514906,ORD-108523,PRD2028,4,169.03,676.12,EUR
OL514907,ORD-100968,PRD2135,999,163.29,163126.71,USD
OL514908,ORD-105296,PRD2234,2,114.42,228.84,GBP
OL514909,ORD-105559,PRD2089,999,$221.72,221498.28,EUR
OL514910,ORD-106485,PRD2085,4,416.54,1666.16,EUR
OL514911,ORD-105247,PRD2111,1,375.08,375.08,usd
OL514912,ORD-101009,PRD2145,5,292.47,1462.35,US Dollar
OL514913,ORD-101293,PRD2119,2,395.34,790.68,EUR
OL514914,ORD-108436,PRD2005,3,476.09,1428.27,NGN
OL514915,ORD-101905,PRD2174,1,48.52,48.52,NGN
OL514916,ORD-103292,PRD2150,2,138.88,277.76,USD
OL514917,ORD-104070,PRD2174,5,439.74,2198.7,USD
OL514918,ORD-105099,PRD2195,2,157.23,314.46,USD
OL514919,ORD-104973,PRD2022,3,247.68,743.04,EUR
OL514920,ORD-101000,PRD2058,3,72.98,218.94,US Dollar
OL514921,ORD-108821,PRD2222,5,348.19,1740.95,USD
OL514922,ORD-108229,PRD2035,4,$412.32,1649.28,US Dollar
OL514923,ORD-105370,PRD2250,4,384.76,1539.04,EUR
OL514924,ORD-107088,PRD2004,3,299.05,897.15,usd
OL514925,ORD-108516,PRD2085,1,278.07,278.07,US Dollar
OL514926,ORD-107499,PRD2062,1,240.54,240.54,GBP
OL514927,ORD-103012,PRD2231,4,194.78,779.12,US Dollar
OL514928,ORD-105378,PRD2149,5,401.07,2005.35,EUR
OL514929,ORD-107749,PRD2167,3,260.57,781.71,US Dollar
OL514930,ORD-104543,PRD2187,3,435.94,1307.82,NGN
OL514931,ORD-105864,PRD2061,-1,359.94,,GBP
OL514932,ORD-100773,PRD2064,4,28.66,114.64,usd
OL514933,ORD-103156,PRD2018,1,$300.98,300.98,USD
OL514934,ORD-101523,PRD2152,4,305.92,1223.68,USD
OL514935,ORD-100905,PRD2217,4,460.17,1840.68,GBP
OL514936,ORD-104521,PRD2094,1,221.65,221.65,usd
OL514937,ORD-100963,PRD2241,4,290.47,1161.88,usd
OL514938,ORD-106121,PRD2025,2,329.64,659.28,usd
OL514939,ORD-103279,PRD2200,2,407.95,815.9,USD
OL514940,ORD-104896,PRD2226,5,236.58,1182.9,NGN
OL514941,ORD-101003,PRD2080,4,328.3,1313.2,GBP
OL514942,ORD-107111,PRD2042,0,281.64,,GBP
OL514943,ORD-103293,PRD2101,1,360.59,360.59,EUR
OL514944,ORD-100109,PRD2119,3,80.5,241.5,usd
OL514945,ORD-102423,PRD2228,-1,124.12,,NGN
OL514946,ORD-103865,PRD2059,4,163.42,653.68,EUR
OL514947,ORD-102746,PRD2126,-1,$348.94,,EUR
OL514948,ORD-107911,PRD2203,0,$143.04,,US Dollar
OL514949,ORD-102948,PRD2095,0,411.01,,usd
OL514950,ORD-106885,PRD2140,1,304.23,304.23,US Dollar
OL514951,ORD-104135,PRD2109,2,198.84,397.68,GBP
OL514952,ORD-104399,PRD2199,999,356.88,356523.12,USD
OL514953,ORD-107738,PRD2160,999,234.84,234605.16,NGN
OL514954,ORD-108533,PRD2111,1,18.81,18.81,GBP
OL514955,ORD-102668,PRD2078,3,$292.66,877.98,USD
OL514956,ORD-107999,PRD2143,-1,489.74,,USD
OL514957,ORD-103036,PRD2205,3,167.91,503.73,USD
OL514958,ORD-104952,PRD2109,2,26.85,53.7,GBP
OL514959,ORD-102301,PRD2176,4,444.72,1778.88,usd
OL514960,ORD-102741,PRD2131,-1,283.65,,NGN
OL514961,ORD-103664,PRD2118,2,$245.2,490.4,NGN
OL514962,ORD-107195,PRD2248,1,$248.29,248.29,NGN
OL514963,ORD-103905,PRD2200,1,12.83,12.83,US Dollar
OL514964,ORD-106872,PRD2210,2,$257.08,514.16,USD
OL514965,ORD-101708,PRD9221,3,53.73,161.19,USD
OL514966,ORD-102510,PRD2055,0,321.57,,NGN
OL514967,ORD-100999,PRD2028,1,272.68,272.68,usd
OL514968,ORD-106047,PRD2192,0,191.27,,GBP
OL514969,ORD-108863,PRD2155,1,357.31,357.31,EUR
OL514970,ORD-103288,PRD2065,999,146.66,146513.34,USD
OL514971,ORD-101188,PRD2119,4,281.05,1124.2,US Dollar
OL514972,ORD-108865,PRD2094,0,314.9,,US Dollar
OL514973,ORD-107197,PRD2218,-1,173.33,,US Dollar
OL514974,ORD-100595,PRD2085,5,130.13,650.65,GBP
OL514975,ORD-105259,PRD2203,3,446.28,1338.84,EUR
OL514976,ORD-108793,PRD2169,1,337.23,337.23,usd
OL514977,ORD-100814,PRD2131,1,132.81,132.81,EUR
OL514978,ORD-107454,PRD2166,999,$342.93,342587.07,NGN
OL514979,ORD-102744,PRD2020,1,478.3,478.3,GBP
OL514980,ORD-104037,PRD2038,3,431.05,1293.15,usd
OL514981,ORD-108944,PRD2236,2,281.78,563.56,GBP
OL514982,ORD-107317,PRD2128,2,296.81,593.62,GBP
OL514983,ORD-106542,PRD2106,3,54.74,164.22,usd
OL514984,ORD-107363,PRD2154,3,$374.6,1123.8,US Dollar
OL514985,ORD-101812,PRD2003,1,426.65,426.65,NGN
OL514986,ORD-102307,PRD2201,3,$481.56,1444.68,usd
OL514987,ORD-102189,PRD2197,999,10.08,10069.92,US Dollar
OL514988,ORD-101019,PRD2093,2,429.7,859.4,NGN
OL514989,ORD-101036,PRD2248,3,313.83,941.49,EUR
OL514990,ORD-104098,PRD2129,1,316.81,316.81,US Dollar
OL514991,ORD-106565,PRD2028,5,251.17,1255.85,EUR
OL514992,ORD-104927,PRD2174,-1,420.5,,usd
OL514993,ORD-106328,PRD2114,1,205.46,205.46,US Dollar
OL514994,ORD-101310,PRD2148,999,$280.06,279779.94,usd
OL514995,ORD-100161,PRD2121,3,$304.07,912.21,US Dollar
OL514996,ORD-106964,PRD2057,-1,6.64,,USD
OL514997,ORD-101246,PRD2126,1,$314.57,314.57,USD
OL514998,ORD-100461,PRD2093,4,273.94,1095.76,GBP
OL514999,ORD-104674,PRD2028,1,5.55,5.55,GBP
OL515000,ORD-102891,PRD2133,4,254.66,1018.64,EUR
OL515001,ORD-101989,PRD2181,1,122.94,122.94,usd
OL515002,ORD-105142,PRD2236,3,68.06,204.18,GBP
OL515003,ORD-102777,PRD2117,5,363.17,1815.85,usd
OL515004,ORD-102502,PRD2112,999,77.86,77782.14,NGN
OL515005,ORD-108448,PRD2002,2,63.01,126.02,US Dollar
OL515006,ORD-103075,PRD2141,1,$243.88,243.88,USD
OL515007,ORD-103451,PRD2089,1,35.1,35.1,EUR
OL515008,ORD-103141,PRD2147,4,56.88,227.52,EUR
OL515009,ORD-108669,PRD2091,2,295.28,590.56,US Dollar
OL515010,ORD-104386,PRD2186,2,$115.72,231.44,NGN
OL515011,ORD-104030,PRD2179,1,365.83,365.83,EUR
OL515012,ORD-104121,PRD2016,1,421.36,421.36,GBP
OL515013,ORD-104870,PRD2230,0,$43.23,,EUR
OL515014,ORD-102900,PRD2222,3,394.38,1183.14,usd
OL515015,ORD-103995,PRD2099,999,$159.75,159590.25,usd
OL515016,ORD-108088,PRD2007,4,$323.26,1293.04,NGN
OL515017,ORD-100770,PRD2120,4,466.53,1866.12,USD
OL515018,ORD-105924,PRD2035,2,$190.12,380.24,EUR
OL515019,ORD-100256,PRD2095,0,125.55,,US Dollar
OL515020,ORD-106564,PRD2009,4,485.04,1940.16,GBP
OL515021,ORD-103781,PRD2116,4,253.35,1013.4,NGN
OL515022,ORD-100970,PRD2088,1,205.0,205.0,USD
OL515023,ORD-103455,PRD2018,5,$425.16,2125.8,USD
OL515024,ORD-102034,PRD2187,3,412.49,1237.47,GBP
OL515025,ORD-103832,PRD2146,-1,338.01,,EUR
OL515026,ORD-107594,PRD2237,5,383.04,1915.2,US Dollar
OL515027,ORD-108127,PRD2032,-1,8.92,,GBP
OL515028,ORD-100967,PRD2098,2,151.99,303.98,US Dollar
OL515029,ORD-106983,PRD2130,3,$417.68,1253.04,GBP
OL515030,ORD-108406,PRD2210,2,234.25,468.5,GBP
OL515031,ORD-103802,PRD2191,-1,195.78,,USD
OL515032,ORD-101702,PRD9214,2,179.53,359.06,NGN
OL515033,ORD-101364,PRD2195,1,46.65,46.65,usd
OL515034,ORD-104043,PRD2211,999,332.44,332107.56,GBP
OL515035,ORD-101596,PRD2185,2,116.52,233.04,NGN
OL515036,ORD-101512,PRD2227,1,379.41,379.41,USD
OL515037,ORD-105095,PRD2024,-1,169.76,,usd
OL515038,ORD-108365,PRD2249,0,301.96,,NGN
OL515039,ORD-100805,PRD2005,3,475.19,1425.57,US Dollar
OL515040,ORD-101075,PRD2105,4,$441.63,1766.52,USD
OL515041,ORD-108374,PRD2211,-1,7.34,,NGN
OL515042,ORD-106697,PRD2046,2,420.31,840.62,USD
OL515043,ORD-108072,PRD2154,-1,130.45,,EUR
OL515044,ORD-105393,PRD2106,4,429.49,1717.96,EUR
OL515045,ORD-100889,PRD2076,-1,$252.57,,EUR
OL515046,ORD-105050,PRD2024,2,135.7,271.4,usd
OL515047,ORD-105048,PRD2069,5,344.18,1720.9,NGN
OL515048,ORD-102236,PRD2041,4,485.19,1940.76,US Dollar
OL515049,ORD-105181,PRD2217,3,129.16,387.48,US Dollar
OL515050,ORD-101183,PRD2207,4,375.57,1502.28,USD
OL515051,ORD-106068,PRD2242,4,492.74,1970.96,NGN
OL515052,ORD-108203,PRD2226,5,457.06,2285.3,GBP
OL515053,ORD-103154,PRD2078,1,120.55,120.55,GBP
OL515054,ORD-107617,PRD2018,5,431.44,2157.2,GBP
OL515055,ORD-106924,PRD2232,4,457.07,1828.28,EUR
OL515056,ORD-108407,PRD2122,4,386.98,1547.92,US Dollar
OL515057,ORD-100570,PRD2190,4,30.88,123.52,NGN
OL515058,ORD-105626,PRD2061,1,62.97,62.97,USD
OL515059,ORD-107514,PRD2126,1,105.81,105.81,NGN
OL515060,ORD-101548,PRD2084,2,334.31,668.62,GBP
OL515061,ORD-103402,PRD2067,3,200.51,601.53,GBP
OL515062,ORD-107891,PRD2050,4,74.34,297.36,NGN
OL515063,ORD-105246,PRD9946,3,291.79,875.37,NGN
OL515064,ORD-108539,PRD2226,-1,112.35,,NGN
OL515065,ORD-108543,PRD2098,-1,290.46,,NGN
OL515066,ORD-104316,PRD2041,1,$451.8,451.8,EUR
OL515067,ORD-101284,PRD2014,4,124.58,498.32,NGN
OL515068,ORD-104133,PRD2194,1,480.0,480.0,USD
OL515069,ORD-102859,PRD2126,5,9.35,46.75,USD
OL515070,ORD-102456,PRD2174,1,$157.12,157.12,EUR
OL515071,ORD-101619,PRD2058,4,139.88,559.52,EUR
OL515072,ORD-102777,PRD2091,-1,$429.43,,NGN
OL515073,ORD-100177,PRD2169,0,$322.3,,EUR
OL515074,ORD-100514,PRD2247,-1,498.45,,GBP
OL515075,ORD-101458,PRD2222,-1,279.43,,usd
OL515076,ORD-105627,PRD2136,5,30.49,152.45,usd
OL515077,ORD-107096,PRD2002,-1,428.29,,usd
OL515078,ORD-108884,PRD2102,1,167.16,167.16,US Dollar
OL515079,ORD-102261,PRD2044,4,295.64,1182.56,USD
OL515080,ORD-100087,PRD2025,0,$120.68,,US Dollar
OL515081,ORD-103489,PRD2228,2,296.1,592.2,EUR
OL515082,ORD-104849,PRD2147,0,89.03,,USD
OL515083,ORD-104447,PRD2084,0,295.48,,EUR
OL515084,ORD-105725,PRD2102,2,$116.65,233.3,GBP
OL515085,ORD-102225,PRD2220,3,35.9,107.7,EUR
OL515086,ORD-100328,PRD2013,-1,125.83,,EUR
OL515087,ORD-103262,PRD2249,5,153.61,768.05,USD
OL515088,ORD-103011,PRD2084,3,138.94,416.82,USD
OL515089,ORD-102340,PRD2221,5,42.44,212.2,EUR
OL515090,ORD-106648,PRD2227,1,92.84,92.84,GBP
OL515091,ORD-101464,PRD2008,3,283.57,850.71,usd
OL515092,ORD-107480,PRD2249,-1,166.35,,NGN
OL515093,ORD-108499,PRD2062,2,274.8,549.6,USD
OL515094,ORD-105581,PRD2084,5,443.78,2218.9,usd
OL515095,ORD-102209,PRD2022,3,119.37,358.11,EUR
OL515096,ORD-102559,PRD2036,4,$171.79,687.16,GBP
OL515097,ORD-104663,PRD2036,-1,$395.17,,usd
OL515098,ORD-108292,PRD2008,5,242.72,1213.6,US Dollar
OL515099,ORD-103698,PRD2182,2,161.22,322.44,NGN
OL515100,ORD-102853,PRD2188,0,$342.87,,NGN
OL515101,ORD-106859,PRD2213,-1,33.13,,usd
OL515102,ORD-107822,PRD2249,999,143.93,143786.07,GBP
OL515103,ORD-105665,PRD2207,3,78.38,235.14,US Dollar
OL515104,ORD-102985,PRD2153,999,$328.44,328111.56,US Dollar
OL515105,ORD-104210,PRD2188,0,367.97,,GBP
OL515106,ORD-101905,PRD2186,5,135.16,675.8,US Dollar
OL515107,ORD-101009,PRD2241,1,102.02,102.02,US Dollar
OL515108,ORD-103425,PRD2158,4,157.88,631.52,USD
OL515109,ORD-105082,PRD2048,5,187.0,935.0,EUR
OL515110,ORD-101008,PRD2128,1,476.0,476.0,usd
OL515111,ORD-104735,PRD2157,2,334.26,668.52,EUR
OL515112,ORD-105223,PRD2073,1,489.74,489.74,EUR
OL515113,ORD-103177,PRD2223,1,98.92,98.92,USD
OL515114,ORD-107825,PRD2015,4,100.04,400.16,NGN
OL515115,ORD-105873,PRD2160,0,363.61,,GBP
OL515116,ORD-103628,PRD2150,1,441.35,441.35,usd
OL515117,ORD-101045,PRD2166,2,481.91,963.82,EUR
OL515118,ORD-104091,PRD2046,3,44.38,133.14,USD
OL515119,ORD-108107,PRD2132,5,216.78,1083.9,GBP
OL515120,ORD-101186,PRD2080,0,436.64,,US Dollar
OL515121,ORD-100063,PRD2141,3,460.26,1380.78,EUR
OL515122,ORD-101333,PRD2140,2,254.65,509.3,NGN
OL515123,ORD-107607,PRD2049,3,66.28,198.84,usd
OL515124,ORD-107842,PRD2090,2,$297.39,594.78,US Dollar
OL515125,ORD-100876,PRD2230,1,253.61,253.61,NGN
OL515126,ORD-100878,PRD2125,999,$294.17,293875.83,USD
OL515127,ORD-106766,PRD2051,999,294.7,294405.3,GBP
OL515128,ORD-100288,PRD2184,5,349.47,1747.35,US Dollar
OL515129,ORD-105157,PRD2103,2,239.25,478.5,USD
OL515130,ORD-106619,PRD2144,999,315.03,314714.97,usd
OL515131,ORD-102419,PRD2048,4,239.48,957.92,EUR
OL515132,ORD-101396,PRD2121,1,63.71,63.71,usd
OL515133,ORD-101561,PRD2212,0,223.8,,EUR
OL515134,ORD-108416,PRD2116,2,222.2,444.4,US Dollar
OL515135,ORD-101739,PRD2039,3,461.29,1383.87,GBP
OL515136,ORD-101291,PRD2174,2,99.17,198.34,USD
OL515137,ORD-102936,PRD2216,2,472.65,945.3,EUR
OL515138,ORD-101400,PRD2236,2,198.33,396.66,GBP
OL515139,ORD-107614,PRD2103,2,$74.74,149.48,NGN
OL515140,ORD-107642,PRD2054,0,296.78,,GBP
OL515141,ORD-105646,PRD2189,0,5.97,,GBP
OL515142,ORD-105844,PRD2003,999,45.45,45404.55,GBP
OL515143,ORD-107911,PRD2008,2,136.52,273.04,USD
OL515144,ORD-106686,PRD2088,0,471.97,,US Dollar
OL515145,ORD-107782,PRD2194,1,478.65,478.65,EUR
OL515146,ORD-101011,PRD2217,4,264.06,1056.24,NGN
OL515147,ORD-107707,PRD2108,5,$488.58,2442.9,usd
OL515148,ORD-104755,PRD2201,1,206.0,206.0,US Dollar
OL515149,ORD-100253,PRD2237,1,33.94,33.94,USD
OL515150,ORD-107958,PRD2034,-1,32.11,,US Dollar
OL515151,ORD-100892,PRD2054,4,82.21,328.84,US Dollar
OL515152,ORD-104863,PRD2217,3,$250.62,751.86,USD
OL515153,ORD-106395,PRD2099,3,388.27,1164.81,US Dollar
OL515154,ORD-100701,PRD2219,4,221.02,884.08,usd
OL515155,ORD-107441,PRD2063,2,$9.41,18.82,NGN
OL515156,ORD-108291,PRD2138,0,241.08,,usd
OL515157,ORD-100808,PRD2220,5,244.46,1222.3,usd
OL515158,ORD-104690,PRD2024,3,420.44,1261.32,USD
OL515159,ORD-108651,PRD2177,-1,363.43,,EUR
OL515160,ORD-105872,PRD2197,4,148.27,593.08,usd
OL515161,ORD-106507,PRD2234,4,42.16,168.64,usd
OL515162,ORD-106801,PRD2121,2,147.96,295.92,GBP
OL515163,ORD-107621,PRD2039,2,250.35,500.7,USD
OL515164,ORD-107026,PRD2107,2,323.25,646.5,NGN
OL515165,ORD-100255,PRD2181,3,228.77,686.31,USD
OL515166,ORD-100071,PRD2117,0,89.76,,usd
OL515167,ORD-101283,PRD2025,1,207.53,207.53,US Dollar
OL515168,ORD-108641,PRD2093,999,7.04,7032.96,USD
OL515169,ORD-102819,PRD2073,3,420.31,1260.93,GBP
OL515170,ORD-107922,PRD2104,999,31.48,31448.52,EUR
OL515171,ORD-102410,PRD2129,0,386.54,,usd
OL515172,ORD-102818,PRD2055,0,211.97,,usd
OL515173,ORD-100908,PRD2086,3,86.63,259.89,USD
OL515174,ORD-107263,PRD2218,5,446.86,2234.3,NGN
OL515175,ORD-105857,PRD2207,2,223.11,446.22,NGN
OL515176,ORD-106615,PRD2140,1,$322.23,322.23,usd
OL515177,ORD-106417,PRD2033,3,147.78,443.34,NGN
OL515178,ORD-101731,PRD2213,1,438.78,438.78,usd
OL515179,ORD-106133,PRD2069,5,465.58,2327.9,GBP
OL515180,ORD-106896,PRD2200,4,353.85,1415.4,NGN
OL515181,ORD-104631,PRD2045,999,30.5,30469.5,usd
OL515182,ORD-108803,PRD2223,3,325.42,976.26,EUR
OL515183,ORD-100865,PRD9818,-1,260.56,,NGN
OL515184,ORD-104638,PRD2209,1,$223.51,223.51,EUR
OL515185,ORD-101122,PRD2159,1,32.38,32.38,GBP
OL515186,ORD-100689,PRD2049,5,17.34,86.7,USD
OL515187,ORD-104699,PRD2123,4,87.21,348.84,GBP
OL515188,ORD-105723,PRD2080,1,$470.39,470.39,USD
OL515189,ORD-106751,PRD2019,5,215.4,1077.0,US Dollar
OL515190,ORD-103636,PRD2088,2,176.5,353.0,usd
OL515191,ORD-105161,PRD2165,1,$305.52,305.52,NGN
OL515192,ORD-104404,PRD2191,2,16.64,33.28,EUR
OL515193,ORD-101737,PRD2082,2,41.85,83.7,GBP
OL515194,ORD-100264,PRD2070,4,345.73,1382.92,GBP
OL515195,ORD-105483,PRD2004,-1,$322.04,,US Dollar
OL515196,ORD-100403,PRD2021,4,327.57,1310.28,US Dollar
OL515197,ORD-102191,PRD2215,1,334.28,334.28,EUR
OL515198,ORD-100728,PRD2172,2,372.18,744.36,EUR
OL515199,ORD-106416,PRD2165,2,480.37,960.74,GBP
OL515200,ORD-104279,PRD2155,5,79.35,396.75,GBP
OL515201,ORD-105149,PRD2233,2,434.35,868.7,US Dollar
OL515202,ORD-108559,PRD2180,1,435.95,435.95,US Dollar
OL515203,ORD-102331,PRD2071,5,317.04,1585.2,usd
OL515204,ORD-101737,PRD2097,2,474.9,949.8,EUR
OL515205,ORD-101777,PRD2194,5,55.44,277.2,NGN
OL515206,ORD-106760,PRD2089,3,492.44,1477.32,USD
OL515207,ORD-108132,PRD2200,1,246.32,246.32,EUR
OL515208,ORD-103429,PRD2202,2,388.3,776.6,USD
OL515209,ORD-102836,PRD2168,5,3.55,17.75,NGN
OL515210,ORD-100076,PRD2214,3,71.96,215.88,NGN
OL515211,ORD-106235,PRD2247,0,118.29,,USD
OL515212,ORD-103017,PRD2186,3,438.6,1315.8,USD
OL515213,ORD-102683,PRD2185,1,413.98,413.98,EUR
OL515214,ORD-103435,PRD2187,5,499.14,2495.7,usd
OL515215,ORD-108538,PRD2075,3,390.06,1170.18,NGN
OL515216,ORD-100268,PRD2038,4,112.86,451.44,usd
OL515217,ORD-100842,PRD2060,1,16.94,16.94,EUR
OL515218,ORD-103645,PRD2177,4,242.03,968.12,GBP
OL515219,ORD-101246,PRD2046,999,$71.68,71608.32,usd
OL515220,ORD-102044,PRD2196,4,24.38,97.52,NGN
OL515221,ORD-107920,PRD2115,2,115.56,231.12,USD
OL515222,ORD-106285,PRD2233,2,$443.01,886.02,EUR
OL515223,ORD-105711,PRD2149,2,$453.24,906.48,EUR
OL515224,ORD-102557,PRD2190,1,119.36,119.36,US Dollar
OL515225,ORD-102159,PRD2057,2,325.33,650.66,EUR
OL515226,ORD-107242,PRD2035,4,141.07,564.28,NGN
OL515227,ORD-104754,PRD2113,999,120.99,120869.01,USD
OL515228,ORD-102306,PRD2170,2,$360.24,720.48,GBP
OL515229,ORD-106469,PRD2244,3,426.41,1279.23,USD
OL515230,ORD-106836,PRD2027,3,$479.18,1437.54,USD
OL515231,ORD-107269,PRD2212,2,$54.29,108.58,usd
OL515232,ORD-107492,PRD2205,1,$361.79,361.79,usd
OL515233,ORD-104789,PRD2221,3,122.04,366.12,usd
OL515234,ORD-101725,PRD2058,-1,312.83,,NGN
OL515235,ORD-101142,PRD2215,5,159.88,799.4,NGN
OL515236,ORD-103460,PRD2127,-1,147.17,,usd
OL515237,ORD-103158,PRD2138,2,422.08,844.16,USD
OL515238,ORD-101214,PRD2084,1,$8.27,8.27,EUR
OL515239,ORD-103216,PRD2075,3,236.99,710.97,usd
OL515240,ORD-101418,PRD2014,999,349.58,349230.42,EUR
OL515241,ORD-107423,PRD2050,2,$50.73,101.46,NGN
OL515242,ORD-108551,PRD2192,1,99.31,99.31,NGN
OL515243,ORD-106696,PRD2120,4,70.14,280.56,usd
OL515244,ORD-101545,PRD2156,5,101.17,505.85,EUR
OL515245,ORD-104428,PRD2214,1,85.38,85.38,usd
OL515246,ORD-100270,PRD2184,5,305.4,1527.0,NGN
OL515247,ORD-108212,PRD2038,0,284.68,,usd
OL515248,ORD-106514,PRD2070,-1,240.27,,EUR
OL515249,ORD-104783,PRD2021,3,66.59,199.77,NGN
OL515250,ORD-108082,PRD2141,-1,454.86,,US Dollar
OL515251,ORD-100858,PRD2239,1,147.69,147.69,EUR
OL515252,ORD-108927,PRD2213,4,375.3,1501.2,NGN
OL515253,ORD-102943,PRD2175,2,377.17,754.34,GBP
OL515254,ORD-108734,PRD2199,3,267.72,803.16,GBP
OL515255,ORD-105135,PRD2030,5,445.18,2225.9,US Dollar
OL515256,ORD-101138,PRD2136,5,85.53,427.65,US Dollar
OL515257,ORD-105899,PRD2112,999,68.07,68001.93,EUR
OL515258,ORD-100419,PRD2218,3,155.7,467.1,GBP
OL515259,ORD-108410,PRD2037,2,143.07,286.14,US Dollar
OL515260,ORD-102256,PRD2204,2,368.8,737.6,EUR
OL515261,ORD-105456,PRD2104,0,80.86,,EUR
OL515262,ORD-104232,PRD2088,999,$9.99,9980.01,USD
OL515263,ORD-105131,PRD2153,2,112.79,225.58,US Dollar
OL515264,ORD-106470,PRD2016,1,200.01,200.01,GBP
OL515265,ORD-103900,PRD2232,3,381.29,1143.87,NGN
OL515266,ORD-100494,PRD2012,3,356.5,1069.5,US Dollar
OL515267,ORD-104688,PRD2177,2,20.45,40.9,usd
OL515268,ORD-106087,PRD2143,3,249.41,748.23,US Dollar
OL515269,ORD-107313,PRD2015,0,91.84,,USD
OL515270,ORD-103361,PRD2086,5,199.42,997.1,GBP
OL515271,ORD-104689,PRD2034,1,106.02,106.02,US Dollar
OL515272,ORD-104363,PRD2232,4,259.51,1038.04,usd
OL515273,ORD-101613,PRD2203,-1,476.37,,USD
OL515274,ORD-104777,PRD2014,1,439.07,439.07,NGN
OL515275,ORD-107269,PRD2140,1,372.97,372.97,NGN
OL515276,ORD-103043,PRD2197,2,86.77,173.54,US Dollar
OL515277,ORD-101274,PRD2235,4,15.89,63.56,GBP
OL515278,ORD-101570,PRD2174,2,262.67,525.34,GBP
OL515279,ORD-104952,PRD2163,1,232.9,232.9,USD
OL515280,ORD-104841,PRD2174,5,132.69,663.45,NGN
OL515281,ORD-103007,PRD2226,4,103.06,412.24,usd
OL515282,ORD-101071,PRD2186,4,467.36,1869.44,usd
OL515283,ORD-102425,PRD2165,1,470.1,470.1,usd
OL515284,ORD-106043,PRD2216,3,457.78,1373.34,NGN
OL515285,ORD-105252,PRD2208,1,331.86,331.86,GBP
OL515286,ORD-102156,PRD2007,2,$280.88,561.76,GBP
OL515287,ORD-103433,PRD2207,3,425.87,1277.61,US Dollar
OL515288,ORD-108492,PRD2006,0,19.67,,NGN
OL515289,ORD-105612,PRD2203,999,81.44,81358.56,US Dollar
OL515290,ORD-100644,PRD2165,2,482.57,965.14,US Dollar
OL515291,ORD-107217,PRD2095,3,$360.16,1080.48,USD
OL515292,ORD-104020,PRD2180,0,112.16,,GBP
OL515293,ORD-101630,PRD2109,4,72.89,291.56,US Dollar
OL515294,ORD-102089,PRD2120,999,61.81,61748.19,US Dollar
OL515295,ORD-103036,PRD2068,1,304.95,304.95,USD
OL515296,ORD-105452,PRD2020,999,157.71,157552.29,US Dollar
OL515297,ORD-105234,PRD2215,5,26.36,131.8,US Dollar
OL515298,ORD-106789,PRD2148,3,422.33,1266.99,USD
OL515299,ORD-103699,PRD2033,999,196.1,195903.9,EUR
OL515300,ORD-106832,PRD2179,1,492.79,492.79,NGN
OL515301,ORD-101292,PRD2087,5,142.37,711.85,US Dollar
OL515302,ORD-105793,PRD2027,999,$71.94,71868.06,usd
OL515303,ORD-108496,PRD2172,3,320.33,960.99,US Dollar
OL515304,ORD-101525,PRD2108,5,443.81,2219.05,EUR
OL515305,ORD-106259,PRD2092,2,78.75,157.5,USD
OL515306,ORD-108373,PRD2116,4,$291.1,1164.4,USD
OL515307,ORD-108057,PRD2039,3,294.49,883.47,NGN
OL515308,ORD-104152,PRD2219,999,469.81,469340.19,EUR
OL515309,ORD-102898,PRD2071,4,338.05,1352.2,EUR
OL515310,ORD-104972,PRD2021,5,129.07,645.35,NGN
OL515311,ORD-101241,PRD2198,1,$77.96,77.96,GBP
OL515312,ORD-104401,PRD2166,2,97.92,195.84,USD
OL515313,ORD-103485,PRD2056,-1,187.94,,EUR
OL515314,ORD-103731,PRD2237,5,490.26,2451.3,USD
OL515315,ORD-106301,PRD2242,999,497.36,496862.64,NGN
OL515316,ORD-104093,PRD2207,3,200.12,600.36,usd
OL515317,ORD-104773,PRD2104,3,104.34,313.02,US Dollar
OL515318,ORD-106946,PRD2242,4,208.63,834.52,EUR
OL515319,ORD-103520,PRD2176,1,424.18,424.18,EUR
OL515320,ORD-101897,PRD2239,3,165.2,495.6,EUR
OL515321,ORD-104786,PRD2110,999,174.17,173995.83,usd
OL515322,ORD-108249,PRD2001,2,67.78,135.56,EUR
OL515323,ORD-100047,PRD2080,3,106.2,318.6,EUR
OL515324,ORD-101937,PRD2160,3,$236.68,710.04,EUR
OL515325,ORD-103541,PRD2211,4,264.33,1057.32,USD
OL515326,ORD-104494,PRD2133,2,240.15,480.3,usd
OL515327,ORD-107628,PRD2139,3,357.13,1071.39,GBP
OL515328,ORD-105007,PRD2037,2,185.78,371.56,US Dollar
OL515329,ORD-107750,PRD2012,999,186.76,186573.24,GBP
OL515330,ORD-100928,PRD2017,5,414.76,2073.8,EUR
OL515331,ORD-100501,PRD2023,3,$181.94,545.82,GBP
OL515332,ORD-100104,PRD2152,2,$334.81,669.62,US Dollar
OL515333,ORD-104148,PRD2098,2,459.7,919.4,usd
OL515334,ORD-100703,PRD2203,4,$2.94,11.76,USD
OL515335,ORD-104994,PRD2079,4,217.56,870.24,US Dollar
OL515336,ORD-105669,PRD2172,3,214.72,644.16,EUR
OL515337,ORD-107217,PRD2066,1,220.88,220.88,usd
OL515338,ORD-104029,PRD2218,5,397.7,1988.5,USD
OL515339,ORD-101281,PRD2191,2,278.2,556.4,EUR
OL515340,ORD-105409,PRD2114,2,$425.8,851.6,US Dollar
OL515341,ORD-104596,PRD2176,3,451.05,1353.15,USD
OL515342,ORD-106675,PRD2197,5,103.03,515.15,USD
OL515343,ORD-103027,PRD2090,3,$396.13,1188.39,US Dollar
OL515344,ORD-104991,PRD2142,4,403.61,1614.44,GBP
OL515345,ORD-100657,PRD2021,999,350.06,349709.94,US Dollar
OL515346,ORD-105313,PRD2108,3,42.31,126.93,usd
OL515347,ORD-103997,PRD2123,3,175.95,527.85,NGN
OL515348,ORD-100260,PRD2081,5,370.64,1853.2,NGN
OL515349,ORD-102458,PRD2055,3,132.52,397.56,USD
OL515350,ORD-106579,PRD2158,999,396.82,396423.18,US Dollar
OL515351,ORD-101038,PRD2115,4,377.72,1510.88,USD
OL515352,ORD-107600,PRD2170,1,491.24,491.24,EUR
OL515353,ORD-108678,PRD2069,-1,76.34,,EUR
OL515354,ORD-102527,PRD2149,4,$439.08,1756.32,GBP
OL515355,ORD-101663,PRD2204,4,334.28,1337.12,US Dollar
OL515356,ORD-100518,PRD2061,1,229.83,229.83,EUR
OL515357,ORD-103581,PRD2096,5,14.21,71.05,US Dollar
OL515358,ORD-108979,PRD2232,999,140.98,140839.02,usd
OL515359,ORD-106464,PRD2089,-1,280.29,,US Dollar
OL515360,ORD-108848,PRD2146,2,45.85,91.7,USD
OL515361,ORD-102317,PRD2187,4,443.9,1775.6,usd
OL515362,ORD-108848,PRD2166,1,453.09,453.09,GBP
OL515363,ORD-106514,PRD2056,2,$424.18,848.36,US Dollar
OL515364,ORD-100823,PRD2087,2,485.9,971.8,USD
OL515365,ORD-108412,PRD2183,1,151.58,151.58,NGN
OL515366,ORD-102997,PRD2147,5,$272.09,1360.45,US Dollar
OL515367,ORD-106430,PRD2148,4,79.46,317.84,US Dollar
OL515368,ORD-102500,PRD2028,0,284.59,,US Dollar
OL515369,ORD-105649,PRD2067,4,44.66,178.64,NGN
OL515370,ORD-104407,PRD2196,1,460.31,460.31,NGN
OL515371,ORD-102942,PRD2167,1,194.5,194.5,US Dollar
OL515372,ORD-102095,PRD2087,2,61.32,122.64,USD
OL515373,ORD-106217,PRD2208,0,90.71,,EUR
OL515374,ORD-105773,PRD2128,4,8.8,35.2,US Dollar
OL515375,ORD-106944,PRD2072,999,379.68,379300.32,GBP
OL515376,ORD-104319,PRD2250,2,350.33,700.66,USD
OL515377,ORD-103700,PRD2088,5,29.27,146.35,USD
OL515378,ORD-100613,PRD2234,1,420.87,420.87,USD
OL515379,ORD-107401,PRD2160,-1,472.14,,USD
OL515380,ORD-101578,PRD2106,3,207.57,622.71,USD
OL515381,ORD-105540,PRD2162,0,366.29,,EUR
OL515382,ORD-100276,PRD2035,2,327.15,654.3,GBP
OL515383,ORD-107636,PRD2179,999,177.48,177302.52,usd
OL515384,ORD-101956,PRD2160,4,480.59,1922.36,usd
OL515385,ORD-105581,PRD2171,2,388.4,776.8,GBP
OL515386,ORD-106209,PRD2140,0,401.68,,NGN
OL515387,ORD-107026,PRD2095,0,232.23,,GBP
OL515388,ORD-103968,PRD2201,4,395.19,1580.76,EUR
OL515389,ORD-101404,PRD2214,0,98.21,,USD
OL515390,ORD-100387,PRD2236,5,294.7,1473.5,USD
OL515391,ORD-101589,PRD2029,-1,241.46,,USD
OL515392,ORD-101370,PRD2105,5,333.52,1667.6,USD
OL515393,ORD-102623,PRD2112,3,482.18,1446.54,GBP
OL515394,ORD-104509,PRD2027,2,383.46,766.92,usd
OL515395,ORD-104815,PRD2078,0,448.97,,USD
OL515396,ORD-107737,PRD2241,4,391.86,1567.44,US Dollar
OL515397,ORD-101396,PRD2206,3,143.63,430.89,usd
OL515398,ORD-106504,PRD2235,2,121.9,243.8,GBP
OL515399,ORD-104323,PRD2014,4,$487.84,1951.36,usd
OL515400,ORD-102271,PRD2154,4,103.0,412.0,USD
OL515401,ORD-103071,PRD2193,5,333.38,1666.9,US Dollar
OL515402,ORD-104134,PRD2014,5,106.37,531.85,USD
OL515403,ORD-105096,PRD2021,999,291.08,290788.92,usd
OL515404,ORD-102944,PRD2239,999,433.01,432576.99,USD
OL515405,ORD-104532,PRD2125,999,281.06,280778.94,NGN
OL515406,ORD-100169,PRD2085,3,455.28,1365.84,NGN
OL515407,ORD-102273,PRD2233,0,$177.16,,usd
OL515408,ORD-107045,PRD2005,0,379.95,,GBP
OL515409,ORD-106989,PRD2178,4,416.15,1664.6,EUR
OL515410,ORD-101712,PRD2066,3,$479.77,1439.31,EUR
OL515411,ORD-100570,PRD2176,4,25.66,102.64,USD
OL515412,ORD-106022,PRD2054,5,9.95,49.75,EUR
OL515413,ORD-103975,PRD2084,2,$499.52,999.04,EUR
OL515414,ORD-101322,PRD2159,2,116.4,232.8,EUR
OL515415,ORD-103111,PRD2160,0,429.21,,USD
OL515416,ORD-107680,PRD2141,999,53.57,53516.43,GBP
OL515417,ORD-102164,PRD2080,-1,70.5,,GBP
OL515418,ORD-107062,PRD2176,5,331.04,1655.2,NGN
OL515419,ORD-104817,PRD2147,-1,455.18,,NGN
OL515420,ORD-102809,PRD2051,1,240.01,240.01,NGN
OL515421,ORD-107931,PRD2205,1,447.28,447.28,US Dollar
OL515422,ORD-101481,PRD2040,999,$181.35,181168.65,usd
OL515423,ORD-105183,PRD2222,-1,240.02,,GBP
OL515424,ORD-102557,PRD2025,0,$189.9,,USD
OL515425,ORD-104106,PRD2066,999,44.54,44495.46,US Dollar
OL515426,ORD-101385,PRD2124,4,209.96,839.84,NGN
OL515427,ORD-107195,PRD2206,3,$450.57,1351.71,EUR
OL515428,ORD-100003,PRD2116,5,309.29,1546.45,US Dollar
OL515429,ORD-104192,PRD2116,4,$282.24,1128.96,GBP
OL515430,ORD-100049,PRD2097,4,169.42,677.68,GBP
OL515431,ORD-103193,PRD2047,5,407.34,2036.7,NGN
OL515432,ORD-106279,PRD2025,5,369.54,1847.7,USD
OL515433,ORD-107630,PRD2235,999,322.44,322117.56,usd
OL515434,ORD-102451,PRD2244,0,335.1,,GBP
OL515435,ORD-100989,PRD2213,4,$157.32,629.28,GBP
OL515436,ORD-100699,PRD2184,1,110.22,110.22,GBP
OL515437,ORD-102633,PRD2091,1,246.99,246.99,US Dollar
OL515438,ORD-106297,PRD2046,999,$139.24,139100.76,NGN
OL515439,ORD-105360,PRD2191,0,$189.38,,usd
OL515440,ORD-100798,PRD2174,3,315.27,945.81,EUR
OL515441,ORD-102487,PRD2023,-1,379.67,,GBP
OL515442,ORD-108647,PRD2131,999,29.43,29400.57,usd
OL515443,ORD-100067,PRD2012,1,158.5,158.5,EUR
OL515444,ORD-100556,PRD2235,0,177.64,,USD
OL515445,ORD-100709,PRD2191,3,51.29,153.87,US Dollar
OL515446,ORD-108275,PRD2238,3,169.74,509.22,US Dollar
OL515447,ORD-100180,PRD2177,2,26.84,53.68,usd
OL515448,ORD-104145,PRD2159,5,47.12,235.6,GBP
OL515449,ORD-100484,PRD2095,999,164.31,164145.69,USD
OL515450,ORD-102566,PRD2196,5,359.17,1795.85,GBP
OL515451,ORD-102037,PRD2216,5,107.25,536.25,US Dollar
OL515452,ORD-108808,PRD2117,2,421.48,842.96,usd
OL515453,ORD-101466,PRD2081,3,454.78,1364.34,EUR
OL515454,ORD-103690,PRD2162,2,$230.8,461.6,usd
OL515455,ORD-104652,PRD2095,999,18.94,18921.06,NGN
OL515456,ORD-101251,PRD2151,4,78.13,312.52,NGN
OL515457,ORD-102711,PRD2052,1,112.6,112.6,EUR
OL515458,ORD-108134,PRD2182,3,465.57,1396.71,usd
OL515459,ORD-102611,PRD2216,1,$494.1,494.1,usd
OL515460,ORD-101889,PRD2033,999,56.04,55983.96,usd
OL515461,ORD-106821,PRD2233,0,178.46,,usd
OL515462,ORD-102116,PRD2010,-1,107.25,,NGN
OL515463,ORD-102502,PRD2163,-1,471.76,,EUR
OL515464,ORD-107702,PRD2145,5,357.8,1789.0,GBP
OL515465,ORD-107266,PRD2014,999,238.6,238361.4,usd
OL515466,ORD-107814,PRD2010,3,170.7,512.1,NGN
OL515467,ORD-106259,PRD2219,1,449.19,449.19,NGN
OL515468,ORD-103693,PRD2062,2,125.02,250.04,GBP
OL515469,ORD-108125,PRD2069,3,37.15,111.45,USD
OL515470,ORD-103368,PRD2043,5,$382.55,1912.75,GBP
OL515471,ORD-101917,PRD2213,5,446.39,2231.95,EUR
OL515472,ORD-107839,PRD2078,2,$138.93,277.86,USD
OL515473,ORD-104011,PRD2219,3,83.1,249.3,EUR
OL515474,ORD-108109,PRD2021,-1,390.91,,usd
OL515475,ORD-100029,PRD2160,4,281.92,1127.68,usd
OL515476,ORD-107181,PRD2020,5,$64.8,324.0,NGN
OL515477,ORD-101291,PRD2243,0,324.29,,EUR
OL515478,ORD-103813,PRD2063,5,91.25,456.25,EUR
OL515479,ORD-102684,PRD2057,2,309.71,619.42,NGN
OL515480,ORD-101397,PRD2186,4,172.09,688.36,usd
OL515481,ORD-103693,PRD2211,0,39.17,,USD
OL515482,ORD-102206,PRD2102,5,192.38,961.9,USD
OL515483,ORD-107798,PRD2165,-1,20.09,,usd
OL515484,ORD-108417,PRD2182,5,290.19,1450.95,NGN
OL515485,ORD-105145,PRD2247,1,464.43,464.43,USD
OL515486,ORD-100196,PRD2141,0,257.86,,usd
OL515487,ORD-101412,PRD2040,2,64.66,129.32,US Dollar
OL515488,ORD-101588,PRD2246,0,255.87,,US Dollar
OL515489,ORD-101318,PRD2109,3,334.51,1003.53,USD
OL515490,ORD-107133,PRD2114,999,216.48,216263.52,usd
OL515491,ORD-100427,PRD2225,3,185.18,555.54,US Dollar
OL515492,ORD-100413,PRD2018,3,468.66,1405.98,GBP
OL515493,ORD-102628,PRD2014,2,156.7,313.4,NGN
OL515494,ORD-105814,PRD2162,1,$371.42,371.42,US Dollar
OL515495,ORD-106153,PRD2161,1,340.0,340.0,GBP
OL515496,ORD-107745,PRD2017,2,91.01,182.02,EUR
OL515497,ORD-107183,PRD2146,4,166.85,667.4,NGN
OL515498,ORD-101901,PRD2093,1,340.71,340.71,usd
OL515499,ORD-102222,PRD2089,4,204.96,819.84,NGN
OL515500,ORD-100167,PRD2193,5,$486.42,2432.1,GBP
OL515501,ORD-104497,PRD2204,4,448.06,1792.24,US Dollar
OL515502,ORD-108278,PRD2108,4,377.55,1510.2,US Dollar
OL515503,ORD-107925,PRD2143,1,475.06,475.06,usd
OL515504,ORD-101675,PRD2173,1,441.92,441.92,US Dollar
OL515505,ORD-103131,PRD2012,2,$345.94,691.88,USD
OL515506,ORD-108744,PRD2195,1,$489.37,489.37,usd
OL515507,ORD-102537,PRD2012,2,471.88,943.76,NGN
OL515508,ORD-106327,PRD2149,3,$123.37,370.11,NGN
OL515509,ORD-104808,PRD2042,2,322.46,644.92,NGN
OL515510,ORD-102448,PRD2236,0,$129.89,,usd
OL515511,ORD-102737,PRD2248,2,260.5,521.0,US Dollar
OL515512,ORD-107352,PRD2149,-1,336.97,,NGN
OL515513,ORD-106483,PRD2227,5,200.42,1002.1,usd
OL515514,ORD-101609,PRD2151,5,302.14,1510.7,USD
OL515515,ORD-106538,PRD2063,5,77.76,388.8,US Dollar
OL515516,ORD-100573,PRD2018,0,82.96,,US Dollar
OL515517,ORD-106275,PRD2196,2,471.16,942.32,NGN
OL515518,ORD-106924,PRD2151,3,462.37,1387.11,US Dollar
OL515519,ORD-108367,PRD2185,3,420.96,1262.88,US Dollar
OL515520,ORD-100532,PRD2094,3,$176.12,528.36,US Dollar
OL515521,ORD-108427,PRD2119,1,222.36,222.36,NGN
OL515522,ORD-102007,PRD2173,2,389.79,779.58,EUR
OL515523,ORD-101908,PRD2097,4,$7.89,31.56,GBP
OL515524,ORD-107078,PRD2059,-1,13.67,,EUR
OL515525,ORD-108818,PRD2246,5,482.18,2410.9,usd
OL515526,ORD-103573,PRD2135,1,428.16,428.16,USD
OL515527,ORD-108114,PRD2121,3,106.67,320.01,US Dollar
OL515528,ORD-104350,PRD2005,3,30.61,91.83,EUR
OL515529,ORD-107455,PRD2091,0,$463.1,,EUR
OL515530,ORD-108455,PRD2061,-1,232.84,,usd
OL515531,ORD-102354,PRD2008,4,413.3,1653.2,usd
OL515532,ORD-103606,PRD2149,3,394.27,1182.81,US Dollar
OL515533,ORD-105661,PRD2181,-1,356.59,,USD
OL515534,ORD-100705,PRD2175,3,118.62,355.86,GBP
OL515535,ORD-100845,PRD2175,1,295.66,295.66,GBP
OL515536,ORD-105575,PRD2030,5,$407.13,2035.65,USD
OL515537,ORD-104713,PRD2087,4,293.12,1172.48,US Dollar
OL515538,ORD-108934,PRD2170,1,200.17,200.17,usd
OL515539,ORD-101443,PRD2135,2,12.18,24.36,EUR
OL515540,ORD-108909,PRD2169,1,59.94,59.94,EUR
OL515541,ORD-107020,PRD2048,3,382.87,1148.61,US Dollar
OL515542,ORD-103718,PRD2094,1,418.13,418.13,GBP
OL515543,ORD-108354,PRD2060,2,440.42,880.84,NGN
OL515544,ORD-100983,PRD2236,5,140.73,703.65,usd
OL515545,ORD-104375,PRD2238,-1,$257.54,,NGN
OL515546,ORD-106935,PRD2136,5,40.28,201.4,NGN
OL515547,ORD-108371,PRD2085,4,377.24,1508.96,usd
OL515548,ORD-108731,PRD2111,4,$274.12,1096.48,EUR
OL515549,ORD-103742,PRD2019,4,465.92,1863.68,EUR
OL515550,ORD-103576,PRD2240,-1,142.51,,NGN
OL515551,ORD-108334,PRD2088,-1,92.83,,GBP
OL515552,ORD-107969,PRD2029,5,22.37,111.85,USD
OL515553,ORD-104527,PRD2061,-1,158.77,,GBP
OL515554,ORD-100773,PRD2216,4,465.96,1863.84,USD
OL515555,ORD-103083,PRD2010,3,203.69,611.07,US Dollar
OL515556,ORD-106611,PRD2166,5,402.92,2014.6,GBP
OL515557,ORD-100377,PRD2059,2,$442.0,884.0,GBP
OL515558,ORD-105454,PRD2248,1,194.29,194.29,EUR
OL515559,ORD-108622,PRD2170,2,458.69,917.38,usd
OL515560,ORD-101530,PRD2209,3,286.71,860.13,USD
OL515561,ORD-101612,PRD2181,0,$250.1,,USD
OL515562,ORD-104967,PRD2080,999,166.2,166033.8,EUR
OL515563,ORD-105977,PRD2070,4,154.37,617.48,NGN
OL515564,ORD-101022,PRD2087,5,200.44,1002.2,NGN
OL515565,ORD-102799,PRD2114,3,176.27,528.81,GBP
OL515566,ORD-102063,PRD2195,5,414.87,2074.35,US Dollar
OL515567,ORD-102160,PRD2016,3,441.2,1323.6,US Dollar
OL515568,ORD-108105,PRD2122,0,197.35,,GBP
OL515569,ORD-100274,PRD2162,2,449.99,899.98,US Dollar
OL515570,ORD-100045,PRD2195,2,388.86,777.72,EUR
OL515571,ORD-106099,PRD2126,2,62.91,125.82,EUR
OL515572,ORD-101678,PRD2242,3,$337.09,1011.27,USD
OL515573,ORD-104849,PRD2218,5,227.3,1136.5,EUR
OL515574,ORD-104140,PRD2200,1,466.25,466.25,US Dollar
OL515575,ORD-100646,PRD2186,-1,180.09,,USD
OL515576,ORD-102348,PRD2019,-1,211.86,,US Dollar
OL515577,ORD-100128,PRD2161,5,58.28,291.4,NGN
OL515578,ORD-101823,PRD2215,1,143.08,143.08,usd
OL515579,ORD-107285,PRD2013,1,$386.89,386.89,usd
OL515580,ORD-108419,PRD2112,4,181.17,724.68,US Dollar
OL515581,ORD-100305,PRD2124,5,201.71,1008.55,US Dollar
OL515582,ORD-103806,PRD2151,0,149.56,,NGN
OL515583,ORD-103791,PRD2218,2,$461.61,923.22,USD
OL515584,ORD-102018,PRD2013,1,178.07,178.07,US Dollar
OL515585,ORD-107243,PRD2231,5,212.65,1063.25,GBP
OL515586,ORD-103472,PRD2076,1,253.21,253.21,usd
OL515587,ORD-106954,PRD2060,4,$376.99,1507.96,USD
OL515588,ORD-107920,PRD2243,1,17.7,17.7,USD
OL515589,ORD-104107,PRD2195,2,439.05,878.1,NGN
OL515590,ORD-101668,PRD2097,4,353.86,1415.44,usd
OL515591,ORD-105929,PRD2025,4,59.58,238.32,usd
OL515592,ORD-103495,PRD2127,999,157.06,156902.94,GBP
OL515593,ORD-101563,PRD2018,2,447.4,894.8,GBP
OL515594,ORD-104900,PRD2015,1,358.12,358.12,US Dollar
OL515595,ORD-100008,PRD2054,5,13.12,65.6,USD
OL515596,ORD-102113,PRD2036,3,292.48,877.44,GBP
OL515597,ORD-102700,PRD2071,4,374.86,1499.44,EUR
OL515598,ORD-107409,PRD2052,1,384.87,384.87,GBP
OL515599,ORD-105866,PRD2063,-1,$226.33,,GBP
OL515600,ORD-104738,PRD2125,5,30.11,150.55,GBP
OL515601,ORD-106623,PRD2056,4,$417.01,1668.04,GBP
OL515602,ORD-107669,PRD2073,2,416.15,832.3,NGN
OL515603,ORD-105130,PRD2065,999,434.61,434175.39,EUR
OL515604,ORD-103262,PRD2144,999,109.99,109880.01,NGN
OL515605,ORD-108231,PRD2142,999,459.63,459170.37,EUR
OL515606,ORD-105681,PRD2171,5,260.06,1300.3,USD
OL515607,ORD-102044,PRD2048,4,$423.74,1694.96,NGN
OL515608,ORD-102774,PRD2180,0,62.13,,USD
OL515609,ORD-101398,PRD2179,3,299.32,897.96,USD
OL515610,ORD-105338,PRD2222,5,224.5,1122.5,US Dollar
OL515611,ORD-102540,PRD2171,2,412.82,825.64,GBP
OL515612,ORD-104024,PRD2135,3,$151.7,455.1,USD
OL515613,ORD-106277,PRD2174,3,307.99,923.97,US Dollar
OL515614,ORD-106903,PRD2062,5,480.74,2403.7,GBP
OL515615,ORD-107990,PRD2047,4,239.25,957.0,EUR
OL515616,ORD-100029,PRD2163,999,291.0,290709.0,GBP
OL515617,ORD-104112,PRD2005,2,384.12,768.24,EUR
OL515618,ORD-102261,PRD2019,999,334.12,333785.88,EUR
OL515619,ORD-102207,PRD2028,0,290.07,,USD
OL515620,ORD-103803,PRD2035,5,424.43,2122.15,usd
OL515621,ORD-100758,PRD2141,3,$261.92,785.76,USD
OL515622,ORD-108085,PRD2199,2,101.94,203.88,GBP
OL515623,ORD-107268,PRD2064,1,$94.11,94.11,usd
OL515624,ORD-103880,PRD2075,1,24.87,24.87,US Dollar
OL515625,ORD-100903,PRD2241,0,132.86,,usd
OL515626,ORD-105223,PRD2135,0,259.88,,GBP
OL515627,ORD-108325,PRD2166,2,235.78,471.56,USD
OL515628,ORD-101029,PRD2187,3,391.07,1173.21,US Dollar
OL515629,ORD-103879,PRD2100,3,258.26,774.78,usd
OL515630,ORD-102115,PRD2120,4,$173.79,695.16,NGN
OL515631,ORD-102456,PRD2154,5,406.51,2032.55,NGN
OL515632,ORD-107346,PRD2071,1,$22.55,22.55,NGN
OL515633,ORD-106609,PRD2032,0,239.01,,NGN
OL515634,ORD-101615,PRD2044,2,322.6,645.2,EUR
OL515635,ORD-101482,PRD2143,3,172.66,517.98,USD
OL515636,ORD-105216,PRD2018,4,361.68,1446.72,NGN
OL515637,ORD-100829,PRD2183,2,36.35,72.7,NGN
OL515638,ORD-102130,PRD2205,999,70.92,70849.08,NGN
OL515639,ORD-104895,PRD2160,1,340.6,340.6,usd
OL515640,ORD-104758,PRD2136,1,214.59,214.59,GBP
OL515641,ORD-105202,PRD2085,-1,433.48,,GBP
OL515642,ORD-105970,PRD2045,-1,363.49,,usd
OL515643,ORD-104102,PRD2032,0,131.93,,usd
OL515644,ORD-103469,PRD2019,2,201.61,403.22,EUR
OL515645,ORD-107358,PRD2198,1,223.16,223.16,USD
OL515646,ORD-101043,PRD2088,4,311.71,1246.84,USD
OL515647,ORD-100921,PRD2096,5,114.48,572.4,US Dollar
OL515648,ORD-104701,PRD2118,4,$422.74,1690.96,EUR
OL515649,ORD-100501,PRD2066,1,135.2,135.2,USD
OL515650,ORD-107499,PRD2030,4,7.45,29.8,EUR
OL515651,ORD-102004,PRD2146,0,430.52,,US Dollar
OL515652,ORD-101348,PRD2176,-1,321.91,,GBP
OL515653,ORD-108300,PRD2105,0,330.29,,NGN
OL515654,ORD-107031,PRD2022,999,245.58,245334.42,NGN
OL515655,ORD-107001,PRD2088,2,289.21,578.42,GBP
OL515656,ORD-106388,PRD2153,3,377.89,1133.67,NGN
OL515657,ORD-102494,PRD2069,4,68.33,273.32,US Dollar
OL515658,ORD-108489,PRD2078,5,211.24,1056.2,EUR
OL515659,ORD-101003,PRD2239,999,295.62,295324.38,GBP
OL515660,ORD-108644,PRD2178,0,133.0,,GBP
OL515661,ORD-106220,PRD2220,999,393.67,393276.33,GBP
OL515662,ORD-104995,PRD2065,4,120.31,481.24,USD
OL515663,ORD-100674,PRD2218,5,350.85,1754.25,usd
OL515664,ORD-103029,PRD2178,1,32.7,32.7,NGN
OL515665,ORD-108553,PRD2071,3,$237.72,713.16,NGN
OL515666,ORD-103857,PRD2104,3,195.68,587.04,GBP
OL515667,ORD-101631,PRD2223,5,43.77,218.85,usd
OL515668,ORD-104593,PRD2232,1,74.61,74.61,usd
OL515669,ORD-107361,PRD2044,1,491.35,491.35,EUR
OL515670,ORD-107656,PRD2062,3,486.83,1460.49,USD
OL515671,ORD-107484,PRD2195,-1,227.84,,EUR
OL515672,ORD-104636,PRD2165,1,431.33,431.33,US Dollar
OL515673,ORD-100280,PRD2132,5,183.24,916.2,EUR
OL515674,ORD-100555,PRD2181,4,480.59,1922.36,US Dollar
OL515675,ORD-105167,PRD2116,1,269.2,269.2,GBP
OL515676,ORD-104080,PRD2240,3,71.16,213.48,USD
OL515677,ORD-106446,PRD2102,999,$209.32,209110.68,EUR
OL515678,ORD-107429,PRD2133,5,$110.03,550.15,US Dollar
OL515679,ORD-104661,PRD2118,1,172.73,172.73,EUR
OL515680,ORD-105550,PRD2124,3,327.42,982.26,usd
OL515681,ORD-100925,PRD2129,999,445.72,445274.28,usd
OL515682,ORD-106719,PRD2245,1,$290.2,290.2,USD
OL515683,ORD-105145,PRD2055,1,454.0,454.0,GBP
OL515684,ORD-103064,PRD2055,999,283.08,282796.92,USD
OL515685,ORD-102313,PRD2169,5,374.1,1870.5,US Dollar
OL515686,ORD-108737,PRD2114,4,29.12,116.48,US Dollar
OL515687,ORD-103566,PRD2196,2,$289.51,579.02,GBP
OL515688,ORD-100256,PRD2085,-1,224.26,,EUR
OL515689,ORD-102461,PRD2171,3,187.51,562.53,US Dollar
OL515690,ORD-105050,PRD2240,5,$471.77,2358.85,USD
OL515691,ORD-101839,PRD2120,3,415.2,1245.6,US Dollar
OL515692,ORD-104138,PRD2173,3,404.65,1213.95,EUR
OL515693,ORD-108089,PRD2018,1,$24.81,24.81,USD
OL515694,ORD-104452,PRD2196,0,$319.83,,GBP
OL515695,ORD-102271,PRD2197,3,346.59,1039.77,NGN
OL515696,ORD-104880,PRD2120,1,468.48,468.48,USD
OL515697,ORD-101942,PRD2131,1,262.16,262.16,US Dollar
OL515698,ORD-103346,PRD2105,4,169.6,678.4,EUR
OL515699,ORD-100785,PRD2022,-1,137.21,,EUR
OL515700,ORD-100336,PRD2208,2,350.38,700.76,GBP
OL515701,ORD-103602,PRD2212,5,392.43,1962.15,NGN
OL515702,ORD-101202,PRD2244,3,276.08,828.24,NGN
OL515703,ORD-107997,PRD2237,999,343.9,343556.1,US Dollar
OL515704,ORD-107833,PRD2071,4,278.37,1113.48,EUR
OL515705,ORD-101251,PRD2027,0,191.45,,EUR
OL515706,ORD-108344,PRD2009,5,486.54,2432.7,USD
OL515707,ORD-108966,PRD2107,4,313.36,1253.44,GBP
OL515708,ORD-103614,PRD2092,3,474.19,1422.57,NGN
OL515709,ORD-100505,PRD2189,2,284.44,568.88,US Dollar
OL515710,ORD-105792,PRD2147,4,32.27,129.08,GBP
OL515711,ORD-106696,PRD2132,5,258.26,1291.3,usd
OL515712,ORD-104573,PRD2141,1,96.79,96.79,US Dollar
OL515713,ORD-103771,PRD2138,4,305.16,1220.64,USD
OL515714,ORD-107554,PRD2025,2,394.45,788.9,EUR
OL515715,ORD-108795,PRD2123,4,65.07,260.28,US Dollar
OL515716,ORD-101720,PRD2216,4,297.27,1189.08,usd
OL515717,ORD-108593,PRD2073,4,270.49,1081.96,US Dollar
OL515718,ORD-105073,PRD2173,2,66.28,132.56,GBP
OL515719,ORD-101066,PRD2196,1,37.85,37.85,US Dollar
OL515720,ORD-106940,PRD2174,1,$65.32,65.32,EUR
OL515721,ORD-107779,PRD2001,4,320.71,1282.84,NGN
OL515722,ORD-102333,PRD2168,0,116.72,,NGN
OL515723,ORD-104792,PRD2133,1,215.51,215.51,USD
OL515724,ORD-105784,PRD2010,2,142.17,284.34,USD
OL515725,ORD-101954,PRD2127,5,83.8,419.0,US Dollar
OL515726,ORD-108181,PRD2106,4,97.07,388.28,US Dollar
OL515727,ORD-103398,PRD2177,1,413.11,413.11,EUR
OL515728,ORD-103037,PRD2224,3,247.57,742.71,usd
OL515729,ORD-106273,PRD2064,5,16.9,84.5,EUR
OL515730,ORD-100131,PRD2054,999,$428.72,428291.28,NGN
OL515731,ORD-102687,PRD2241,5,213.07,1065.35,EUR
OL515732,ORD-106018,PRD2010,3,$298.98,896.94,US Dollar
OL515733,ORD-103960,PRD2009,3,111.03,333.09,NGN
OL515734,ORD-107954,PRD2047,3,$485.2,1455.6,NGN
OL515735,ORD-101006,PRD2164,1,$252.24,252.24,usd
OL515736,ORD-108446,PRD2220,3,322.56,967.68,usd
OL515737,ORD-106398,PRD2130,4,$453.82,1815.28,EUR
OL515738,ORD-100073,PRD2105,4,452.59,1810.36,USD
OL515739,ORD-106644,PRD2001,4,145.69,582.76,EUR
OL515740,ORD-105301,PRD2175,3,274.13,822.39,NGN
OL515741,ORD-101255,PRD2169,999,12.68,12667.32,US Dollar
OL515742,ORD-105585,PRD2127,3,$318.67,956.01,EUR
OL515743,ORD-104044,PRD2178,-1,439.9,,NGN
OL515744,ORD-106760,PRD2168,2,464.44,928.88,EUR
OL515745,ORD-108432,PRD2032,3,389.73,1169.19,usd
OL515746,ORD-105439,PRD2207,-1,249.65,,usd
OL515747,ORD-100744,PRD2157,999,$102.53,102427.47,GBP
OL515748,ORD-107777,PRD2103,999,268.69,268421.31,GBP
OL515749,ORD-104364,PRD2094,0,$455.85,,USD
OL515750,ORD-103131,PRD2215,999,284.2,283915.8,usd
OL515751,ORD-103205,PRD2163,1,$158.16,158.16,NGN
OL515752,ORD-108485,PRD2138,4,248.5,994.0,NGN
OL515753,ORD-103386,PRD2151,2,152.55,305.1,GBP
OL515754,ORD-108589,PRD2104,2,346.71,693.42,USD
OL515755,ORD-101387,PRD2104,2,319.93,639.86,NGN
OL515756,ORD-101900,PRD2122,3,402.73,1208.19,EUR
OL515757,ORD-108004,PRD2199,0,239.12,,usd
OL515758,ORD-104512,PRD2209,-1,484.02,,USD
OL515759,ORD-107247,PRD2069,5,355.08,1775.4,USD
OL515760,ORD-107617,PRD2242,3,443.29,1329.87,usd
OL515761,ORD-108533,PRD2150,999,117.18,117062.82,EUR
OL515762,ORD-103420,PRD2132,2,97.14,194.28,GBP
OL515763,ORD-103909,PRD2054,5,62.22,311.1,EUR
OL515764,ORD-102220,PRD2170,2,254.8,509.6,EUR
OL515765,ORD-105893,PRD2196,2,481.34,962.68,GBP
OL515766,ORD-104694,PRD2221,-1,478.95,,EUR
OL515767,ORD-107294,PRD2218,5,426.79,2133.95,GBP
OL515768,ORD-107288,PRD2178,4,249.74,998.96,USD
OL515769,ORD-107982,PRD2195,-1,334.18,,USD
OL515770,ORD-102138,PRD2022,2,412.86,825.72,GBP
OL515771,ORD-100267,PRD2228,3,491.31,1473.93,EUR
OL515772,ORD-100528,PRD2201,2,122.91,245.82,GBP
OL515773,ORD-105378,PRD2122,-1,161.78,,EUR
OL515774,ORD-105026,PRD2029,2,357.86,715.72,GBP
OL515775,ORD-106906,PRD2171,0,427.27,,NGN
OL515776,ORD-106562,PRD2169,2,90.43,180.86,US Dollar
OL515777,ORD-105259,PRD2203,4,116.91,467.64,US Dollar
OL515778,ORD-101842,PRD2047,1,494.52,494.52,USD
OL515779,ORD-101914,PRD2153,3,385.46,1156.38,EUR
OL515780,ORD-104183,PRD2070,5,150.48,752.4,usd
OL515781,ORD-101969,PRD2002,1,164.66,164.66,NGN
OL515782,ORD-107871,PRD2014,0,$65.1,,EUR
OL515783,ORD-101695,PRD2206,3,181.5,544.5,US Dollar
OL515784,ORD-107058,PRD2155,2,31.19,62.38,USD
OL515785,ORD-105969,PRD2017,1,418.78,418.78,US Dollar
OL515786,ORD-104693,PRD2100,1,426.78,426.78,NGN
OL515787,ORD-104372,PRD2119,2,153.93,307.86,US Dollar
OL515788,ORD-108640,PRD2029,3,76.66,229.98,US Dollar
OL515789,ORD-100537,PRD2220,2,344.53,689.06,EUR
OL515790,ORD-102985,PRD2242,5,26.73,133.65,GBP
OL515791,ORD-106106,PRD2051,1,32.12,32.12,usd
OL515792,ORD-108324,PRD2213,5,6.6,33.0,US Dollar
OL515793,ORD-107858,PRD2033,2,428.99,857.98,NGN
OL515794,ORD-100383,PRD2001,2,249.98,499.96,NGN
OL515795,ORD-106116,PRD2086,1,$272.8,272.8,GBP
OL515796,ORD-100321,PRD2215,5,433.93,2169.65,USD
OL515797,ORD-104958,PRD2034,999,29.59,29560.41,EUR
OL515798,ORD-106467,PRD2154,2,164.95,329.9,EUR
OL515799,ORD-101241,PRD2029,5,79.42,397.1,NGN
OL515800,ORD-100014,PRD2024,1,157.05,157.05,GBP
OL515801,ORD-106227,PRD2166,4,456.83,1827.32,EUR
OL515802,ORD-100497,PRD2107,3,241.15,723.45,usd
OL515803,ORD-101065,PRD2090,2,17.8,35.6,GBP
OL515804,ORD-103971,PRD2030,0,167.28,,EUR
OL515805,ORD-106375,PRD2224,3,230.36,691.08,usd
OL515806,ORD-104908,PRD2162,1,495.28,495.28,USD
OL515807,ORD-108690,PRD2235,5,312.2,1561.0,EUR
OL515808,ORD-102247,PRD2141,999,$424.98,424555.02,GBP
OL515809,ORD-107530,PRD2072,999,447.62,447172.38,EUR
OL515810,ORD-106689,PRD2194,2,318.86,637.72,EUR
OL515811,ORD-104274,PRD2081,4,78.07,312.28,US Dollar
OL515812,ORD-102080,PRD2227,5,117.85,589.25,NGN
OL515813,ORD-101648,PRD2066,1,9.2,9.2,US Dollar
OL515814,ORD-107116,PRD2010,4,12.68,50.72,US Dollar
OL515815,ORD-101222,PRD2091,-1,$481.48,,usd
OL515816,ORD-101090,PRD2126,2,284.31,568.62,USD
OL515817,ORD-104768,PRD2175,1,204.71,204.71,USD
OL515818,ORD-102606,PRD2246,1,92.72,92.72,EUR
OL515819,ORD-108221,PRD2176,3,315.23,945.69,usd
OL515820,ORD-104169,PRD2213,2,$107.06,214.12,US Dollar
OL515821,ORD-102500,PRD2161,3,$336.19,1008.57,GBP
OL515822,ORD-106252,PRD2050,3,$140.35,421.05,USD
OL515823,ORD-108124,PRD2151,5,338.9,1694.5,EUR
OL515824,ORD-103619,PRD2014,2,300.38,600.76,GBP
OL515825,ORD-104998,PRD2210,2,476.7,953.4,NGN
OL515826,ORD-102418,PRD2124,1,422.74,422.74,NGN
OL515827,ORD-102135,PRD2043,0,430.32,,GBP
OL515828,ORD-101668,PRD2013,2,244.12,488.24,NGN
OL515829,ORD-103854,PRD2076,2,478.86,957.72,EUR
OL515830,ORD-107563,PRD2195,4,156.67,626.68,EUR
OL515831,ORD-104631,PRD2094,5,5.87,29.35,usd
OL515832,ORD-104880,PRD2093,3,162.53,487.59,GBP
OL515833,ORD-104893,PRD2152,5,67.49,337.45,NGN
OL515834,ORD-102043,PRD2027,3,$408.65,1225.95,GBP
OL515835,ORD-105824,PRD2141,5,462.66,2313.3,usd
OL515836,ORD-103134,PRD2193,4,159.3,637.2,usd
OL515837,ORD-107815,PRD2171,999,143.79,143646.21,GBP
OL515838,ORD-105607,PRD2205,5,411.55,2057.75,US Dollar
OL515839,ORD-102383,PRD2024,5,240.23,1201.15,EUR
OL515840,ORD-105133,PRD2151,1,142.99,142.99,USD
OL515841,ORD-102176,PRD2248,2,333.33,666.66,usd
OL515842,ORD-107284,PRD2244,-1,17.06,,EUR
OL515843,ORD-100599,PRD2237,3,44.69,134.07,NGN
OL515844,ORD-107943,PRD2078,3,$89.8,269.4,EUR
OL515845,ORD-101799,PRD2211,0,465.95,,EUR
OL515846,ORD-100606,PRD2097,4,357.16,1428.64,usd
OL515847,ORD-108522,PRD2179,3,106.01,318.03,GBP
OL515848,ORD-106881,PRD2229,2,87.27,174.54,US Dollar
OL515849,ORD-103360,PRD2028,5,84.84,424.2,GBP
OL515850,ORD-107613,PRD2140,3,456.68,1370.04,NGN
OL515851,ORD-108065,PRD2208,2,$454.23,908.46,USD
OL515852,ORD-105092,PRD2023,5,105.23,526.15,EUR
OL515853,ORD-102998,PRD2138,4,$385.37,1541.48,USD
OL515854,ORD-100274,PRD2128,999,441.21,440768.79,US Dollar
OL515855,ORD-102003,PRD2002,5,130.86,654.3,usd
OL515856,ORD-105327,PRD2032,-1,465.32,,usd
OL515857,ORD-101795,PRD2166,5,462.64,2313.2,US Dollar
OL515858,ORD-107540,PRD2238,5,89.21,446.05,NGN
OL515859,ORD-100557,PRD2043,3,$288.94,866.82,NGN
OL515860,ORD-104802,PRD2227,3,357.24,1071.72,EUR
OL515861,ORD-102853,PRD2058,5,18.43,92.15,GBP
OL515862,ORD-103746,PRD2242,4,230.52,922.08,EUR
OL515863,ORD-105669,PRD2145,3,114.37,343.11,GBP
OL515864,ORD-100225,PRD2158,1,151.24,151.24,EUR
OL515865,ORD-100814,PRD2014,0,$140.23,,NGN
OL515866,ORD-103975,PRD2180,4,383.92,1535.68,usd
OL515867,ORD-106234,PRD2094,3,322.94,968.82,NGN
OL515868,ORD-106195,PRD2047,5,7.94,39.7,USD
OL515869,ORD-108946,PRD2158,2,220.59,441.18,US Dollar
OL515870,ORD-107187,PRD2059,999,41.67,41628.33,usd
OL515871,ORD-101914,PRD2041,4,$292.04,1168.16,usd
OL515872,ORD-108787,PRD2226,2,25.72,51.44,USD
OL515873,ORD-106832,PRD2232,2,$392.31,784.62,GBP
OL515874,ORD-104441,PRD2078,-1,94.19,,GBP
OL515875,ORD-106068,PRD2214,4,412.93,1651.72,USD
OL515876,ORD-108276,PRD2177,999,20.47,20449.53,NGN
OL515877,ORD-101788,PRD2204,5,176.91,884.55,USD
OL515878,ORD-100786,PRD2244,4,451.25,1805.0,EUR
OL515879,ORD-100085,PRD2010,1,350.18,350.18,US Dollar
OL515880,ORD-106641,PRD2247,4,37.5,150.0,US Dollar
OL515881,ORD-100006,PRD2108,4,$227.56,910.24,GBP
OL515882,ORD-108097,PRD2223,5,39.83,199.15,USD
OL515883,ORD-105304,PRD2115,5,461.96,2309.8,NGN
OL515884,ORD-100633,PRD2061,3,189.7,569.1,NGN
OL515885,ORD-101659,PRD2080,4,389.5,1558.0,usd
OL515886,ORD-106623,PRD2205,5,483.24,2416.2,usd
OL515887,ORD-102954,PRD2079,5,273.9,1369.5,US Dollar
OL515888,ORD-107954,PRD2077,999,99.22,99120.78,GBP
OL515889,ORD-101549,PRD2189,0,491.83,,GBP
OL515890,ORD-103832,PRD2142,999,482.98,482497.02,US Dollar
OL515891,ORD-100683,PRD2133,4,419.72,1678.88,NGN
OL515892,ORD-105113,PRD2108,5,400.16,2000.8,USD
OL515893,ORD-102588,PRD2201,999,346.47,346123.53,US Dollar
OL515894,ORD-100553,PRD2068,5,12.78,63.9,NGN
OL515895,ORD-105807,PRD2233,3,59.89,179.67,EUR
OL515896,ORD-103508,PRD2094,-1,$424.75,,usd
OL515897,ORD-108869,PRD2071,5,196.38,981.9,USD
OL515898,ORD-106384,PRD2043,2,25.41,50.82,USD
OL515899,ORD-108242,PRD2062,-1,163.72,,NGN
OL515900,ORD-103532,PRD2107,4,386.4,1545.6,US Dollar
OL515901,ORD-108650,PRD2240,5,287.81,1439.05,USD
OL515902,ORD-102897,PRD2172,5,109.98,549.9,NGN
OL515903,ORD-105096,PRD2063,5,$417.35,2086.75,GBP
OL515904,ORD-104977,PRD2013,1,114.79,114.79,EUR
OL515905,ORD-107115,PRD2004,5,298.15,1490.75,USD
OL515906,ORD-103818,PRD2175,2,$443.28,886.56,GBP
OL515907,ORD-107134,PRD2089,5,53.46,267.3,EUR
OL515908,ORD-102758,PRD2084,2,92.46,184.92,USD
OL515909,ORD-102401,PRD2060,-1,221.66,,US Dollar
OL515910,ORD-107429,PRD2010,999,253.28,253026.72,NGN
OL515911,ORD-101906,PRD2166,3,439.27,1317.81,US Dollar
OL515912,ORD-102279,PRD2035,-1,261.47,,usd
OL515913,ORD-102913,PRD2170,0,295.3,,EUR
OL515914,ORD-107999,PRD2238,4,371.15,1484.6,GBP
OL515915,ORD-108218,PRD2138,5,315.61,1578.05,USD
OL515916,ORD-107722,PRD2197,2,393.02,786.04,EUR
OL515917,ORD-108946,PRD2082,-1,376.54,,NGN
OL515918,ORD-108239,PRD2057,4,95.9,383.6,NGN
OL515919,ORD-104495,PRD2214,5,3.55,17.75,US Dollar
OL515920,ORD-106161,PRD2085,999,449.59,449140.41,US Dollar
OL515921,ORD-104017,PRD2172,0,127.74,,USD
OL515922,ORD-104966,PRD2091,1,137.82,137.82,US Dollar
OL515923,ORD-108280,PRD2134,5,88.0,440.0,usd
OL515924,ORD-102454,PRD2010,4,135.16,540.64,GBP
OL515925,ORD-104639,PRD2073,1,$454.39,454.39,USD
OL515926,ORD-100323,PRD2177,5,259.34,1296.7,EUR
OL515927,ORD-106450,PRD2004,2,218.04,436.08,usd
OL515928,ORD-101073,PRD2099,3,$197.65,592.95,NGN
OL515929,ORD-104400,PRD2102,-1,275.49,,usd
OL515930,ORD-101566,PRD2112,2,$65.0,130.0,US Dollar
OL515931,ORD-105364,PRD2093,5,94.43,472.15,US Dollar
OL515932,ORD-105587,PRD2209,3,143.45,430.35,usd
OL515933,ORD-103247,PRD2250,4,174.86,699.44,US Dollar
OL515934,ORD-102635,PRD2108,999,5.72,5714.28,USD
OL515935,ORD-105352,PRD2014,-1,489.74,,EUR
OL515936,ORD-105166,PRD2207,0,475.06,,usd
OL515937,ORD-105629,PRD2203,5,44.56,222.8,USD
OL515938,ORD-103448,PRD2208,5,$351.5,1757.5,US Dollar
OL515939,ORD-104841,PRD2151,999,352.54,352187.46,USD
OL515940,ORD-108187,PRD2186,2,234.75,469.5,usd
OL515941,ORD-100689,PRD2177,1,476.94,476.94,USD
OL515942,ORD-103072,PRD2069,3,220.48,661.44,US Dollar
OL515943,ORD-103126,PRD2163,3,400.01,1200.03,NGN
OL515944,ORD-103346,PRD2230,2,298.33,596.66,EUR
OL515945,ORD-106321,PRD2003,3,392.43,1177.29,EUR
OL515946,ORD-102374,PRD2197,4,319.72,1278.88,GBP
OL515947,ORD-107311,PRD2137,999,495.78,495284.22,NGN
OL515948,ORD-100299,PRD2104,0,453.47,,NGN
OL515949,ORD-102661,PRD2161,1,17.4,17.4,NGN
OL515950,ORD-107346,PRD2221,-1,490.22,,EUR
OL515951,ORD-103424,PRD2098,0,250.94,,EUR
OL515952,ORD-107557,PRD2109,3,58.79,176.37,GBP
OL515953,ORD-108385,PRD2115,5,296.69,1483.45,NGN
OL515954,ORD-101129,PRD2238,5,62.0,310.0,EUR
OL515955,ORD-108086,PRD2145,5,89.27,446.35,NGN
OL515956,ORD-106298,PRD2143,1,464.31,464.31,EUR
OL515957,ORD-104597,PRD2210,5,69.15,345.75,EUR
OL515958,ORD-108396,PRD2019,999,257.72,257462.28,usd
OL515959,ORD-103283,PRD2006,999,83.94,83856.06,GBP
OL515960,ORD-108516,PRD2233,-1,119.57,,NGN
OL515961,ORD-107852,PRD2002,2,405.41,810.82,GBP
OL515962,ORD-107462,PRD2047,4,411.73,1646.92,USD
OL515963,ORD-102871,PRD2052,999,344.69,344345.31,US Dollar
OL515964,ORD-107996,PRD2221,4,31.8,127.2,usd
OL515965,ORD-106726,PRD2165,2,30.58,61.16,usd
OL515966,ORD-100766,PRD2018,3,297.08,891.24,usd
OL515967,ORD-105820,PRD2133,3,315.47,946.41,usd
OL515968,ORD-101287,PRD2195,1,320.42,320.42,US Dollar
OL515969,ORD-103325,PRD2188,3,328.95,986.85,USD
OL515970,ORD-107042,PRD2112,4,169.14,676.56,GBP
OL515971,ORD-104229,PRD2114,3,85.03,255.09,GBP
OL515972,ORD-100412,PRD2152,4,198.57,794.28,EUR
OL515973,ORD-103131,PRD2100,5,67.76,338.8,GBP
OL515974,ORD-105268,PRD2024,1,197.14,197.14,GBP
OL515975,ORD-100650,PRD2119,1,20.4,20.4,EUR
OL515976,ORD-102358,PRD2067,4,478.04,1912.16,GBP
OL515977,ORD-103234,PRD2088,999,486.73,486243.27,usd
OL515978,ORD-107936,PRD2030,-1,186.29,,usd
OL515979,ORD-105888,PRD2248,1,286.0,286.0,usd
OL515980,ORD-107090,PRD2018,4,151.23,604.92,USD
OL515981,ORD-103430,PRD2063,1,132.08,132.08,US Dollar
OL515982,ORD-104155,PRD2029,5,215.88,1079.4,EUR
OL515983,ORD-101382,PRD2169,3,75.26,225.78,GBP
OL515984,ORD-101167,PRD2204,3,197.95,593.85,US Dollar
OL515985,ORD-108736,PRD2132,5,402.68,2013.4,GBP
OL515986,ORD-105981,PRD2117,0,227.69,,GBP
OL515987,ORD-102374,PRD2246,1,$96.93,96.93,usd
OL515988,ORD-106175,PRD2055,4,$481.08,1924.32,EUR
OL515989,ORD-104726,PRD2047,4,479.5,1918.0,NGN
OL515990,ORD-105036,PRD2102,4,291.12,1164.48,USD
OL515991,ORD-106682,PRD2107,5,139.33,696.65,NGN
OL515992,ORD-100335,PRD2004,3,453.95,1361.85,EUR
OL515993,ORD-100899,PRD2025,2,168.77,337.54,EUR
OL515994,ORD-102034,PRD2237,3,188.35,565.05,usd
OL515995,ORD-100238,PRD2081,-1,499.63,,NGN
OL515996,ORD-102149,PRD2101,3,348.97,1046.91,USD
OL515997,ORD-107874,PRD2039,1,163.98,163.98,USD
OL515998,ORD-108369,PRD2237,5,264.24,1321.2,GBP
OL515999,ORD-101554,PRD2160,4,$79.61,318.44,USD
OL516000,ORD-108892,PRD2099,1,163.07,163.07,usd
